date,ticker,open,high,low,close,volume,daily_return
2021-10-04,AAPL,138.26863338683822,138.70756238856447,134.86459699477155,135.71316528320312,98322000,
2021-10-05,AAPL,136.0545317412187,138.73680249578317,135.92772872481194,137.63462829589844,80861100,0.014158265402517412
2021-10-06,AAPL,136.035013031244,138.64900052233625,134.96209883237336,138.50270080566406,83221100,0.006307079261327786
2021-10-07,AAPL,139.53659409609236,140.66802820004892,139.20497147758243,139.76092529296875,61732700,0.009084476187003254
2021-10-08,AAPL,140.48266702390393,140.62896670309593,139.04887063590832,139.3804931640625,58773200,-0.002722020680020476
2021-10-11,AAPL,138.76606124094116,141.2434974770439,138.31738395190774,139.29275512695312,64452200,-0.0006294857703372791
2021-10-12,AAPL,139.7024045703548,139.72191616043952,137.56633938704366,138.02476501464844,73035900,-0.009103058598769365
2021-10-13,AAPL,137.76143421982243,137.9174823014052,135.77166862906188,137.43955993652344,78762700,-0.004239855637956702
2021-10-14,AAPL,138.61000380183043,140.33641501765865,138.02477512030043,140.2193603515625,69907100,0.02022562074793388
2021-10-15,AAPL,140.22911148485912,141.3312707409973,139.97550546602724,141.2727508544922,67940300,0.007512446928074734
2021-10-18,AAPL,139.9170017643,143.2235096811566,139.63415065247935,142.94065856933594,85589200,0.011806294595067879
2021-10-19,AAPL,143.38932223477877,145.4961277086073,142.94065979384268,145.09622192382812,76378900,0.015080127488335204
2021-10-20,AAPL,145.03768735830047,146.0618300447265,144.47197030405582,145.58389282226562,58418800,0.0033610172061786514
2021-10-21,AAPL,145.14494989927837,145.95450958049068,144.22809881735165,145.79844665527344,61421000,0.0014737470529775365
2021-10-22,AAPL,146.00329463249273,146.48121692115393,144.97915205496275,145.02792358398438,58883400,-0.005284851032129945
2021-10-25,AAPL,145.01821057744752,145.6912192153011,143.98431928920314,144.9792022705078,50720600,-0.0003359443634890491
2021-10-26,AAPL,145.65218915043056,147.1249943659197,145.34006320959406,145.64244079589844,60893400,0.004574714959136861
2021-10-27,AAPL,145.68142436893194,146.04230690415662,144.83285629616836,145.18399047851562,56094900,-0.0031477796916715706
2021-10-28,AAPL,146.1301073675776,149.39759166799496,146.03256430303534,148.8123779296875,100077900,0.024991649831451745
2021-10-29,AAPL,143.59416643761676,146.247177609724,142.80411805235417,146.11062622070312,124953200,-0.018155423269030302
2021-11-01,AAPL,145.3205502265068,146.01305539533712,144.15985619885288,145.29129028320312,74588300,-0.005607640995682117
2021-11-02,AAPL,144.9986293696013,147.8369620217747,144.9888661363161,146.32513427734375,69122000,0.007115663933642935
2021-11-03,AAPL,146.6860731609645,148.2271614322934,146.13011931995035,147.7589874267578,54511500,0.009799089927341909
2021-11-04,AAPL,147.84680622511763,148.67586302809536,146.92995468054104,147.24208068847656,60394600,-0.0034983099660010897
2021-11-05,AAPL,148.36539205538534,148.6681961208392,146.5778554155965,147.76954650878906,65463900,0.00358230349534705
2021-11-08,AAPL,147.89649723038997,148.0527879681065,146.67550378830177,146.94900512695312,55020900,-0.005552844961780656
2021-11-09,AAPL,146.71456416967115,147.9160175036458,146.57781350486675,147.31040954589844,56787900,0.002459386633023364
2021-11-10,AAPL,146.53874739869644,146.64619541359409,144.41910465453822,144.4874725341797,65187100,-0.019163187587494912
2021-11-11,AAPL,145.5033467129879,145.96242651484354,144.25303577054234,144.43862915039062,41000000,-0.0003380458037807177
2021-11-12,AAPL,144.98564800973566,146.90993499792881,144.05769591147595,146.50946044921875,63804000,0.01433710158431345
2021-11-15,AAPL,146.88062009926887,148.35558969382197,145.96243066007273,146.5192108154297,59222800,6.655110312348e-05
2021-11-16,AAPL,146.4606021824879,147.97463697406297,145.87451939068316,147.49600219726562,59256200,0.006666643755448565
2021-11-17,AAPL,147.4960135184774,151.40319268452978,147.48625093625634,149.92823791503906,88807000,0.016490180625509332
2021-11-18,AAPL,150.14311888912806,154.98801222203343,149.49843081431837,154.20657348632812,137827700,0.02853588910791771
2021-11-19,AAPL,153.9916731226482,157.28348128204507,152.89766786630707,156.8243865966797,117305600,0.016976015037281522
2021-11-22,AAPL,157.92816624213555,161.85488526610547,157.26395297389544,157.2834930419922,117467900,0.002927519471147333
2021-11-23,AAPL,157.3811499145866,158.04537802988585,155.36895531169498,157.6644287109375,96041900,0.0024219685205211228
2021-11-24,AAPL,157.01974088138022,158.3774848564214,155.9354982175197,158.18212890625,69463600,0.0032835573600540346
2021-11-26,AAPL,155.86710492688786,156.72667394842426,152.73158803573577,153.171142578125,76959800,-0.03167858697296244
2021-11-29,AAPL,155.67175446958956,157.44952783966656,155.10521179906075,156.52157592773438,88748200,0.021873789626531526
2021-11-30,AAPL,156.27736517799391,161.67903783874624,156.20898240534294,161.46414184570312,174048100,0.03157753740130187
2021-12-01,AAPL,163.59354652559932,166.3481143018466,160.7120055934647,160.94644165039062,152052500,-0.0032062858625738766
2021-12-02,AAPL,155.05637149837315,160.38966136948252,154.13818224096923,159.95986938476562,136739200,-0.006129817195760334
2021-12-03,AAPL,160.21386222018816,161.13205157338396,156.01364225594332,158.08444213867188,118023100,-0.011724360949449286
2021-12-06,AAPL,160.47757621707362,163.98428011365826,160.46781363689186,161.4836883544922,107497000,0.021502724555516384
2021-12-07,AAPL,165.15642772326544,167.59841414884357,164.43359437560147,167.2076873779297,120405400,0.03544629851946457
2021-12-08,AAPL,168.13567063026588,171.87679598965886,166.7388465074218,171.0172119140625,116998900,0.022783190150357013
2021-12-09,AAPL,170.85113086564078,172.64842918211983,169.88409893762693,170.50924682617188,108923700,-0.0029702570998869637
2021-12-10,AAPL,171.14418244016858,175.46161263264923,170.63624509261138,175.28578186035156,115402700,0.028013348971327012
2021-12-13,AAPL,176.91700933892764,177.90358129097453,171.45673183795216,171.661865234375,153237000,-0.02067433300930077
2021-12-14,AAPL,171.18324085105056,173.61546458889217,168.21379204713816,170.2845916748047,139380400,-0.008023177178518193
2021-12-15,AAPL,171.0465102933484,175.33463817394934,168.31148231582245,175.1392822265625,131063300,0.028509276758456714
2021-12-16,AAPL,175.11975249855263,176.93659123544322,166.78769490587976,168.2626495361328,150185800,-0.039263793953054904
2021-12-17,AAPL,165.98671202152144,169.44457351876034,165.75229083845704,167.16864013671875,195432700,-0.006501795867532301
2021-12-20,AAPL,164.375008447403,166.62163920449956,163.5740445559153,165.81089782714844,107499100,-0.008121991711243726
2021-12-21,AAPL,167.57889907243998,169.18084181030284,165.1955175809284,168.97572326660156,91185900,0.01908695677380834
2021-12-22,AAPL,169.02450690730925,171.77907444050894,168.15516043354702,171.56417846679688,92135300,0.015318503452187437
2021-12-23,AAPL,171.76934702247985,172.74614168304623,171.2028043307869,172.18936157226562,68356600,0.003644018880023525
2021-12-27,AAPL,172.9805656257053,176.2332936859138,172.96104046356876,176.1453857421875,74919600,0.022974846609565835
2021-12-28,AAPL,175.9793227997058,177.12217071968058,174.38714279522745,175.12950134277344,79144300,-0.005767306336942335
2021-12-29,AAPL,175.16857977375096,176.43841575185178,174.0061917992903,175.21742248535156,62348900,0.0005020350192515011
2021-12-30,AAPL,175.30535282655248,176.379833000267,173.95737131856603,174.0648193359375,59773000,-0.0065781309476254934
2021-12-31,AAPL,173.9573548573712,175.0709001571645,173.14661351296067,173.44943237304688,64062300,-0.0035353896625311965
2022-01-03,AAPL,173.70338274431063,178.63619837680892,173.5861721636794,177.786376953125,104487900,0.025004086325001174
2022-01-04,AAPL,178.3920304132724,178.69483440178558,174.9634712930882,175.53001403808594,99310400,-0.012691427508160436
2022-01-05,AAPL,175.44206970266174,175.98907226585013,170.58739959731207,170.86090087890625,94537600,-0.026600084234976507
2022-01-06,AAPL,168.6924202141222,171.23209207239668,167.65702034880644,168.0086669921875,96904000,-0.016693309423319813
2022-01-07,AAPL,168.8780217142409,170.09901499255682,167.06118311991872,168.1747283935547,86709100,0.0009884097311176898
2022-01-10,AAPL,165.15647287972192,168.49710943473272,164.26758600064684,168.19430541992188,106765600,0.00011640884783448158
2022-01-11,AAPL,168.32126400156088,171.1148824378415,166.85607200254188,171.0172119140625,76138300,0.016783603268213154
2022-01-12,AAPL,172.0330771442787,173.06847713761263,170.76325596284155,171.45677185058594,74805200,0.0025702672356997525
2022-01-13,AAPL,171.7009953087094,172.5214993949142,167.80357854217692,168.19430541992188,84505800,-0.019027924038527377
2022-01-14,AAPL,167.36398288031089,169.7473640846977,167.1197842307582,169.05384826660156,80440800,0.0051104158641621655
2022-01-18,AAPL,167.53003637041928,168.53613361538314,165.47877665458643,165.85972595214844,90956700,-0.018894111830071614
2022-01-19,AAPL,166.05509393247632,167.1100339648471,162.08930995625335,162.37257385253906,94815000,-0.021024706748975608
2022-01-20,AAPL,163.10515822088573,165.74250066133902,160.3701303584997,160.69247436523438,91420500,-0.010347187628068855
2022-01-21,AAPL,160.60457194151562,162.470253269675,158.5337720868401,158.64122009277344,122848900,-0.012765092332816308
2022-01-24,AAPL,156.30665983978236,158.5337501042213,151.11010595295735,157.86952209472656,162294600,-0.004864422989154904
2022-01-25,AAPL,155.2908420181254,158.98312538106185,153.37633244719146,156.07228088378906,115798400,-0.01138434567413904
2022-01-26,AAPL,159.70592982008216,160.57527648713483,154.15774320444362,155.98434448242188,108275300,-0.0005634338196970345
2022-01-27,AAPL,158.68029600296296,160.0380400395087,154.6070638933257,155.52525329589844,121954600,-0.002943187587490015
2022-01-28,AAPL,161.8646250162313,166.39695095221313,159.02214941138433,166.37741088867188,179935700,0.0697774629058241
2022-01-31,AAPL,166.21138037947398,170.93906288440527,165.576454917367,170.7241668701172,115541600,0.026125878256116453
2022-02-01,AAPL,169.9720379540269,170.78277933201363,168.31148996868112,170.55812072753906,86213900,-0.0009725989332515228
2022-02-02,AAPL,170.69487983616585,171.79866265554188,169.30783310188434,171.75958251953125,84914300,0.007044295439391446
2022-02-03,AAPL,170.43112418107953,172.15029228212393,168.12588824034546,168.88778686523438,89418100,-0.016719856977821412
2022-02-04,AAPL,167.90974218054592,170.27660988825676,166.93170310002452,168.60415649414062,82465400,-0.0016794013134892039
2022-02-07,AAPL,169.0638417050099,170.12990075671365,167.19578341710826,167.89019775390625,77251200,-0.004234526331260313
2022-02-08,AAPL,167.9586430232075,171.49915455646115,167.6652283214683,170.99057006835938,74829200,0.018466666642430463
2022-02-09,AAPL,172.18379236064646,172.77060688626915,171.05903840340724,172.4087371826172,71285000,0.008293832307190163
2022-02-10,AAPL,170.31571564595043,171.62628436106874,167.78259814649985,168.34007263183594,90865900,-0.023598946418079025
2022-02-11,AAPL,168.54550592037077,169.2790353586412,164.34970917619486,164.93653869628906,98670700,-0.020218204033869536
2022-02-14,AAPL,163.69443102962404,165.85590442480958,162.9022215932997,165.17127990722656,86185500,0.0014232213965017504
2022-02-15,AAPL,167.21533801275692,169.15185115822308,166.5111487010071,168.995361328125,62527400,0.023152217643686912
2022-02-16,AAPL,168.07604144255788,169.5333102903167,166.31556790878483,168.7606658935547,61177400,-0.0013887685006609418
2022-02-17,AAPL,167.27405840916626,168.13473775909648,164.7702802170368,165.17127990722656,69589300,-0.021269091155353248
2022-02-18,AAPL,166.0906242687398,166.79479876362558,162.54033719370844,163.62596130371094,82772700,-0.009355855354415077
2022-02-22,AAPL,161.3569203806229,163.0293741588099,158.58906735628025,160.71142578125,91162800,-0.017812182732122706
2022-02-23,AAPL,161.90460945584556,162.50121399005073,156.24176881453315,156.55474853515625,90009200,-0.02586422978881131
2022-02-24,AAPL,149.22922517438823,159.27369208830245,148.66196063900136,159.16610717773438,141147500,0.016680162479975502
2022-02-25,AAPL,160.24192254485857,161.4938113988268,157.3371452242796,161.22975158691406,91974200,0.012965350763245675
2022-02-28,AAPL,159.47903178590988,161.7872043480846,158.86286246028953,161.49378967285156,95056600,0.0016376511365843172
2022-03-01,AAPL,161.08305614073245,162.9413396082361,158.4130132555384,159.61599731445312,83474400,-0.011627644395505232
2022-03-02,AAPL,160.77986315221446,163.68464076398826,159.37148431939156,162.90220642089844,79724800,0.02058821898641705
2022-03-03,AAPL,164.77025023720336,165.20058983386846,161.91437782369874,162.57943725585938,76678400,-0.001981367669171452
2022-03-04,AAPL,160.87765818976635,161.91437725608384,158.54014531943216,159.58663940429688,83737200,-0.018408218788779407
2022-03-07,AAPL,159.7724722055909,161.3960207362876,155.54733601828758,155.8016357421875,96418800,-0.023717547259833216
2022-03-08,AAPL,155.33216629168248,159.30300237550088,152.37848423515257,153.9824676513672,131148300,-0.011676180947359116
2022-03-09,AAPL,157.9337716080875,159.82139509337992,155.90923815043413,159.37149047851562,91454900,0.034997639077649856
2022-03-10,AAPL,156.681840375499,156.8676701680238,152.55451471855633,155.0387420654297,105342000,-0.02718647105625216
2022-03-11,AAPL,155.43974670100266,155.78206635482195,151.1070406596988,151.3319854736328,96970100,-0.023908582734969208
2022-03-14,AAPL,148.1240148231261,150.73537736075448,146.80367102699051,147.31224060058594,108732100,-0.02656242737096215
2022-03-15,AAPL,147.58611061794517,152.15356685525754,147.07754097449947,151.68409729003906,92964300,0.029677484176666047
2022-03-16,AAPL,153.60103819497576,156.48625045296393,151.06792059745445,156.0852508544922,102300200,0.029015260288213218
2022-03-17,AAPL,155.12682808541686,157.4643416281666,154.168353662837,157.09268188476562,75615400,0.00645436403989641
2022-03-18,AAPL,156.98503345512586,160.86784945274542,156.25150421008976,160.3788299560547,123511700,0.02091853058883797
2022-03-21,AAPL,159.91919485399893,162.69683770871782,159.43017522147943,161.74813842773438,95811400,0.008537962722728887
2022-03-22,AAPL,161.8752422072329,165.69937857870127,161.2884277154457,165.11256408691406,81532000,0.020800398025494715
2022-03-23,AAPL,164.30078278901993,168.84865833026834,163.9682381752626,166.47203063964844,98062700,0.008233574230115837
2022-03-24,AAPL,167.30337650948087,170.31573891650316,166.4720521767643,170.24728393554688,90131400,0.022678003514419176
2022-03-25,AAPL,170.06146151483682,171.43071043053845,168.95627243907444,170.8830108642578,80546200,0.003734138448585167
2022-03-28,AAPL,168.38900077447545,171.87081780430975,168.22273590773543,171.74368286132812,90371900,0.0050366153587613205
2022-03-29,AAPL,172.8097389298353,175.0787819860724,172.46741925958432,175.02989196777344,100589400,0.01913438125755529
2022-03-30,AAPL,174.6288971925018,175.66561632731086,172.81951875433577,173.86602783203125,92633200,-0.006649516392071342
2022-03-31,AAPL,173.93448350287292,174.1203133341303,170.5700263491638,170.77542114257812,103049300,-0.01777579397189022
2022-04-01,AAPL,170.208175340956,171.0395147015426,168.1640768197994,170.48202514648438,78751300,-0.0017180223836121833
2022-04-04,AAPL,170.73630961524591,174.57022147286082,170.60915974417932,174.5213165283203,76468400,0.023693356401446097
2022-04-05,AAPL,173.60194829792937,174.38438259894033,170.58958593943765,171.2155303955078,73401800,-0.01894201922477512
2022-04-06,AAPL,168.57484765163213,169.8169616919483,166.393824277865,168.05648803710938,89058800,-0.018450676472520078
2022-04-07,AAPL,167.4011451773804,169.55282781726584,166.1199165795996,168.359619140625,77594700,0.0018037453183521457
2022-04-08,AAPL,168.00756384278074,168.00756384278074,165.48422104719532,166.35467529296875,76575500,-0.011908697928222245
2022-04-11,AAPL,165.00500326610816,165.31796805598518,161.8654908055094,162.11000061035156,72246700,-0.025515812375828006
2022-04-12,AAPL,164.33013728303388,166.13950070260202,162.9804385205217,163.97804260253906,79265200,0.011523298902931467
2022-04-13,AAPL,163.7139749230824,167.28381189911025,163.10759541750994,166.65786743164062,70618900,0.01634258335182781
2022-04-14,AAPL,166.87304601950618,167.50878046321276,161.4155854111937,161.66009521484375,75329400,-0.02998821654097339
2022-04-18,AAPL,160.3201618914843,162.94131434841603,159.97785717263437,161.44491577148438,69023900,-0.0013310609713139687
2022-04-19,AAPL,161.39600166868107,164.13451388243473,160.31037777023087,163.72372436523438,67723800,0.014115084286553392
2022-04-20,AAPL,165.05389393478876,165.17126878968486,162.45232094308298,163.5574951171875,67929800,-0.0010153033635861286
2022-04-21,AAPL,165.200581424204,167.7630389892028,162.26646424033356,162.7652587890625,87227800,-0.004843778804250909
2022-04-22,AAPL,162.8043941791054,164.1834179598548,157.95331370568275,158.2369384765625,84882400,-0.02782117232012349
2022-04-25,AAPL,157.5816809008669,159.58666436994497,154.98010780953732,159.30303955078125,96046400,0.006737371719161889
2022-04-26,AAPL,158.6868312906376,158.7748512209157,153.2782766938566,153.3565216064453,95623200,-0.03732833950378178
2022-04-27,AAPL,152.48608239761126,156.28086402556207,151.96772285920957,153.131591796875,88063200,-0.0014667117329874024
2022-04-28,AAPL,155.75270471921226,160.90697422827097,155.43972508795935,160.04629516601562,130216800,0.045155302625684124
2022-04-29,AAPL,158.28583697775457,162.55008785176082,153.7966412998766,154.18785095214844,131747600,-0.03660468496187452
2022-05-02,AAPL,153.2685246478865,154.7551334388098,149.9040675207667,154.49107360839844,123055300,0.0019665794313723506
2022-05-03,AAPL,154.67686742533908,157.18065989099466,152.88706912402677,155.9776611328125,88966500,0.00962248167283919
2022-05-04,AAPL,156.1635144371754,162.82395888042848,155.76251479077115,162.3740692138672,108256500,0.04100848823222347
2022-05-05,AAPL,160.25171284753384,160.47665766238154,151.5471558846843,153.3271942138672,130525300,-0.055716254718505054
2022-05-06,AAPL,152.80807823964273,156.16768941381943,151.01563498071906,154.05201721191406,116124600,0.004727295779220153
2022-05-09,AAPL,151.75022430191655,152.63176175523802,148.38083908771665,148.9391326904297,131577900,-0.033189338341808816
2022-05-10,AAPL,152.32811702969943,153.52307898712107,149.7912627423493,151.33883666992188,115366700,0.01611197766593664
2022-05-11,AAPL,150.3495886480442,152.25956414663153,142.81741468212965,143.49325561523438,142689800,-0.05184116137881467
2022-05-12,AAPL,139.8398213340432,143.19941752795359,135.95129962230052,139.63412475585938,182602000,-0.026894161978754938
2022-05-13,AAPL,141.62242982115953,145.0604001115948,140.17280954058904,144.09071350097656,113990900,0.03191618633990245
2022-05-16,AAPL,142.56275232444813,144.49232147743598,141.22085987637433,142.55294799804688,86643800,-0.01067220409675651
2022-05-17,AAPL,145.80479629477273,146.6961230315545,143.66953086740642,146.177001953125,78336300,0.025422511466600906
2022-05-18,AAPL,143.83608013972986,144.33560760113403,137.0287088681347,137.92984008789062,109742900,-0.05641901089118673
2022-05-19,AAPL,137.00910949443605,138.7525756020971,133.79642936713128,134.53103637695312,136095600,-0.024641540284333963
2022-05-20,AAPL,136.2353274341848,137.81228455615957,129.88832647827988,134.76611328125,137426100,0.001747380460507264
2022-05-23,AAPL,134.9620011760451,140.31973647724712,134.82487512400195,140.17282104492188,117726300,0.0401191934087195
2022-05-24,AAPL,137.92003986063096,139.05623582746938,134.51146690573626,137.47927856445312,104132700,-0.01921586838582312
2022-05-25,AAPL,135.58885488011762,138.87989482274827,135.50070562747283,137.63597106933594,92482700,0.0011397536161010802
2022-05-26,AAPL,134.57023400738558,141.37759058232152,134.3253649583187,140.82908630371094,90601500,0.023199714504621882
2022-05-27,AAPL,142.4060433122878,146.6079896103765,142.27870662441157,146.56881713867188,90978500,0.04075671429538841
2022-05-31,AAPL,146.01049226377089,147.5678554930359,143.8262500562877,145.7852020263672,103718400,-0.005346397191452357
2022-06-01,AAPL,146.8234773391278,148.62572491730577,144.6490389655957,145.6579132080078,74286600,-0.0008731257808756165
2022-06-02,AAPL,144.79599350624025,148.16539460884292,143.8459002321125,148.10662841796875,72348100,0.016811412137039516
2022-06-03,AAPL,143.88506398253034,144.93311080828775,141.4951543400914,142.39627075195312,88570300,-0.03855571980141592
2022-06-06,AAPL,144.01235806018857,145.52075950090375,141.92606935448035,143.140625,71598400,0.005227343694579556
2022-06-07,AAPL,141.3873963509184,145.94195473174813,141.14252729935507,145.6579132080078,67808200,0.01758611999918136
2022-06-08,AAPL,145.53057980516448,146.7940975636926,144.43357121198528,144.92330932617188,53950200,-0.005043350310716566
2022-06-09,AAPL,144.06135517233236,144.91349464755012,139.60473566244548,139.7124786376953,69473000,-0.03595578042417458
2022-06-10,AAPL,137.40095768785136,137.87110220755375,134.24704226633256,134.31561279296875,91437900,-0.038628373766968926
2022-06-13,AAPL,130.1429810735186,132.4251621177248,128.74233746263164,129.17330932617188,122207100,-0.03828522507449017
2022-06-14,AAPL,130.39766413988795,131.1420606306549,128.7815195311164,130.03524780273438,84784300,0.006672728917907156
2022-06-15,AAPL,131.53383428431485,134.5212392737676,129.44756042743367,132.6504364013672,91533000,0.020111382435323177
2022-06-16,AAPL,129.36921686332983,129.67285209068328,126.39160087860697,127.39067077636719,108123900,-0.039651325451242836
2022-06-17,AAPL,127.4004988291183,130.34871732723784,127.14582540730095,128.8599090576172,134520300,0.011533327144726657
2022-06-21,AAPL,130.68170729877417,134.24699991857628,130.58376865027734,133.0814208984375,81000500,0.032760475090299446
2022-06-22,AAPL,132.02356340545535,134.93260831981635,131.1616346888571,132.57208251953125,73409200,-0.0038272688664404697
2022-06-23,AAPL,134.0119221215175,135.74558399228505,132.84634321517927,135.43215942382812,72433800,0.021573749540183318
2022-06-24,AAPL,137.02872148660157,138.99747831559026,136.90139973704072,138.7526092529297,89116800,0.024517439899266247
2022-06-27,AAPL,139.77125797752416,140.5450525850796,138.0767682486871,138.7526092529297,70207900,0.0
2022-06-28,AAPL,139.212931320367,140.47644880841756,134.50165406172098,134.6191864013672,67083400,-0.029789874754915457
2022-06-29,AAPL,134.63875973471048,137.7828689094639,133.86496542747236,136.37242126464844,66242400,0.013023662600767594
2022-06-30,AAPL,134.4331227102609,135.53013138802967,131.0245493574635,133.91400146484375,98964500,-0.018027250502752334
2022-07-01,AAPL,133.24794276909347,136.1863715256026,132.87575195629162,136.07862854003906,71051600,0.016164307327965144
2022-07-05,AAPL,134.94246932324853,138.70365515439954,134.1196977793648,138.65467834472656,73353800,0.018930597936835714
2022-07-06,AAPL,138.44894003031942,141.16207781793045,138.18447732277275,139.98670959472656,74064300,0.009606825142158382
2022-07-07,AAPL,140.34913434840425,143.5422362397496,140.3393449670909,143.34634399414062,66253700,0.023999666890810456
2022-07-08,AAPL,142.2786895406023,144.52169812610057,142.02403114104803,144.02215576171875,64547800,0.004714537872035018
2022-07-11,AAPL,142.6802818681296,143.63037488194183,140.82907263468897,141.89669799804688,63141600,-0.014757852723635057
2022-07-12,AAPL,142.76844044820817,145.40323372369386,142.07302074051665,142.86639404296875,77588800,0.006833816844245444
2022-07-13,AAPL,140.0552923046931,143.44427122627144,139.2031379384123,142.5039825439453,71185600,-0.0025367162197320603
2022-07-14,AAPL,141.1229362743088,145.89298070687983,140.30996921418316,145.42283630371094,78140700,0.020482611837641107
2022-07-15,AAPL,146.70592606919652,147.7637620290884,145.15835206929646,147.08792114257812,76259900,0.011449954361980152
2022-07-18,AAPL,147.64626627696484,148.45923341835072,143.68917356336667,144.0515899658203,81420900,-0.020642967506588006
2022-07-19,AAPL,144.88412086859606,148.1261847699647,143.89485526545627,147.90090942382812,82982400,0.026721811671229334
2022-07-20,AAPL,148.0184099284549,150.5650535340759,147.2838029205586,149.8990020751953,64823400,0.01350967116531665
2022-07-21,AAPL,151.32906041419434,152.3771070356204,148.821603940378,152.16162109375,65086600,0.01509429007018781
2022-07-22,AAPL,152.20079694797485,153.07253011561605,150.2614383736218,150.92747497558594,66675400,-0.008110758214147085
2022-07-25,AAPL,150.849124954379,151.85798424989775,149.1546353044719,149.81088256835938,53623900,-0.007398205047869366
2022-07-26,AAPL,149.1350139839463,149.9479808770686,147.70498735893062,148.4885711669922,55138700,-0.008826537690036051
2022-07-27,AAPL,149.44851051465318,154.10102340248645,149.03713222120385,153.5720977783203,78620700,0.03423513723228644
2022-07-28,AAPL,153.75817384315252,154.40463173955777,151.2409277129022,154.12059020996094,81378700,0.003571563061099514
2022-07-29,AAPL,157.93074338059327,160.27169083424704,156.22644946059978,159.17466735839844,101786900,0.032793004111600244
2022-08-01,AAPL,157.70548276904853,160.23253356212356,157.5879503888758,158.19522094726562,67829400,-0.006153280716004184
2022-08-02,AAPL,156.81413161603723,159.07671904499605,156.35377664743476,156.72596740722656,59907000,-0.009287597509211931
2022-08-03,AAPL,157.53894532472003,163.17093336402678,157.45079605540153,162.7203826904297,82507500,0.03824774785168583
2022-08-04,AAPL,162.60281360750764,163.7586031177134,161.0552396557241,162.40692138671875,55474100,-0.0019263800793001273
2022-08-05,AAPL,160.08234575425365,162.67175374212067,159.87636348602825,162.18133544921875,56697000,-0.0013890167707990564
2022-08-08,AAPL,163.18178041324063,164.59418751238474,161.0533667864172,161.7105255126953,60276900,-0.002902984706713352
2022-08-09,AAPL,160.87682032374863,162.64232916411427,160.12157196524083,161.7595672607422,63135500,0.0003032687445136961
2022-08-10,AAPL,164.46669306704544,166.09488560468589,163.70164162721542,165.99681091308594,70170500,0.02619470195239626
2022-08-11,AAPL,166.80110596451257,167.71329198279503,164.9669459141007,165.26119995117188,57149200,-0.004431476471552287
2022-08-12,AAPL,166.56569547580565,168.87065273956517,166.1537308916434,168.802001953125,68039400,0.02142548888062823
2022-08-15,AAPL,168.2331135298216,170.06727335382837,168.0663730882192,169.87110900878906,54091700,0.006333497489922735
2022-08-16,AAPL,169.46896318920653,170.38114909928223,168.3704308785935,169.71417236328125,56377100,-0.0009238571904519599
2022-08-17,AAPL,169.45915949271176,172.7743773350279,169.26299514755854,171.20504760742188,79542000,0.008784624309096323
2022-08-18,AAPL,170.4203849105247,171.54834118381174,169.8024529702403,170.81271362304688,62290100,-0.002291602904574641
2022-08-19,AAPL,169.71416649279175,170.41056710828244,168.02712623620275,168.2331085205078,70346300,-0.015101950246114493
2022-08-22,AAPL,166.43817940694694,166.6049198473659,163.9370428679026,164.3588104248047,69026800,-0.023029343806191704
2022-08-23,AAPL,163.87821006023856,165.47697879172844,163.45644246473458,164.02532958984375,54147100,-0.0020289805827811147
2022-08-24,AAPL,164.11361274111158,164.88846719098774,163.06411023124903,164.319580078125,53841500,0.0017939332237102423
2022-08-25,AAPL,165.5456215718219,166.87956011908489,165.1238689631101,166.77166748046875,51218200,0.01492267325158636
2022-08-26,AAPL,167.30132415112922,167.77212157949262,160.42564926256463,160.4844970703125,78961000,-0.03769927173566556
2022-08-29,AAPL,158.06181135805244,159.77827539995786,156.7573118566176,158.28741455078125,73314000,-0.013690310027694719
2022-08-30,AAPL,159.02307224651202,159.4448248788866,154.69757844618866,155.86477661132812,77906200,-0.015305309940961243
2022-08-31,AAPL,157.23791969354875,157.50274977749038,154.12866933419335,154.20713806152344,87991100,-0.010635106826850649
2022-09-01,AAPL,153.63828680423725,155.38417523650494,151.7060369719439,154.93299865722656,74229900,0.004707049263916296
2022-09-02,AAPL,156.6886878420521,157.28699892323417,152.00028886480865,152.82418823242188,76957800,-0.01361111217804678
2022-09-06,AAPL,153.47150522336744,154.07961913097643,150.74478065092995,151.5686798095703,73714800,-0.008215377666146217
2022-09-07,AAPL,151.85312983190147,153.6676685648947,150.66631095885003,152.97128295898438,87449600,0.009253911501876821
2022-09-08,AAPL,151.67658920142858,153.36362955067995,149.75414265238146,151.5000457763672,84923800,-0.009617734480344642
2022-09-09,AAPL,152.49067960307377,154.79565178409123,151.78447599724632,154.35426330566406,68028800,0.018839713972826466
2022-09-12,AAPL,156.53171708379904,161.11222243462,156.24728104104713,160.29812622070312,104956000,0.03850792837039152
2022-09-13,AAPL,156.8357585865151,157.46349338077283,150.43089710301157,150.8918914794922,122656600,-0.0586796300304856
2022-09-14,AAPL,151.82370097735972,154.08944624806267,150.66632089509483,152.333740234375,87965400,0.009555508521667422
2022-09-15,AAPL,151.68639505914092,152.2651001071562,148.4790697119515,149.45008850097656,90481100,-0.01892982952405531
2022-09-16,AAPL,148.31229368839013,148.4496101996778,145.52670665510445,147.8120574951172,162278800,-0.01096038832957047
2022-09-19,AAPL,146.4487439883553,151.59813732109004,146.24277663621996,151.51966857910156,81474200,0.025083279042420914
2022-09-20,AAPL,150.46035140561636,155.05067517637016,150.14649142825516,153.89328002929688,107689800,0.015665368545576985
2022-09-21,AAPL,154.32483969180942,155.69802002410492,150.6565200858437,150.7742156982422,101696800,-0.0202677097431474
2022-09-22,AAPL,149.45988650515864,151.50983141556574,148.0180554999838,149.81298828125,86652500,-0.006375277182114281
2022-09-23,AAPL,148.29270193451399,148.5673350111051,145.7130966439831,147.54725646972656,96029900,-0.015123734180309434
2022-09-26,AAPL,146.79199294144382,150.82323152103234,146.77237202102398,147.88072204589844,93339400,0.0022600594829784715
2022-09-27,AAPL,149.81296081817345,151.75501274747782,147.0764188135219,148.8517303466797,84442700,0.006566158775447972
2022-09-28,AAPL,144.81074419198137,147.7532545846386,142.0643981655583,146.9685821533203,146691400,-0.012651167634890603
2022-09-29,AAPL,143.30021086857073,143.90832467636554,137.98406415633502,139.74957275390625,128138200,-0.04911940561475281
2022-09-30,AAPL,138.5726303244555,140.35776059275875,135.35548662233668,135.55165100097656,124925300,-0.030038887920767143
2022-10-03,AAPL,135.5614611189966,140.32832857992096,135.05142179088293,139.72019958496094,114311700,0.030752473711694872
2022-10-04,AAPL,142.25075989142124,143.41795807791704,141.4955113649154,143.30026245117188,87830100,0.025623087261867017
2022-10-05,AAPL,141.3091461524557,144.55571313373582,140.26944671107276,143.594482421875,79471000,0.002053171192225589
2022-10-06,AAPL,143.0157891213956,144.71263233032042,142.43709909152813,142.64306640625,68402200,-0.006625714300287466
2022-10-07,AAPL,139.80845770678545,140.3577388347644,136.7776758724346,137.40541076660156,85925600,-0.03671861361092377
2022-10-10,AAPL,137.72911071777344,139.17094210590585,135.91457149826957,137.72911071777344,74899000,0.002355802070427293
2022-10-11,AAPL,137.21904887976436,138.64127407342733,135.57125040118655,136.31668090820312,77033700,-0.010255129087884618
2022-10-12,AAPL,136.46384967439388,137.67027493258615,135.5124366353625,135.68898010253906,70433700,-0.004604724832515283
2022-10-13,AAPL,132.40313927882985,140.83832513907973,131.79501040391918,140.2498321533203,113224000,0.03361254574494299
2022-10-14,AAPL,141.54451814883853,141.75050040665323,135.54180333634727,135.72816467285156,88598000,-0.03224009192057853
2022-10-17,AAPL,138.36662131640782,140.1615390587515,137.58194907165392,139.68093872070312,85250900,0.02912272524555992
2022-10-18,AAPL,142.7019309504816,143.88873492707052,137.91544326382163,140.99526977539062,99136600,0.009409523351754823
2022-10-19,AAPL,138.974750883936,142.1722730567363,138.78838952105372,141.10316467285156,61758300,0.0007652377106892594
2022-10-20,AAPL,140.2792461483292,143.09424222902763,139.9163264513743,140.64215087890625,64522000,-0.003267210873789894
2022-10-21,AAPL,140.1321395849877,145.0167173026428,139.9163543059083,144.4478302001953,86548600,0.027059308304846486
2022-10-24,AAPL,144.36931363563602,147.35104973792764,143.20211591268642,146.58599853515625,75981900,0.014802356892433588
2022-10-25,AAPL,147.21377179556336,149.56778877679034,146.4977652190575,149.420654296875,74732300,0.019337834377400664
2022-10-26,AAPL,148.06710843299678,149.07736899312695,145.20305222207165,146.4879608154297,88194300,-0.019627095700026298
2022-10-27,AAPL,145.23251764978033,146.19373355952823,141.36801811707775,142.02517700195312,109180200,-0.030465191737493957
2022-10-28,AAPL,145.35999154749908,154.48177557471033,144.98728378991743,152.75550842285156,164762400,0.07555231859173017
2022-10-31,AAPL,150.22493060269468,151.2842358798015,149.0086878845991,150.40147399902344,97943200,-0.015410471596950748
2022-11-01,AAPL,152.10814502054632,152.4710497811702,146.27217011734126,147.76303100585938,80379300,-0.01754266712293784
2022-11-02,AAPL,146.09561013902547,149.2539052221096,142.22130852087065,142.250732421875,93604600,-0.037304991285443956
2022-11-03,AAPL,139.3376507448135,140.06347524662803,136.0910838596121,136.21859741210938,97918500,-0.04240494869211664
2022-11-04,AAPL,139.59825507529519,140.16808578570755,132.02346880241154,135.9533233642578,140814800,-0.0019474143244113673
2022-11-07,AAPL,134.70559929239224,136.70981865595215,133.29084915754692,136.48385620117188,83374600,0.0039023160580826666
2022-11-08,AAPL,137.94771058910516,138.94981261597127,135.07891882338652,137.0536651611328,89908500,0.004174918380977388
2022-11-09,AAPL,136.07123106652006,136.12035725287217,132.2297941583769,132.5048828125,74917800,-0.033189789877453135
2022-11-10,AAPL,138.7632173787933,144.2944793701172,137.05372466357315,144.2944793701172,118854000,0.08897480837970306
2022-11-11,AAPL,143.26287971945007,147.3793904835366,141.83829520447486,147.0748291015625,93979700,0.019268580084160325
2022-11-14,AAPL,146.35763570725214,147.64466090619808,144.8446330372058,145.6797332763672,73374100,-0.009485619216541341
2022-11-15,AAPL,149.5506380930854,150.89660867721872,145.95481705312972,147.4088592529297,89868300,0.011869365337745297
2022-11-16,AAPL,146.51481993344615,147.24183349471545,144.70707528826344,146.18077087402344,64218300,-0.008331170766331275
2022-11-17,AAPL,143.86215701114332,148.82360185357618,143.58706836561342,148.07693481445312,80389400,0.012971363669054492
2022-11-18,AAPL,149.63909566865638,150.0222560449532,147.34013341087538,148.63697814941406,74829600,0.0037821105337079164
2022-11-21,AAPL,147.52678083863384,147.73308985978306,145.12956655626695,145.4144744873047,58724100,-0.021680363138639858
2022-11-22,AAPL,145.53236323934706,147.7821986794849,144.3533947208252,147.54640197753906,51804100,0.01466104043459926
2022-11-23,AAPL,146.82919031011303,149.1674586072914,146.72111870836432,148.42079162597656,58301400,0.005926201091441152
2022-11-25,AAPL,145.7092308871806,146.26924255314506,144.54009634908132,145.5127410888672,35195900,-0.019593282755408836
2022-11-28,AAPL,142.59481349853306,144.0685093862778,140.86568238708142,141.69094848632812,69246000,-0.02626431592134626
2022-11-29,AAPL,141.75966328460675,142.27054854346483,137.88876937413374,138.6943817138672,83763800,-0.021148611146110552
2022-11-30,AAPL,138.9203437218135,146.11198429763354,138.08525867650403,145.43408203125,111380900,0.04859389568704464
2022-12-01,AAPL,145.61096061666942,146.51482547786148,144.03901260255705,145.70919799804688,71250400,0.0018916884058701733
2022-12-02,AAPL,143.40040769964443,145.4046270438478,143.09583136119605,145.21795654296875,65447400,-0.0033713826019734494
2022-12-05,AAPL,145.17869354013385,148.27344880391388,143.2137657558394,144.05868530273438,68826400,-0.007982974473899507
2022-12-06,AAPL,144.49095300364328,144.71691547188212,139.43125562304482,140.40390014648438,64727200,-0.02537011321857896
2022-12-07,AAPL,139.69652452502783,140.85582456681212,137.54492649061714,138.46844482421875,69721100,-0.01378491138954363
2022-12-08,AAPL,139.8635600853956,141.00322179654424,138.62566097989853,140.14846801757812,62128300,0.012132895660755816
2022-12-09,AAPL,139.84388950557997,143.01725827820258,138.42913927736055,139.66705322265625,76097000,-0.0034350343013488382
2022-12-12,AAPL,140.19757351667832,141.96601125722427,138.58633357333804,141.95619201660156,70462700,0.016389969868527032
2022-12-13,AAPL,146.87834983755218,147.34010905974955,141.71059523341404,142.9190216064453,93886200,0.006782582543008342
2022-12-14,AAPL,142.80109523487565,144.0881201971517,138.6845702087708,140.69862365722656,82291200,-0.015536056182451574
2022-12-15,AAPL,138.63543512859985,139.31333739130548,133.64451838807022,134.1062774658203,98931900,-0.04685437582862706
2022-12-16,AAPL,134.2930092162133,135.2361662798,131.38490912253005,132.15122985839844,160156900,-0.014578345207741372
2022-12-19,AAPL,132.74067737544078,132.82909551472687,129.01714637272462,130.04872131347656,79592600,-0.015909867408534395
2022-12-20,AAPL,129.08591954394805,130.91330283228723,127.6122238272619,129.97996520996094,77432800,-0.0005286949600210589
2022-12-21,AAPL,130.64803543949063,134.41087369361549,130.42207295695286,133.07472229003906,85928000,0.023809493063635223
2022-12-22,AAPL,131.9939964474779,132.20030541745464,128.01501569466643,129.91116333007812,77852100,-0.02377280151722505
2022-12-23,AAPL,128.6241804492717,130.09787639620362,127.36662777385332,129.54769897460938,63814900,-0.002797791553488471
2022-12-27,AAPL,129.07604933013056,129.10552203352876,126.46269302667318,127.74971771240234,69007800,-0.013878913145029537
2022-12-28,AAPL,127.39607559848972,128.73222692892008,123.66271775984323,123.8297348022461,85438400,-0.030684865535132833
2022-12-29,AAPL,125.74553370652504,128.19186635387044,125.49009852746012,127.33712768554688,75703700,0.028324318782577018
2022-12-30,AAPL,126.1581629090278,127.67115035805845,125.19534521858718,127.65149688720703,77034200,0.002468794509300265
2023-01-03,AAPL,127.99536673400503,128.60448941700523,121.9925130634904,122.8767318725586,112117500,-0.037404692706952125
2023-01-04,AAPL,124.66483917038782,126.40380440814197,122.88658197418445,124.14413452148438,89113600,0.010314423484506952
2023-01-05,AAPL,124.90062844390272,125.5294047177782,122.57219388132161,122.82762908935547,80962700,-0.01060465270633526
2023-01-06,AAPL,123.80024463429882,128.00518029343567,122.69988266566685,127.34693145751953,87754700,0.036793858203322705
2023-01-09,AAPL,128.18205614149144,131.07050217869943,127.61222532540481,127.86766052246094,70790800,0.004089058597498418
2023-01-10,AAPL,127.9757103650532,128.958174020526,125.87323874198964,128.43746948242188,63896200,0.004456239815702645
2023-01-11,AAPL,128.94836939344688,131.1687321095965,128.17222961380043,131.1490936279297,69458900,0.021112407122587662
2023-01-12,AAPL,131.53227009080283,131.90559617413024,129.13505580606935,131.0705108642578,71379600,-0.0005991864792814772
2023-01-13,AAPL,129.71468306570503,132.55400260182785,129.35117628841525,132.3968048095703,57809700,0.010118934736479845
2023-01-17,AAPL,132.4656016206527,134.88245427698436,131.77787992946924,133.55613708496094,63646600,0.008756497387214957
2023-01-18,AAPL,134.42069543585905,136.1792989256054,132.6620769549058,132.83892822265625,69672800,-0.005370092890964906
2023-01-19,AAPL,131.72872356322017,133.86066781311564,131.42416224055012,132.89785766601562,58280400,0.000443615769472272
2023-01-20,AAPL,132.9076780568954,135.59963378756996,131.8662690124696,135.45225524902344,80223600,0.019220758166224483
2023-01-23,AAPL,135.6978953680963,140.80671912517695,135.4817521326256,138.63546752929688,81760300,0.02350062222604743
2023-01-24,AAPL,137.84946249034775,140.64948968940584,137.83964325138285,140.03053283691406,66435100,0.01006283119665885
2023-01-25,AAPL,138.41932337339787,139.93231102042415,136.37579688239575,139.372314453125,65799300,-0.004700534736632456
2023-01-26,AAPL,140.65934626942868,141.72040901629467,139.41161299424252,141.4355010986328,54105100,0.0148034181221961
2023-01-27,AAPL,140.64951214628343,144.64813175929368,140.57091324840124,143.3709259033203,70555800,0.013684151359832919
2023-01-30,AAPL,142.41796049282078,142.99761054282715,140.34496125408572,140.49232482910156,64015300,-0.020077997376956924
2023-01-31,AAPL,140.19760573187105,141.8088460454489,139.78497266279496,141.7597198486328,65874500,0.009021097921704468
2023-02-01,AAPL,141.44528077834974,144.03898399261212,138.84175832526216,142.87966918945312,77663600,0.007900335455065521
2023-02-02,AAPL,146.2888426135127,148.52885870656533,145.57164829200897,148.17518615722656,118339000,0.03706277455578211
2023-02-03,AAPL,145.43409313083382,154.6201342687517,145.23760339877686,151.79063415527344,154357300,0.02439982085941561
2023-02-06,AAPL,149.8945101165513,150.41521473457135,148.13589150827315,149.06922912597656,69858300,-0.017928675536812322
2023-02-07,AAPL,147.99834440627268,152.50784959474223,147.99834440627268,151.93801879882812,83322600,0.019244680405687165
2023-02-08,AAPL,151.18152542311802,151.8692470443083,148.51904208604415,149.25588989257812,64120100,-0.01765278320366437
2023-02-09,AAPL,151.083246261921,151.62360422246954,147.78216807435706,148.22427368164062,56007100,-0.0069117286539243095
2023-02-10,AAPL,147.06324691592152,148.913088785703,146.82709018156558,148.58837890625,57450700,0.002456448026801672
2023-02-13,AAPL,148.52932389765635,151.7862414824205,148.49980618651492,151.38282775878906,62199000,0.01880664472624871
2023-02-14,AAPL,149.68055772689488,151.3041068890254,148.4407688328002,150.7432403564453,61707600,-0.004224966674310382
2023-02-15,AAPL,150.6547103127393,153.0063833860837,150.42840282421838,152.839111328125,65573800,0.013903581790625008
2023-02-16,AAPL,151.04826665403036,153.82305157694913,150.8908438680814,151.2450714111328,68167900,-0.010429528823744594
2023-02-17,AAPL,149.90687847207133,150.5464488832577,148.4309328947845,150.10366821289062,59144100,-0.007546713341418432
2023-02-21,AAPL,147.79132602150992,148.8736919600815,146.03003782775363,146.09890747070312,58867200,-0.026679965852050902
2023-02-22,AAPL,146.48271250078488,147.54539539799444,144.80014250744384,146.52207946777344,51011300,0.002896476122897562
2023-02-23,AAPL,147.68314896878456,147.92913996180903,144.87886065676489,147.00421142578125,48394200,0.0032905072038229566
2023-02-24,AAPL,144.75090982195374,144.82962872471046,143.38320079150859,144.35733032226562,55469600,-0.018005478059735514
2023-02-27,AAPL,145.34128862301924,146.77786725557394,145.0854484451516,145.54791259765625,44998500,0.00824746670455001
2023-02-28,AAPL,144.6918692589824,146.689314426437,144.47539603761436,145.0460968017578,50547000,-0.0034477704760055294
2023-03-01,AAPL,144.47544217070876,144.86902178209266,142.6846204064825,142.9798126220703,55479000,-0.0142457068838715
2023-03-02,AAPL,142.0646965175798,144.3573339453376,141.59238308918532,143.57015991210938,52238100,0.004128885604288035
2023-03-03,AAPL,145.66599039801153,148.6867663889097,144.96738452683869,148.60804748535156,70732300,0.035090074262829285
2023-03-06,AAPL,151.32379221822697,153.79355106354063,150.99909736370918,151.3631591796875,87558000,0.018539451536818685
2023-03-07,AAPL,151.2352606611938,151.55997057615258,148.70648104096165,149.1689453125,56182000,-0.014496353531989192
2023-03-08,AAPL,150.35949790258118,151.00891757952724,149.39521763366128,150.4185333251953,47204800,0.008376998376421474
2023-03-09,AAPL,151.09748364556307,152.06176399701366,147.82088228318355,148.17510986328125,53833600,-0.014914541528362912
2023-03-10,AAPL,147.80122193638456,148.5195113692859,145.24290982690115,146.11863708496094,68572400,-0.013878665453447514
2023-03-13,AAPL,145.43970497520198,150.68423448355665,145.33146834316847,148.0570526123047,84457100,0.013266038925730195
2023-03-14,AAPL,148.85403055723415,150.94002884188114,147.6929605728649,150.1430206298828,73695900,0.014088947340052282
2023-03-15,AAPL,148.76549840164833,150.79246155107444,147.51586009545082,150.53663635253906,77167900,0.002621605193534382
2023-03-16,AAPL,149.7199103098672,153.95095694332394,149.2082450157043,153.35073852539062,76161100,0.018693802658518832
2023-03-17,AAPL,153.57707174404283,154.22649145558808,151.80593390078133,152.51438903808594,98944600,-0.005453834101791455
2023-03-20,AAPL,152.58327776546486,155.28917828804447,151.67801783277878,154.8759002685547,73641400,0.015483858574675491
2023-03-21,AAPL,154.79717806171172,156.8438093660786,154.0296725549558,156.72573852539062,73938300,0.011944003254401148
2023-03-22,AAPL,156.74547004618515,159.53992423566484,155.27935826386764,155.29904174804688,75701800,-0.009103142794331887
2023-03-23,AAPL,156.28296029217628,158.95934282613845,155.15139299961646,156.38134765625,67622100,0.0069691731257366385
2023-03-24,AAPL,156.31251228008384,157.76877470893055,155.31871410467124,157.6802215576172,59196500,0.008305810896465093
2023-03-27,AAPL,157.37515888196728,158.19185056660328,155.33834678641222,155.7417755126953,52390300,-0.012293526897497187
2023-03-28,AAPL,155.43676283008696,155.94842821050446,153.47866946121147,155.12188720703125,45992200,-0.003980231403060697
2023-03-29,AAPL,156.81429056205513,158.46735739062942,156.79462209814082,158.1918487548828,51305700,0.019790640786585323
2023-03-30,AAPL,158.9396863414281,159.8646148025582,158.68386113447403,159.75637817382812,49501700,0.009890076076988885
2023-03-31,AAPL,159.8350878653574,162.35403288236776,159.31358823359025,162.25563049316406,68749800,0.015644147344255233
2023-04-03,AAPL,161.63573905142377,163.62333513475417,161.58653785817188,163.50526428222656,56976200,0.007701635901720794
2023-04-04,AAPL,163.92838412805693,164.16452584406122,162.4622725801105,162.97393798828125,46278300,-0.003249597474905719
2023-04-05,AAPL,162.0982064947886,162.40323287933546,159.20535043705326,161.1339111328125,51511700,-0.011290313519951023
2023-04-06,AAPL,159.8252203026454,162.31466233453045,159.40212310856722,162.01947021484375,45390100,0.0054957958619978875
2023-04-10,AAPL,158.8314221542027,159.431640625,157.5129143705151,159.431640625,47716900,-0.015972337067959752
2023-04-11,AAPL,159.7465367378167,159.75637097122245,157.93603184667685,158.2213897705078,47644200,-0.0075910330581043794
2023-04-12,AAPL,158.6346426672523,159.4611686435216,157.21773241416443,157.53260803222656,50133100,-0.004353278272174799
2023-04-13,AAPL,159.03805912639,163.14118599216286,158.8314201412513,162.905029296875,68445600,0.03410355057125325
2023-04-14,AAPL,161.9506163702145,163.6528847449455,161.19297496954,162.56068420410156,49386500,-0.0021137781581065385
2023-04-17,AAPL,162.44259843625022,162.73779061232008,161.39959909302152,162.58035278320312,41516200,0.00012099222636674511
2023-04-18,AAPL,163.43639900098648,164.7253892225956,162.99360326395418,163.8004608154297,49923000,0.0075046462339367626
2023-04-19,AAPL,163.14122346923992,165.4633789570219,162.885383237049,164.94187927246094,47720200,0.0069683470446240126
2023-04-20,AAPL,163.42655222639002,165.17800667808302,162.90505258707114,163.97756958007812,52456400,-0.0058463605279402975
2023-04-21,AAPL,162.40320545287983,163.78074857435575,161.85218820428946,162.37368774414062,58337300,-0.009781105062386275
2023-04-24,AAPL,162.35403159020615,162.9444158925364,161.26183114076272,162.67874145507812,41949600,0.0018787139417451026
2023-04-25,AAPL,162.54097982284455,163.64301445601814,161.1043860925183,161.1437530517578,48714100,-0.00943570370406499
2023-04-26,AAPL,160.44513945575562,162.6295403559192,160.1893142654478,161.1339111328125,45498800,-6.107539857380662e-05
2023-04-27,AAPL,162.54100085037314,165.85695442572842,162.54100085037314,165.70936584472656,64902300,0.02839535563772677
2023-04-28,AAPL,165.78806481489534,167.12625617335198,165.1878463008649,166.95896911621094,55275900,0.007540933278661344
2023-05-01,AAPL,166.56538074727197,167.71661652166532,165.93564455408003,166.8704071044922,52472900,-0.0005304417737337364
2023-05-02,AAPL,167.36238122666072,167.61822139630092,164.85327080237903,165.8372344970703,48425700,-0.006191466931430911
2023-05-03,AAPL,166.7818997315747,168.1791268243892,164.4794275510536,164.7647705078125,65136000,-0.006466967400356349
2023-05-04,AAPL,162.24580144031648,164.36131774887434,161.67510059572527,163.13136291503906,81235400,-0.009913573075962745
2023-05-05,AAPL,168.23812815446027,171.504895212846,168.02165491497223,170.78660583496094,113453200,0.04692686178260419
2023-05-08,AAPL,169.7140651629481,171.06210572406735,169.35000337616833,170.71771240234375,55962800,-0.00040338896765568233
2023-05-09,AAPL,170.27496029429,170.75709300871614,168.8482156052712,169.01548767089844,45326900,-0.009970990751290931
2023-05-10,AAPL,170.24541483030967,171.23921282792068,169.14336520388548,170.77674865722656,53724500,0.010420707655842687
2023-05-11,AAPL,171.06213225532295,171.7902559418124,169.40906507439723,170.96372985839844,49514700,0.0010948867608855384
2023-05-12,AAPL,171.07210045600348,171.50564580777203,168.49055408757272,170.0375213623047,45533100,-0.005417573054009139
2023-05-15,AAPL,170.61883064941935,170.66809989196608,168.95362948142878,169.54483032226562,37266700,-0.0028975430604476493
2023-05-16,AAPL,169.46600254116325,170.5991199454283,169.27878844040285,169.54483032226562,42110300,0.0
2023-05-17,AAPL,169.19016268547455,170.39224535567206,167.91908501354433,170.15577697753906,57951600,0.003603451984423023
2023-05-18,AAPL,170.46119076780954,172.6683237371227,170.04735615510018,172.48110961914062,65496700,0.013665904754491587
2023-05-19,AAPL,173.80145343851697,173.80145343851697,172.37273538217633,172.58950805664062,55809500,0.0006284655620512059
2023-05-22,AAPL,171.42679729660153,172.1460951955022,170.9045763773169,171.64356994628906,43570900,-0.005480855244347271
2023-05-23,AAPL,170.58929510312979,170.83562631420236,168.7664381272472,169.04232788085938,50747300,-0.015154905402187002
2023-05-24,AAPL,168.57922839342694,169.8897122746601,168.0176010356781,169.31822204589844,45143500,0.0016321010749065223
2023-05-25,AAPL,169.8798495430277,171.3479738482291,169.17041449607095,170.4513397216797,56058300,0.006692237032078552
2023-05-26,AAPL,170.7764937271046,173.1905363695113,170.56956891324683,172.8555145263672,54835000,0.014104757455196015
2023-05-30,AAPL,174.36309800636275,176.36330631715728,173.9788219031772,174.69810485839844,55964400,0.0106597139066118
2023-05-31,AAPL,174.72763149140792,176.7179916024166,174.16598919362923,174.6488037109375,99625300,-0.0002822076833683962
2023-06-01,AAPL,175.09221783191245,177.47670209655325,174.33351350934285,177.4471435546875,68901800,0.016022668259334516
2023-06-02,AAPL,178.37336820267623,179.11236188910445,176.62933889294345,178.29454040527344,61996900,0.004775488822251983
2023-06-05,AAPL,179.9498539235026,182.23579939859383,175.4272021453367,176.94461059570312,121946500,-0.007571346865147155
2023-06-06,AAPL,177.328904296753,177.4766970018392,174.82617090162998,176.58006286621094,64848400,-0.002060236411071781
2023-06-07,AAPL,175.82137635899298,178.55073052308683,174.71781728969785,175.21047973632812,61944600,-0.0077561594873850614
2023-06-08,AAPL,175.28927455408018,178.18613184931536,174.85574427470908,177.92010498046875,50214900,0.015464972461797455
2023-06-09,AAPL,178.83643579626113,179.55571862854532,177.97920810525306,178.3043670654297,48900000,0.002159745156417925
2023-06-12,AAPL,178.60982685528654,181.19137296447727,178.31422641468646,181.09283447265625,54274900,0.015638806009744766
2023-06-13,AAPL,180.1173628493618,181.44754220802452,179.76264534674598,180.619873046875,54929100,-0.0026117070129170195
2023-06-14,AAPL,180.6790437429822,181.6840794711242,179.34886398957653,181.2505340576172,57462900,0.003491647957135413
2023-06-15,AAPL,181.26035439367692,183.78278344228747,181.08298811392547,183.28025817871094,65433200,0.011198444912987382
2023-06-16,AAPL,183.98971928038128,184.245913383536,181.56582838117956,182.20628356933594,101256200,-0.005859739723455659
2023-06-20,AAPL,181.7037512704965,183.36895259993452,181.7037512704965,182.29493713378906,49799100,0.00048655602165004197
2023-06-21,AAPL,182.1865534203878,182.68907870149724,179.91045548906328,181.26036071777344,49515700,-0.005675288805504941
2023-06-22,AAPL,181.04361385994784,184.30503707731958,180.97463389589913,184.25576782226562,51245300,0.01652543938801987
2023-06-23,AAPL,182.8270228675936,184.8075203379306,182.29493904669715,183.9404296875,53117000,-0.0017114152707002894
2023-06-26,AAPL,184.0882365039062,185.29033397781694,182.51171079012911,182.55113220214844,48088700,-0.007552975100209691
2023-06-27,AAPL,183.1620330683905,185.6253451571229,182.94526040179295,185.30018615722656,50730800,0.015059090140476128
2023-06-28,AAPL,185.17209649255778,187.11318769857849,184.84695251457532,186.4727325439453,51216800,0.0063278208783008605
2023-06-29,AAPL,186.3052137668684,187.2806907250245,186.16726889716722,186.80772399902344,46347300,0.0017964634856153516
2023-06-30,AAPL,188.81778728912292,191.62595381515632,188.45320690668942,191.12344360351562,85213200,0.02310246874221722
2023-07-03,AAPL,190.93624105216273,191.0347795474039,188.9458807202263,189.6356201171875,31458200,-0.007784620548249466
2023-07-05,AAPL,188.7587001877792,190.14799688410469,187.82262949557398,188.522216796875,46920300,-0.005871277345598114
2023-07-06,AAPL,187.05408684814694,189.2021030796526,186.42347947497262,188.99517822265625,45094300,0.0025087834941535103
2023-07-07,AAPL,188.6010117511895,189.8425155087971,187.44818361165477,187.8817138671875,46815000,-0.005891496100270732
2023-07-10,AAPL,186.48255712554894,187.2018550195119,184.2951349736181,185.84210205078125,59922200,-0.010855829311031462
2023-07-11,AAPL,186.3840838529824,186.52202875398913,183.86165421465003,185.31993103027344,46638100,-0.0028097563186469943
2023-07-12,AAPL,186.8964320073811,188.88679264498364,185.70419722013042,186.98512268066406,60750200,0.00898549681695382
2023-07-13,AAPL,187.7043680387378,188.38424453327508,186.99493300399138,187.7437744140625,41342300,0.00405728392998439
2023-07-14,AAPL,187.4383302857117,188.37438582770977,186.8471444335954,187.89158630371094,41616200,0.00078730647719083
2023-07-17,AAPL,189.08383285312058,191.46833222271863,188.99515722491665,191.14317321777344,50520200,0.017305654702422846
2023-07-18,AAPL,190.51254970289233,191.4781637647375,189.5961898515042,190.886962890625,48288200,-0.0013404105563138424
2023-07-19,AAPL,190.26625801592914,195.320964896157,189.822849750849,192.23690795898438,80507300,0.007071960535790289
2023-07-20,AAPL,192.22701989757815,193.58677299126168,189.67503216410122,190.29579162597656,59581200,-0.010097521613393612
2023-07-21,AAPL,191.25156585425083,192.10879369152832,188.42367321559357,189.12326049804688,71951700,-0.006161624058582893
2023-07-24,AAPL,190.57168949200457,192.04967681854123,189.42870901778204,189.92137145996094,45377800,0.004220057119427079
2023-07-25,AAPL,190.49285737606127,191.58656857428397,190.08887057427083,190.77859497070312,37283200,0.004513570558976943
2023-07-26,AAPL,190.82783906853456,192.76892999363082,190.4829844332044,191.64566040039062,47471900,0.004544877950383608
2023-07-27,AAPL,193.14334195652393,194.30601782591035,189.72426422082378,190.38442993164062,47460200,-0.00658105415022181
2023-07-28,AAPL,191.81319626670884,193.74443968391378,191.2909752730755,192.9561767578125,48291400,0.013508178305837726
2023-07-31,AAPL,193.1827862905988,193.60648379116893,192.39452340931743,193.5670623779297,38824100,0.0031659293337054084
2023-08-01,AAPL,193.36013930235927,193.8429388199064,192.41422090280528,192.7393798828125,35175100,-0.004275946976460165
2023-08-02,AAPL,192.17776662675897,192.31571151477112,189.03459274742033,189.75387573242188,50389300,-0.015489850347167433
2023-08-03,AAPL,188.75868668614032,189.54693452970886,187.8915960163783,188.3645477294922,61235200,-0.007321737158553887
2023-08-04,AAPL,182.79747042079737,184.6301752435833,179.25029494609427,179.31927490234375,115956800,-0.048020038463597925
2023-08-07,AAPL,179.45720585194456,180.44253062568194,174.74735463626894,176.225341796875,97576100,-0.0172537676563419
2023-08-08,AAPL,177.05305163689803,177.6245419410217,174.97401528572274,177.16143798828125,67823000,0.005311927228293989
2023-08-09,AAPL,178.21565972070235,178.27477679249466,174.41230607517141,175.5749969482422,60378500,-0.008954776265385656
2023-08-10,AAPL,176.84608080013524,178.0974474344709,174.99368050557445,175.35824584960938,54686900,-0.0012345214432594176
2023-08-11,AAPL,174.95376621930987,176.2364063672045,174.19403724396824,175.41748046875,52036700,0.00033779203740103014
2023-08-14,AAPL,175.59506357405235,177.29211207450308,174.9438673937282,177.065185546875,43675600,0.009393049505226125
2023-08-15,AAPL,176.4929258073929,177.08491002448199,174.68734458769583,175.08200073242188,43622600,-0.011200309130944941
2023-08-16,AAPL,174.7662850202376,176.15745776554937,174.14468726786023,174.21376037597656,46964900,-0.004959049775609126
2023-08-17,AAPL,174.77612136953763,175.14117901733323,171.16495931429398,171.6780242919922,66062900,-0.014555314565921296
2023-08-18,AAPL,170.0007213782545,172.76335939467492,169.6652621694116,172.1614990234375,61172200,0.0028161713384062814
2023-08-21,AAPL,172.73378585948967,173.77963828216437,171.42153223598535,173.49349975585938,46311900,0.007736925735297717
2023-08-22,AAPL,174.69718434668556,175.30890581271296,173.89799596554266,174.8649139404297,42038900,0.007904700674665976
2023-08-23,AAPL,176.1377232252428,179.12728783194132,175.9502562936072,178.70301818847656,52722800,0.021948967128730956
2023-08-24,AAPL,178.25900483655056,178.6832744289853,173.66118769058747,174.02626037597656,54945800,-0.026170558616796624
2023-08-25,AAPL,175.0129348306344,176.7593040006282,173.4737548580186,176.2265167236328,51449600,0.01264324328352906
2023-08-28,AAPL,177.68677460091166,178.1801023209798,176.1673318473753,177.7854461669922,43820700,0.008846168399300414
2023-08-29,AAPL,177.30196426395187,182.4325690983829,177.1046362040057,181.66297912597656,53003900,0.021810182118857213
2023-08-30,AAPL,182.4720614420058,185.34323241647965,182.27473336292013,185.14588928222656,60813900,0.019172371679728517
2023-08-31,AAPL,185.33336235534645,186.5962801694583,184.97816577917948,185.3629608154297,60794500,0.001172435067527955
2023-09-01,AAPL,186.96136115669725,187.3856158066575,185.7675013452281,186.9317626953125,45766500,0.008463405380349398
2023-09-05,AAPL,185.7674844117445,187.44479564304942,185.1064270757959,187.1685333251953,45280000,0.0012666152957041543
2023-09-06,AAPL,185.88585963952747,186.32986658571798,179.04834537431464,180.46913146972656,81755800,-0.03579341963335736
2023-09-07,AAPL,172.84227669356144,175.83185624974686,171.22416252451072,175.19052124023438,112488800,-0.029249380137775338
2023-09-08,AAPL,175.96997548136457,177.83475336123297,175.4174358773743,175.80223083496094,65551300,0.003491682029347576
2023-09-11,AAPL,177.66705421097663,177.8939807491613,174.9734739911946,176.96652221679688,58953100,0.006622733831682437
2023-09-12,AAPL,177.09477490699047,177.72623373133553,172.487096210491,173.9473419189453,90370200,-0.017060742676249463
2023-09-13,AAPL,174.15451849429098,174.93398459835862,171.6582818339781,171.88522338867188,84267900,-0.011854843583837704
2023-09-14,AAPL,171.6780505009118,173.75003299454158,171.2636570132194,173.39483642578125,60895800,0.008782680717677405
2023-09-15,AAPL,174.12492983939754,174.14466716160445,171.50043808217407,172.67454528808594,109259500,-0.00415405183073958
2023-09-18,AAPL,174.12494029407293,176.98624997924455,173.8190795297471,175.59506225585938,67257600,0.01691341918926681
2023-09-19,AAPL,175.1510856525732,177.23292932503867,174.76629061620125,176.68040466308594,51826900,0.0061809392205181
2023-09-20,AAPL,176.8678428874874,177.3019736755132,173.0593524132158,173.14816284179688,58436200,-0.01999226698639689
2023-09-21,AAPL,172.22071489897561,173.9473619674597,171.53992021743218,171.60897827148438,63149100,-0.008889407459199195
2023-09-22,AAPL,172.33909518451154,174.7169382879251,171.7273736602944,172.45748901367188,56725400,0.004944442596966914
2023-09-25,AAPL,171.87536866413782,174.60840835340898,171.82603288281885,173.73028564453125,46172700,0.007380350010537828
2023-09-26,AAPL,172.48708745695123,172.86200623492672,169.36925308333926,169.66525268554688,64588900,-0.023398528033861776
2023-09-27,AAPL,170.3164478696235,170.73084132501634,166.7940959712009,168.15567016601562,66921800,-0.008897417094171134
2023-09-28,AAPL,167.0801950701548,169.73430008001054,165.38314684947002,168.4121856689453,56294400,0.0015254644858329058
2023-09-29,AAPL,169.72445084440017,170.7604419321708,168.06686209293406,168.92526245117188,51861100,0.0030465537881869675
2023-10-02,AAPL,168.93512915166482,171.9740294168616,168.6489906711008,171.43136596679688,52164500,0.014835575681579227
2023-10-03,AAPL,169.96126458937815,171.31299281082715,168.54049336939298,170.09939575195312,49594600,-0.007769699595707169
2023-10-04,AAPL,168.80686354725646,171.88523853747708,168.68846972057472,171.3425750732422,53020300,0.007308546369570346
2023-10-05,AAPL,171.47084810780015,173.10869980697885,170.3756599300563,172.57591247558594,48527900,0.007198079063633456
2023-10-06,AAPL,171.48069938400815,175.61478762599208,170.86896284182788,175.1214599609375,57266700,0.014750305815196985
2023-10-09,AAPL,174.45052401213385,176.6606373398207,173.45400756283908,176.6014404296875,42390800,0.008451165659994597
2023-10-10,AAPL,175.7233217666065,177.3216985969386,175.5753144327677,176.0094451904297,43698000,-0.003352154081062042
2023-10-11,AAPL,175.82201043112758,177.45000107017458,175.23002615297557,177.40066528320312,47551100,0.007904235430480577
2023-10-12,AAPL,177.6670640281674,179.90676118500224,176.6507950071692,178.29852294921875,56743100,0.005061185450360606
2023-10-13,AAPL,178.99899884980246,179.50218762206515,175.76277074017605,176.4633026123047,51427100,-0.0102929643305949
2023-10-16,AAPL,174.3913552582801,176.6902643223361,174.15455252434904,176.33506774902344,52517000,-0.000726694226974689
2023-10-17,AAPL,174.29263735930638,176.03902130181154,172.4673342483031,174.7859649658203,57549400,-0.008784995537064466
2023-10-18,AAPL,173.2369747453516,175.21028574818484,172.77324545527233,173.49349975585938,54764400,-0.007394559455695893
2023-10-19,AAPL,173.69083828526382,175.46682130559762,172.8521900917514,173.11859130859375,59302900,-0.002160936564154836
2023-10-20,AAPL,172.97056355030566,173.0790962513972,170.3361953203569,170.572998046875,64244000,-0.014704332114053975
2023-10-23,AAPL,168.62928473640696,171.68790756499885,167.6623515662161,170.69139099121094,55980100,0.0006940896020564136
2023-10-24,AAPL,170.74072378645857,171.35244533043914,169.16206908920728,171.12551879882812,43816600,0.0025433491700792565
2023-10-25,AAPL,169.58634726553433,170.7505934954682,168.37275019582236,168.81675720214844,57157000,-0.013491626572620152
2023-10-26,AAPL,168.0964590692853,169.09299056011605,163.45918215856796,164.66290283203125,70625300,-0.024605699333172137
2023-10-27,AAPL,164.68262749452305,166.70527372020223,164.60369326977082,165.9751434326172,58499100,0.007969254628800826
2023-10-30,AAPL,166.76447575317525,168.88577853365425,166.61646843152695,168.01751708984375,51131000,0.01230529834159011
2023-10-31,AAPL,167.09010101577766,168.61940486913602,165.65943861592592,168.49114990234375,44846000,0.0028189490042680454
2023-11-01,AAPL,168.71806981976965,171.90496247869652,167.849808268541,171.6484375,56934900,0.018738596059711066
2023-11-02,AAPL,173.17774724497193,175.40758286457637,173.11855033416663,175.2003936767578,77334800,0.020693204252196118
2023-11-03,AAPL,171.91483559510309,174.46040823420765,171.03671292563865,174.29266357421875,79829200,-0.005181096249211703
2023-11-06,AAPL,174.02629776104038,177.035584920202,173.85856813665714,176.8382568359375,63841300,0.014605280621205141
2023-11-07,AAPL,176.78892234542403,180.00542885763969,176.5817331247381,179.39370727539062,70530000,0.014450778271491105
2023-11-08,AAPL,179.91662978825056,181.00194176498167,179.16676200069597,180.4494171142578,49340300,0.005884876648691639
2023-11-09,AAPL,180.51846299464347,181.66297171772456,179.38380034968415,179.97579956054688,53763500,-0.002624655492298178
2023-11-10,AAPL,181.75413731292954,184.3228271167955,181.31943456996746,184.1548614501953,66133400,0.023220132372533397
2023-11-13,AAPL,183.58184574005094,183.78930789371245,181.99123723697815,182.57412719726562,43627500,-0.008583722636924196
2023-11-14,AAPL,185.43922075842696,185.84428607992842,184.05608926427885,185.18235778808594,60108400,0.014285871885900914
2023-11-15,AAPL,185.5874067506803,187.21752694473682,185.51824264456812,185.74546813964844,53790500,0.0030408423258487804
2023-11-16,AAPL,187.28672041043063,188.65997787206337,186.37778813762,187.42503356933594,54412900,0.009042295602198713
2023-11-17,AAPL,187.95846486721982,188.08690385906573,186.29870747259162,187.40521240234375,50922700,-0.00010575517376043564
2023-11-20,AAPL,187.60281994734135,189.598493753426,187.59294582194016,189.14402770996094,46505100,0.009278372171869442
2023-11-21,AAPL,189.10454089065857,189.21321658430173,187.454657232623,188.34381103515625,38134500,-0.004230726629295245
2023-11-22,AAPL,189.18356183514956,190.60620477415247,188.53150773289747,189.00572204589844,39617700,0.0035143762202975992
2023-11-24,AAPL,188.57100791556658,188.60064536615056,186.970525284031,187.68185424804688,24048300,-0.007004379462808408
2023-11-27,AAPL,187.63246733233092,188.37343380166539,186.6247487130357,187.5040283203125,40552600,-0.0009474859913700673
2023-11-28,AAPL,187.49414676130317,188.77849160556613,187.11871894105684,188.10667419433594,38415400,0.0032140422764355137
2023-11-29,AAPL,188.60066651864972,189.77633577367203,186.6939199672285,187.08909606933594,43014200,-0.005409580119144164
2023-11-30,AAPL,187.55341843722022,188.02764780463457,185.92329832735996,187.66209411621094,48794400,0.0030627014556885435
2023-12-01,AAPL,188.03754149609296,189.25272234216075,186.95078459310412,188.93658447265625,45704800,0.006791410713215651
2023-12-04,AAPL,187.69172432124148,187.7608884211111,185.19219887595256,187.14834594726562,43389500,-0.009464755226637589
2023-12-05,AAPL,187.91898862751913,192.05850876803487,187.88933609882633,191.09031677246094,66628400,0.021063348464250176
2023-12-06,AAPL,192.10788966712872,192.4141533735728,189.79607806848605,190.00355529785156,41089700,-0.005687161406003782
2023-12-07,AAPL,191.29779342674496,192.65128739108172,191.25826677194576,191.93008422851562,47477700,0.010139436220780285
2023-12-08,AAPL,191.86091528323507,193.629363703371,191.33730018286,193.3527374267578,53406400,0.007412351242175985
2023-12-11,AAPL,190.78403090604945,191.15945870925907,189.11438419177532,190.85317993164062,60943700,-0.012927448188128299
2023-12-12,AAPL,190.75440470261375,192.3746507369947,189.4107849369075,192.36477661132812,52696900,0.00792020693723261
2023-12-13,AAPL,192.74016578029781,195.6151188726379,192.50306619330016,195.5756072998047,70404200,0.016691364942367004
2023-12-14,AAPL,195.63490356313392,197.21562292408947,193.79730618821,195.72381591796875,66831600,0.000757807275714395
2023-12-15,AAPL,195.1507962246044,196.01031245444227,194.62718115642724,195.19032287597656,128538400,-0.002725744128225016
2023-12-18,AAPL,193.7281513997374,194.26165570440122,192.04863040265064,193.5305633544922,55751900,-0.008503287955207606
2023-12-19,AAPL,193.79729775296602,194.57777573643529,193.5305456250714,194.56790161132812,40714100,0.0053600745993585
2023-12-20,AAPL,194.52836624027822,195.29897006409448,192.48330688476562,192.48330688476562,52242800,-0.010713970337855261
2023-12-21,AAPL,193.73803856316968,194.70623052718972,191.16934877699248,192.3351287841797,46482500,-0.0007698231238029152
2023-12-22,AAPL,192.82909873139974,193.0563392932213,190.64572606781581,191.2681427001953,37149600,-0.005547536171520928
2023-12-26,AAPL,191.27801448490152,191.55464074590694,190.5074106042434,190.72476196289062,28919300,-0.002840936967513752
2023-12-27,AAPL,190.17150836602553,191.16933772508392,188.78836199381533,190.82354736328125,48087700,0.0005179474304959353
2023-12-28,AAPL,191.80165040931152,192.3153914106068,190.8433325169925,191.24839782714844,34049900,0.002226404810819149
2023-12-29,AAPL,191.56449222902597,192.05846979029215,189.4206314221306,190.21099853515625,42672100,-0.005424355465345143
2024-01-02,AAPL,184.89581391743906,186.17028459685415,181.6750853181039,183.4040069580078,82488700,-0.03578652985142872
2024-01-03,AAPL,182.00109375351622,183.64110287378972,181.22060076525406,182.03073120117188,58414500,-0.007487708581799812
2024-01-04,AAPL,179.95604798314233,180.88472835710988,178.70135563320858,179.7189483642578,71983600,-0.012699959076466039
2024-01-05,AAPL,179.79798286255345,180.55869755734878,177.99989705667167,178.9977264404297,62379700,-0.004013054440794583
2024-01-08,AAPL,179.89676064456035,183.36449308108033,179.3138706884217,183.32496643066406,59144500,0.02417483214053262
2024-01-09,AAPL,181.70474272826013,182.9199235647891,180.52907347198328,182.91004943847656,42841800,-0.0022632868848467824
2024-01-10,AAPL,182.12952346414278,184.154819300754,181.70469494439152,183.94735717773438,46792900,0.005671135853072551
2024-01-11,AAPL,184.29316874581366,184.7970355796361,181.4083411771675,183.3546142578125,49128400,-0.0032223508345876617
2024-01-12,AAPL,183.8189772139212,184.49079471725477,182.95946084973255,183.6806640625,40477800,0.0017782470651599436
2024-01-16,AAPL,179.96593271976667,182.04062970854807,178.7507369031224,181.41822814941406,65603000,-0.012317224159839268
2024-01-17,AAPL,179.08663943068214,180.72663357001974,178.12832170152117,180.47964477539062,47317400,-0.005173589134882417
2024-01-18,AAPL,183.84861706451355,186.86188405437403,183.59175408710038,186.3580322265625,78005800,0.03257091656229494
2024-01-19,AAPL,187.04957995238564,189.63801803091337,186.5457281731689,189.25271606445312,68903000,0.015532916951878084
2024-01-22,AAPL,189.98379650311966,192.97729968749402,189.94426985134535,191.5546417236328,60133900,0.012163237109874547
2024-01-23,AAPL,192.67102493067515,193.39222799671276,191.49535584528522,192.82908630371094,42355600,0.006653164698127378
2024-01-24,AAPL,193.06623524024957,194.0146790217886,191.99924163914412,192.15731811523438,53631300,-0.0034837492691248695
2024-01-25,AAPL,192.86862433386716,193.90598035718745,190.78403816176663,191.83126831054688,54822100,-0.0016967857788896534
2024-01-26,AAPL,191.93006387634745,192.41415228379137,189.6281264159501,190.1023406982422,44594000,-0.009012751818466835
2024-01-29,AAPL,189.69724999644458,189.88496387415157,187.2965263815559,189.42062377929688,47145600,-0.003586052209780144
2024-01-30,AAPL,188.64016451675863,189.48980657471878,185.21195883551243,185.77508544921875,55859400,-0.01924573078338987
2024-01-31,AAPL,184.78715652135838,184.84644650359252,182.12956937209933,182.178955078125,55467800,-0.019357441620322935
2024-02-01,AAPL,181.77388729281213,184.6982263171025,181.6059367135455,184.60931396484375,64885400,0.01334050294490119
2024-02-02,AAPL,177.69360884630905,185.0736348136651,177.09095561888776,183.61146545410156,102551700,-0.0054051905037262316
2024-02-05,AAPL,185.8837890630235,186.97054595458332,183.6016146657499,185.41944885253906,69668800,0.009846789218560303
2024-02-06,AAPL,184.60931480628852,187.02980210381148,184.5204024536245,187.01992797851562,43490800,0.008631668014769112
2024-02-07,AAPL,188.3437664109805,188.74883163449712,186.33821869210433,187.1285858154297,53439000,0.0005809960365643629
2024-02-08,AAPL,187.10883150171134,187.25701874915856,185.09340956143063,186.05172729492188,40962000,-0.005754644678231835
2024-02-09,AAPL,186.61554504333301,187.94110561883974,185.97256084406592,186.8134002685547,45155200,0.00409387746465506
2024-02-12,AAPL,186.38806813077576,186.63537211912902,184.7756412965565,185.1317596435547,41781900,-0.009001713060104666
2024-02-13,AAPL,183.76666370675508,184.20192116931864,181.5310258479947,183.04452514648438,56529500,-0.011274318901786429
2024-02-14,AAPL,183.32148884677065,183.52921572281525,180.4725423642709,182.16409301757812,54630500,-0.00480993423977949
2024-02-15,AAPL,181.57061898228332,182.50048453550187,179.39434657144153,181.8772735595703,65434500,-0.0015745114926690729
2024-02-16,AAPL,181.44197861733377,182.8565652037317,179.7108507918506,180.3439483642578,49752500,-0.008430548607329391
2024-02-20,AAPL,179.82953567385852,180.4626331892475,178.05884601330092,179.60202026367188,53665600,-0.004113961723225645
2024-02-21,AAPL,179.97792921674792,180.91768122956833,178.71173417109264,180.3538360595703,41371400,0.004186009682935143
2024-02-22,AAPL,181.50132758611662,182.9653779737103,180.49233824441416,182.38172912597656,52292200,0.011243969691536959
2024-02-23,AAPL,183.0148347964746,183.04451006700117,180.2648157032703,180.55169677734375,45119700,-0.010034077192944912
2024-02-26,AAPL,180.27473021897956,180.78911167382452,178.70186529911302,179.2063751220703,40867400,-0.007451171488753627
2024-02-27,AAPL,179.14699293032547,181.9365737231629,177.62359209867634,180.66049194335938,54318900,0.008114202523758163
2024-02-28,AAPL,180.5417731107642,181.14519536218177,178.18744973320082,179.46353149414062,48953900,-0.0066254687803796175
2024-02-29,AAPL,179.3151930681472,180.60117691942332,177.59395175081718,178.80079650878906,136682600,-0.0036928671793867718
2024-03-01,AAPL,177.61373507516265,178.58316252471684,175.46713817545924,177.72254943847656,73563100,-0.0060304377349879035
2024-03-04,AAPL,174.25038035125658,174.99229230011673,171.9158301484072,173.2117156982422,81510100,-0.025381324736149624
2024-03-05,AAPL,168.91851326517738,170.18470849670402,167.79080766540406,168.28541564941406,95132400,-0.02844091711100183
2024-03-06,AAPL,169.21526961759642,169.39333632878757,166.86093094295472,167.2961883544922,68587700,-0.005878271097376153
2024-03-07,AAPL,167.32583603979853,168.888798717098,166.67296512435692,167.17745971679688,71765100,-0.0007096912300460501
2024-03-08,AAPL,167.17750030588184,171.82681238429842,167.11814976227143,168.8888397216797,76267000,0.010236906385477695
2024-03-11,AAPL,171.0750384390699,172.49951206887337,170.19463669484975,170.8870849609375,60139500,0.011831718676916791
2024-03-12,AAPL,171.28270784938988,172.15322257397557,169.16578666443067,171.36184692382812,59825400,0.0027782202674893064
2024-03-13,AAPL,170.90684419661972,171.3223130850131,168.91851047344855,169.28453063964844,52488700,-0.012122396679717595
2024-03-14,AAPL,171.0453430786352,172.43023944819464,170.19461671040915,171.13436889648438,72913500,0.010927391001683606
2024-03-15,AAPL,169.3241083834579,170.7584686279297,168.45359343487303,170.7584686279297,121752700,-0.0021965211954710906
2024-03-18,AAPL,173.67664359575858,175.79356502758816,171.64874797271588,171.84658813476562,75604200,0.006372272576459226
2024-03-19,AAPL,172.45989598897214,174.70542030322298,171.16402557801365,174.18113708496094,55215200,0.013585075942063485
2024-03-20,AAPL,173.82499582678088,176.74317932128906,173.2017850632652,176.74317932128906,53423100,0.01470906826769891
2024-03-21,AAPL,175.14068113790177,175.57593855649498,168.99764365136926,169.5219268798828,106181300,-0.04085731890269573
2024-03-22,AAPL,169.90770741812418,171.18380430580046,168.22604350725265,170.42210388183594,71160100,0.005310091847829046
2024-03-25,AAPL,168.73057383883838,170.085794876263,167.6226416976105,169.00755310058594,54288300,-0.008300277657825372
2024-03-26,AAPL,168.16670300567833,169.57138777241732,167.7512341389727,167.8798370361328,57388400,-0.006672577904148214
2024-03-27,AAPL,168.57227437363676,171.72787530814264,168.27550660374618,171.4409942626953,60273300,0.021212536832496687
2024-03-28,AAPL,169.89781453968297,170.37263389978352,168.67118150733492,169.63072204589844,65672700,-0.01055915607922242
2024-04-01,AAPL,169.3438746978549,169.40322523760474,167.65230884379906,168.19638061523438,46240500,-0.008455670136662818
2024-04-02,AAPL,167.25662806803024,167.51381877100314,166.41578850586058,167.0192108154297,49329500,-0.006998781992209269
2024-04-03,AAPL,166.9697540235435,168.83937157047524,166.7620271262386,167.8204803466797,47691700,0.004797469269181676
2024-04-04,AAPL,168.45358430225178,170.0660111961713,166.99945068359375,166.99945068359375,53704400,-0.00489230909952032
2024-04-05,AAPL,167.76113794678497,168.55251376624304,167.12804031006615,167.75125122070312,42104800,0.0045018144313166975
2024-04-08,AAPL,167.20715459942008,167.37531948329715,166.425680716199,166.63340759277344,37425500,-0.006663697705950322
2024-04-09,AAPL,166.8806999592474,168.24582257310013,166.5344834909376,167.84024047851562,42373800,0.007242442576050001
2024-04-10,AAPL,166.97964653177021,167.2665125006067,165.30786924976792,165.97064208984375,49709300,-0.011139154611204183
2024-04-11,AAPL,166.5246002673459,173.5678277091418,166.34654865134516,173.15234375,91070300,0.04327091568561037
2024-04-12,AAPL,172.38075949507746,176.43655077441642,172.33131077483722,174.6460723876953,101670900,0.008626672936359325
2024-04-15,AAPL,173.46888692512982,174.72519524382946,170.6397290741028,170.8276824951172,73531800,-0.021863588687535573
2024-04-16,AAPL,169.89784277952464,171.88616144450353,166.45537543168857,167.55340576171875,73711200,-0.019167131963474526
2024-04-17,AAPL,167.7808856580398,168.8096634069807,166.18824768066406,166.18824768066406,50901200,-0.008147599715138676
2024-04-18,AAPL,166.21794611620325,166.8213684176903,164.75391081370103,165.23861694335938,43122900,-0.005714187077352384
2024-04-19,AAPL,164.41756936525925,164.60550769336635,162.31053482208006,163.22061157226562,68149400,-0.012212674061448214
2024-04-22,AAPL,163.734987753996,165.45621342076493,162.99307597508283,164.05152893066406,48116400,0.005090762437381047
2024-04-23,AAPL,163.56688583372357,165.24855016082816,163.14151506780158,165.10015869140625,49537800,0.0063920755117459205
2024-04-24,AAPL,164.74401450706145,167.47426013692973,164.41758653276062,167.19728088378906,48251800,0.01270212099736745
2024-04-25,AAPL,167.7017887376114,168.7701438382538,166.33666581552853,168.0579071044922,50558300,0.005147369718897066
2024-04-26,AAPL,168.04800546826704,169.49225225997063,167.35554224826544,167.47425842285156,44838400,-0.0034729022376658314
2024-04-29,AAPL,171.5003643815301,174.13168243053624,171.2332869429431,171.62896728515625,68169400,0.024808044540281404
2024-04-30,AAPL,171.46078102452523,173.10288291918897,168.16669051085722,168.49313354492188,65934800,-0.018271005121322514
2024-05-01,AAPL,167.75123767315736,170.84748833564953,167.28630498280754,167.47425842285156,50383100,-0.006046983046930299
2024-05-02,AAPL,170.649650682897,171.54984088638673,169.04712555589578,171.16404724121094,94214900,0.022031975857705444
2024-05-03,AAPL,184.637145231003,184.98337684032407,180.69018337477516,181.4024200439453,163224100,0.05981614110997313
2024-05-06,AAPL,180.38352481626606,182.21356516877455,178.47433028646978,179.75042724609375,78569700,-0.009106784779670307
2024-05-07,AAPL,181.47163247242833,182.90599233972114,179.3646131175579,180.43295288085938,77305800,0.003797073782924487
2024-05-08,AAPL,180.87813197889614,181.09576068278213,179.4932206728727,180.76931762695312,45057100,0.001864209063384692
2024-05-09,AAPL,180.59127127419717,182.6686309202814,180.1461270912472,182.57960510253906,48983000,0.010014351436131275
2024-05-10,AAPL,183.1540861312051,183.34229448527321,180.4102525825865,181.32156372070312,50759500,-0.006890371907253279
2024-05-13,AAPL,183.68902280376187,185.33335221774516,182.8767582325011,184.52108764648438,72044800,0.0176455787173202
2024-05-14,AAPL,185.73943318211036,186.52198207892377,184.5309518112327,185.66018676757812,52393600,0.0061732733945081275
2024-05-15,AAPL,186.13569714479723,188.84981551266446,185.60078753373725,187.92860412597656,70400000,0.012218114168107475
2024-05-16,AAPL,188.67151097089564,189.29556710780693,187.86916171755817,188.04745483398438,52845200,0.0006324247900448832
2024-05-17,AAPL,187.72057759120682,189.00830557822601,187.39369174809892,188.07717895507812,41282900,0.00015806712789601107
2024-05-20,AAPL,187.54228461702792,190.10782534306233,187.22529890901677,189.2361297607422,44361300,0.006162102239638978
2024-05-21,AAPL,189.28567056183377,190.91018461353585,189.11727756366656,190.53378295898438,42309400,0.0068573226470169946
2024-05-22,AAPL,190.45453220558076,190.99934196064652,188.47341681604038,189.0974578857422,34648500,-0.007538427311609031
2024-05-23,AAPL,189.1766947549615,189.19651013997458,184.86777806929078,185.11541748046875,51005900,-0.02105813822034297
2024-05-24,AAPL,187.03707622618555,188.78045200186543,186.26442746313117,188.1861114501953,36327000,0.016587996891455736
2024-05-28,AAPL,189.70171236146703,191.17764887438426,187.31447963213384,188.19607543945312,52280100,5.29475272166291e-05
2024-05-29,AAPL,187.81963788738682,190.43470949642946,187.72057607583483,188.4932098388672,53068000,0.0015788554502011998
2024-05-30,AAPL,188.9587703074631,190.36536034504638,188.83000809203267,189.4837646484375,49889100,0.0052551219771634905
2024-05-31,AAPL,189.6323431713606,190.7516780595243,188.1167913020161,190.4346923828125,75158300,0.005018518267986272
2024-06-03,AAPL,191.07854113305333,193.14881785405223,190.7021395503604,192.1978759765625,50080500,0.009258731020530764
2024-06-04,AAPL,192.80213237542046,193.47571940906454,191.2073340206378,192.51487731933594,47471400,0.0016493488346982499
2024-06-05,AAPL,193.5549597642067,195.04079624688396,193.02996541617088,194.02052307128906,54156800,0.007820931934811481
2024-06-06,AAPL,193.8422276391208,194.64457691185422,192.33657578915964,192.64364624023438,41181800,-0.007096552515471699
2024-06-07,AAPL,192.8120444256859,195.08042995429523,192.3068654552658,195.03089904785156,53103900,0.012392066150160863
2024-06-10,AAPL,195.04080033594326,195.43703247512377,190.33565137548777,191.29649353027344,97010200,-0.01914776343548452
2024-06-11,AAPL,191.82147267998263,205.20391549352811,191.8016724106265,205.19400024414062,172373300,0.07264904054118415
2024-06-12,AAPL,205.41194501546696,218.12080209568063,204.94638168818946,211.05813598632812,198134300,0.028578495156828865
2024-06-13,AAPL,212.71236564129833,214.70338117421306,209.6020150722442,212.2170867919922,97862700,0.005491144893552624
2024-06-14,AAPL,211.8307711431916,213.13829945342002,209.30484597389386,210.48361206054688,70122700,-0.008168403202822194
2024-06-17,AAPL,211.35528688913016,216.88260054537645,210.71143044440285,214.62413024902344,93728300,0.019671451605864254
2024-06-18,AAPL,215.5354294813442,216.5656178731208,210.98877362098574,212.26658630371094,79943300,-0.010984524165931875
2024-06-20,AAPL,211.91000456307782,212.21709015086526,206.8779846754286,207.70013427734375,86172500,-0.021512816057792095
2024-06-21,AAPL,208.40343403997312,209.8892705909824,205.15440599094305,205.53082275390625,241805100,-0.010444439677351425
2024-06-24,AAPL,205.75861973380415,210.69159220230495,204.63928484253907,206.17465209960938,80727000,0.0031325196730906946
2024-06-25,AAPL,207.1751328027417,209.3840873125504,206.64023830581658,207.0959014892578,55549700,0.004468296079400469
2024-06-26,AAPL,209.5029286499739,212.8312027309874,208.65104852463386,211.2364044189453,66213200,0.019993166933350848
2024-06-27,AAPL,212.66282504623206,213.70291360533915,210.34492376459474,212.07839965820312,49772700,0.003986032812733686
2024-06-28,AAPL,213.7326216506115,214.0297919592074,208.31427026634478,208.63124084472656,82542700,-0.0162541721317786
2024-07-01,AAPL,210.08735196554287,215.45617219578955,209.91895899194967,214.70335388183594,60402900,0.029104524387258746
2024-07-02,AAPL,214.10904691098634,218.2991169839906,213.0689733881142,218.19015502929688,58046200,0.016240087005720216
2024-07-03,AAPL,217.92267103394255,219.45803833007812,216.96182895702523,219.45803833007812,37369800,0.005810909757184124
2024-07-05,AAPL,219.55708698216947,224.3117665065084,219.55708698216947,224.2028045654297,60412400,0.0216203802396846
2024-07-08,AAPL,224.94572057418634,225.69855401964364,221.14198303770854,225.66883850097656,59085900,0.006538874205380685
2024-07-09,AAPL,225.77780318070188,227.23392416937492,224.23253562897796,226.52072143554688,48076100,0.0037749249751495295
2024-07-10,AAPL,227.13486087511765,230.8791673967792,227.0853299721382,230.7801055908203,62627700,0.018803507812795717
2024-07-11,AAPL,229.2051413563895,230.19569903805672,223.63821202212716,225.4212188720703,64710600,-0.023220748188110596
2024-07-12,AAPL,226.7584454352943,230.44332094014862,226.5207061684713,228.36314392089844,53046500,0.013050790265213275
2024-07-15,AAPL,234.2470836578572,234.99000194235262,230.88909361652622,232.1867218017578,62631300,0.01674341058373141
2024-07-16,AAPL,232.781045805997,234.03905824310993,230.1362587163494,232.60275268554688,43234300,0.001791794468523733
2024-07-17,AAPL,227.28348215160557,229.2745129851908,224.50001717688707,226.7188720703125,57345900,-0.025295833980042093
2024-07-18,AAPL,228.10559381010606,228.2640866473074,220.1712331922365,222.0631866455078,66034600,-0.02053505904599251
2024-07-19,AAPL,222.6971801635164,224.65848009632384,221.1717129043359,222.19198608398438,49151500,0.0005800125649919607
2024-07-22,AAPL,224.86649525231948,225.62922890399747,220.98351093014816,221.84530639648438,48201800,-0.001560270888298243
2024-07-23,AAPL,222.25141967209163,224.7971601400939,220.57737479075328,222.8853759765625,39960300,0.004688264976042911
2024-07-24,AAPL,221.88489130573666,222.67734036905603,215.07976577070053,216.4764404296875,61777600,-0.02875440130961726
2024-07-25,AAPL,216.86276105080302,218.7646448818125,212.59346035218633,215.43637084960938,51391200,-0.004804539367026184
2024-07-26,AAPL,216.6349653026102,217.41751434744816,213.97036267942912,215.90196228027344,41601300,0.002161155188550312
2024-07-29,AAPL,214.91139345300462,217.22929471632008,213.71281205128278,216.17930603027344,36311800,0.0012845818864766212
2024-07-30,AAPL,217.12035622559256,218.2495914590453,214.07933666984098,216.73403930664062,41643800,0.0025660794576216617
2024-07-31,AAPL,219.34909118598728,221.70662325926872,218.54674189777583,219.98304748535156,50036300,0.014990760976471007
2024-08-01,AAPL,222.25138675562792,222.36034868782315,214.9707980252656,216.2981414794922,62501000,-0.01675086352326649
2024-08-02,AAPL,217.08069402896655,223.46980270062375,215.65430376795194,217.78399658203125,105568600,0.006869476974585842
2024-08-05,AAPL,197.21012147966275,211.4840610296135,194.14930192882554,207.29400634765625,119548600,-0.0481669470622641
2024-08-06,AAPL,203.36150053141452,208.00721860156926,199.17144565753833,205.2732696533203,69660500,-0.009748167493791038
2024-08-07,AAPL,204.94634956752103,211.62271284755147,204.4411706619682,207.8387908935547,63516400,0.012498077536189811
2024-08-08,AAPL,211.0977593959716,212.1774636990054,206.85817350164743,211.29586791992188,47161100,0.016633454282062976
2024-08-09,AAPL,210.09728825409005,214.7330909034816,209.96851092003678,214.1981964111328,42201600,0.013735850680766104
2024-08-12,AAPL,214.27753840147545,217.68898821235913,213.81143620679725,215.7254180908203,38028100,0.00712994649476939
2024-08-13,AAPL,217.19312608520667,220.04923895369578,217.19312608520667,219.43438720703125,44155300,0.01719300928483758
2024-08-14,AAPL,218.74022238953546,221.1798064675701,217.87742936780526,219.88067626953125,41960600,0.00203381552080506
2024-08-15,AAPL,222.7367590108339,223.48053712623224,220.9120118672479,222.8557586669922,46414000,0.01353044045495877
2024-08-16,AAPL,222.06237857544772,224.94824111633486,221.79461423345728,224.17471313476562,44340200,0.005918422192285888
2024-08-19,AAPL,223.84747960195193,224.115243980586,221.18970440160442,224.0160675048828,40687800,-0.0007076874446023673
2024-08-20,AAPL,223.8970689622142,225.28544883578485,223.57971634413767,224.63092041015625,30299000,0.002744682165532808
2024-08-21,AAPL,224.64081959285892,226.08869912173634,223.1830133382552,224.5218048095703,34765500,-0.00048575503491110616
2024-08-22,AAPL,225.90027790842765,226.44571820828537,222.04254943445835,222.66732788085938,43695300,-0.008259674067219502
2024-08-23,AAPL,223.78800233294334,226.3267629919777,222.46903376057483,224.9582061767578,38677300,0.010288345028886203
2024-08-26,AAPL,224.87885041051024,225.39454085782168,222.0326640536948,225.2953643798828,30602200,0.0014987592978052966
2024-08-27,AAPL,224.12517761102086,226.95154099218428,223.02438520419173,226.13833618164062,35934600,0.003741629589574913
2024-08-28,AAPL,226.02922904592305,227.95313769677003,223.80780609600177,224.61109924316406,38052200,-0.006753551672237679
2024-08-29,AAPL,228.1911537968638,230.98775191089825,226.9812734022471,227.8837127685547,51906300,0.014570132715693074
2024-08-30,AAPL,228.28038060324323,228.4886300006117,225.59285569982603,227.10025024414062,52990800,-0.00343799262744926
2024-09-03,AAPL,226.65398476754012,227.10024860517055,219.33520335446548,220.92193603515625,50190600,-0.027205228538244586
2024-09-04,AAPL,219.82113066927974,219.94013031693453,215.67579973359827,219.01785278320312,43840200,-0.008618805747067637
2024-09-05,AAPL,219.79139340374425,223.60944526365165,219.6823053430495,220.53517150878906,36615400,0.006927831253499939
2024-09-06,AAPL,222.0921370424939,223.37144384512357,217.9468210396507,218.9881134033203,48423000,-0.007015017581479488
2024-09-09,AAPL,218.98814282610013,219.4344067184307,214.91223769602945,219.077392578125,67180000,0.00040768959290615747
2024-09-10,AAPL,217.10388142289187,219.6426417511051,214.9320468059923,218.2840118408203,51591000,-0.003621463301019312
2024-09-11,AAPL,219.62280899168329,221.23927647566495,216.0824178921796,220.81285095214844,44587100,0.011585086282783985
2024-09-12,AAPL,220.65417167969628,221.69546405563682,217.99641184157417,220.92193603515625,37455600,0.0004940160073900746
2024-09-13,AAPL,221.72521710949164,222.18139254741286,220.06907298412548,220.6541748046875,36766600,-0.001212017399784826
2024-09-16,AAPL,214.7436126542421,215.41797935337752,212.14535259122513,214.52545166015625,59357400,-0.027775242185905213
2024-09-17,AAPL,213.96019610771708,215.10064996456288,212.72056577105593,214.99156188964844,45519300,0.0021727502535717758
2024-09-18,AAPL,215.7452565018275,220.86245391858552,215.7353297749969,218.8592071533203,59894900,0.01798975378232326
2024-09-19,AAPL,223.12354184254357,227.91347512552952,222.76652771175563,226.97134399414062,66781300,0.03706554979493015
2024-09-20,AAPL,228.06223610833695,231.15634864169297,225.73172498083707,226.30691528320312,318679900,-0.0029273682714530125
2024-09-23,AAPL,225.4540253555904,227.54652178723228,223.9367191660146,224.59124755859375,54146000,-0.0075811546565528465
2024-09-24,AAPL,226.75316007712865,227.44736512534206,223.85738561877668,225.48377990722656,43556100,0.003974029969266546
2024-09-25,AAPL,223.06402418257602,225.40444676008957,222.1615848378298,224.49208068847656,42308700,-0.004398095593208695
2024-09-26,AAPL,225.41436171300208,226.60440369502516,223.54004142995942,225.63253784179688,36636700,0.005080166524461527
2024-09-27,AAPL,226.56473891662026,227.61594290444046,225.41435845997736,225.90028381347656,34026000,0.0011866461027327802
2024-09-30,AAPL,228.1316114938428,231.0670623779297,227.7448474882838,231.0670623779297,54541900,0.0228719436612983
2024-10-01,AAPL,227.6159583693189,227.74486962890148,221.88390914906273,224.3334197998047,63285000,-0.029141507702692637
2024-10-02,AAPL,224.01605029183685,225.48376819979168,221.16986421787885,224.89866638183594,32880600,0.002519671757046593
2024-10-03,AAPL,223.2722952944607,224.92843958391967,221.46740141968138,223.7978973388672,34044200,-0.004894511206659846
2024-10-04,AAPL,226.00938361911108,226.10856009308668,222.27066963907552,224.91851806640625,37245100,0.0050072889015675415
2024-10-07,AAPL,222.63757729885364,223.81770763530983,219.49387702101052,219.85089111328125,39505400,-0.022530945858485585
2024-10-08,AAPL,222.4392426471427,224.10529834651464,221.39795026893304,223.8970489501953,31855700,0.01840410023550554
2024-10-09,AAPL,223.36151510273743,227.84402197002447,222.96483950692257,227.63575744628906,33591100,0.016698337533360696
2024-10-10,AAPL,225.89038125247495,227.59611368544336,225.28544108575701,227.13992309570312,28183500,-0.0021781918453779303
2024-10-11,AAPL,227.39779019694814,227.5068782710055,225.45404318616428,225.6623077392578,31759200,-0.006505308869998783
2024-10-14,AAPL,226.80274288926017,229.8076053434174,226.70358155060512,229.3811798095703,39882100,0.016479810507873838
2024-10-15,AAPL,231.67201972311165,235.51983687729248,230.44230106244424,231.9100341796875,64751400,0.011024681153949167
2024-10-16,AAPL,229.67870875165642,230.19438406287304,227.9332995992129,229.85720825195312,34082200,-0.008851820211210892
2024-10-17,AAPL,231.49350124327563,231.91003031839952,228.60765355789445,230.22412109375,32993800,0.001596264239817513
2024-10-18,AAPL,234.2206797118992,234.2206797118992,232.0686835146529,233.05047607421875,46431500,0.012276537171870938
2024-10-21,AAPL,232.5050605584077,234.8851598599691,232.5050605584077,234.51821899414062,36254500,0.006297961474468039
2024-10-22,AAPL,231.94970749678197,234.2603802258017,230.67041566655348,233.9033660888672,38846600,-0.002621770316654115
2024-10-23,AAPL,232.13812257917175,233.18932661738793,225.87054472777703,228.8456573486328,52287000,-0.021623069495771197
2024-10-24,AAPL,228.0721096303277,228.9051525928802,226.5151420282862,228.6572265625,31109500,-0.0008233968182570495
2024-10-25,AAPL,227.83412074973037,231.28524701350278,227.665532857223,229.49026489257812,38802300,0.0036431751692327374
2024-10-28,AAPL,231.38445260776976,232.78274415861915,230.62083606612686,231.46377563476562,36087100,0.008599540129126115
2024-10-29,AAPL,231.1662580738538,232.38605001867157,230.3927299983884,231.7315216064453,35417200,0.0011567510766876676
2024-10-30,AAPL,230.68031899274527,231.53318522639518,227.64570650368097,228.19114685058594,47070900,-0.015277916147601545
2024-10-31,AAPL,227.43742665071557,227.92336713292326,223.5003599556127,224.035888671875,64370100,-0.018209550353115556
2024-11-01,AAPL,219.13685215826953,223.48052087870693,218.44266232747447,221.06076049804688,65276700,-0.013279694567978506
2024-11-04,AAPL,219.15670083339904,220.94175615916865,217.88732075932978,220.16822814941406,44944500,-0.004037497865392092
2024-11-05,AAPL,219.9599923572388,222.09215031274817,219.3054639601429,221.59629821777344,28111300,0.006486267707029203
2024-11-06,AAPL,220.76327216240406,224.19457534628128,219.35505401685137,220.8723602294922,54561100,-0.0032669227514342536
2024-11-07,AAPL,222.7665171269793,225.9895557457087,222.7070172967094,225.59286499023438,42137700,0.021372093619307808
2024-11-08,AAPL,225.5332770864524,227.0125473442273,224.7787582103861,225.32479858398438,38328800,-0.001188275197717803
2024-11-11,AAPL,223.37892800863307,224.07388164377818,219.90414468405433,222.61447143554688,42005600,-0.012028534655173728
2024-11-12,AAPL,222.9321731823864,223.96467356190874,221.75074442821315,222.61447143554688,40398300,0.0
2024-11-13,AAPL,222.39605879884869,225.01703765642938,221.15506473467502,223.49806213378906,48566200,0.003969152106528817
2024-11-14,AAPL,223.398802697962,227.22105551450989,223.3789425502784,226.57574462890625,44923900,0.013770510874831832
2024-11-15,AAPL,224.76884409236825,225.28510187679902,222.65420045885568,223.37893676757812,47923700,-0.014109223679542482
2024-11-18,AAPL,223.62713486361545,228.08479108540536,223.54770942404784,226.37718200683594,44633700,0.013422237936325354
2024-11-19,AAPL,225.34466282087314,228.50175961033486,225.02697621656037,226.6352996826172,36211800,0.0011402106585700622
2024-11-20,AAPL,226.4168829534927,228.27340522879027,224.26251907255318,227.35011291503906,35169600,0.0031540242558105724
2024-11-21,AAPL,227.2310031211041,228.5017799491732,224.08384369933498,226.87359619140625,42108300,-0.002095959916285084
2024-11-22,AAPL,226.41689485035167,229.05773399756174,226.41689485035167,228.21385192871094,38168300,0.005907499858088139
2024-11-25,AAPL,229.79240040372403,231.5694972757357,228.08479132337303,231.19223022460938,90152800,0.013050821721500183
2024-11-26,AAPL,231.6489234928732,233.87279036398945,231.6489234928732,233.366455078125,45986200,0.009404402783792953
2024-11-27,AAPL,232.78070364946953,233.99191506726265,232.12545514826604,233.2373809814453,33498400,-0.0005530961878666973
2024-11-29,AAPL,233.11826871739834,236.09665470361549,232.28432427698263,235.6201171875,28481400,0.010215927635734534
2024-12-02,AAPL,235.56052304560976,239.05515126765505,235.45131496686756,237.86380004882812,48137100,0.009522458812558199
2024-12-03,AAPL,238.08222901174219,241.01097200063165,237.17878168890522,240.90176391601562,38861000,0.012771863001280082
2024-12-04,AAPL,241.12019505186365,242.35126670496282,239.5118714775545,241.25918579101562,44383900,0.0014836830963371739
2024-12-05,AAPL,242.2321233137982,242.77814859306412,240.38552350615552,241.28895568847656,40033900,0.00012339384037685086
2024-12-06,AAPL,241.1598807416467,242.86748966267425,240.33585892461636,241.0903778076172,36870600,-0.0008229878582414196
2024-12-09,AAPL,240.08767817050534,245.45870413211114,240.0082527322972,244.97222900390625,44649200,0.016101228226481412
2024-12-10,AAPL,245.11121388943334,246.4217108653419,243.57237825215392,245.98487854003906,36914800,0.004133731975458632
2024-12-11,AAPL,246.17352158557497,248.9930565140259,244.48575750906295,244.714111328125,45205800,-0.005166037926624956
2024-12-12,AAPL,245.11123992691697,246.94791735826738,243.90995090472455,246.1735382080078,32777500,0.005963803525518507
2024-12-13,AAPL,246.03453629863122,247.4939314395242,244.46591792091505,246.34230041503906,33155300,0.0006855416234405887
2024-12-16,AAPL,246.20327957624434,249.56885459541954,245.86571770543418,249.23129272460938,51694800,0.011727552696808141
2024-12-17,AAPL,248.2782195012147,252.00120141225344,247.98037791856115,251.65371704101562,51356400,0.009719583323282599
2024-12-18,AAPL,250.34325221557475,252.44797328398425,245.95509905753715,246.2628631591797,56774100,-0.02142171371526891
2024-12-19,AAPL,245.71683140567848,250.184410158509,245.3097817058068,247.99032592773438,60882300,0.007014710811017011
2024-12-20,AAPL,246.25295201238012,253.1628143156686,243.91989202858784,252.656494140625,147495300,0.01881592838524826
2024-12-23,AAPL,252.93444954402884,253.80809906094288,251.62395254537785,253.43084716796875,40858800,0.0030648451367838447
2024-12-24,AAPL,253.64927033575188,256.34965954757746,253.45069916161225,256.3397521972656,23234700,0.011478101666798635
2024-12-26,AAPL,256.329771467171,258.2260137599804,255.77380863027113,257.1537780761719,27237100,0.0031755741040111474
2024-12-27,AAPL,255.97238682838486,256.836144148833,251.2367643772991,253.74853515625,42355300,-0.013242048961509711
2024-12-30,AAPL,250.41276299480816,251.67361731138075,248.9434301413362,250.3829803466797,35557500,-0.013263346751924754
2024-12-31,AAPL,250.6212189481796,251.45516326793145,247.6328957457903,248.6157684326172,39480700,-0.007058035301024113
2025-01-02,AAPL,247.13651085819407,247.30529937932678,240.07775127221439,242.09312438964844,55740700,-0.026235842095175044
2025-01-03,AAPL,241.60667419433594,242.42075849453866,240.147263834766,241.60667419433594,40244100,-0.002009351552378469
2025-01-06,AAPL,242.54980162717402,245.54804748087855,241.4477983095151,243.23483276367188,45045600,0.006738880764636246
2025-01-07,AAPL,241.22939201717418,243.78088314896328,239.61114601786818,240.46495056152344,40856000,-0.011387687243132882
2025-01-08,AAPL,240.17703689438372,241.9541489627904,238.32051453305579,240.951416015625,37628900,0.002023020207167825
2025-01-10,AAPL,238.28077607985776,238.42970445265777,231.32128701842691,235.1435546875,61710900,-0.02410386883863913
2025-01-13,AAPL,231.84748509521594,232.9792711307645,228.06493742769467,232.71121215820312,49630700,-0.010344074846233342
2025-01-14,AAPL,233.05868390458076,234.41880854341963,230.7951119565212,231.59927368164062,39435300,-0.004778190385629433
2025-01-15,AAPL,232.94946471611047,237.2383472440859,232.74097105897866,236.15618896484375,39832000,0.01967586171909641
2025-01-16,AAPL,235.6399687194268,236.29520209930612,226.3871093224655,226.61544799804688,71759100,-0.040400130983724525
2025-01-17,AAPL,230.447655820989,230.61642921557544,226.83388128979956,228.3230743408203,68488300,0.007535348352722071
2025-01-21,AAPL,222.3861673018213,222.80313954764958,217.79945744885498,221.0359649658203,98070400,-0.031915781600428406
2025-01-22,AAPL,218.2064601780486,222.5052654056773,218.2064601780486,222.2173614501953,64126500,0.005344815648248291
2025-01-23,AAPL,223.12080464680741,225.39429904989126,220.69838187044374,222.048583984375,60234800,-0.0007595152094276303
2025-01-24,AAPL,223.16053267311034,224.00441476166836,219.8148172645265,221.17494201660156,54697900,-0.003934463134585453
2025-01-27,AAPL,222.4059977899183,230.47741293083342,222.36627749626697,228.20391845703125,94863400,0.03178016630790892
2025-01-28,AAPL,229.1867797612423,238.4594833656038,229.14705946957608,236.5433807373047,75707600,0.036543904840282915
2025-01-29,AAPL,232.43321505583046,238.1318651456976,232.3240069742682,237.63546752929688,45486100,0.004616856276375758
2025-01-30,AAPL,236.95044029141235,239.05516137192973,235.50096771104396,235.8782196044922,55658300,-0.007394720758962636
2025-01-31,AAPL,245.40906406001392,245.40906406001392,231.75812916176676,234.2996826171875,100959800,-0.006692169331918407
2025-02-03,AAPL,228.33299411580026,230.15973381299622,224.0738938399255,226.36724853515625,73063300,-0.033855931828092656
2025-02-04,AAPL,225.61271003037928,231.45035067549782,225.0170268486458,231.1227264404297,45067300,0.02100780009496339
2025-02-05,AAPL,226.8835344077512,230.9937068095657,226.62541305408809,230.79515075683594,39620300,-0.001417323552031502
2025-02-06,AAPL,229.62361584180033,232.11554171369926,228.7698112868805,231.5397186279297,29925300,0.00322609841953847
2025-02-07,AAPL,230.9241838961893,232.31409120281862,225.62264568638093,225.989990234375,39707200,-0.02396879648313288
2025-02-10,AAPL,228.16660736242451,229.1803610121675,225.81108525741098,226.25833129882812,33115600,0.0011874024339522116
2025-02-11,AAPL,226.80497424991785,233.79199753404617,226.7354100570617,231.1979522705078,53718400,0.021831774959728323
2025-02-12,AAPL,229.7866449882993,235.5114431570428,229.2698195612854,235.42198181152344,45243300,0.018270185784662107
2025-02-13,AAPL,235.4617298072221,240.85852795215618,234.1299251101732,240.05348205566406,53614100,0.019673185182208508
2025-02-14,AAPL,239.77517912233392,244.04889519264196,239.51677402617887,243.10470581054688,40896200,0.012710599857806981
2025-02-18,AAPL,242.65747382373942,243.6811760890431,240.3615975750387,242.97552490234375,48822500,-0.0005313797105342966
2025-02-19,AAPL,243.16433914739287,244.50607717853558,241.67350900245088,243.373046875,32204200,0.0016360576762455281
2025-02-20,AAPL,243.4426355672204,245.27138364211797,242.7966000469895,244.3271942138672,32316900,0.00392051359474177
2025-02-21,AAPL,244.44646835255205,247.16972378813352,243.72093519653038,244.04891967773438,53197400,-0.0011389421346574835
2025-02-24,AAPL,243.43269920852308,247.33868242018207,242.92582237394555,245.58944702148438,51326400,0.006312371084388646
2025-02-25,AAPL,246.48392314447185,248.4716967182176,243.41281661275679,245.52978515625,48013300,-0.0002429333424459612
2025-02-26,AAPL,242.83637220684057,243.48239258336395,237.66816369812489,238.89064025878906,44433600,-0.02704007944794118
2025-02-27,AAPL,237.94645181292123,240.9778097055873,235.61081167459415,235.84934997558594,41153600,-0.012730889246679977
2025-02-28,AAPL,235.5014815283524,240.61005923211764,228.7927454203557,240.36158752441406,56833400,0.01913186340897366
2025-03-03,AAPL,240.31188380351972,242.5381957053339,234.66661403302143,236.5748748779297,47184000,-0.01575423380035612
2025-03-04,AAPL,236.2568645897131,238.60243830930253,233.24537329325,234.48773193359375,53798100,-0.008822335615364385
2025-03-05,AAPL,233.9808533299346,235.10395038542654,227.82869096216822,234.2989044189453,47227600,-0.0008052767327798582
2025-03-06,AAPL,233.00682927336524,236.4059203890797,231.73465535282332,233.89138793945312,45170400,-0.0017393016860356436
2025-03-07,AAPL,233.67273718007357,239.89446338205195,233.32487071745646,237.60853576660156,46273600,0.015892623751117663
2025-03-10,AAPL,234.10009611136832,234.71631625547707,222.84930513729455,226.08937072753906,72071200,-0.04847959271285418
2025-03-11,AAPL,222.4418047589131,224.4593937721428,216.1206840338927,219.48995971679688,76137400,-0.029189390856835806
2025-03-12,AAPL,218.7942505386503,220.39440897367027,213.5962265598192,215.653564453125,62547500,-0.01747868225326521
2025-03-13,AAPL,214.6298526174969,215.5144112677834,207.14588618522245,208.39817810058594,61368300,-0.03364371171391467
2025-03-14,AAPL,209.9585940343847,212.64208545758027,208.2988048386841,212.18490600585938,60107600,0.018170638245434745
2025-03-17,AAPL,212.00600336087763,213.9043309003415,208.68642489319868,212.69178771972656,48073400,0.0023888679143519997
2025-03-18,AAPL,212.85080057479257,213.83473880015984,210.19712464056028,211.38978576660156,42432400,-0.006121543135650831
2025-03-19,AAPL,212.91042558181826,217.42266485537363,212.44329758558237,213.9241943359375,54385400,0.01198926693711777
2025-03-20,AAPL,212.6818553101102,216.16045933121794,210.92267131595005,212.7911834716797,48862900,-0.005296319417141704
2025-03-21,AAPL,210.26669685360034,217.5021918152461,209.9884097524224,216.93568420410156,94127800,0.019476844222606093
2025-03-24,AAPL,219.64899945464327,220.1260609084734,217.24379503613238,219.38064575195312,44299500,0.01127044431081825
2025-03-25,AAPL,219.4204082670252,222.73005335992565,218.73462390108503,222.38218688964844,34493600,0.013681886692452627
2025-03-26,AAPL,222.1436270366165,223.64440576884627,219.12221792138408,220.1757354736328,34466100,-0.009921889189400401
2025-03-27,AAPL,220.03661426059983,223.61461307047793,219.21168633594712,222.48158264160156,37094800,0.010472757876831995
2025-03-28,AAPL,220.31488968867507,222.44180687800483,216.34927581514728,216.56793212890625,39818600,-0.026580404734991903
2025-03-31,AAPL,215.683368745432,224.24073468961828,214.90813825561798,220.77207946777344,65299300,0.019412603230494874
2025-04-01,AAPL,218.46624988397502,222.31258685550372,217.56180927777046,221.82559204101562,36412700,0.0047719465966074015
2025-04-02,AAPL,219.9670202377264,223.81335706264446,219.6688511830836,222.52130126953125,35905900,0.003136289289772165
2025-04-03,AAPL,204.28348559152053,206.22157697816277,200.0197179050274,201.94786071777344,103419000,-0.09245604997985346
2025-04-04,AAPL,192.7047355778497,198.658123727335,186.19477317599058,187.22842407226562,125910900,-0.0728873115723595
2025-04-07,AAPL,176.11674047268428,192.96311894309866,173.55251067175698,180.3507080078125,160466300,-0.03673435857046203
2025-04-08,AAPL,185.5586861535385,189.1764339595553,168.1756135141289,171.36598205566406,120859500,-0.04981807973694918
2025-04-09,AAPL,170.89882177160354,199.383619356675,170.8391909937331,197.63438415527344,184395900,0.15328831186038272
2025-04-10,AAPL,187.9142126464653,193.58929863014055,181.88131158917142,189.25595092773438,121880000,-0.04239360100900491
2025-04-11,AAPL,184.9623217536556,198.32014632166502,184.92255779279566,196.9386444091797,87435900,0.04059419766609551
2025-04-14,AAPL,210.14743595954587,211.63826622013798,199.9302804535287,201.28196716308594,101352900,0.022054192395486005
2025-04-15,AAPL,200.6259945192588,202.26590170954893,198.57859009217825,200.90428161621094,51343900,-0.0018764003164226661
2025-04-16,AAPL,197.1473753495745,199.4730666932086,191.19398828729797,193.08238220214844,59732400,-0.038933462996098456
2025-04-17,AAPL,195.99447418061752,197.61451451967758,193.2314700862815,195.77581787109375,52164700,0.013949670799717984
2025-04-21,AAPL,192.08851517151226,192.6152739871965,188.64966000796989,191.97918701171875,46742500,-0.019392746768525093
2025-04-22,AAPL,194.92107095045932,200.35763286451953,194.7719939992729,198.51895141601562,52976400,0.03406496561472405
2025-04-23,AAPL,204.74067860292737,206.7284521815966,201.56024391015845,203.3492431640625,52929200,0.024331640448394865
2025-04-24,AAPL,203.6374845300284,207.5534013078127,201.69940812530302,207.09620666503906,47311000,0.018426247586048383
2025-04-25,AAPL,205.10841141990002,208.46775361357263,204.9394524859384,208.00062561035156,38222300,0.004367143946655272
2025-04-28,AAPL,208.71623364812058,210.2070638884643,206.1917677806294,208.85537719726562,38743100,0.004109370269468782
2025-04-29,AAPL,207.41425458581946,210.94255602883885,207.096203506044,209.91885375976562,36827600,0.0050919280928809485
2025-04-30,AAPL,208.02050829648644,212.2743425468257,205.40658118436113,211.20094299316406,52286500,0.006107546846962464
2025-05-01,AAPL,207.80188973514694,213.24838609037135,207.62298219428487,212.01597595214844,57365700,0.0038590403406046914
2025-05-02,AAPL,204.83013207172814,205.72463931330321,200.92416412992952,204.09466552734375,101010600,-0.03736185629045474
2025-05-05,AAPL,201.85843431656065,202.8523212109494,196.99832800962005,197.67416381835938,69018500,-0.03145844940334408
2025-05-06,AAPL,196.99832434112832,199.42339557924856,195.81559653234874,197.29647827148438,51216500,-0.001910646993918963
2025-05-07,AAPL,197.95245621671936,198.22080993170667,192.0686474648251,195.05030822753906,68536700,-0.01138474474366713
2025-05-08,AAPL,196.51131984408346,198.82707814993435,193.48989516366862,196.28273010253906,50478900,0.006318482068545572
2025-05-09,AAPL,197.7834732241415,199.31405222350435,196.3323918231404,197.31634521484375,36453900,0.00526595035520816
2025-05-12,AAPL,209.95526516858178,210.2538252478288,205.75556156059073,209.776123046875,63775800,0.06314620219863021
2025-05-13,AAPL,209.41787763911134,212.37359390520234,207.9947628663851,211.90585327148438,51909300,0.010152395771626965
2025-05-14,AAPL,211.4082104531309,212.91095711473224,209.5671180117484,211.30870056152344,49325800,-0.002818009511025177
2025-05-15,AAPL,209.9353425862246,211.9356843489774,208.5321209406448,210.4329376220703,45029500,-0.0041444717473814174
2025-05-16,AAPL,211.33858120774948,211.54757782116647,208.7610423595207,210.24386596679688,54737900,-0.0008984888839645988
2025-05-19,AAPL,206.90999202317107,208.47243269467637,203.2775387890809,207.7758026123047,46140500,-0.011739050474280921
2025-05-20,AAPL,206.67113760639387,207.46729276724128,204.04383620537516,205.8650360107422,42496600,-0.009196290316480504
2025-05-21,AAPL,204.1831685508297,206.04416933851562,199.74462882701684,201.11798095703125,59211800,-0.02305906406303615
2025-05-22,AAPL,199.7446272097534,201.77480849030061,198.7394754118135,200.39149475097656,46742400,-0.003612238958434544
2025-05-23,AAPL,192.7384848883374,196.74910019358438,192.5295034494263,194.33079528808594,78432900,-0.030244294900949598
2025-05-27,AAPL,197.34620772495165,199.77447409530296,196.48038197740732,199.2470245361328,56288500,0.025298251060820398
2025-05-28,AAPL,199.6252046868552,201.75491117265972,198.93852099816252,199.45602416992188,45339700,0.001048947326945715
2025-05-29,AAPL,202.60081106845576,202.8297005493605,197.55518975609246,198.98826599121094,51396800,-0.0023451694711033033
2025-05-30,AAPL,198.41106448584634,200.98861863398105,195.8335255231089,199.8839569091797,70819900,0.00450122480090509
2025-06-02,AAPL,199.31669015009302,201.15779807678393,199.15745607510846,200.7298583984375,35423300,0.004231962896562802
2025-06-03,AAPL,200.38154929416936,202.78990771325485,199.99342573046133,202.2923126220703,46381600,0.007783865520053501
2025-06-04,AAPL,201.93404589483336,205.24803106286797,201.12794426741362,201.844482421875,43604000,-0.002213777648743198
2025-06-05,AAPL,202.521183994692,203.765171611367,199.1872911078447,199.6649932861328,55126100,-0.010797863333151914
2025-06-06,AAPL,202.0236053289331,204.7106157617459,201.07817770068002,202.93917846679688,46607700,0.016398393763357166
2025-06-09,AAPL,203.4069099948636,205.0091667110405,199.05793398755327,200.48104858398438,72862600,-0.012112643312068405
2025-06-10,AAPL,199.63513956616538,203.36710243054736,199.60528507808198,201.69517517089844,54672600,0.00605606662320235
2025-06-11,AAPL,202.5211970741936,203.51638723180633,197.45568281643992,197.8238983154297,60989900,-0.019193700851736217
2025-06-12,AAPL,198.12246436103902,198.71956936233477,196.4107360236097,198.24188232421875,43904600,0.00211290957436594
2025-06-13,AAPL,198.769334334526,199.40625545491926,194.7587190445596,195.50511169433594,51447300,-0.013805209059743029
2025-06-16,AAPL,196.3510290449251,197.73434281232372,195.61458283187793,197.46563720703125,43020700,0.010028001292163191
2025-06-17,AAPL,196.25149936947125,197.4357781067605,194.27108064091922,194.69900512695312,38856200,-0.014010701402074721
2025-06-18,AAPL,194.9975546383106,196.6197193940347,194.13174409281177,195.6344757080078,45394700,0.004804701392514543
2025-06-20,AAPL,197.28652915931585,200.72987906941657,195.9131616955908,200.0332489013672,96813500,0.022484652449114906
2025-06-23,AAPL,200.6601870689569,201.32696262150702,198.00303129313016,200.5308074951172,55814300,0.0024873794555790862
2025-06-24,AAPL,201.61557243039425,202.46149014710028,199.23706853700068,199.3365936279297,54064000,-0.005955263842522429
2025-06-25,AAPL,200.4810436177515,202.6903668657116,199.65503400834336,200.59051513671875,39525700,0.006290473244112693
2025-06-26,AAPL,200.46117343838367,201.6653603745395,198.50066253165852,200.0332489013672,50799100,-0.002778128541978897
2025-06-27,AAPL,200.91895566349635,202.24256049649406,199.03804672932017,200.11285400390625,73188600,0.00039795935413877714
2025-06-30,AAPL,201.03836190454115,206.39248990855162,198.3015889216639,204.18316650390625,91912800,0.020340085199727076
2025-07-01,AAPL,205.6759567295316,209.17903048404247,205.14850713857425,206.8204345703125,78788900,0.012916187517131972
2025-07-02,AAPL,207.90519262679368,212.31387801499196,207.13889190503232,211.418212890625,67941800,0.022230773907156554
2025-07-03,AAPL,211.12959751601144,213.61757304735917,210.79123648824356,212.5228729248047,34955800,0.0052249993937427686
2025-07-07,AAPL,211.65705062020388,215.18997897032483,207.7957228576545,208.940185546875,50229000,-0.016857890770172856
2025-07-08,AAPL,209.08945658408672,210.41304612040562,207.4473837253886,208.9998779296875,42848900,0.0002856912501358888
2025-07-09,AAPL,208.52219391164948,210.31353924447487,206.22330706177223,210.12445068359375,48749400,0.005380734022651268
2025-07-10,AAPL,209.49748097232364,212.45319704499605,209.0197939340788,211.3883514404297,44443600,0.006015010403235488
2025-07-11,AAPL,209.55718962168862,211.1096837700706,208.85059795908091,210.14434814453125,39765800,-0.005884918858686472
2025-07-14,AAPL,208.92027389637033,209.89557123752414,206.54176989733165,207.6165771484375,38840100,-0.012028736525215633
2025-07-15,AAPL,208.21368905566166,210.87084499335577,207.9151289669034,208.10421752929688,42296300,0.002348754553017862
2025-07-16,AAPL,209.28849593835915,211.37838618562168,207.63647661047767,209.149169921875,47490500,0.00502129368152282
2025-07-17,AAPL,209.5571995447156,210.78127919114968,208.58190225319882,209.0098419189453,48068100,-0.0006661656987771991
2025-07-18,AAPL,209.85573909301036,210.77131219576944,208.69136845628208,210.16424560546875,48974600,0.0055232025244587035
2025-07-21,AAPL,211.07983063398711,214.74212298846783,210.61209006251647,211.45799255371094,51377400,0.006155885100793457
2025-07-22,AAPL,212.1148553884699,213.9161473632002,211.20922859038384,213.36878967285156,46404100,0.00903629650534632
2025-07-23,AAPL,213.96588230147148,214.11515474984876,211.38834345684663,213.11996459960938,46989300,-0.0011661737108960013
2025-07-24,AAPL,212.87116805528336,214.65256693634578,212.50295255730364,212.73184204101562,46022600,-0.0018211459415494735
2025-07-25,AAPL,213.6673206036272,214.2047317845148,212.37357038101962,212.8512725830078,40268800,0.0005614135657658892
2025-07-28,AAPL,213.00055398053098,213.81661722083774,212.03521828670327,213.0204620361328,37858000,0.000794871701126576
2025-07-29,AAPL,213.14982178903043,213.7767964509494,209.80599741985404,210.2538299560547,51411700,-0.012987635336218717
2025-07-30,AAPL,210.88077731884883,211.36842593737322,206.72088996610802,208.04449462890625,45512500,-0.010507943315991919
2025-07-31,AAPL,207.48719786288635,208.83069544134486,206.16359315375274,206.57162475585938,80698400,-0.007079590717716688
2025-08-01,AAPL,209.8557561748323,212.5527283441607,200.530828701964,201.40660095214844,104434500,-0.02500354930071025
2025-08-04,AAPL,203.52634207300898,206.88014336875773,200.70995198839026,202.37193298339844,75109300,0.004792951306890725
2025-08-05,AAPL,202.42165671427045,204.35232790405936,201.18763073057525,201.9439697265625,44155100,-0.00211473622120828
2025-08-06,AAPL,204.64094523363173,214.3440487139093,204.60112912578842,212.2242889404297,108483100,0.050906789778308426
2025-08-07,AAPL,217.82724748801394,219.78777350172422,215.53830686848738,218.97171020507812,90224800,0.031793821990575344
2025-08-08,AAPL,219.76783274169614,229.8889142887861,218.19543055331755,228.24685668945312,113854000,0.04235773870372728
2025-08-11,AAPL,227.08116933177635,228.71513292468896,223.9327956372812,226.34388732910156,61806100,-0.00833732997664316
2025-08-12,AAPL,227.17081559543826,229.95055565919736,226.23428798669784,228.80477905273438,55626200,0.010872357776796182
2025-08-13,AAPL,230.21959074533873,234.13511970527446,229.5819315694875,232.4712677001953,69878500,0.016024528257846837
2025-08-14,AAPL,233.1985820425246,234.2546784716922,230.00040438081015,231.9232940673828,51916300,-0.0023571671382598414
2025-08-15,AAPL,233.1387895567921,233.417757832359,228.49593650929467,230.73765563964844,56038700,-0.005112200706281378
2025-08-18,AAPL,230.8472385776313,232.26201052585682,229.26309412883964,230.04022216796875,37476200,-0.003022625283013558
2025-08-19,AAPL,230.42880766374827,232.0129522601839,228.50591803460907,229.71145629882812,39402600,-0.0014291668910864086
2025-08-20,AAPL,229.13358225147155,229.6217843388592,224.93908515924198,225.17819213867188,42263900,-0.019734601979358835
2025-08-21,AAPL,225.43723377620466,225.6863136691638,222.95639256938466,224.072265625,30621200,-0.004911339340493592
2025-08-22,AAPL,225.33760837029214,228.2468598588307,224.58041092619504,226.9217529296875,42477800,0.012716822837219421
2025-08-25,AAPL,225.6464693442017,228.45609804536198,225.3973894325087,226.323974609375,30983100,-0.0026342927136550065
2025-08-26,AAPL,226.03501179732243,228.64537936019502,223.8630424721864,228.46603393554688,54575100,0.00946457099769904
2025-08-27,AAPL,227.7686378094015,230.05020313892598,227.41991984776428,229.6417236328125,31259500,0.005146015261057624
2025-08-28,AAPL,229.9704999102399,232.55096405412047,228.4959359400532,231.70408630371094,38074700,0.008980783797791325
2025-08-29,AAPL,231.65426265633033,232.52107103838586,230.51845893056873,231.28562927246094,39418400,-0.0018059976322623017
2025-09-02,AAPL,228.4062708029861,230.00038826150748,226.1346633063032,228.87454223632812,44075600,-0.010424716156024028
2025-09-03,AAPL,236.33698891571112,237.9709525201245,233.49747185558658,237.59234619140625,66427800,0.038089880464190706
2025-09-04,AAPL,237.57241502764154,239.01707546456905,235.86871695735925,238.89752197265625,47549400,0.005493341019489506
2025-09-05,AAPL,239.1167027112504,240.43185187342493,237.61226559630578,238.80784606933594,54870400,-0.00037537393682374187
2025-09-08,AAPL,238.41928864081726,239.2661511981365,235.47017586985078,237.0045166015625,48999500,-0.0075513828270526995
2025-09-09,AAPL,236.12772846479334,237.90117601089239,232.5011259859287,233.48748779296875,66313900,-0.01483950120033517
2025-09-10,AAPL,231.33547301291114,231.56462228661692,225.11843262708078,225.95533752441406,83440800,-0.0322593314945997
2025-09-11,AAPL,226.04500979013486,229.60186307827533,225.81584532196928,229.18341064453125,50208600,0.014286332668589363
2025-09-12,AAPL,228.37638560886936,233.6469097348115,228.17712472443904,233.2085418701172,55824200,0.017562925755691072
2025-09-15,AAPL,236.1277410783948,237.31336381412066,234.16499028444412,235.82884216308594,42699500,0.011235867571386393
2025-09-16,AAPL,236.3070977333125,240.33223781067687,235.4502773909715,237.27352905273438,63421100,0.006125997466626121
2025-09-17,AAPL,238.09049720761,239.21634322602875,236.85505542454314,238.1104278564453,46508000,0.0035271477903671133
2025-09-18,AAPL,239.08682096339746,240.31228984200703,235.77903252032195,237.0045166015625,44249600,-0.004644530963379578
2025-09-19,AAPL,240.34217704154452,245.3935247988757,239.32594197772087,244.59646606445312,163741300,0.03203293157342535
2025-09-22,AAPL,247.38616206443075,255.69547916115815,247.2068166293636,255.13751220703125,105517400,0.043095660015793014
2025-09-23,AAPL,254.93825156077958,256.3928695916873,252.64671355307894,253.4935760498047,60275200,-0.006443333804605711
2025-09-24,AAPL,254.2807025242173,254.79879299943292,250.11607847800005,251.38140869140625,42303700,-0.008332232284984809
2025-09-25,AAPL,252.27808820484515,256.22352044118514,250.7836088309123,255.9246063232422,55202100,0.01807292613835698
2025-09-26,AAPL,253.16481067495934,256.6519291955366,252.84598111295833,254.51980590820312,46076300,-0.005489118202509746
2025-09-29,AAPL,253.62310245626918,254.06148549110597,252.07880411177766,253.4935760498047,40127700,-0.004032023577640764
2025-09-30,AAPL,253.92202035086734,254.97811672142575,252.17846100632588,253.69287109375,37704300,0.000786193666328483
2025-10-01,AAPL,254.10136246357334,257.8375764362911,253.99176669154556,254.50985717773438,48713900,0.0032203746225192287
2025-10-02,AAPL,255.63563032858355,257.22974752480764,253.21458136967644,256.1836242675781,42630200,0.006576433260401693
2025-10-03,AAPL,253.73271197999827,258.2858846694617,253.01536064819075,257.07037353515625,49155600,0.003461381538782282
2025-10-06,AAPL,257.0404883747525,258.1165305885388,254.1113214696764,255.7452850341797,44664100,-0.005154574923412314
2025-10-07,AAPL,255.86484387966763,256.45266881763376,254.48991791397023,255.53607177734375,31955800,-0.0008180532313938338
2025-10-08,AAPL,255.5758888188916,257.56852798749276,255.16739414069707,257.1102294921875,36496900,0.006160217240152921
2025-10-09,AAPL,256.8611554198282,257.0504585775582,252.2083446799687,253.1050262451172,38322000,-0.015577766995038989
2025-10-10,AAPL,254.00171816056968,255.436420799504,243.10197943699816,244.3673095703125,61999100,-0.034522098610332286
2025-10-13,AAPL,248.46219085423505,248.7710475029622,244.6562426215344,246.74851989746094,38142900,0.009744389834039024
2025-10-14,AAPL,245.69241642712313,247.93413549962378,243.79940008876653,246.8581085205078,35478000,0.00044413082231420375
2025-10-15,AAPL,248.57178982967116,250.89321639065437,246.559219921403,248.42233276367188,33893600,0.0063365317531554055
2025-10-16,AAPL,247.33635013275978,248.1234359576197,244.22783772705108,246.53929138183594,39777000,-0.007580000400476461
2025-10-17,AAPL,247.10719170360767,252.44746537322095,246.35995200283696,251.36146545410156,49147000,0.01955945458120567
2025-10-20,AAPL,254.94822099113512,263.4069798400544,254.68918336894043,261.27484130859375,90483000,0.03943872556830863
2025-10-21,AAPL,260.91620875530236,264.3136625920602,260.86637452698056,261.80291748046875,46695900,0.0020211520145994033
2025-10-22,AAPL,261.68336485657886,261.882640960004,254.48993535873984,257.49884033203125,45015300,-0.016440142034546246
2025-10-23,AAPL,258.98332466328685,259.6608147081683,257.0604350924048,258.6246337890625,32754900,0.00437203311509915
2025-10-24,AAPL,260.2287163700197,263.15789839957887,258.22610426270086,261.85272216796875,38253700,0.01248175137693619
2025-10-27,AAPL,263.90517991319996,268.12956591820625,263.67601542509226,267.8207092285156,44888200,0.022791388270230195
2025-10-28,AAPL,268.000036838551,268.8967489277785,267.1631319065021,268.010009765625,41534800,0.0007068181458209644
2025-10-29,AAPL,268.28892986747474,270.4110953948544,266.1269030442272,268.7073974609375,51086700,0.0026020957050163496
2025-10-30,AAPL,270.98897852374654,273.131090148023,267.49191714200913,270.4011535644531,69886500,0.0063033475055775945
2025-10-31,AAPL,275.9705701844509,276.29937269597025,268.16940070155243,269.37493896484375,86167100,-0.0037951561451632365
2025-11-03,AAPL,269.424736694289,269.8531467885877,265.2700709373508,268.05975341796875,50194600,-0.004882360444995348
2025-11-04,AAPL,267.3424445625432,270.49081837885313,266.6350661079627,269.0461730957031,49274800,0.003679849978061922
2025-11-05,AAPL,267.6214146886098,270.7000692568828,265.94760492323326,269.14581298828125,43683100,0.00037034495392229694
2025-11-06,AAPL,266.90407480138714,272.3937751745226,266.90407480138714,268.7771301269531,51204000,-0.0013698257358518706
2025-11-07,AAPL,268.8069946610708,271.28785094446636,265.78814772800683,267.4819030761719,48227400,-0.004818963020289169
2025-11-10,AAPL,268.22988302493957,272.9869540449525,266.7339548671466,268.6986083984375,41312400,0.004548738842788724
2025-11-11,AAPL,269.07757258136417,275.16101963639426,269.0675899882029,274.5028076171875,46208300,0.021601151019521758
2025-11-12,AAPL,274.25347600982695,274.9815052844664,270.9624464716027,272.7276306152344,48398000,-0.006466881039806083
2025-11-13,AAPL,273.36590026791555,275.9488963676571,271.3513946141157,272.2090759277344,49602800,-0.0019013646924230798
2025-11-14,AAPL,270.31417782757546,275.21085247368256,268.8681323529343,271.6705017089844,47431300,-0.001978531453862953
2025-11-17,AAPL,268.09027174019775,269.7557213346742,265.00866346949266,266.73394775390625,45018300,-0.01817110773537789
2025-11-18,AAPL,269.25711627506445,269.9751630894399,264.59980979362433,266.71405029296875,45677300,-7.459665747477917e-05
2025-11-19,AAPL,264.80918960656476,271.47104873805114,264.77927226211665,267.8309631347656,40424500,0.004187679053915705
2025-11-20,AAPL,270.09480618650156,274.68232536305425,265.1981613886433,265.5272521972656,45823600,-0.008601361510023886
2025-11-21,AAPL,265.2280517805383,272.5879921198442,264.9488130991126,270.75299072265625,59030800,0.01968061086817685
2025-11-24,AAPL,270.164627965921,276.24807542504453,270.164627965921,275.1710205078125,65585800,0.016317565960635383
2025-11-25,AAPL,274.52277261748515,279.6189174225992,274.50283786370125,276.2181701660156,46914200,0.0038054503569113773
2025-11-26,AAPL,276.2081750495132,278.7712060098946,275.8790842359358,276.79656982421875,33431400,0.002093995691360595
2025-11-28,AAPL,276.50736791500816,278.242634823177,275.2407959413455,278.0930480957031,20135600,0.00468386682792965
2025-12-01,AAPL,277.2553332443013,282.65065109438723,275.3904143522869,282.3315124511719,46587700,0.01524117335723596
2025-12-02,AAPL,282.231773534172,286.619823290159,281.86278279875575,285.4131164550781,53669500,0.010914842545035386
2025-12-03,AAPL,285.4231155973949,287.8365294074879,282.5309633672564,283.378662109375,43538700,-0.007128103890149506
2025-12-04,AAPL,283.3287830094401,283.95707766942763,277.83373081751637,279.9380187988281,43989100,-0.012141504532966252
2025-12-05,AAPL,279.77848663840757,280.37686403379615,277.29522501275557,278.02325439453125,47265800,-0.006839958404052604
2025-12-08,AAPL,277.374989388386,278.9108174051644,275.4003533668138,277.1356506347656,38211800,-0.003192552226246703
2025-12-09,AAPL,277.40493251311347,279.2698514894354,276.16830825817004,276.4275817871094,32193300,-0.0025549540307587826
2025-12-10,AAPL,276.99605153243056,278.9906225605669,275.6896099437804,278.02325439453125,33038300,0.005772479710981937
2025-12-11,AAPL,278.34237127554803,278.8310314000742,273.0667227973629,277.2752685546875,33248000,-0.002690371499580846
2025-12-12,AAPL,277.1456542987284,278.46207855775873,276.06859927253834,277.5246276855469,39532900,0.0008993197704185718
2025-12-15,AAPL,279.3894873363706,279.3894873363706,272.0993337942639,273.3658752441406,50409100,-0.014985165374650555
2025-12-16,AAPL,272.07941349564567,274.752131096348,271.0522107383373,273.8645324707031,37648600,0.0018241385327160131
2025-12-17,AAPL,274.2634587890498,275.41033087528734,270.9026119684932,271.10205078125,50138700,-0.010087037063657212
2025-12-18,AAPL,272.8672697170699,272.88723490520505,266.22537510199504,271.4511413574219,51630700,0.0012876722074433022
2025-12-19,AAPL,271.4112306527045,273.8545921928022,269.1673383776201,272.9271240234375,144632000,0.005437378743868182
2025-12-22,AAPL,272.1192896847017,273.13654030849926,269.7756932559407,270.23443603515625,36571800,-0.009865959632689436
2025-12-23,AAPL,270.1048034873943,271.7603010837797,268.8282792538215,271.62066650390625,29642000,0.005129732868573544
2025-12-24,AAPL,271.60070067851706,274.6823088952694,271.46109654935304,273.06671142578125,17910600,0.005323766193815027
2025-12-26,AAPL,273.4157529954652,274.6224597374741,272.11926379011726,272.6578063964844,21521800,-0.0014974546958207435
2025-12-29,AAPL,271.9497734782625,273.61522314661676,271.6107000753325,273.0168762207031,23715200,0.001316924789223295
2025-12-30,AAPL,272.06942798009953,273.3359694836473,271.54086793463244,272.33868408203125,22139600,-0.0024840667289872664
2025-12-31,AAPL,272.3187639976345,272.9370761103812,271.0123224859311,271.12200927734375,27293600,-0.004467506365423368
2026-01-02,AAPL,271.52092924369913,277.0857683126949,268.2697691424855,270.2743225097656,37838100,-0.0031265878039100636
2026-01-05,AAPL,269.9053450243044,270.7729784841199,265.41756056202854,266.5345153808594,45647200,-0.013837078913669698
2026-01-06,AAPL,266.27521573774703,266.82371056256306,261.40845786144683,261.6477966308594,52352100,-0.018334281183122636
2026-01-07,AAPL,262.48552563718374,262.964203143993,259.1047135716701,259.623291015625,48309800,-0.0077375221244099235
2026-01-08,AAPL,256.3222864925608,258.58614386359903,255.00587765735156,258.3368225097656,50419300,-0.004955135191556992
2026-01-09,AAPL,258.3767027680543,259.5036402038468,255.52448097015204,258.6659240722656,39997000,0.0012739243260126987
2026-01-12,AAPL,258.45648066308013,260.5906555331263,256.1028713590674,259.54351806640625,45263800,0.0033927700267757377
2026-01-13,AAPL,258.0176775418968,261.0992857475004,257.6885867541948,260.3413391113281,45730800,0.0030739393950796057
2026-01-14,AAPL,258.78560808748875,261.10930037675524,256.0131555781144,259.25433349609375,40019400,-0.004175309303335539
2026-01-15,AAPL,259.9424426175537,260.3313985459844,256.35220896361545,257.5090637207031,39388600,-0.006731882749481333
2026-01-16,AAPL,257.1999111311508,258.1971965798445,254.23797213114116,254.8363494873047,72142800,-0.010379107417738509
2026-01-20,AAPL,252.04394930256512,254.09835490933511,242.75922413209136,246.0303192138672,80267500,-0.03455562870506512
2026-01-21,AAPL,248.02490552393743,250.8771427168815,244.51445623630568,246.97775268554688,54641700,0.0038508809593345017
2026-01-22,AAPL,248.52352576906395,250.31864258405668,247.47637302553753,247.67584228515625,39708300,0.00282652826830998
2026-01-23,AAPL,246.6486524137701,248.7329754164565,244.01580413580567,247.36668395996094,41689000,-0.0012482377059582772
2026-01-26,AAPL,250.7973351598156,255.86354695988197,249.12190294519746,254.7166748046875,55969200,0.02971293759961724
2026-01-27,AAPL,258.4664593428383,261.23891141767155,257.50904348719195,257.5688781738281,49648300,0.011197552619307993
2026-01-28,AAPL,256.95060341967536,258.15731035497566,253.8191275531099,255.743896484375,41288000,-0.007085412268719393
2026-01-29,AAPL,257.29964922744847,258.94516415300217,253.7193980705993,257.5788879394531,67253000,0.007175113386098886
2026-01-30,AAPL,254.47732177254832,261.1890484668085,251.49543285360957,258.775634765625,92443400,0.0046461370951069725
2026-02-02,AAPL,259.3241487899344,269.7557466562268,258.50636737104884,269.2770690917969,73913400,0.040581232988504023
2026-02-03,AAPL,268.4692659190308,271.1419837262723,266.88355520832346,268.7485046386719,64394700,-0.0019629018353019
2026-02-04,AAPL,271.55083028665655,278.19275421850585,271.55083028665655,275.7394104003906,90545700,0.026012817340576033
2026-02-05,AAPL,277.37501624935936,278.7412924914769,272.48832346973,275.1610412597656,52977400,-0.002097520770734884
2026-02-06,AAPL,276.3677049075235,280.1474248180158,276.1782182606431,277.364990234375,50453400,0.008009669408572728
2026-02-09,AAPL,277.41494619870406,277.70443813431814,271.2160169672847,274.13079833984375,44623400,-0.011660418612306933
2026-02-10,AAPL,274.40031021957236,274.87943562430115,272.4537718732244,273.19244384765625,34376900,-0.003423017398520134
2026-02-11,AAPL,274.2106536370846,279.6808719096702,273.9610989943363,275.00921630859375,51931300,0.0066501563343039916
2026-02-12,AAPL,275.0990585104662,275.22883180172755,259.71650632997444,261.2637634277344,81077200,-0.0499817899391245
2026-02-13,AAPL,261.5432690161623,261.7628783299504,254.9949421084194,255.32435607910156,56290700,-0.022733375921363264
2026-02-17,AAPL,257.5903108294174,265.8156532326085,255.08478749757862,263.4099426269531,58469100,0.03166790145686926
2026-02-18,AAPL,263.13045584681157,266.3447212846438,261.9825104325609,263.8791198730469,34203300,0.001781167564954833
2026-02-19,AAPL,262.13220471573277,264.00886051677537,259.5867290635135,260.11578369140625,30845300,-0.01426159138112626
2026-02-20,AAPL,258.50868117461044,264.2783836675007,257.7001265171608,264.1086730957031,42070500,0.015350431056632585
2026-02-23,AAPL,263.0206001676805,268.95002088588865,262.91081074777924,265.705810546875,37308200,0.006047273769737682
2026-02-24,AAPL,267.38283777638213,274.4003442568012,267.233111068832,271.6552429199219,47014600,0.02239105106810335
2026-02-25,AAPL,271.29586819299504,274.45024283739696,270.567157599074,273.74151611328125,33714300,0.007679856169661159
2026-02-26,AAPL,274.4602128097023,275.61811956353745,270.31758130113775,272.4637756347656,32345100,-0.004667689785084916
2026-02-27,AAPL,272.3240439665745,272.3240439665745,262.4217314181026,263.70941162109375,72366500,-0.03213037767415727
2026-03-02,AAPL,261.94253069595567,266.05518620599753,259.73647625260065,264.2484130859375,41827900,0.0020439219879577752
2026-03-03,AAPL,263.0106738027697,265.08695529305965,259.6666350681776,263.2801818847656,38568900,-0.003664094667077511
2026-03-04,AAPL,264.17854815272653,265.67587606267574,260.95432154975975,262.0523376464844,39803100,-0.004663640952734749
2026-03-05,AAPL,260.3254337562426,261.09405110124777,256.79173142961054,259.8263244628906,49658600,-0.008494536639458317
2026-03-06,AAPL,258.16927189629365,258.3090066542827,253.916851068475,257.0013427734375,41120000,-0.010872576884936036
2026-03-09,AAPL,255.2345148744848,260.68477987096253,253.22808575123491,259.41705322265625,38218500,0.009399602442343502
2026-03-10,AAPL,257.19102845716964,262.01244158439727,256.4922936817907,260.3653564453125,30590800,0.003655516130785408
2026-03-11,AAPL,260.624897946549,261.6630538494394,259.08763272962494,260.34539794921875,26218900,-7.665572857407099e-05
2026-03-12,AAPL,258.1992408199258,258.48873275942157,253.7272102811576,255.3043975830078,40794000,-0.01936274044373243
2026-03-13,AAPL,255.024890934378,255.87336762960538,249.07551643845036,249.6744384765625,36930000,-0.022051947243152514
2026-03-16,AAPL,251.66090222791988,253.43773019062647,249.4348789230203,252.36964416503906,32074200,0.010794880344667579
2026-03-17,AAPL,252.5093881906664,254.67552076289968,251.7307636559193,253.77711486816406,32361600,0.0055770205952525576
2026-03-18,AAPL,252.1799767808244,254.48585937367065,248.55643828829037,249.49476623535156,35757900,-0.01687444762321122
2026-03-19,AAPL,248.95572868612365,251.38140795985734,246.85947863088072,248.5165252685547,34864100,-0.003920887726655109
2026-03-20,AAPL,247.53824109812177,248.75606899357115,245.56177255944445,247.54823303222656,88331100,-0.003896289131202657
2026-03-23,AAPL,253.51758537106093,254.14646797882926,249.83415620831627,251.04200744628906,40546100,0.01411350980480508
2026-03-24,AAPL,249.90403139868116,254.37604644028636,249.10545347620703,251.1917266845703,45152300,0.0005963911769359953
2026-03-25,AAPL,253.6473574345128,254.5457480998694,251.15181088451408,252.16998291015625,28476700,0.003894460372950048
2026-03-26,AAPL,251.67088153367666,256.5421934269488,250.32329549316128,252.43951416015625,41796700,0.001068847476965784
2026-03-27,AAPL,253.4477020992108,255.03488128462607,247.6281009352486,248.35679626464844,47900000,-0.016173054004998577
2026-03-30,AAPL,249.62453299565456,250.4230956915925,245.07264337813007,246.19065856933594,39446200,-0.008721878071757172
2026-03-31,AAPL,247.4683905467953,255.02489784868362,246.65983587287727,253.33790588378906,49598100,0.02903135056377537
2026-04-01,AAPL,253.6273948962928,255.72364490973627,252.8787309132899,255.1746368408203,40059400,0.007250122916362178
2026-04-02,AAPL,253.74717405681358,255.6737439434535,250.20349485503914,255.464111328125,31289400,0.0011344171618641319
2026-04-06,AAPL,256.0530752925303,261.6930045642991,256.0031460821725,258.39886474609375,29329900,0.011487928393195235
2026-04-07,AAPL,255.70368128016966,255.7436185540334,245.2623079794448,253.0484161376953,62148000,-0.020706161436335524
2026-04-08,AAPL,257.9896321241455,259.28730423338584,256.07303883918246,258.4388122558594,41032800,0.02130183701774646
2026-04-09,AAPL,258.5386343954405,260.6548530924392,255.61386101634736,260.0259704589844,28121600,0.0061413306665165646
2026-04-10,AAPL,259.5168819122501,261.7229364827484,258.5585701252562,260.0159912109375,31291500,-3.837788982874457e-05
2026-04-13,AAPL,259.2673359057164,259.71651601158027,256.2027973984465,258.73828125,36234700,-0.004913966848681062
2026-04-14,AAPL,258.7881922504944,261.4634109961452,256.7318642110386,258.3689270019531,48370700,-0.0014275206833038734
2026-04-15,AAPL,257.7001261657452,266.08515659729386,257.35074355126085,265.95538330078125,49913500,0.029362881933440832
2026-04-16,AAPL,266.3247234477873,266.68409800240715,260.80457553569033,262.9307861328125,43323100,-0.011372573588962043
2026-04-17,AAPL,266.4844323486072,271.8149160854778,266.24486962975914,269.7486267089844,61436200,0.025930172257302875
2026-04-20,AAPL,269.84841238867654,273.7913879220191,269.80850557942483,272.5635681152344,36590200,0.010435424419368289
2026-04-21,AAPL,271.0163536236942,272.3140256362382,264.9272139873882,265.69586181640625,50209800,-0.025196714096157535
2026-04-22,AAPL,267.3429346055621,273.2523721409737,266.39461467279705,272.68341064453125,43249200,0.026299050276339386
2026-04-23,AAPL,274.56001085217736,275.2787294551341,271.1660737405759,272.9429016113281,33399600,0.0009516199250387825
2026-04-24,AAPL,272.2741016414235,272.5735550213531,269.16962610782736,270.5771179199219,38157100,-0.008667687188198547
2026-04-27,AAPL,265.6159889280984,267.88193422863776,264.59781690250213,267.1332702636719,41466800,-0.012727786010601316
2026-04-28,AAPL,271.8548539018017,272.7432830913257,268.181416710472,270.2277526855469,40018900,0.011584039752220443
2026-04-29,AAPL,267.07336249706583,270.55716597281076,266.56429174844374,269.688720703125,30047900,-0.001994732136373578
2026-04-30,AAPL,270.018146234023,275.50834883767226,267.6623648300734,270.86663818359375,91848200,0.0043676927881808325
2026-05-01,AAPL,278.3632420760759,286.70836594964845,277.8741246788477,279.6409912109375,79915400,0.032393627676644554
2026-05-04,AAPL,279.16179801165765,280.13007120517506,274.3703307853319,276.3368225097656,46668400,-0.011815752357562936
2026-05-05,AAPL,276.43668191704,284.0630869835518,276.00745521106614,283.67376708984375,49311700,0.026550730783693632
2026-05-06,AAPL,281.4178249779708,287.5169265187869,280.5693330033821,286.99786376953125,58336100,0.011718026357490752
2026-05-07,AAPL,288.75470528792926,291.6096265406606,285.2709318587503,286.927978515625,45224300,-0.0002435044393305219
2026-05-08,AAPL,289.49338424193445,294.2349225642168,289.48339230776435,292.7974853515625,52692800,0.020456376775462637
2026-05-11,AAPL,291.72841688276577,293.6267735875138,289.979924827367,292.42779541015625,42247300,-0.0012626131025762488
2026-05-12,AAPL,292.3078994315659,295.0155556946294,292.3078994315659,294.54595947265625,45748100,0.007243374589372076
2026-05-13,AAPL,293.24708951115105,300.6607090744109,293.24708951115105,298.6124572753906,52684300,0.013805987391627639
2026-05-14,AAPL,299.5616620172475,300.1911240450107,295.12548538387824,297.9530334472656,35324900,-0.002208293097152536
2026-05-15,AAPL,297.643304079477,302.93875555297063,296.26448829773227,299.9713134765625,54862800,0.006773819369938039
2026-05-18,AAPL,299.98126929450746,300.4009207908792,294.6558756451712,297.5833435058594,34483000,-0.007960661114649215
2026-05-19,AAPL,296.7140952726279,300.2510533099592,296.09463441963413,298.7123718261719,42243600,0.0037939903054091673
2026-05-20,AAPL,297.9230626302997,302.5390768782648,297.82314269813475,301.98956298828125,38229800,0.010971059357449242
2026-05-21,AAPL,300.80056674721834,305.27671719779084,300.1411318265125,304.7271728515625,42965100,0.00906524661379593
2026-05-22,AAPL,305.85620846339293,311.13165741506583,305.57645096183757,308.55389404296875,43670200,0.012557860054279724
2026-05-26,AAPL,309.29325163060713,311.5513139598484,307.4048960873393,308.0643005371094,48000500,-0.001586735786880733
2026-05-27,AAPL,308.0643052358437,312.9900803339556,308.0343323058515,310.5821533203125,50430900,0.008173140408717527
2026-05-28,AAPL,310.412282475935,312.5304508120942,309.30325358892543,312.24072265625,48220400,0.00534019523725493
2026-05-29,AAPL,311.5113496628706,314.7285763294451,309.2632884033746,311.7911071777344,70026800,-0.0014399642515899869
2026-06-01,AAPL,309.363197507879,310.67206624496237,304.7571540774977,306.0460510253906,48849900,-0.01842597822736758
2026-06-02,AAPL,307.1950545511415,315.1781903378333,306.42572903356995,314.92840576171875,44534700,0.029022935295418106
2026-06-03,AAPL,313.9092501546009,316.6668815001487,308.5838566628498,309.9926452636719,50836700,-0.01567264307615801
2026-06-04,AAPL,312.96009909963743,313.26982953176514,309.38316692864953,310.9618225097656,44869100,0.00312645238815068
2026-06-05,AAPL,312.5903972939029,314.8984348439246,306.8853260765596,307.0751647949219,65310500,-0.012498826008526143
2026-06-08,AAPL,308.4739595974908,317.1265012321255,300.9105055796523,301.2801818847656,77949100,-0.018871545388655542
2026-06-09,AAPL,300.0212482417878,300.4908444635933,287.5320194610898,290.29962158203125,70108800,-0.036446341189923515
2026-06-10,AAPL,290.4894628291428,294.4960172141002,287.1323727394638,291.3287353515625,52793300,0.0035450055495178656
2026-06-11,AAPL,293.4668864344149,296.7440586571729,289.3404406054596,295.375244140625,42572500,0.01388983748609407
2026-06-12,AAPL,295.7749221682621,296.88398158337014,289.3704417369658,290.879150390625,38742100,-0.015221633631081977
2026-06-15,AAPL,293.8665449684006,297.5233947188816,291.4486474146935,296.1645812988281,45732600,0.018170538868479413
2026-06-16,AAPL,294.99559499590845,300.2210994929347,293.71669913987887,298.9821472167969,39874400,0.009513514092780229
2026-06-17,AAPL,300.59074812548096,301.8096980081642,294.10632015937927,295.6949768066406,42745100,-0.010994537435617069
2026-06-18,AAPL,297.8530937792582,300.31099586682666,295.3652492546472,297.7532043457031,85962200,0.006960644246616354
2026-06-22,AAPL,297.05381866220307,302.1594314563154,296.5043047694293,296.75408935546875,44879900,-0.003355513813629196
2026-06-23,AAPL,297.2836155142734,301.3800886038737,293.9264950024863,294.04638671875,52010900,-0.009124398732296202
2026-06-24,AAPL,295.1054570720635,299.4417438827621,292.68755959702736,292.8274230957031,53081900,-0.004145480706800209
2026-06-25,AAPL,287.1523472601469,288.55113481081804,273.5141152813601,274.91290283203125,107013700,-0.06117774105404383
2026-06-26,AAPL,274.7630284991681,285.70360492137456,273.9737007161028,283.53546142578125,261775500,0.03136469225316163
2026-06-29,AAPL,286.4829438934296,288.12151489662153,279.6088673150861,281.4972229003906,66427000,-0.007188654692930396
2026-06-30,AAPL,280.9277417485351,289.69017405322865,280.45814550695326,289.11065673828125,65100200,0.027046212958856453
2026-07-01,AAPL,293.1871503157195,296.33442991747245,288.95081360688545,294.1263427734375,50164200,0.017348672275670385
2026-07-02,AAPL,293.866538367699,309.15337194761725,293.4269150966668,308.3640441894531,75352800,0.04840675364798175
2026-07-06,AAPL,307.0951430290638,313.9292760509671,306.7354678654279,312.3905944824219,53590000,0.01305778143996239
2026-07-07,AAPL,315.0183186077797,315.20815732134815,309.88273318392555,310.3923034667969,42490000,-0.006396770744445224
2026-07-08,AAPL,311.6412289475945,314.5487250421545,306.7854009831778,313.1199645996094,41323500,0.008787785980344909
2026-07-09,AAPL,310.24243869469103,316.2572401947346,307.8944576262147,315.947509765625,48124500,0.00903022957872146
2026-07-10,AAPL,314.4488202226986,316.6369356310425,311.9010296470402,315.0483093261719,34132300,-0.002846043762522954
2026-07-13,AAPL,316.7468014245228,323.171283634363,315.5078797345754,317.03656005859375,43257800,0.006310939222858858
2026-07-14,AAPL,313.48965629761443,315.91755515351207,311.64124426456783,314.58868408203125,36336800,-0.007721115748007379
2026-07-15,AAPL,317.34631234952286,328.44675508114506,317.0465830462295,327.2178039550781,60957600,0.04014486379221993
2026-07-16,AAPL,327.72736328456057,334.3915986652446,326.50841333986017,332.97283935546875,62970600,0.017587781993612772
2026-07-17,AAPL,331.693929977533,334.7013154010385,328.71648699084636,333.452392578125,63407100,0.0014402172368908062
2026-07-20,AAPL,333.2226134619852,333.4224228207836,323.4010672140761,326.3085632324219,53468000,-0.02142383591993391
2026-07-21,AAPL,322.85156758462244,329.3159936819017,321.94234806189104,327.45758056640625,41338900,0.0035212601306020552
2026-07-22,AAPL,327.58746619388995,328.7164973399543,323.0613709608057,325.60919189453125,38755900,-0.005644666001250687
2026-07-23,AAPL,321.4527900194849,323.0214140443725,319.0748358849152,321.3828430175781,40840800,-0.012979820539962161
2026-07-24,AAPL,321.5127284115298,334.0818750563203,321.3428614810286,332.7330322265625,47489400,0.03531672413627751
2026-07-27,AAPL,334.2517370375488,339.277401491225,333.73216560461384,336.61968994140625,49604300,0.011681009513348384
2026-07-28,AAPL,339.73698155301014,342.59453283396704,335.31080637618777,339.78692626953125,51859000,0.009408945533389002
2026-07-29,AAPL,339.43727163464206,344.2730974331505,337.0593175600121,337.8985900878906,56090800,-0.005557412706758247
2026-07-30,AAPL,332.8129674612056,334.4615395264105,329.30598233808786,333.1426696777344,74817800,-0.014074993355015719
2026-07-31,AAPL,304.54735603914753,310.4222943774597,299.7415030462749,308.6438293457031,132489100,-0.07353858440208272
2026-08-03,AAPL,309.313234694189,311.5313230344714,302.29929450581176,303.1585693359375,75052000,-0.017772135672998512
2026-08-04,AAPL,302.46913991298527,310.1525156602479,301.0603512911937,309.1134033203125,68001000,0.019642637836096544
2026-08-05,AAPL,309.09342362565195,311.4414048335362,305.40663118634393,310.7320251464844,49438800,0.005236336596166957
2026-08-06,AAPL,314.06913775686996,316.0174696892129,308.96355554648414,312.14080810546875,46139900,0.004533755277783991
2026-08-07,AAPL,311.1816431226555,314.53873325457766,310.47223295908327,313.05999755859375,34437200,0.0029447910342259576
2026-08-10,AAPL,306.8299865722656,308.260009765625,304.6099853515625,308.260009765625,44812500,-0.015332485243728322
2026-08-11,AAPL,307.75,309.9700012207031,302.7900085449219,304.9100036621094,37476700,-0.010867469011185404
2026-08-12,AAPL,305.1000061035156,305.6600036621094,300.57000732421875,302.25,41657800,-0.008723897642456846
2026-08-13,AAPL,304.2099914550781,306.0,302.04998779296875,305.260009765625,40349300,0.009958675816790663
2026-08-14,AAPL,306.0,307.489990234375,304.29998779296875,305.92999267578125,28229400,0.002194794236790587
2026-08-17,AAPL,306.2099914550781,307.6600036621094,302.94000244140625,305.5899963378906,38169300,-0.0011113534012042736
2026-08-18,AAPL,307.5799865722656,311.489990234375,305.739990234375,310.0299987792969,53424500,0.014529279409058127
2026-08-19,AAPL,310.1400146484375,319.2799987792969,309.6000061035156,316.8299865722656,50505600,0.021933322000267097
2026-08-20,AAPL,317.4599914550781,320.2799987792969,310.6499938964844,311.29998779296875,40959200,-0.017454152112068244
2026-08-21,AAPL,312.04998779296875,312.3800048828125,307.010009765625,309.3500061035156,46876800,-0.006263995393247401
2026-08-24,AAPL,311.4700012207031,313.3599853515625,309.9700012207031,310.3399963378906,34673600,0.0032002269754076718
2026-08-25,AAPL,310.7900085449219,313.5899963378906,308.2099914550781,309.8999938964844,25869800,-0.0014178077160482694
2026-08-26,AAPL,310.29998779296875,315.42999267578125,308.79998779296875,313.45001220703125,34024500,0.011455367474878742
2026-08-27,AAPL,310.54998779296875,315.3999938964844,309.3999938964844,314.5799865722656,32419200,0.003604958753321119
2026-08-28,AAPL,316.8500061035156,322.3699951171875,315.45001220703125,319.70001220703125,38649400,0.01627575132974779
2026-08-31,AAPL,319.6000061035156,321.239990234375,312.79998779296875,316.8500061035156,41242700,-0.008914626195478559
2026-09-01,AAPL,316.9800109863281,327.29998779296875,314.7300109863281,325.1300048828125,53167400,0.02613223487390992
2026-09-02,AAPL,326.8699951171875,328.3999938964844,323.5299987792969,324.9599914550781,33776400,-0.000522909067699362
2026-09-03,AAPL,324.8699951171875,330.80999755859375,324.1099853515625,328.2099914550781,37225800,0.010001231183714099
2026-09-04,AAPL,328.30999755859375,328.92999267578125,317.8599853515625,319.9700012207031,39606900,-0.025105848234065142
2026-09-08,AAPL,317.1000061035156,320.70001220703125,314.8999938964844,316.2200012207031,35477100,-0.011719848691107093
2026-09-09,AAPL,315.489990234375,319.1499938964844,309.8999938964844,315.3399963378906,65640000,-0.0027828881140200545
2026-09-10,AAPL,316.6700134277344,326.739990234375,316.510009765625,326.57000732421875,70011900,0.03561239017170226
2026-09-11,AAPL,327.45001220703125,336.2200012207031,326.29998779296875,332.2699890136719,50716900,0.017454088133066703
2026-09-14,AAPL,334.7900085449219,335.5,331.3399963378906,333.0799865722656,39269100,0.0024377692400032736
2026-09-15,AAPL,330.1400146484375,331.7799987792969,328.3500061035156,331.3399963378906,31748200,-0.005223941108804753
2026-09-16,AAPL,332.5299987792969,335.4800109863281,330.70001220703125,332.4100036621094,35981000,0.0032293334219983816
2026-09-17,AAPL,334.7699890136719,338.3399963378906,330.17999267578125,337.0,36700200,0.01380823768034456
2026-09-18,AAPL,337.9100036621094,338.489990234375,332.5299987792969,336.1300048828125,86588200,-0.0025815878848294282
2026-09-21,AAPL,335.2799987792969,339.6400146484375,333.04998779296875,338.9800109863281,34999200,0.0084788803799567
2026-09-22,AAPL,340.1400146484375,345.3399963378906,338.75,339.75,40711800,0.002271487960105567
2026-09-23,AAPL,341.0799865722656,341.79998779296875,335.5,337.0199890136719,31658800,-0.008035352424806796
2026-09-24,AAPL,336.7200012207031,338.9100036621094,334.29998779296875,335.9200134277344,24733100,-0.0032638289175568325
2026-09-25,AAPL,336.0400085449219,341.6700134277344,334.5299987792969,341.07000732421875,30002500,0.015331012415526368
2026-09-28,AAPL,340.3699951171875,342.989990234375,338.0400085449219,338.3999938964844,32820800,-0.007828344241351815
2026-09-29,AAPL,336.9700012207031,337.0899963378906,328.70001220703125,329.3999938964844,38478000,-0.026595745160542417
2026-09-30,AAPL,330.79998779296875,339.5,330.1400146484375,333.0199890136719,49988600,0.01098966358306952
2026-10-01,AAPL,330.0,332.4800109863281,325.80999755859375,330.32000732421875,36243900,-0.008107566448037673
2026-10-02,AAPL,333.2049865722656,334.5400085449219,330.6099853515625,332.17010498046875,13247383,0.005600925209577445
2021-10-04,GOOGL,134.67893341555128,134.67893341555128,129.8147276953452,132.39962768554688,51202000,
2021-10-05,GOOGL,132.7775323428591,135.9310269065087,132.7775323428591,134.7408447265625,32404000,0.017682957890003292
2021-10-06,GOOGL,133.47984240404816,136.45156431285815,133.28173063311934,136.268310546875,24364000,0.011336323617476829
2021-10-07,GOOGL,137.58278984045617,138.72195890614324,137.3440641883344,137.91265869140625,25110000,0.012066988560525349
2021-10-08,GOOGL,138.26134957359187,139.00824022807984,137.90524110595646,138.4678955078125,26526000,0.004026003281168311
2021-10-11,GOOGL,137.97905719887984,139.3856706303846,137.55012482163005,137.6046142578125,17954000,-0.006234522788362118
2021-10-12,GOOGL,138.16524679321643,138.19200026988304,134.48031058391572,135.16282653808594,36332000,-0.017744955232036674
2021-10-13,GOOGL,136.1073438593819,136.69921546698336,135.23217255462345,136.28515625,19654000,0.008303538337131489
2021-10-14,GOOGL,138.15933141827642,140.0052611798392,137.51644677005615,139.82052612304688,31894000,0.02594097530740358
2021-10-15,GOOGL,140.2796283145094,140.3821530750547,139.42823295670377,140.0354461669922,30274000,0.0015371136835529153
2021-10-18,GOOGL,139.74672063679765,141.4500103351122,139.7397828702763,141.4321746826172,20396000,0.009974106941176952
2021-10-19,GOOGL,142.03590438610263,142.30832126285318,141.25583655099084,141.88682556152344,20164000,0.0032146212834986976
2021-10-20,GOOGL,141.98688902177523,142.19293614617558,140.04387612604899,140.43267822265625,23288000,-0.010248642417027387
2021-10-21,GOOGL,140.4326519809794,140.8160126206232,139.1756166304302,140.54855346679688,26292000,0.0008251302019384177
2021-10-22,GOOGL,137.8383760818884,139.25786739704128,134.77354570706362,136.26980590820312,50588000,-0.030443198830961693
2021-10-25,GOOGL,136.25345419885457,136.69920946760487,134.14748690052696,136.15142822265625,34412000,-0.0008687007716633444
2021-10-26,GOOGL,137.95081782575454,138.76258192048442,137.000857642727,137.99539184570312,49236000,0.013543476165606805
2021-10-27,GOOGL,138.0909634675946,147.24881500925127,138.0909634675946,144.83924865722656,85782000,0.04959482139212135
2021-10-28,GOOGL,145.74761793016637,145.77089496837942,143.26374634339527,144.47422790527344,36206000,-0.00252017844152852
2021-10-29,GOOGL,143.71050193740845,146.84467961742357,143.28604362604932,146.65052795410156,43320000,0.01506358663674634
2021-11-01,GOOGL,146.65054199542533,146.65054199542533,141.8754686677179,142.1444091796875,46924000,-0.030726918186236518
2021-11-02,GOOGL,143.2167042160869,145.22706960553992,142.97500087453776,144.06166076660156,33482000,0.013488054844917885
2021-11-03,GOOGL,144.52523624092677,145.28650117069887,143.22808554087496,145.21617126464844,27494000,0.008014002420236865
2021-11-04,GOOGL,145.73770266628088,148.32211896882083,144.92890116234534,146.86993408203125,38412000,0.011388282744136724
2021-11-05,GOOGL,147.76341051453076,148.91049982568654,146.80008886811825,147.44891357421875,38354000,0.0039421240011188186
2021-11-08,GOOGL,148.41275821148804,149.1953201974763,147.03140193421632,147.62625122070312,23052000,0.001202705684197003
2021-11-09,GOOGL,147.82635075962824,148.42218254955512,145.85708286053108,147.5148162841797,19530000,-0.0007548449926892964
2021-11-10,GOOGL,146.1096586376128,146.6742930482063,143.17508933638337,144.51829528808594,29970000,-0.020313356119571746
2021-11-11,GOOGL,145.10866330858494,146.14480870791957,144.22803569912577,144.39247131347656,16518000,-0.0008706439164574142
2021-11-12,GOOGL,145.23349148333662,147.4469412284045,144.04034683138687,147.27655029296875,22360000,0.01997388751128759
2021-11-15,GOOGL,147.49696261340108,148.13984720055237,146.18395628145507,147.0526885986328,23508000,-0.001520009084206686
2021-11-16,GOOGL,146.75303721658253,147.36025044711448,145.92392127932118,146.48211669921875,18904000,-0.0038800507821478147
2021-11-17,GOOGL,146.63218759828888,147.15917066321168,145.85211965055908,146.65150451660156,19594000,0.0011563719940681505
2021-11-18,GOOGL,146.8441702118311,149.16112717315613,146.49054062936167,148.42611694335938,35608000,0.01210088115091179
2021-11-19,GOOGL,148.56181312811756,149.54348433592108,147.49546792296061,147.522705078125,33682000,-0.0060866098489872345
2021-11-22,GOOGL,147.92489515967466,148.4172045095236,144.76991940785044,144.92295837402344,30594000,-0.017622688675107967
2021-11-23,GOOGL,144.7753725898354,145.2775973941184,142.75658818830502,144.40786743164062,27218000,-0.003554239770992229
2021-11-24,GOOGL,144.10227001877251,144.87095645122443,143.0121488357991,144.74267578125,18040000,0.0023184910598299524
2021-11-26,GOOGL,142.9878581645666,143.19488775564477,140.50548313123517,140.8427734375,30470000,-0.026943693853248463
2021-11-29,GOOGL,142.64264622326615,144.91849043687807,142.53714381167404,144.15872192382812,32596000,0.02354361821623452
2021-11-30,GOOGL,143.64166614265122,144.62382122707982,140.26678242012085,140.55999755859375,42068000,-0.02496362562881138
2021-12-01,GOOGL,142.64267908819508,144.57479447160668,139.5837886203952,139.7219696044922,34020000,-0.00596206579864389
2021-12-02,GOOGL,139.91857980536682,142.50843750575342,138.89283327720514,141.618408203125,29194000,0.013572944927709107
2021-12-03,GOOGL,142.32668327067537,143.03890027570796,138.9785378288507,140.6630096435547,41230000,-0.006746287941606921
2021-12-06,GOOGL,141.69219562959748,142.49653820256228,138.8289386103009,141.8056182861328,30618000,0.008123021435937794
2021-12-07,GOOGL,144.22411313803892,146.14038785227982,143.85858804406124,145.88134765625,32240000,0.028741663548853547
2021-12-08,GOOGL,146.205237875634,146.9942386965999,145.0259688324968,146.7896728515625,24270000,0.00622646561678919
2021-12-09,GOOGL,146.1998038220425,147.69458257877415,145.72829267560041,146.24685668945312,23270000,-0.0036979179227293324
2021-12-10,GOOGL,147.29836288030972,147.57324356030594,145.32117483729272,146.6064453125,24458000,0.0024587784735123908
2021-12-13,GOOGL,146.3885244478636,146.57525468402127,144.145872243766,144.45196533203125,27070000,-0.014695670274771033
2021-12-14,GOOGL,142.61095145594314,143.11811878414613,139.88389547091273,142.55052185058594,38446000,-0.01316315411198965
2021-12-15,GOOGL,142.05720547693662,145.33798264479324,140.342519317884,145.0606231689453,36370000,0.01760850318731433
2021-12-16,GOOGL,145.78328493890672,146.28501095434962,142.25336717682623,143.08348083496094,33650000,-0.01362976589230347
2021-12-17,GOOGL,141.1568032286509,142.47872745262327,139.9681173823491,140.3891143798828,50416000,-0.018830730419439057
2021-12-20,GOOGL,138.6803394180137,140.43811828244137,138.0077389253987,140.27218627929688,27192000,-0.0008328858053020527
2021-12-21,GOOGL,140.71450164649497,142.5128946761984,139.17812644459522,142.12013244628906,28756000,0.013174002744298363
2021-12-22,GOOGL,141.71896161480515,145.1191022977237,141.71896161480515,145.03489685058594,26322000,0.02050915907637818
2021-12-23,GOOGL,145.1190840665869,146.84614951123285,145.07153240558975,145.5316619873047,26384000,0.003425142138243631
2021-12-27,GOOGL,145.86797843863056,146.9457205351442,145.7822917221511,146.51234436035156,15976000,0.006738618659714257
2021-12-28,GOOGL,146.8387318072272,146.9011414809302,144.67780630211075,145.30433654785156,18200000,-0.008245092369342344
2021-12-29,GOOGL,145.26224494958964,146.02747009567088,144.27464849276222,145.27264404296875,17788000,-0.00021811121151482649
2021-12-30,GOOGL,145.31126625234555,145.91155689259517,144.61836625158207,144.82241821289062,15688000,-0.0030991783280612806
2021-12-31,GOOGL,144.6733390453183,145.31572484803414,143.48663330078125,143.48663330078125,18136000,-0.009223605907103138
2022-01-03,GOOGL,143.6877102445083,144.47621238059426,142.35836459751644,143.62481689453125,28646000,0.0009630415779589008
2022-01-04,GOOGL,144.025488639684,145.10422816379875,142.3618304239217,143.03839111328125,28400000,-0.004083039365547991
2022-01-05,GOOGL,143.0587024090049,143.13745135306127,136.3901632285162,136.47633361816406,54618000,-0.04587619760012729
2022-01-06,GOOGL,135.7071637287869,138.62093512341903,135.2713087279278,136.4490966796875,37348000,-0.00019957261273417792
2022-01-07,GOOGL,136.84332084249846,137.14347368557924,134.48674768484292,135.7254638671875,29760000,-0.005303316988596207
2022-01-10,GOOGL,133.8047876620226,137.51102196009109,131.9093259438516,137.3624267578125,44408000,0.012060838430633991
2022-01-11,GOOGL,136.7061624010073,138.89434020648147,135.40405384594243,138.41885375976562,28730000,0.00769080036577785
2022-01-12,GOOGL,139.8195384975363,141.26380338088487,139.36834175615115,140.09739685058594,26108000,0.012126549564797973
2022-01-13,GOOGL,140.20583825361632,141.50350289892143,137.10435430356105,137.2806854248047,31436000,-0.020105380179085475
2022-01-14,GOOGL,135.7869032841477,139.41538580331004,135.70717186275306,138.165771484375,29662000,0.006447273021922051
2022-01-18,GOOGL,134.89142851777413,135.8389098452004,134.1618746973883,134.71609497070312,34872000,-0.02496766367393677
2022-01-19,GOOGL,135.23661543971323,136.65908416614792,133.74283433997795,133.84288024902344,28648000,-0.006481888610782471
2022-01-20,GOOGL,134.96570256305773,136.3287393505402,131.71116467084525,132.05093383789062,29908000,-0.013388432823612129
2022-01-21,GOOGL,131.34367390126937,133.59424596274727,128.86030124010927,129.122802734375,55652000,-0.022174255178765145
2022-01-24,GOOGL,124.79054540817465,129.966301316712,123.32647997852636,129.57106018066406,76622000,0.0034715591421230485
2022-01-25,GOOGL,127.52650408806734,128.17928897797395,125.30811164753264,125.73851013183594,46960000,-0.029578750405254928
2022-01-26,GOOGL,129.8830863515717,131.7463529353979,125.94356826887143,128.01486206054688,49130000,0.018103856378799188
2022-01-27,GOOGL,130.06632706054074,131.40211160207753,127.71717517752967,127.78900146484375,31950000,-0.0017643310477208907
2022-01-28,GOOGL,128.43682430725084,132.09948115838165,127.27389448111535,132.09402465820312,34362000,0.03368852674338907
2022-01-31,GOOGL,132.89737183554337,134.19601875206703,130.96327699172193,134.02810668945312,39986000,0.014641707194965825
2022-02-01,GOOGL,136.29752469047622,136.49415519096547,133.1019351922104,136.3465576171875,68644000,0.017298244263841633
2022-02-02,GOOGL,149.82431540618072,150.1180141843333,144.15080955105117,146.60494995117188,123200000,0.07523763352197177
2022-02-03,GOOGL,144.33209690892662,148.26417842133202,141.32074324186965,141.74124145507812,71518000,-0.033175608993513905
2022-02-04,GOOGL,142.0923982148257,143.50941059648488,139.19050728126922,141.94232177734375,57998000,0.0014186437214842584
2022-02-07,GOOGL,142.89032090032345,142.89032090032345,137.59074316063516,137.888916015625,54974000,-0.028556710295869925
2022-02-08,GOOGL,137.71603558970185,138.68035486899515,135.72250851145188,138.08502197265625,54284000,0.001422202470639622
2022-02-09,GOOGL,139.63479982655852,141.1810906659547,138.8656145268964,140.2573699951172,40144000,0.015731959856523092
2022-02-10,GOOGL,138.38668335599533,140.15088662140656,136.65663990500875,137.31338500976562,39330000,-0.020989877290969128
2022-02-11,GOOGL,137.2935464759076,137.84478899265827,132.14255018310712,133.01673889160156,39958000,-0.0312908032808199
2022-02-14,GOOGL,132.00041169653696,135.01522615488605,132.00041169653696,134.24851989746094,34302000,0.009260345849127827
2022-02-15,GOOGL,136.27375391882413,136.8066922748942,134.54124703407226,135.32083129882812,26680000,0.007987510046190582
2022-02-16,GOOGL,135.35846364202985,136.7843937626377,133.6521963761595,136.43968200683594,25022000,0.00826813357018974
2022-02-17,GOOGL,134.9588003569333,135.8210938894795,131.2297877990537,131.2897186279297,38950000,-0.03774534873694757
2022-02-18,GOOGL,132.20892681142413,132.80625486592996,128.96926212956205,129.17381286621094,45620000,-0.016116309668658402
2022-02-22,GOOGL,128.61413377590594,130.934551968721,127.01485025120279,128.58987426757812,44990000,-0.004520564855026832
2022-02-23,GOOGL,130.40757203513712,130.80627441884366,126.32541464727021,126.38534545898438,32786000,-0.017143875605682757
2022-02-24,GOOGL,123.77568492964569,131.74633962573986,123.77568492964569,131.44024658203125,54456000,0.03999594339588475
2022-02-25,GOOGL,132.29316090337787,133.9964508579599,130.50962561545475,133.19210815429688,36406000,0.013328197548475362
2022-02-28,GOOGL,131.79588020023658,134.47190837481307,131.34268834077528,133.78396606445312,38864000,0.004443640981120378
2022-03-01,GOOGL,133.6071366345848,134.9711560163724,131.9627951950794,132.79783630371094,26496000,-0.007371060895795978
2022-03-02,GOOGL,133.35899498471252,133.98750520472257,131.81716337457922,133.3030242919922,23520000,0.0038041883990178604
2022-03-03,GOOGL,134.72795489655672,135.15341075297445,131.7715899019404,132.63735961914062,24604000,-0.00499362018519145
2022-03-04,GOOGL,131.67451892195976,132.5898052248612,129.10892100654087,130.6631317138672,30430000,-0.014884402938525776
2022-03-07,GOOGL,130.24861415155377,130.49328002986726,125.1045544925342,125.18727111816406,45112000,-0.041908230147846504
2022-03-08,GOOGL,125.05997251114222,130.0128427096033,124.48989666762061,125.90641784667969,40428000,0.005744567495499009
2022-03-09,GOOGL,130.01284022199468,132.47491606181063,128.67605804169412,132.16238403320312,37026000,0.049687428913604226
2022-03-10,GOOGL,130.02866755312633,132.01575534200063,129.67849935014567,131.1811981201172,27102000,-0.007424093627423023
2022-03-11,GOOGL,132.23024024414997,132.53435325187561,128.4096014176675,128.64634704589844,31526000,-0.01932328039798581
2022-03-14,GOOGL,129.022259756083,129.17975763176182,124.09415576058076,124.76377868652344,38812000,-0.030180167945147884
2022-03-15,GOOGL,125.7791157667184,128.63049231232975,124.53544938703808,127.98017120361328,30920000,0.025779858152350732
2022-03-16,GOOGL,129.50071256727477,132.07619590093205,127.52104583130303,132.02420043945312,35576000,0.03159887346459245
2022-03-17,GOOGL,131.89393987458052,132.81666282246127,130.93902206243152,132.5774383544922,28264000,0.00419042806695713
2022-03-18,GOOGL,132.16684745611494,134.9597747513969,131.01183774576378,134.84239196777344,44566000,0.017084004951318343
2022-03-21,GOOGL,134.88003086032697,135.75817985549534,132.82855279964977,134.81861877441406,26832000,-0.00017630355715625434
2022-03-22,GOOGL,134.8185995466438,139.72045622435598,134.8185995466438,138.54959106445312,35496000,0.027674013604025438
2022-03-23,GOOGL,137.3950839488176,138.27273404848066,136.5357682945328,136.97210693359375,25154000,-0.011385700374427876
2022-03-24,GOOGL,137.88792811090894,140.28413343187228,136.4520973117038,140.23757934570312,26396000,0.02384041893794131
2022-03-25,GOOGL,140.57827588237288,140.69615743285735,138.42031345607896,140.3375701904297,24126000,0.0007130103442536395
2022-03-28,GOOGL,139.57240057125458,140.6640183211658,138.49366076990296,140.12217712402344,35050000,-0.0015348211182079075
2022-03-29,GOOGL,141.3029063704736,142.43810026531608,140.6996381193691,141.1622314453125,34318000,0.0074224818842809626
2022-03-30,GOOGL,141.1172005132046,141.37524314539394,140.2653061368677,140.60061645507812,19884000,-0.003978507455458802
2022-03-31,GOOGL,140.71401605414036,140.7685054892629,137.71407413016144,137.7566680908203,37524000,-0.020227140079193462
2022-04-01,GOOGL,138.18508660352754,139.1469271597936,137.00382215545176,138.82945251464844,25942000,0.007787531730375941
2022-04-04,GOOGL,139.03550914168866,142.35739996687056,138.98795747049755,141.62387084960938,25942000,0.020128425808393136
2022-04-05,GOOGL,141.5223358074646,141.64268113011158,139.05927727293317,139.26580810546875,21418000,-0.016650178603327848
2022-04-06,GOOGL,137.44213448492033,138.0468839879228,134.23960723680352,135.26089477539062,32468000,-0.028757333796139872
2022-04-07,GOOGL,134.7279350047782,135.871562838212,132.96223602449658,134.6075897216797,26234000,-0.004829962531268106
2022-04-08,GOOGL,134.30549126521612,134.39117797517184,131.71217218120978,132.03114318847656,25142000,-0.019140425428687102
2022-04-11,GOOGL,130.58093686472841,130.84739849692966,127.45567701767428,127.60921478271484,36884000,-0.03349155584792096
2022-04-12,GOOGL,130.35954686473357,130.35954686473357,125.59389066736169,126.51066589355469,32710000,-0.008608695626179497
2022-04-13,GOOGL,126.79345728334249,129.10545636823446,126.53689598688813,128.6696014404297,27928000,0.01706524530264919
2022-04-14,GOOGL,129.24959957040411,129.24959957040411,125.40764911861989,125.53543853759766,31598000,-0.02435822344785188
2022-04-18,GOOGL,125.80289311850134,127.00395800091283,124.99260283196493,126.47301483154297,20808000,0.007468618462383558
2022-04-19,GOOGL,126.4878787188869,129.10447476049856,125.80240017548964,128.78353881835938,26490000,0.01826890890435351
2022-04-20,GOOGL,129.65821381786787,130.16043859794559,126.2981884119716,126.83309173583984,31696000,-0.015145158305290174
2022-04-21,GOOGL,128.0316847615535,128.87218229541864,123.3527055622705,123.63799285888672,36446000,-0.0251913663321216
2022-04-22,GOOGL,123.8217326545272,124.21994376996297,117.8039994705087,118.50779724121094,56884000,-0.04149368247615515
2022-04-25,GOOGL,117.9783448116081,122.1154753014406,117.39390981440351,121.91389465332031,46128000,0.028741546897345538
2022-04-26,GOOGL,121.14174844683173,121.35521701263318,117.39391123323827,117.53160095214844,73054000,-0.03594581006236863
2022-04-27,GOOGL,113.39051664375937,116.13688235648152,111.67385763846296,113.21717071533203,91820000,-0.0367086826169668
2022-04-28,GOOGL,115.31767110037897,118.52167974527936,113.03934791722725,117.40530395507812,48884000,0.0369920323329449
2022-04-29,GOOGL,115.63415406821377,116.80848059659873,112.7416798928777,113.03389739990234,42676000,-0.03723346738106803
2022-05-02,GOOGL,112.33603962239242,115.64505184129835,111.53862727592032,115.48408508300781,35534000,0.021676574368102663
2022-05-03,GOOGL,115.33301749852883,117.32556209419245,114.94075408048792,116.2280044555664,24968000,0.0064417479865201965
2022-05-04,GOOGL,115.92836716829281,121.69647785121755,114.03091818678884,121.10857391357422,49916000,0.04199133832564117
2022-05-05,GOOGL,119.07097331135176,119.89810179071496,113.92147220109969,115.40733337402344,45840000,-0.04707544937007779
2022-05-06,GOOGL,114.09878031188086,116.46328163885201,112.94080049661473,114.65547943115234,39710000,-0.006514784813842045
2022-05-09,GOOGL,112.18250256559926,113.99228466247091,110.9447838916454,111.45046997070312,40802000,-0.027953391118771154
2022-05-10,GOOGL,114.41872033983715,115.15422180073458,111.83629181263385,113.31670379638672,39900000,0.016744961471891306
2022-05-11,GOOGL,112.16912984325442,115.26764350397949,112.16912984325442,112.53167724609375,37534000,-0.006927721368453765
2022-05-12,GOOGL,110.32765836329241,113.21765378291165,108.7892955470922,111.78033447265625,53836000,-0.0066767224289601135
2022-05-13,GOOGL,113.45341371338583,116.76391499760273,112.53416717091297,114.95661163330078,35038000,0.028415348510354654
2022-05-16,GOOGL,113.87192754882359,115.07498009851662,112.8159813449991,113.36624145507812,25990000,-0.013834525527733565
2022-05-17,GOOGL,115.73915065465215,115.7980914346333,113.78722760923657,115.37511444091797,23054000,0.017720204534044326
2022-05-18,GOOGL,113.91600305749868,114.31223414484674,110.50396737393191,110.8447265625,35126000,-0.03926659488375128
2022-05-19,GOOGL,110.38114796918116,111.9447678514437,108.96313804874286,109.34352111816406,34144000,-0.013543318576274221
2022-05-20,GOOGL,110.89575541298444,111.1260696305812,104.79927194524407,107.88143920898438,48962000,-0.013371454423894646
2022-05-23,GOOGL,108.55453508974904,111.0904022364091,107.71600998566917,110.43711853027344,37184000,0.023689703623051228
2022-05-24,GOOGL,104.77499103421867,105.4550205953626,100.92413026723496,104.97112274169922,76780000,-0.04949419055220872
2022-05-25,GOOGL,103.99590668358864,105.49613450260898,102.87755077701198,104.80768585205078,40258000,-0.0015569700064140823
2022-05-26,GOOGL,104.6808904254116,107.62536770750384,104.23314753165975,106.77645111083984,37948000,0.018784550415207324
2022-05-27,GOOGL,108.45100981416809,111.25928606467275,108.1097518272752,111.25779724121094,37914000,0.041969423817234786
2022-05-31,GOOGL,111.68374363227105,114.64407635149765,111.02204096124585,112.6896743774414,50012000,0.012869903698759178
2022-06-01,GOOGL,113.77238639007433,115.99770912994168,112.18251170681881,112.8184585571289,36606000,0.0011428214732092101
2022-06-02,GOOGL,112.92542707356598,116.78816808605261,111.8818601072899,116.51377868652344,37992000,0.032754570277374384
2022-06-03,GOOGL,114.96849217131312,115.22505349151253,112.44847324423242,113.46133422851562,26136000,-0.02619814147664301
2022-06-06,GOOGL,115.60444124136708,118.22203484000119,115.06903914035705,115.71935272216797,33542000,0.01990121576663828
2022-06-07,GOOGL,114.3919906788559,116.58165730848161,113.96753234076662,116.04525756835938,31590000,0.0028163383092356664
2022-06-08,GOOGL,115.66090659386595,117.45286068913215,115.50092985611303,116.0893325805664,26108000,0.0003798088188229354
2022-06-09,GOOGL,115.23098481308054,117.18390542976788,113.69411097831355,113.7530517578125,25798000,-0.02012485360041605
2022-06-10,GOOGL,111.38508794278529,112.21122625756998,109.3256823347158,110.11368560791016,41452000,-0.03199356934749131
2022-06-13,GOOGL,105.77994713626723,107.76604561701585,105.1187431131138,105.38966369628906,47252000,-0.042901314995869466
2022-06-14,GOOGL,105.53079225978453,106.90719055903303,104.80271985113437,105.70958709716797,33706000,0.0030356240798039558
2022-06-15,GOOGL,107.52184819954677,110.37321720506895,106.6546047522059,108.7298583984375,39698000,0.028571403826346486
2022-06-16,GOOGL,106.21034141935115,107.62438376681095,104.14697548134566,105.0340347290039,51684000,-0.03399088092150693
2022-06-17,GOOGL,105.03403760367898,107.67490846942401,104.05584267457326,106.13357543945312,51376000,0.010468423052452769
2022-06-21,GOOGL,107.90271913799603,111.42916744939824,107.57632672264717,110.4925765991211,47416000,0.04107089713711454
2022-06-22,GOOGL,109.51439846102454,112.27809328975262,109.34203501668972,110.4366226196289,30774000,-0.0005064048754622741
2022-06-23,GOOGL,111.17360664482932,111.6797915400438,109.45892779579324,111.18400573730469,28362000,0.006767529646845016
2022-06-24,GOOGL,111.9299067523176,116.96598437616667,111.88780403394424,116.86296081542969,41164000,0.05107708649697962
2022-06-27,GOOGL,117.15815754971578,117.46176417834405,114.0938111747087,114.74165344238281,36420000,-0.018152093342878817
2022-06-28,GOOGL,114.71094784953131,116.20374667239821,110.7937245115218,110.95172119140625,35792000,-0.03303013454377024
2022-06-29,GOOGL,110.50051652384064,112.0938524988512,109.82741711494367,110.64860534667969,24716000,-0.0027319616268380864
2022-06-30,GOOGL,108.96312546745911,109.84275554582051,105.74376039682963,107.93589782714844,43170000,-0.024516418539862306
2022-07-01,GOOGL,106.91562613688178,108.22021347289117,105.72446146275112,107.7125473022461,35476000,-0.002069288618509746
2022-07-05,GOOGL,106.09096331087137,112.30829738922557,104.734864359828,112.19537353515625,39342000,0.04161842185693687
2022-07-06,GOOGL,112.23400934635875,114.49994569963258,110.42521735991373,113.49203491210938,37432000,0.011557173313807123
2022-07-07,GOOGL,113.99525457205867,118.06601541008106,113.75107996208602,117.66334533691406,40936000,0.03675421299860426
2022-07-08,GOOGL,116.14480464976064,118.55684998677997,115.7995865179468,118.22847747802734,38238000,0.004802958300183402
2022-07-11,GOOGL,116.88575614827931,116.88575614827931,114.24339658286063,114.58613586425781,31196000,-0.03080765050405443
2022-07-12,GOOGL,115.1195582947248,115.87140665042774,112.61836489266997,112.94574737548828,29960000,-0.014315767578660488
2022-07-13,GOOGL,110.64809930840663,113.11958408095617,110.15331111772146,110.30387878417969,43722000,-0.02339059816502609
2022-07-14,GOOGL,109.17165351215847,110.04583472550598,107.35147235760216,109.3271713256836,37004000,-0.00885469730767241
2022-07-15,GOOGL,110.94478208000046,112.0740357874239,109.85465344414168,110.723876953125,46770000,0.012775466615528197
2022-07-18,GOOGL,111.57826178835704,112.60845972018963,107.34851386704042,108.00228881835938,43164600,-0.02457995700347282
2022-07-19,GOOGL,109.80511529781504,112.94523274685736,108.52727405998375,112.73721313476562,36530900,0.04384096270746207
2022-07-20,GOOGL,112.10326311823246,114.31224656898476,111.41977216468759,112.82638549804688,35600400,0.0007909754091104393
2022-07-21,GOOGL,113.20280552196577,113.47026475780743,110.06268747806259,113.26223754882812,32676200,0.003863033002938776
2022-07-22,GOOGL,109.95372026312712,111.28108587114552,105.49613700921657,106.88294219970703,48901200,-0.05632323258995242
2022-07-25,GOOGL,107.38813065775187,108.83436778668157,105.29801891918392,106.49661254882812,34690900,-0.003614511753962213
2022-07-26,GOOGL,105.59517601650036,106.18951884381129,103.08902526372863,104.03006744384766,47991000,-0.0231607846103985
2022-07-27,GOOGL,108.23011657455983,112.83628715279444,106.99189908350105,111.99429321289062,59858500,0.07655696054740924
2022-07-28,GOOGL,111.31080355662644,113.26222799633648,110.40937758534383,113.14336395263672,32816600,0.010260082962993744
2022-07-29,GOOGL,112.01409917712164,115.6098797375476,111.99428346680043,115.22355651855469,37223400,0.018385457999894328
2022-08-01,GOOGL,114.21318346288767,115.61979670741562,113.26222578696031,113.77732849121094,26034300,-0.012551496161384845
2022-08-02,GOOGL,112.9254310661027,115.25327835289927,112.64807156741777,114.0447769165039,20236000,0.00235063020761328
2022-08-03,GOOGL,114.6193243510887,117.50189851277953,114.39149654793644,116.96698760986328,28499000,0.025623362791080018
2022-08-04,GOOGL,116.37263636297655,117.66037802315151,115.7881937755093,117.07594299316406,21602900,0.0009315054232583719
2022-08-05,GOOGL,115.1344147097478,116.99669103407605,114.90657937362977,116.36272430419922,19159500,-0.006091932046248694
2022-08-08,GOOGL,117.27405799513392,119.01747039195752,115.77828910409572,116.1943359375,19138300,-0.0014470988686979824
2022-08-09,GOOGL,116.0358421530729,116.21414578212966,114.61932097708862,115.53064727783203,19086500,-0.005711884786061883
2022-08-10,GOOGL,117.66038238300267,119.78021020816774,117.29387482772803,118.57170867919922,30930400,0.026322551401049
2022-08-11,GOOGL,120.13681346327724,120.34483309629736,117.44245097514634,117.71981048583984,24293700,-0.0071846665857217
2022-08-12,GOOGL,119.12641458079918,120.53302764892578,118.33395246940117,120.53302764892578,19096300,0.023897567890022398
2022-08-15,GOOGL,119.98822567992796,121.14720300149365,119.47313052616087,120.92927551269531,19494800,0.0032874629593115934
2022-08-16,GOOGL,120.37455281758771,121.27597881260755,119.50285039175542,120.5528564453125,19041200,-0.0031127207682914992
2022-08-17,GOOGL,118.98774543977429,120.14671514597028,118.25471527634345,118.4231185913086,22847000,-0.017666423814437282
2022-08-18,GOOGL,118.30425456881134,119.68115184104835,117.60094792710956,119.03727722167969,17987700,0.00518613795749312
2022-08-19,GOOGL,117.93772374082266,118.02687931991656,115.65940835118609,116.10516357421875,21809500,-0.02463189444429703
2022-08-22,GOOGL,114.11411997895853,114.54006709454625,112.77684661152537,113.16316986083984,21456600,-0.025339042836783676
2022-08-23,GOOGL,112.4103430162746,113.92592005634819,112.36081129232605,112.78675842285156,15870400,-0.0033262715992417036
2022-08-24,GOOGL,112.43015094510808,113.6980844778473,111.80609203500424,112.61836242675781,17734600,-0.0014930475744537874
2022-08-25,GOOGL,113.16316633053552,115.61979306048023,113.03439443727451,115.55045318603516,16956800,0.026035636605746593
2022-08-26,GOOGL,113.63866138956425,114.03489253906723,109.15136194833346,109.29994201660156,37245700,-0.05409335054160569
2022-08-29,GOOGL,108.95323007744102,109.90418019250721,107.77445217888464,108.38860321044922,21191200,-0.008337962393556664
2022-08-30,GOOGL,109.13153347611065,109.4584247030461,106.78387798216265,107.91313171386719,27513300,-0.004386729623767294
2022-08-31,GOOGL,109.60701580275753,109.80512758191875,107.11076506343836,107.19992065429688,28627000,-0.00660912206182096
2022-09-01,GOOGL,107.25935968056825,109.40890361050023,106.34803334494922,108.70559692382812,28360900,0.014045497984898958
2022-09-02,GOOGL,109.54757518879592,109.69616280050401,106.24896950777163,106.83340454101562,24160700,-0.017222594197466967
2022-09-06,GOOGL,106.28858643846911,107.01170118012315,104.78290982238947,105.8031997680664,25068300,-0.009643095971482385
2022-09-07,GOOGL,106.05084848113617,108.94333026280533,105.89236057332785,108.41831970214844,23167000,0.024716832192359872
2022-09-08,GOOGL,107.02161453866474,108.56690754109273,106.14991215017609,107.35840606689453,24238300,-0.009776148884854008
2022-09-09,GOOGL,108.0419087418049,109.94380905842759,107.99237701749992,109.60701751708984,23197700,0.0209449034553868
2022-09-12,GOOGL,109.94380485678408,110.56787130626519,108.89379884747014,109.81503295898438,22966800,0.001897829597106826
2022-09-13,GOOGL,106.78388621953583,107.2791732473491,103.10884982257862,103.33668518066406,38172900,-0.05899326898840851
2022-09-14,GOOGL,103.58431444800893,104.28762102387624,102.68289611125587,104.01026153564453,26395100,0.006518269420030753
2022-09-15,GOOGL,103.04940994479824,104.2777195640779,101.38524535586336,101.93997192382812,34188300,-0.019904666916993663
2022-09-16,GOOGL,101.10789415037412,102.15790023712232,99.98854818162332,101.83101654052734,42797200,-0.001068819043644531
2022-09-19,GOOGL,100.79090754857049,102.3560163297047,100.59279576557026,102.09846496582031,23036800,0.0026263945345819106
2022-09-20,GOOGL,101.11780281015771,101.40507019715866,99.57250212292915,100.18666076660156,26517100,-0.018725102281006545
2022-09-21,GOOGL,100.71164830253635,101.91024183491061,98.33426939083203,98.34417724609375,31487300,-0.018390507343089557
2022-09-22,GOOGL,97.88852564747053,100.28571299374859,97.8588096356747,99.19608306884766,34298600,0.008662493770445812
2022-09-23,GOOGL,98.69089070275186,98.72061427278281,96.55125466682168,97.80928039550781,31625400,-0.01398041767815894
2022-09-26,GOOGL,97.17531191386047,98.93853249770274,96.87814423603862,97.2446517944336,27072700,-0.005772750794107218
2022-09-27,GOOGL,98.49276343972531,99.05739026191908,95.95689666741349,96.5809555053711,30072800,-0.006825015842161664
2022-09-28,GOOGL,96.72954699099779,99.7507929809595,96.19463615518136,99.10692596435547,32466300,0.02615391870754369
2022-09-29,GOOGL,97.71022581973406,97.71022581973406,95.05548700550042,96.50172424316406,31047200,-0.026286777597444466
2022-09-30,GOOGL,96.13521058040764,97.96777098525601,94.65924986585827,94.74840545654297,32941500,-0.018168781960860136
2022-10-03,GOOGL,95.84795139144903,98.35410263850108,95.61020816765206,97.7102279663086,27982000,0.03125986654333812
2022-10-04,GOOGL,99.4932599642057,100.88005758771709,99.43382038214075,100.68194580078125,28850800,0.03041357999387051
2022-10-05,GOOGL,98.88899830659031,100.96920207041116,97.86870835694118,100.47391510009766,22176900,-0.0020662165299747404
2022-10-06,GOOGL,99.73099708399155,101.95978872839768,99.64184148832554,100.46401977539062,22324000,-9.848650465316133e-05
2022-10-07,GOOGL,98.90881723510454,99.58240789041014,97.37343199435752,97.74984741210938,27502800,-0.027016362368829983
2022-10-10,GOOGL,98.06683009651893,98.1658859891608,96.09558987026921,96.93757629394531,18225100,-0.00830969192964115
2022-10-11,GOOGL,96.51162053902081,98.31446483110562,95.40217499101496,96.26397705078125,26507100,-0.006948793944687615
2022-10-12,GOOGL,96.38286754008205,97.81919703044814,95.82814087859447,96.64041137695312,21876400,0.003910438127580074
2022-10-13,GOOGL,94.25311840728581,98.83947334531618,93.49037218865715,98.12625885009766,34574500,0.01537501188140511
2022-10-14,GOOGL,99.04749527967141,99.74090163611203,95.4616221229326,95.64982604980469,25410700,-0.025237207953439755
2022-10-17,GOOGL,97.92814929391774,99.97863723546732,97.89843328218922,99.0276870727539,28419200,0.03531486843677456
2022-10-18,GOOGL,102.15789223033175,102.49469131471892,99.0276823713602,99.82013702392578,24060700,0.008002306976933493
2022-10-19,GOOGL,99.06730275919794,100.06777700633921,97.98757322485923,98.69087982177734,23811100,-0.011312919775673835
2022-10-20,GOOGL,99.05740308448243,101.35553453374322,98.45315232106869,99.0276870727539,25323200,0.003412749502130108
2022-10-21,GOOGL,96.92765376947044,100.35503852708132,96.79888188427095,100.1767349243164,32458700,0.011603298890726643
2022-10-24,GOOGL,100.84043534742486,101.78147761626212,99.0375909853776,101.55364227294922,27176400,0.013744781656869431
2022-10-25,GOOGL,101.93007695180557,103.83197742027838,101.75177331054371,103.49518585205078,40611400,0.019118404181734938
2022-10-26,GOOGL,95.52104771456979,97.38332404744001,93.79745113215374,94.03518676757812,88114100,-0.09140520891470238
2022-10-27,GOOGL,93.62905426662633,94.53048026417704,90.93469924535803,91.35073852539062,60710900,-0.028547273998854372
2022-10-28,GOOGL,91.40026565107432,95.63992899750288,91.26158588657455,95.38237762451172,43697300,0.0441336234846148
2022-10-31,GOOGL,94.52056663945436,95.12481736726046,93.09414525818127,93.61914825439453,31675000,-0.01848590288929919
2022-11-01,GOOGL,94.55027159135598,95.12480624199029,89.51816214341191,89.61721801757812,47161400,-0.042746919956394236
2022-11-02,GOOGL,90.0827948258783,90.32053045090788,86.06105956611515,86.15021514892578,57038300,-0.038686794182478446
2022-11-03,GOOGL,85.50635911213857,85.70447091633443,82.55444486174243,82.64360046386719,61288000,-0.0407034930672755
2022-11-04,GOOGL,84.59502310696469,85.82333277984429,82.9209505890823,85.76390075683594,51124900,0.03775610301892618
2022-11-07,GOOGL,86.45729025652912,88.06202272257539,86.03134316996938,87.6558837890625,34078900,0.022060365906056978
2022-11-08,GOOGL,88.0620346069336,89.46864794494398,86.7643774616038,88.0620346069336,30429000,0.004633468973383126
2022-11-09,GOOGL,87.61626357664242,88.59693723661037,86.45729385938526,86.49691772460938,31769100,-0.01777289031885476
2022-11-10,GOOGL,91.38043976059588,93.50026724366884,90.74647308663829,93.05451202392578,51620100,0.0758130401847914
2022-11-11,GOOGL,93.79746258426681,96.01634641992595,93.03471630616241,95.50125122070312,33090500,0.026293611599921718
2022-11-14,GOOGL,94.19366953695061,95.877649719558,93.6191424124527,94.79792022705078,30179500,-0.007364625956857385
2022-11-15,GOOGL,97.33380422522976,99.19608064116606,95.79841148852762,97.5121078491211,41640800,0.028631299247594777
2022-11-16,GOOGL,96.97717841473637,98.70077474411369,96.71962710564094,97.91822052001953,29105200,0.004164740972749881
2022-11-17,GOOGL,96.0559640432795,98.34418761381784,95.87766041716742,97.432861328125,26052600,-0.004956781172256841
2022-11-18,GOOGL,97.83900049253803,97.96777996227408,95.46162869947433,96.51163482666016,28342300,-0.009454987659270553
2022-11-21,GOOGL,96.37294795051915,97.47248572459458,94.4611397769671,94.6988754272461,21647400,-0.01878280688820444
2022-11-22,GOOGL,95.04559333071508,96.30362682157288,93.1635083597952,96.1352310180664,23438500,0.015167609798321324
2022-11-23,GOOGL,96.17482467577447,97.82908897612423,96.17482467577447,97.53191375732422,18868100,0.014528313132105897
2022-11-25,GOOGL,97.31399791067797,97.71022906397693,96.48191929048276,96.54135131835938,9701400,-0.01015629039567012
2022-11-28,GOOGL,96.12530422953257,96.66021510957758,94.70878307241713,95.14463806152344,26237500,-0.01446751301657323
2022-11-29,GOOGL,94.82765839860214,95.21398167866465,93.22292569547149,94.2927474975586,20061700,-0.00895363712891506
2022-11-30,GOOGL,93.92621630890034,100.08758713760406,93.52998523987996,100.03805541992188,43647500,0.06093053893155509
2022-12-01,GOOGL,100.06777142753957,101.2861806422184,99.30503285459555,100.03805541992188,28687100,0.0
2022-12-02,GOOGL,98.11635835101946,99.82013929364201,97.96777073857241,99.49325561523438,21480700,-0.005445925577028055
2022-12-05,GOOGL,98.46305725876209,100.42438954950684,98.0668261466735,98.54230499267578,24405100,-0.009557940552635702
2022-12-06,GOOGL,98.36401143814018,98.83948277532939,95.51115318508242,96.06587982177734,24910700,-0.02513057890296455
2022-12-07,GOOGL,95.50124233055791,95.96680575916933,93.82716986333111,94.04509735107422,31045400,-0.021035381911372775
2022-12-08,GOOGL,94.48095524175791,94.67907459688469,92.56914692029817,92.82669830322266,32213300,-0.012955476491275597
2022-12-09,GOOGL,92.8861287032563,93.37151544670037,91.8757464609982,91.95499420166016,28225400,-0.009390661496060493
2022-12-12,GOOGL,91.83611517682478,92.67810157031386,90.74648528186952,92.43045806884766,29420000,0.005170614943923457
2022-12-13,GOOGL,96.83851944299002,98.59183215358877,94.13424901149557,94.72859191894531,40593700,0.02486338267831445
2022-12-14,GOOGL,94.30265344600319,95.9569179743863,92.71773636138178,94.17388153076172,28733600,-0.005855786272620178
2022-12-15,GOOGL,92.25215497887433,92.75734984088065,89.16156889949431,90.00355529785156,40107000,-0.04428325736523797
2022-12-16,GOOGL,89.90448952704405,90.4691163492958,88.67617244628515,89.4092025756836,58011800,-0.00660365826884346
2022-12-19,GOOGL,89.4092134382398,89.70638111067228,87.37853366795777,87.60636901855469,29493000,-0.020163847850033445
2022-12-20,GOOGL,87.27947454659835,88.33938840975075,86.61579178950325,88.18089294433594,23453800,0.006558015498388858
2022-12-21,GOOGL,88.24034677688766,89.36960069920796,87.4875083095138,88.73563385009766,24745600,0.0062909422578867336
2022-12-22,GOOGL,87.32900852106096,87.705423924909,85.50634840918426,86.93277740478516,27658300,-0.020317164222414807
2022-12-23,GOOGL,86.28890398968787,88.70590703096771,86.24928012175934,88.38892364501953,23003000,0.01675025558488863
2022-12-27,GOOGL,87.96297425967674,88.10165401513619,86.18984589203967,86.5662612915039,20097300,-0.0206209361801446
2022-12-28,GOOGL,86.16012511888523,87.21013108289247,85.12992730850024,85.20916748046875,19523200,-0.015676936843388334
2022-12-29,GOOGL,85.80351225609894,88.01248777759298,85.79360440119908,87.61625671386719,23333500,0.028249181450460403
2022-12-30,GOOGL,86.16013598837714,87.46769345930478,85.75399699182971,87.39835357666016,23986300,-0.0024870171972610766
2023-01-03,GOOGL,88.7455240800291,90.19176882027702,87.68561016592967,88.27996063232422,28131200,0.010087227271286858
2023-01-04,GOOGL,89.49836324025155,89.79553847603304,86.44739337515158,87.24976348876953,34854800,-0.01166966020573279
2023-01-05,GOOGL,86.64550724695111,86.74456313346334,85.09030640052188,85.3874740600586,27194400,-0.02134434930532103
2023-01-06,GOOGL,85.97192008580211,86.8634382151229,84.06011192527862,86.51673126220703,41381500,0.013225092024084839
2023-01-09,GOOGL,87.52712197637781,89.20119450702028,87.03183496091958,87.19032287597656,29003900,0.00778568034115934
2023-01-10,GOOGL,85.1695525248776,87.8341913419079,85.02096491917445,87.5865478515625,30467800,0.004544368715660552
2023-01-11,GOOGL,88.33937143075848,90.7365582033157,88.17097569923102,90.65731048583984,26862000,0.03505975186373966
2023-01-12,GOOGL,90.61772597816437,91.00404928955432,88.90402938451388,90.2710189819336,30258100,-0.00426100776469196
2023-01-13,GOOGL,89.9936452702405,91.32101834363606,89.28043078990615,91.25167846679688,26329200,0.010863502992688456
2023-01-17,GOOGL,91.19223538103147,91.38044684984735,89.20118718373709,90.42949676513672,32602400,-0.009010044696978525
2023-01-18,GOOGL,91.27149058446429,91.92527307231936,89.78562953840836,90.2611083984375,29116700,-0.0018620955852111098
2023-01-19,GOOGL,89.864895707096,92.7276546384204,89.77574009615604,92.17293548583984,37000400,0.02118107257184354
2023-01-20,GOOGL,94.20358739410928,97.37342877925906,94.12433965904754,97.09606170654297,63191100,0.05341184149938938
2023-01-23,GOOGL,97.02671291222839,99.09701634497223,96.58095766905522,98.84937286376953,40005100,0.018057489937394866
2023-01-24,GOOGL,97.17532205058936,98.67109112467331,96.28380380916578,96.77909088134766,33078500,-0.02094380492706882
2023-01-25,GOOGL,94.66914808677848,95.253590622397,92.87621173166306,94.32244873046875,42330000,-0.025384017647890333
2023-01-26,GOOGL,95.59038693126605,96.65030076385241,94.48094137779603,96.60076904296875,30114000,0.024154592498021543
2023-01-27,GOOGL,96.39275438266596,99.37438426539468,96.39275438266596,98.43334197998047,33879800,0.018970583310745415
2023-01-30,GOOGL,96.56115597928776,97.36351849369827,95.49133425508724,96.0262451171875,27226200,-0.024454080440370785
2023-01-31,GOOGL,95.95691582463402,97.94796432501448,95.9073840966227,97.90834045410156,29870700,0.019599801435713937
2023-02-01,GOOGL,97.77955657834522,100.23618337201236,96.66021070256011,99.48334503173828,35531100,0.01608652102907482
2023-02-02,GOOGL,104.80273309148161,106.83340527382167,104.61452161152837,106.72444152832031,69883800,0.07278702273503068
2023-02-03,GOOGL,101.9597827400415,106.79378116863643,101.61308334943693,103.79234313964844,65309300,-0.0274735416431654
2023-02-06,GOOGL,101.43478195583818,103.37630614338306,100.91967922920541,101.93006896972656,31999600,-0.017942307819530212
2023-02-07,GOOGL,102.24705365455104,107.16029998780995,102.14799776201166,106.6253890991211,49010200,0.046064131780280126
2023-02-08,GOOGL,101.08808062599397,102.16780266804861,97.11587673441662,98.43334197998047,94743500,-0.07683017326694241
2023-02-09,GOOGL,99.05740322268637,99.08711923445635,92.7474439167084,94.11444091796875,119455000,-0.04387640381945079
2023-02-10,GOOGL,94.5502913222284,95.8380406275546,93.36160546921987,93.6785888671875,54980700,-0.004631085798630474
2023-02-13,GOOGL,93.84698021445055,94.30264335517856,92.95546208803488,93.71820831298828,50076100,0.0004229295752624651
2023-02-14,GOOGL,93.53990075675098,93.95594001243452,91.39035704490637,93.78754425048828,54726100,0.0007398342194981922
2023-02-15,GOOGL,93.5993343044652,96.20454873788759,93.26254277507603,96.0262451171875,50169000,0.023869916678062042
2023-02-16,GOOGL,94.47104619514022,96.75926974325574,93.8469797311233,94.60972595214844,42462600,-0.014751375140310663
2023-02-17,GOOGL,93.95594988129498,94.65925657048464,92.33140899633962,93.46066284179688,34284100,-0.012145295832827308
2023-02-21,GOOGL,92.1233753458433,92.22243122719243,90.85544192662408,90.9247817993164,33629300,-0.027133137786247152
2023-02-22,GOOGL,90.83562645698825,91.24176539632087,89.75590449970178,90.78610229492188,30884000,-0.001525211297186413
2023-02-23,GOOGL,91.05356181773953,91.07337753026592,88.9139258711701,90.03327178955078,41206400,-0.00829235407557749
2023-02-24,GOOGL,88.59693902936208,89.04269429656404,87.7450448035044,88.28985595703125,36585100,-0.019364128370172984
2023-02-27,GOOGL,89.02288055419922,89.31014789674506,88.49787003042141,89.02288055419922,27502300,0.00830247811849083
2023-02-28,GOOGL,88.4879904508599,90.37008284347579,88.47808259328565,89.21110534667969,30142000,0.002114341743478798
2023-03-01,GOOGL,89.13185485166831,90.17195305226244,88.82477176222423,89.50827026367188,31111200,0.0033310305464480106
2023-03-02,GOOGL,88.81487285313399,91.41017202449882,88.74552541452906,91.1328125,32204400,0.01814963278301085
2023-03-03,GOOGL,91.6082879107454,92.84650542514655,91.57856434211662,92.76725769042969,35160100,0.017934760769395597
2023-03-06,GOOGL,93.1337766223685,95.06540071543964,93.11396846500796,94.23331451416016,32639300,0.015803602049149656
2023-03-07,GOOGL,94.08471097544538,94.76820181739365,92.64837430690109,92.97526550292969,27835500,-0.013350363591863479
2023-03-08,GOOGL,93.23283087936741,95.05548347587344,93.11395927449436,93.36160278320312,34103300,0.004155269449176879
2023-03-09,GOOGL,93.16348729195221,94.62953257298054,91.0337516903099,91.44979095458984,28813500,-0.020477495797204148
2023-03-10,GOOGL,91.30120355228826,91.91536215154204,89.54789090168737,89.77571868896484,35941000,-0.018305916811294565
2023-03-13,GOOGL,89.24080055798404,91.6974271975187,88.57711784736642,90.25119018554688,37335600,0.005296214873303784
2023-03-14,GOOGL,91.6875307500272,93.47056704552529,91.56866670198077,93.08424377441406,36050200,0.031390761529490385
2023-03-15,GOOGL,92.34132009026139,96.01634914526834,91.76678529050788,95.2040786743164,50622100,0.022773294533494637
2023-03-16,GOOGL,95.29322179021432,100.2361918035118,94.59982296945131,99.3743896484375,65492000,0.04380391084280433
2023-03-17,GOOGL,99.31495102310215,101.87062619084857,99.15645555604324,100.6621322631836,61028500,0.012958495838835571
2023-03-20,GOOGL,99.17626978959724,100.79090265941907,98.92862629411955,100.26589965820312,32960400,-0.00393626278394843
2023-03-21,GOOGL,100.29562522714755,104.10933390947386,100.2659092140549,103.9310302734375,42110300,0.036554108901714955
2023-03-22,GOOGL,103.28715576562607,105.58528732379419,102.3560212715924,102.39564514160156,43427400,-0.014773115669078019
2023-03-23,GOOGL,104.06970338391277,105.29802060137733,103.47536048762859,104.6046142578125,40797800,0.021572881475146577
2023-03-24,GOOGL,104.00035080055734,104.49563774653625,102.86118931331005,104.44611358642578,30393300,-0.001515235943570059
2023-03-27,GOOGL,103.63384492804329,103.77252467050126,100.96919869835409,101.49420166015625,31120900,-0.028262534860398758
2023-03-28,GOOGL,101.47439535781645,101.48429565568745,98.7998412241836,100.07768249511719,32057900,-0.013956651137393528
2023-03-29,GOOGL,101.31590589564402,101.52392552543023,99.70127302207695,100.43429565429688,28779600,0.00356336348213393
2023-03-30,GOOGL,99.95881107056367,100.20645453365695,98.83945778059564,99.93899536132812,33086200,-0.004931585269175476
2023-03-31,GOOGL,100.34516285155789,102.91074623241707,100.0876114604837,102.75225830078125,36863400,0.028149802079576736
2023-04-03,GOOGL,101.42488009655725,103.54470803674319,100.96921692373489,103.37631225585938,25035400,0.0060733843265163845
2023-04-04,GOOGL,103.3465793011073,104.58479670606407,103.0593119562598,103.73290252685547,24420100,0.0034494388822221556
2023-04-05,GOOGL,104.78290944385377,105.09989280017604,102.6828975422735,103.48526000976562,28290500,-0.0023873092438123633
2023-04-06,GOOGL,104.26783058433419,108.14097133723756,103.34659638050103,107.39804077148438,48711500,0.03781002976993553
2023-04-10,GOOGL,105.97160211204229,106.57584525506634,104.12913400189751,105.43669128417969,27067400,-0.018262432659064465
2023-04-11,GOOGL,105.5456573857056,105.72396099898825,103.69328137868473,104.35696411132812,26311800,-0.010240525946906054
2023-04-12,GOOGL,105.57537962995973,105.74377539759396,103.35648840973943,103.6536636352539,24370300,-0.006739372710420577
2023-04-13,GOOGL,104.84233439158697,106.47678278263339,104.84233439158697,106.41735076904297,24843600,0.02666270575359664
2023-04-14,GOOGL,105.88244840996097,107.91312802084542,105.83291668970352,107.84378814697266,26578000,0.013404180498962859
2023-04-17,GOOGL,103.67347328496217,105.15933421068411,103.53478597901366,104.97112274169922,37571200,-0.026637282078393665
2023-04-18,GOOGL,105.48622429630001,105.53575601983307,103.08903700390688,103.51498413085938,26596400,-0.013871801813751583
2023-04-19,GOOGL,102.60366275289918,103.9904679457502,102.09846786716825,103.19800567626953,20905700,-0.003062150443738032
2023-04-20,GOOGL,102.93054933979316,105.24848890310409,102.89092547236734,104.29753875732422,27820800,0.010654596218689694
2023-04-21,GOOGL,104.47583674331223,105.0008397327794,103.79233829269596,104.4164047241211,25800100,0.001139681417348104
2023-04-24,GOOGL,104.49564392017723,105.62489761912755,103.71308959239947,104.97112274169922,23542800,0.005312556193097784
2023-04-25,GOOGL,104.83244886590656,105.68434311564164,102.86120115263496,102.87110900878906,46664100,-0.020005632768905657
2023-04-26,GOOGL,103.93102314766244,105.3475442819754,101.66260776152602,102.73242950439453,53347600,-0.0013480899130063895
2023-04-27,GOOGL,103.46546454495318,107.34852086658351,102.56404601924885,106.57586669921875,50089200,0.037412112352115834
2023-04-28,GOOGL,106.03104125953,106.33811677937744,104.09941743610682,106.32820892333984,36139800,-0.00232376975716142
2023-05-01,GOOGL,105.83292217554937,106.97208378320418,105.8131140209073,106.18952941894531,26681700,-0.0013042588208601602
2023-05-02,GOOGL,106.13009965906194,106.18953168173442,102.7324304758186,104.32725524902344,30997200,-0.01753726737571948
2023-05-03,GOOGL,104.53526876250336,106.47679281670248,103.97064190774891,104.4164047241211,21795400,0.0008545175935557037
2023-05-04,GOOGL,104.49564832384382,104.6046120675871,102.98997918095117,103.70319366455078,23419500,-0.006830450267414245
2023-05-05,GOOGL,103.83197483499484,104.88198094212609,103.12866814460686,104.57490539550781,26639300,0.008405833033231058
2023-05-08,GOOGL,104.18857495479786,106.94236950082018,104.16876679983567,106.75415802001953,26511400,0.020839154635327484
2023-05-09,GOOGL,107.36832509756348,109.11173761347172,106.17963921159183,106.33812713623047,36360100,-0.0038970930173141127
2023-05-10,GOOGL,106.95226428423794,111.87541773464007,106.91264042167683,110.6966323852539,63153400,0.04098722975852054
2023-05-11,GOOGL,114.31223694111618,116.8084800047562,113.33157083298755,115.47120666503906,78900000,0.04313206442602846
2023-05-12,GOOGL,115.58018073153592,116.91745419072438,115.01555382399056,116.40235900878906,41102300,0.008063935336287908
2023-05-15,GOOGL,115.01554258790955,117.3632055833455,114.91648670384667,115.41177368164062,36266800,-0.008510010755655273
2023-05-16,GOOGL,115.39196147654542,119.61180877166494,115.33252945579774,118.38349914550781,45035600,0.025748893454012656
2023-05-17,GOOGL,118.48255646699654,120.52313648382196,117.76934197947081,119.70095825195312,33323600,0.011128739359410167
2023-05-18,GOOGL,119.80992666831531,122.14768199859776,119.69106262074578,121.67221069335938,35234200,0.01646814252946127
2023-05-19,GOOGL,122.38541381982782,124.78260095081902,120.99860878655475,121.60285949707031,41353400,-0.0005699838598629547
2023-05-22,GOOGL,121.78118019432495,125.23828162823854,121.58306084321728,123.87129211425781,35253000,0.01865443482636331
2023-05-23,GOOGL,122.98967918409565,123.45524264502252,121.05805522841555,121.40475463867188,34046300,-0.01991209935318039
2023-05-24,GOOGL,119.97833399859127,120.76088842026384,118.73020855513421,119.76040649414062,34182600,-0.013544347166840387
2023-05-25,GOOGL,123.34626077940361,124.13872293573738,120.81039397110231,122.31607055664062,42317000,0.021339807848974157
2023-05-26,GOOGL,122.00900338994037,124.07930707525598,121.29578886786955,123.43543243408203,35635900,0.009151388467168564
2023-05-30,GOOGL,124.45571975597146,124.47553546863793,120.85003091363836,122.50428771972656,35076700,-0.007543577204646823
2023-05-31,GOOGL,121.59295853842984,122.89060806044641,121.34531503835157,121.71183013916016,37325800,-0.006468815053881527
2023-06-01,GOOGL,121.66229962836286,123.24721653315949,121.46418784931825,122.55381774902344,30772700,0.006917878146278644
2023-06-02,GOOGL,122.82127475890255,124.96091834173134,122.59344695882075,123.49486541748047,26980100,0.0076786483337809575
2023-06-05,GOOGL,122.84107954751497,126.22884069489605,122.67267622973692,124.82222747802734,32305500,0.010748317803008778
2023-06-06,GOOGL,124.82222846227405,127.08072835419054,124.17835386828453,126.10997009277344,26638300,0.010316613000459274
2023-06-07,GOOGL,125.77317307174053,127.82365324658018,120.96889102386538,121.34530639648438,52539000,-0.03778181608308928
2023-06-08,GOOGL,121.07786408652909,122.06843809259337,120.0971903791399,120.98870849609375,29389200,-0.0029387036959260815
2023-06-09,GOOGL,121.09766612502108,122.59343491472501,120.76087460756005,121.0778579711914,23778300,0.0007368412821806558
2023-06-12,GOOGL,121.63259239946863,122.8807178585116,120.51324640783483,122.47457885742188,28306400,0.01153572510807721
2023-06-13,GOOGL,123.80194237811752,123.9802460011841,122.01890614745163,122.66278076171875,22278300,0.0015366609630556027
2023-06-14,GOOGL,121.93966082841287,122.88071068558905,120.3052121775111,122.50428771972656,30592300,-0.0012921037743313102
2023-06-15,GOOGL,121.97928756170958,124.27741904880322,121.2462648829115,123.91090393066406,35246300,0.01148217941690044
2023-06-16,GOOGL,124.74298738908716,124.9212910160558,122.1179647088467,122.36560821533203,45535600,-0.012471022858462244
2023-06-20,GOOGL,121.77126335074871,123.39580412253898,120.98870897595658,121.93965911865234,26097500,-0.003480954353858423
2023-06-21,GOOGL,121.24625664021467,121.50380799105953,118.96793346366026,119.4136962890625,30306300,-0.020714858872386888
2023-06-22,GOOGL,118.86888698255561,122.07834481499013,117.70991714827096,121.98919677734375,26952200,0.02156788181187186
2023-06-23,GOOGL,120.23586326986775,121.6325761662558,119.91887990832626,121.18681335449219,34913600,-0.006577495745923145
2023-06-26,GOOGL,119.62173588541798,120.85004570931967,117.15520082258737,117.22454071044922,33969900,-0.03269557581692195
2023-06-27,GOOGL,115.97641255413603,117.95756067064339,115.0056466517561,117.21463012695312,39535900,-8.454358990050981e-05
2023-06-28,GOOGL,115.98631010773838,119.25520744558725,115.74857445547958,119.04718780517578,27091400,0.015634206039278897
2023-06-29,GOOGL,118.11604334382326,118.9283137332142,117.18490890950874,117.97736358642578,24090900,-0.008986555990728617
2023-06-30,GOOGL,119.03727968371793,119.93870568097417,118.56180838025891,118.57170867919922,29532200,0.005037789239441981
2023-07-03,GOOGL,118.11603871561022,119.05708852676793,117.6999994597197,118.76982116699219,14467900,0.0016708242632226256
2023-07-05,GOOGL,118.11602863359306,121.45426536658378,118.10612833606906,120.60237121582031,27584800,0.015429425007313258
2023-07-06,GOOGL,118.67076871540064,119.16605571745576,117.2839635981503,118.97784423828125,24745200,-0.013470108101207523
2023-07-07,GOOGL,118.96792601666532,119.90897577306588,118.2745272971948,118.35377502441406,21709500,-0.005245255684893202
2023-07-10,GOOGL,117.18490091620437,117.19480121428604,115.04525756376775,115.35233306884766,35315200,-0.025359917374391028
2023-07-11,GOOGL,115.19384889567219,116.60046213170129,114.2627069372542,116.03583526611328,23078800,0.005925343502655389
2023-07-12,GOOGL,117.68019568942015,119.19577271910916,117.2938724292045,117.80896759033203,30404400,0.015280902836199761
2023-07-13,GOOGL,119.79011606460736,123.65335623874292,119.31463721160668,123.3660888671875,44297900,0.047170613498454195
2023-07-14,GOOGL,123.62364190723412,125.5849742534972,122.32598478947493,124.23779296875,33283100,0.007065994468714587
2023-07-17,GOOGL,124.75289325990691,125.90195518182102,123.02928904081584,123.47505187988281,25716200,-0.006139364444916029
2023-07-18,GOOGL,123.42552338695492,123.5047711236384,121.8009825723442,122.59344482421875,26193600,-0.007139961006225715
2023-07-19,GOOGL,123.4255126020401,124.00004730657234,120.65191007779664,120.8797378540039,37224000,-0.01397878143217246
2023-07-20,GOOGL,120.27549147201748,122.92032219876853,117.10565774229482,118.076416015625,37906800,-0.023190998658225936
2023-07-21,GOOGL,119.48302990713361,119.84953742367951,117.61084578795172,118.88867950439453,72937900,0.0068791340064220385
2023-07-24,GOOGL,120.51323227212808,121.84059775832779,119.83964167327879,120.38445281982422,29686100,0.012581293035342389
2023-07-25,GOOGL,120.21607322000374,121.9892017635327,119.87927409656373,121.05805969238281,52509600,0.005595464005362594
2023-07-26,GOOGL,128.8439605940008,129.74537139876955,127.11045618604405,128.05149841308594,61682100,0.05776929465476277
2023-07-27,GOOGL,130.4288745072281,131.98408291547318,127.57601659985137,128.18026733398438,44952100,0.0010056026090614623
2023-07-28,GOOGL,129.5472556742055,132.47936111951782,129.3392436159831,131.33029174804688,36591200,0.024574955877216587
2023-07-31,GOOGL,131.47887918017878,132.27134138142645,130.53783692899188,131.46897888183594,28055500,0.0010560178610974358
2023-08-01,GOOGL,129.54726660464158,131.3798345519529,129.44820315858595,130.3100128173828,23166800,-0.0088155097446585
2023-08-02,GOOGL,128.22982072659042,128.86378757815055,126.35763618722048,127.16991424560547,26273300,-0.02409713961257831
2023-08-03,GOOGL,126.76376360792844,128.17037695867327,126.2189448521919,127.2392349243164,20089500,0.0005451028187142271
2023-08-04,GOOGL,128.0613973658318,130.27037301314763,126.70431590893212,126.90242767333984,26147200,-0.0026470392656550157
2023-08-07,GOOGL,127.94255118761124,130.36945464899543,127.80387142167389,130.2902069091797,22746300,0.02669593716962093
2023-08-08,GOOGL,129.38874585154318,130.2703559352975,128.31892432603962,130.16139221191406,23535200,-0.0009886752068435367
2023-08-09,GOOGL,130.41899929897178,130.79540720669382,127.78406837010577,128.43785095214844,24912900,-0.013241570564638372
2023-08-10,GOOGL,130.08218501342233,130.80529980166855,128.22980135413556,128.46754455566406,20857800,0.0002311904418790256
2023-08-11,GOOGL,127.44724985423152,128.70526790592254,126.96186317041614,128.33876037597656,19591100,-0.001002464709144446
2023-08-14,GOOGL,128.17038582396773,130.13171836532018,127.74444620408725,130.09210205078125,24695600,0.01366182492076562
2023-08-15,GOOGL,129.86425127440808,130.18122707956528,128.06139942490483,128.5566864013672,19770700,-0.011802527787695527
2023-08-16,GOOGL,127.48688507080078,129.0519939800755,126.66471430230392,127.48688507080078,25216100,-0.008321631184755152
2023-08-17,GOOGL,128.5764942460754,130.74585348864863,128.07129188741925,128.6953582763672,33446300,0.009479196271014567
2023-08-18,GOOGL,127.29865064608583,128.03168079764703,125.18873089019047,126.25855255126953,30504800,-0.018934682320591034
2023-08-21,GOOGL,125.98121040027308,127.51659567276597,125.36705175678769,127.15998840332031,25248700,0.00713960229889965
2023-08-22,GOOGL,127.29865446565053,129.05197461127347,127.11045810936166,127.86328887939453,22054900,0.00553083155248113
2023-08-23,GOOGL,128.95293932464511,132.15250480453622,128.64586374765005,131.12229919433594,27819700,0.02548824094471258
2023-08-24,GOOGL,132.68737797126798,132.9845531801372,128.34867433563005,128.5566864013672,28500700,-0.019566563496314693
2023-08-25,GOOGL,128.3189398374532,129.5274412374435,126.05053219547979,128.65574645996094,26762900,0.0007705554753059118
2023-08-28,GOOGL,130.07227594567678,131.29067779366306,128.9133061222322,129.7751007080078,20543300,0.008700382834397669
2023-08-29,GOOGL,130.99350506379912,135.28269209662818,130.99350506379912,133.30154418945312,43075600,0.027173498322916156
2023-08-30,GOOGL,133.50957509777203,134.99543623785553,132.8062759558441,134.59921264648438,28315800,0.009734834393118064
2023-08-31,GOOGL,134.72796388348397,136.69921157879557,134.5100363949587,134.88645935058594,30053800,0.002134089037028719
2023-09-01,GOOGL,136.16430757063117,136.16430757063117,133.57890884729767,134.3812713623047,21543700,-0.0037452831864183134
2023-09-05,GOOGL,134.1633431456703,135.13410142022065,133.31144891270912,134.490234375,19403100,0.0008108496934928766
2023-09-06,GOOGL,134.73788957021387,135.24307690579013,132.4100344539137,133.19259643554688,18684500,-0.009648566273108838
2023-09-07,GOOGL,132.33075932430347,134.30200676190253,131.69679265373736,133.98501586914062,18844300,0.005949425529647945
2023-09-08,GOOGL,133.63833748155875,135.3718419233677,133.57890546194733,135.094482421875,23558300,0.008280527083849076
2023-09-11,GOOGL,135.2529563461856,136.18409824910339,134.51002590640553,135.62937927246094,20763400,0.003959427809313132
2023-09-12,GOOGL,134.9755962074752,135.57984690018307,133.91568997827457,134.06427001953125,18405500,-0.011539603449674418
2023-09-13,GOOGL,133.81661630357326,135.60955253404683,132.8854744763764,135.42135620117188,20749500,0.010122653720062047
2023-09-14,GOOGL,136.30300699996283,137.3926294793097,134.95582557198202,136.7982940673828,24751000,0.010167804435257999
2023-09-15,GOOGL,136.6794084421126,137.21432691405798,135.19354730998145,136.10487365722656,38919600,-0.005068925858203288
2023-09-18,GOOGL,135.32230226270676,137.84826875270798,135.32230226270676,136.9072265625,21861300,0.00589510782173841
2023-09-19,GOOGL,136.1246795130563,137.10535323062862,135.3322172769841,136.73883056640625,20353700,-0.0012300007846326455
2023-09-20,GOOGL,136.77845758196287,136.77845758196287,132.36049096088513,132.4793701171875,29927500,-0.031150335508757898
2023-09-21,GOOGL,130.2010076454989,130.9835542064937,128.8439265330975,129.21043395996094,31503900,-0.024675058119124182
2023-09-22,GOOGL,129.52743454969303,130.78546760406437,128.37838034120864,129.02224731445312,26397300,-0.001456435364702302
2023-09-25,GOOGL,128.60622722629518,129.9335927895909,127.74443266302943,129.87416076660156,20094600,0.006602841524470993
2023-09-26,GOOGL,128.54678661637627,129.13122162334471,126.02082000334302,127.35810089111328,25718700,-0.019373059742113896
2023-09-27,GOOGL,127.35810764338333,129.6661317841142,127.35810764338333,129.3095245361328,22746500,0.015322336242183265
2023-09-28,GOOGL,128.61611685030257,132.04350933617025,128.5665851302691,131.06283569335938,22513100,0.013559025628747445
2023-09-29,GOOGL,132.02369781929437,132.78644401015598,129.1312236339659,129.6265106201172,30859800,-0.010959056895447294
2023-10-02,GOOGL,129.97321355178073,133.15294744052358,129.9335821297325,132.90530395507812,22288000,0.02529415718494299
2023-10-03,GOOGL,132.67746257362884,132.99443834271233,130.59725146324402,131.1816864013672,22989400,-0.012968764243551312
2023-10-04,GOOGL,131.53830697235477,134.29211643404554,131.28076318908475,133.96522521972656,26752300,0.02121895894708037
2023-10-05,GOOGL,133.7968292236328,134.21286846430397,132.19208916394834,133.7968292236328,19832600,-0.0012570127495217243
2023-10-06,GOOGL,132.74681617552042,136.85770734068427,132.74681617552042,136.28317260742188,27597600,0.018582976877824953
2023-10-09,GOOGL,135.6491892677906,137.6303370237333,134.33172419629375,137.115234375,19278100,0.006105388887408525
2023-10-10,GOOGL,137.19450673636976,138.4030082937137,136.03553690481087,136.75865173339844,27786600,-0.0026006055652891824
2023-10-11,GOOGL,137.2737721177282,139.7799235919556,137.2737721177282,139.22520446777344,25884300,0.01803580762980439
2023-10-12,GOOGL,139.72046035185502,139.88885611158636,136.95675053372017,137.66006469726562,24765500,-0.011241784678937883
2023-10-13,GOOGL,138.06621031388815,138.68036136313773,135.33221637344056,136.06524658203125,23420500,-0.011585190801280065
2023-10-16,GOOGL,136.86760720097854,138.31385188558824,136.68931113689553,137.78884887695312,28501900,0.012667469013718735
2023-10-17,GOOGL,137.3232929900395,138.58131122040757,135.88694844605996,138.40301513671875,23515800,0.004457300171758272
2023-10-18,GOOGL,138.13555264144586,139.3935859571332,136.0850721525315,136.65960693359375,23375000,-0.012596605654889848
2023-10-19,GOOGL,137.194514445947,138.34358404290452,136.0850762778288,136.4515838623047,26066000,-0.001522198665404817
2023-10-20,GOOGL,136.0355425938075,136.57044595575792,133.8067508749185,134.3218536376953,26335700,-0.015607955322515799
2023-10-23,GOOGL,133.76708863043964,136.36240244560938,132.6873667407286,135.2133331298828,26317900,0.006636890930585837
2023-10-24,GOOGL,136.53082853876074,138.04640568615673,136.12468953456676,137.5015869140625,44814300,0.01692328508743768
2023-10-25,GOOGL,126.95196926111923,127.10054931723444,123.8910916279868,124.4260025024414,84366200,-0.09509406185830593
2023-10-26,GOOGL,122.10805414835848,123.15806773168971,120.12690614034925,121.12738800048828,57061100,-0.02651065240071826
2023-10-27,GOOGL,121.72172395426145,122.14767105400718,119.07689332809781,121.01841735839844,44566500,-0.0008996366873642581
2023-10-30,GOOGL,122.04860970838199,124.21796897481899,121.59294661979997,123.28682708740234,28940100,0.01874433477580495
2023-10-31,GOOGL,123.88117387337412,124.18825693226216,121.53351848457729,122.91041564941406,26292300,-0.0030531359017085258
2023-11-01,GOOGL,122.90051612476204,125.29770339578583,122.55381673556106,125.2580795288086,30082400,0.019100609716355743
2023-11-02,GOOGL,127.2095031061741,127.76422209219731,125.73355005694552,126.28826904296875,27124600,0.008224535439434133
2023-11-03,GOOGL,126.81329587313871,128.30905726801154,126.65480039534856,127.88311767578125,26393100,0.012628636411746719
2023-11-06,GOOGL,127.83356168656297,129.11139533567936,127.45713877699725,129.02224731445312,19052700,0.008907584201691687
2023-11-07,GOOGL,129.47794507134418,130.66663094824423,128.65576676845674,129.73548889160156,29757300,0.005528051107419607
2023-11-08,GOOGL,129.7354650641289,130.96378214314169,129.54725360448614,130.59725952148438,26425800,0.006642520387022621
2023-11-09,GOOGL,130.71614806102886,131.30058307721072,128.84396385761158,129.01235961914062,23747800,-0.012135782237321924
2023-11-10,GOOGL,128.87369024439658,131.54823716249373,128.19019172994675,131.3402099609375,26913300,0.018043622709242424
2023-11-13,GOOGL,130.53784938427754,131.34021196042556,130.01284633778656,130.8449249267578,18324800,-0.0037710083935985628
2023-11-14,GOOGL,132.9251386329532,134.4209000570862,132.06334401742188,132.36050415039062,32395200,0.011583018787172605
2023-11-15,GOOGL,133.59871773207556,133.75721320819443,132.31098355475115,133.35107421875,23861500,0.007483879535800764
2023-11-16,GOOGL,133.91569324609222,135.92655713328006,133.05389875585706,135.6392822265625,28013200,0.01715927690285346
2023-11-17,GOOGL,134.71805961336432,134.77749163303557,132.3902047431791,134.03456115722656,37240600,-0.011830798888005978
2023-11-20,GOOGL,132.42984636661794,135.37185248662504,132.36049892835388,134.96571350097656,27815500,0.006947106296395722
2023-11-21,GOOGL,135.005326368002,135.88693664011163,134.67845024297165,135.67892456054688,22635300,0.005284386982958855
2023-11-22,GOOGL,136.1741808094006,138.10579668668134,136.1741808094006,137.1845703125,17813900,0.011097123277102883
2023-11-24,GOOGL,136.72893111429622,136.82799456252866,134.7081667590109,135.4015655517578,12514300,-0.012997123194544269
2023-11-27,GOOGL,134.7477683599397,137.11523941063973,134.71805235170586,135.1241912841797,23436500,-0.0020485307274538123
2023-11-28,GOOGL,134.79733060033575,135.95630052875265,134.1435480412405,135.90676879882812,18730000,0.00579154263356596
2023-11-29,GOOGL,136.27328862830294,136.98648808728825,133.56901040418717,133.7176055908203,23967200,-0.01610783059119192
2023-11-30,GOOGL,133.7770122542541,134.2722992191977,130.04254430639105,131.28076171875,38988300,-0.018223807263847647
2023-12-01,GOOGL,130.6170654296875,130.86470888643157,129.43828015719262,130.6170654296875,31442300,-0.005055548736717208
2023-12-04,GOOGL,128.65574912560064,128.80432917172766,126.69440938445004,128.05149841308594,36669900,-0.019641897543492326
2023-12-05,GOOGL,127.73451535832072,130.8944488634641,127.04111657544283,129.7552947998047,27384800,0.01330555602889083
2023-12-06,GOOGL,130.20104683681856,130.59727038431748,128.65575384062942,128.79443359375,23576200,-0.007405179168504583
2023-12-07,GOOGL,133.76709808625108,137.25392258409158,133.43030657454526,135.6392822265625,56767100,0.05314553154061663
2023-12-08,GOOGL,132.93504357345236,135.11430360941816,132.76664778723733,133.7176055908203,32260100,-0.014167552380086712
2023-12-11,GOOGL,131.1321890142382,132.08313157577382,130.12179931701706,132.03359985351562,31138000,-0.012593747321932969
2023-12-12,GOOGL,130.5675446380779,131.746330009185,130.0227259646723,131.27085876464844,29032800,-0.005776871112454729
2023-12-13,GOOGL,132.122766584224,132.24163062890102,130.32983004053287,131.32040405273438,30104800,0.000377427926900209
2023-12-14,GOOGL,132.12276380482388,132.45955533429708,128.46754335829976,130.6963348388672,38722400,-0.004752263887465524
2023-12-15,GOOGL,130.37932440713033,132.2515083662078,129.9434694977227,131.35009765625,50847100,0.005002151117617926
2023-12-18,GOOGL,131.37984058345504,135.85722438947897,131.18171368224796,134.51995849609375,32258000,0.02413291574506049
2023-12-19,GOOGL,135.55016524528196,136.17423180663806,134.79733432052262,135.36195373535156,25476800,0.006259258839143023
2023-12-20,GOOGL,137.66009256008627,140.3643557912913,136.76858185989715,137.03602600097656,49107200,0.012367376647783868
2023-12-21,GOOGL,138.17519358404002,139.36387954069625,137.8681029010627,139.09642028808594,27488300,0.015035420591477777
2023-12-22,GOOGL,139.44311177628964,140.6516133137084,139.3836797523117,140.1563262939453,26532200,0.007619937333140481
2023-12-26,GOOGL,140.25538274203709,141.335104879987,139.85915914929106,140.18605041503906,16780300,0.00021207834051972796
2023-12-27,GOOGL,140.25536116259798,140.74074783674814,138.57138848007864,139.04685974121094,19628600,-0.008126276975885971
2023-12-28,GOOGL,139.4530219081467,139.80962919211896,138.4327317846908,138.908203125,16045700,-0.000997193438737165
2023-12-29,GOOGL,138.31384373897544,139.03695848120938,137.47184984606176,138.37327575683594,18733000,-0.0038509415292248272
2024-01-02,GOOGL,137.24403772207745,138.13554832155825,135.1935421823269,136.86761474609375,23711200,-0.010881154634136858
2024-01-03,GOOGL,135.9562628696607,138.31383350338552,135.78786712653144,137.6105194091797,24212100,0.005427906846072528
2024-01-04,GOOGL,137.11524935880684,137.84827954999523,135.06476906710992,135.10438537597656,27137700,-0.018211791104074226
2024-01-05,GOOGL,135.4609816574128,135.86712058649852,133.8760573616901,134.45059204101562,22513900,-0.0048391718236349135
2024-01-08,GOOGL,135.00531397852347,137.69967627152062,134.97559796988412,137.53128051757812,21404000,0.022913164083522286
2024-01-09,GOOGL,137.19451070058466,140.15633265456808,136.847803725032,139.6214141845703,24759600,0.015197514769922149
2024-01-10,GOOGL,139.67093972821166,141.6520878094629,139.58179169214583,140.93887329101562,21320200,0.009435938707107683
2024-01-11,GOOGL,142.1374815262308,143.85117046866557,139.31433932551914,140.7407684326172,24008700,-0.001405608358947097
2024-01-12,GOOGL,141.32515933571142,141.85016222975483,140.48318069194198,141.3053436279297,18785500,0.004011454545829185
2024-01-16,GOOGL,140.66149444889152,142.9893491706135,140.11667577838654,141.14688110351562,22670500,-0.001121419192973372
2024-01-17,GOOGL,140.01764108362337,140.5030126705263,137.5907226892699,140.13650512695312,20968600,-0.007158330164033222
2024-01-18,GOOGL,140.71103470348461,142.85067809474862,140.65160268399825,142.12754821777344,25746400,0.014207883156616363
2024-01-19,GOOGL,143.37567301703265,145.06954593689224,143.0190658052267,145.00021362304688,34271900,0.02021188320839684
2024-01-22,GOOGL,145.7134600037741,146.99129397593433,144.46532693124,144.61392211914062,32200400,-0.0026640754124023225
2024-01-23,GOOGL,144.5148528050676,145.79268672545237,144.12852951611768,145.6540069580078,21636100,0.0071921487476862556
2024-01-24,GOOGL,147.13987487266473,148.43753968176426,146.704034951283,147.29837036132812,25233500,0.011289517107444746
2024-01-25,GOOGL,148.65542520354305,151.60733104989245,148.1304071562973,150.43844604492188,29149100,0.021317789707320234
2024-01-26,GOOGL,149.67572544188013,151.10213919091456,149.5865623016617,150.7554473876953,26115500,0.0021071830446770523
2024-01-29,GOOGL,150.6266440881036,152.3304321708446,150.0025777801938,152.06297302246094,27784300,0.008673156807415872
2024-01-30,GOOGL,151.35971420009986,152.1719770416637,149.76488941359605,150.0323486328125,36331800,-0.013353838539961305
2024-01-31,GOOGL,142.26621278729934,142.6426356904912,138.5515608161928,138.77940368652344,71910000,-0.07500345791312912
2024-02-01,GOOGL,140.78037988444788,141.7115219147045,139.46291457727207,139.82943725585938,40466500,0.007566206089973937
2024-02-02,GOOGL,137.94733213900224,141.2756614400684,135.21335329400358,141.03793334960938,62499600,0.008642644334888594
2024-02-05,GOOGL,141.4737740182903,144.09878885119113,141.43414259725117,142.32565307617188,38505400,0.009130307683752337
2024-02-06,GOOGL,143.2865333836356,143.98984762492026,141.8403037037534,142.74172973632812,29128200,0.0029234129699273748
2024-02-07,GOOGL,143.3954900682589,144.24738433228183,142.57331181571678,144.1681365966797,25208900,0.009992921222030882
2024-02-08,GOOGL,144.45542022837463,144.95070726949984,143.7323053805209,144.53466796875,22563800,0.0025423882192201486
2024-02-09,GOOGL,145.2973811774696,148.03137498026427,144.80209419753828,147.59552001953125,26829500,0.021177286347958013
2024-02-12,GOOGL,147.02098399107322,147.93231021218233,145.98087831954948,146.13937377929688,21564100,-0.009865788880595305
2024-02-13,GOOGL,143.553984129069,145.28748865156425,142.3355823254468,143.77191162109375,27837700,-0.01620002944434762
2024-02-14,GOOGL,144.7030413176847,145.13889626470424,142.73179375819484,144.56436157226562,22704200,0.005511855147759093
2024-02-15,GOOGL,141.79074761897706,142.1671705382351,139.13601681883227,141.4242401123047,37590700,-0.021721269514902053
2024-02-16,GOOGL,141.6421841188465,141.8402958992358,138.81904212467896,139.19546508789062,31468900,-0.015759497966149172
2024-02-20,GOOGL,138.34358047947055,140.7407679538146,138.1751846986445,139.78981018066406,25144700,0.004269859599220105
2024-02-21,GOOGL,140.11669187948075,141.34500910368052,139.35394565312507,141.20632934570312,23223300,0.01013320758650682
2024-02-22,GOOGL,143.56387475177468,143.63322218318132,141.4539625247731,142.73179626464844,27191900,0.010803105824036097
2024-02-23,GOOGL,142.31575244424536,143.31622665623695,142.0780092634441,142.60302734375,19493800,-0.0009021740373790221
2024-02-26,GOOGL,140.80016911545277,141.09734429910293,136.09494323835807,136.27325439453125,53641800,-0.044387367274893785
2024-02-27,GOOGL,136.7190286014233,137.9374303971592,135.7977869156524,137.5709228515625,33099200,0.009522546906191254
2024-02-28,GOOGL,136.60014396856127,136.70910770950192,134.13362446493272,135.094482421875,37328600,-0.018001190792036437
2024-02-29,GOOGL,135.98602183767863,137.55113085146004,135.11431172494918,137.1549072265625,42133000,0.015251731734336582
2024-03-01,GOOGL,137.12513899008863,137.56099392851314,135.6293778286393,135.84730529785156,31151100,-0.009533759711207068
2024-03-04,GOOGL,134.3812716025803,134.3812716025803,130.66661912649147,132.09304809570312,55999400,-0.027635860673990154
2024-03-05,GOOGL,130.63688688658692,131.98406795515044,129.43828585262474,131.41943359375,40194800,-0.005099545446669351
2024-03-06,GOOGL,131.8651803693875,132.32085097125182,129.61658870995373,130.16139221191406,35318600,-0.009572719554741482
2024-03-07,GOOGL,131.53831809840491,133.66806132063292,130.36944800435913,133.11334228515625,37738200,0.022679152574183847
2024-03-08,GOOGL,132.94493550750806,136.788352127219,132.73690832894798,134.1336212158203,39370400,0.007664738283547967
2024-03-11,GOOGL,134.84685230242854,137.7888584846141,134.84685230242854,136.37232971191406,32437800,0.016690136863536154
2024-03-12,GOOGL,135.73837384104138,138.0662291271054,135.73837384104138,137.19451904296875,27563400,0.006029004071365307
2024-03-13,GOOGL,137.6898041615814,139.76010046706762,137.67990386166102,138.47235107421875,23347200,0.009314016625181498
2024-03-14,GOOGL,139.85914445542792,142.23651599205533,139.1360296729057,141.7511444091797,42753400,0.023678325019581337
2024-03-15,GOOGL,141.15677741880677,141.83036039973078,138.71005873435084,139.84921264648438,49475400,-0.01341739970158673
2024-03-18,GOOGL,147.20920556461434,150.7158309412068,145.78277655889536,146.2879638671875,69273700,0.04604066836600085
2024-03-19,GOOGL,146.76342678537355,147.38747803925833,144.70303134193375,145.64407348632812,24070400,-0.004401526713735282
2024-03-20,GOOGL,146.60495197646654,147.45684622092818,145.3568341780524,147.33798217773438,21311500,0.01163046769331988
2024-03-21,GOOGL,148.06109347483115,148.95260400768646,145.51531110007699,146.20872497558594,24755600,-0.007664399806875388
2024-03-22,GOOGL,147.7144053559253,150.15122429911875,147.57572558614754,149.34886169433594,29211800,0.021477081612430116
2024-03-25,GOOGL,148.5266465871507,148.96250150277115,146.42663484638766,148.65542602539062,19229300,-0.00464305961946021
2024-03-26,GOOGL,148.80403108916107,150.82479544746644,148.56628788202391,149.24978637695312,22149100,0.003998241890349696
2024-03-27,GOOGL,149.75496675016123,150.21063743065775,147.49645928934754,149.44789123535156,22879200,0.001327337634494885
2024-03-28,GOOGL,149.4281068518604,150.00262652031626,148.7545086139037,149.50733947753906,24485400,0.0003977857545938157
2024-04-01,GOOGL,149.26960970551775,154.27201180475902,149.19036196576207,154.0243682861328,31730800,0.030212756272559815
2024-04-02,GOOGL,152.05308254001977,153.2417681101751,150.71580182674685,153.10308837890625,24586000,-0.005981390590838798
2024-04-03,GOOGL,152.15216702325534,153.61821225881653,151.29035739579777,153.459716796875,24705000,0.0023293352325208794
2024-04-04,GOOGL,152.05312071787367,153.3111540270119,149.03186676205078,149.11111450195312,34724700,-0.028337093184381712
2024-04-05,GOOGL,148.6158116009819,151.97385675674153,148.18987204880133,151.06253051757812,23459200,0.013086992355619831
2024-04-08,GOOGL,151.3399156552871,153.80645070128497,151.1715198655548,153.39041137695312,20702000,0.015410048086703432
2024-04-09,GOOGL,154.6186837219778,157.06540257966853,153.7271732158785,155.12388610839844,31079500,0.011301063188267735
2024-04-10,GOOGL,154.73760611782592,155.1338297612773,153.2220136499647,154.6682586669922,22838600,-0.0029371842908052503
2024-04-11,GOOGL,155.4309896137416,158.1748690577912,154.98523428039098,157.9074249267578,27166400,0.02094266973509873
2024-04-12,GOOGL,156.47108327025333,158.7097751773131,155.65880529572482,156.2432403564453,25353700,-0.010538988721299214
2024-04-15,GOOGL,157.3626109532026,157.73903396909452,153.13285507687033,153.4003143310547,27136500,-0.018195513731697588
2024-04-16,GOOGL,152.73658329422793,154.18281264085593,151.98373749985862,152.94459533691406,20779500,-0.002970782661873339
2024-04-17,GOOGL,154.15311190556037,155.59935651041437,153.12292165720868,154.00453186035156,21763100,0.006930199273159188
2024-04-18,GOOGL,153.87576120493418,155.46068564754503,153.16254671725525,154.53944396972656,19883000,0.0034733530430133275
2024-04-19,GOOGL,154.72768538676416,154.88618088468527,150.8644520934531,152.6375732421875,32615600,-0.012306700986394303
2024-04-22,GOOGL,152.85548314560833,156.15409663024886,152.6078396267761,154.80691528320312,26446200,0.014212372451529731
2024-04-23,GOOGL,155.4805001575941,157.4715484365775,154.80690198445652,156.7682342529297,21151600,0.012669453209751769
2024-04-24,GOOGL,156.00552495169347,158.0659209529385,155.6885339753658,157.63006591796875,22779100,0.005497489138319933
2024-04-25,GOOGL,149.90357714076376,155.01494301435423,149.44790641398717,154.52955627441406,57109700,-0.019669532113043786
2024-04-26,GOOGL,172.72641128401878,173.06321798548115,168.05090004390934,170.3292236328125,64665300,0.10224365965525295
2024-04-29,GOOGL,167.46645176767586,167.95183850890314,163.65275062361349,164.58387756347656,45610000,-0.03373082989987364
2024-04-30,GOOGL,164.04896224577593,166.51549696973217,161.06733991987724,161.24563598632812,33562900,-0.0202829197280332
2024-05-01,GOOGL,162.75133049386898,165.544741644849,161.55272916136406,162.3154754638672,33493200,0.006634842989671874
2024-05-02,GOOGL,163.2367163874595,165.15843276115302,162.34520565005826,165.04946899414062,24294500,0.01684370219450848
2024-05-03,GOOGL,165.9805958512975,166.3768345652247,161.5131120458687,165.6636199951172,34662400,0.0037210116743748856
2024-05-06,GOOGL,165.88155134648852,166.55513450330503,164.46502247324162,166.51551818847656,21871300,0.005142337185342738
2024-05-07,GOOGL,166.91173964451698,170.14100584254402,166.8027758864414,169.6358184814453,28039700,0.018738795800622876
2024-05-08,GOOGL,167.40700904320605,168.54616311793023,167.14946523990977,167.78343200683594,19569100,-0.010919783871069622
2024-05-09,GOOGL,167.79332152345498,169.0810706871072,166.59472038810446,168.3579559326172,15346700,0.003424199391498073
2024-05-10,GOOGL,166.44613647493796,168.24898828516856,164.62348406885067,167.06028747558594,29799900,-0.0077077940857789295
2024-05-13,GOOGL,162.71167888481415,167.6843645690759,162.45413508764602,167.54568481445312,31327600,0.0029055219897076157
2024-05-14,GOOGL,168.16974046044572,169.63578564580942,167.20888253839394,168.73435974121094,25127100,0.00709463170044744
2024-05-15,GOOGL,169.02164233638342,171.02259088483336,168.90276318110884,170.8839111328125,26948400,0.012739263033909376
2024-05-16,GOOGL,171.6565823879327,173.46933483904405,171.06224698565848,172.53819274902344,27867900,0.009680733576639788
2024-05-17,GOOGL,172.53818284579418,174.60849412252608,172.05281122904015,174.4004669189453,24479300,0.01079340255192518
2024-05-20,GOOGL,174.5292806548949,177.08496405022282,174.4203168820915,175.2523956298828,22554400,0.004884899255077402
2024-05-21,GOOGL,175.23251145765337,176.47072879445125,174.15278956755546,176.17356872558594,16989400,0.005256265355987333
2024-05-22,GOOGL,174.97498152917515,175.4801688011517,173.55846803904691,174.71743774414062,17880000,-0.00826532034276628
2024-05-23,GOOGL,175.4009483043823,176.56981838832198,171.31977307945,171.91412353515625,21024900,-0.01604484500905745
2024-05-24,GOOGL,173.33061498303792,174.1131768202572,172.013149895976,173.3405303955078,16579400,0.008297205785188888
2024-05-28,GOOGL,172.80562741846637,175.5990532912732,172.7263796864407,174.73724365234375,20572200,0.008057626532289364
2024-05-29,GOOGL,173.77635719810408,175.17306990554968,173.07305825347444,174.24192810058594,23388700,-0.002834630679783956
2024-05-30,GOOGL,173.54855608932272,173.56837180086202,170.17069523243458,170.48768615722656,22931500,-0.02154614554765566
2024-05-31,GOOGL,170.2400414486173,171.428727178173,167.84285427810815,170.87400817871094,37638900,0.0022659819614661014
2024-06-03,GOOGL,170.91365318988204,172.88490114362781,169.5466711730528,171.5377197265625,27459100,0.0038842159490835027
2024-06-04,GOOGL,171.6466681505934,172.21130260761575,170.26977084192941,172.15185546875,26879600,0.0035801790018339386
2024-06-05,GOOGL,173.54857984342613,174.98490926995618,172.29054650027606,173.75660705566406,22068500,0.009321721119673665
2024-06-06,GOOGL,174.24198485952465,175.48020253224715,174.09340478478268,175.0641632080078,23251000,0.007525216879521901
2024-06-07,GOOGL,175.3811193801314,176.19338215245025,172.65704104078017,172.81553649902344,19661400,-0.012844586052215612
2024-06-10,GOOGL,173.51964913718612,175.59232118793005,171.32796149412926,173.55931091308594,23726700,0.004303863119776263
2024-06-11,GOOGL,174.75928180816368,175.37413767386394,172.32959332705445,175.1559600830078,21540600,0.00919944404896511
2024-06-12,GOOGL,176.77246257931822,178.9145616902939,174.65020192278865,176.31626892089844,27864700,0.006624432519114709
2024-06-13,GOOGL,174.65023711390452,175.27501993023967,173.43043673505449,173.70811462402344,20913300,-0.014792476683164746
2024-06-14,GOOGL,172.77586542867536,175.59232060979843,172.70643840569585,175.32455444335938,18063600,0.009305494005473314
2024-06-17,GOOGL,174.00556912200736,176.8815241493602,173.3609480763561,175.77081298828125,19618500,0.0025453282704108737
2024-06-18,GOOGL,175.67166697323572,175.91959469647514,172.6568725168595,173.63865661621094,21869900,-0.01213032093224975
2024-06-20,GOOGL,173.9163544591219,175.82043777672718,173.53951456642366,174.83865356445312,20160100,0.006910885926136201
2024-06-21,GOOGL,175.53281739605538,179.35091015505034,175.1460507765767,178.14102172851562,57759000,0.018888089657159934
2024-06-24,GOOGL,178.6666620795739,179.3906068915221,177.18900720317225,177.7344512939453,18298000,-0.00228229540071867
2024-06-25,GOOGL,178.13111351754267,182.76240177371028,177.93277435676467,182.5045623779297,23130200,0.02683841567719103
2024-06-26,GOOGL,181.1161658230566,182.98057201802297,180.96740010923583,182.35580444335938,19839000,-0.0008150915935036807
2024-06-27,GOOGL,182.6532926987184,184.50780223360667,182.49463046708553,183.87310791015625,18848900,0.008320565783076939
2024-06-28,GOOGL,182.7921318348739,183.5954151173879,180.45169387070354,180.64010620117188,29156600,-0.017582787095566377
2024-07-01,GOOGL,181.5128520869906,182.3558124386787,179.79719639831535,181.4731903076172,16006100,0.004611844644940355
2024-07-02,GOOGL,180.54095368507097,184.0317799288088,180.05500994673656,183.7045135498047,17372500,0.012295608174436978
2024-07-03,GOOGL,183.31777853011567,184.54749044604264,182.47481815419735,184.2797393798828,10242100,0.0031312558355958142
2024-07-05,GOOGL,184.3193809047392,189.2779352009688,184.25988067435352,189.0200958251953,20967500,0.02572369844489808
2024-07-08,GOOGL,188.32590319025596,188.59366938357218,186.2234808204011,187.46311950683594,21035900,-0.008237094111936405
2024-07-09,GOOGL,188.73249043692135,189.77378986137018,187.1556738088654,187.41351318359375,15121400,-0.0002646191068018666
2024-07-10,GOOGL,187.58210403384115,190.16055833537922,187.4631035723971,189.59527587890625,15952500,0.01164143747294899
2024-07-11,GOOGL,188.27630515494232,189.2779276351132,183.54584030838046,184.0317840576172,25625800,-0.029344042437230544
2024-07-12,GOOGL,183.54583084950815,185.5590024989749,182.96072512784755,183.53591918945312,22898400,-0.002694452323566132
2024-07-15,GOOGL,183.38717059216182,186.67965791404401,183.38717059216182,184.98382568359375,16474000,0.007888954383071134
2024-07-16,GOOGL,185.80694986210247,187.11600034630766,181.8500180292527,182.3954620361328,18290700,-0.01399237818709731
2024-07-17,GOOGL,181.45334926969147,182.028543422423,178.40878946455692,179.51951599121094,20734100,-0.015767640339386046
2024-07-18,GOOGL,180.4219775847006,180.98726012641205,175.00724392021726,176.21713256835938,25315700,-0.018395679180715052
2024-07-19,GOOGL,177.39723581965455,178.79553657132692,175.661741889588,176.18734741210938,18881900,-0.00016902531448492741
2024-07-22,GOOGL,179.09305874265243,181.18556924112812,178.73604223141416,180.1641082763672,24100300,0.022571205723167065
2024-07-23,GOOGL,180.54098136257284,182.08804802244904,180.03519909370766,180.2831268310547,36352700,0.0006606119044805236
2024-07-24,GOOGL,172.16101164978593,174.72953914992098,170.3957675264856,171.1990509033203,49585200,-0.05038783211391251
2024-07-25,GOOGL,171.08995705046257,171.98249074674055,165.8041364976538,165.8933868408203,44852000,-0.030991200211128667
2024-07-26,GOOGL,165.76448851293733,166.6966992792573,162.70010513776054,165.61573791503906,41336900,-0.0016736587941728054
2024-07-29,GOOGL,167.4305308304377,169.0172589803579,166.59749741680673,168.12472534179688,20293800,0.015149450519279295
2024-07-30,GOOGL,168.8288597911077,169.8106438435088,167.04377724268764,168.87843322753906,18959700,0.004483028205458206
2024-07-31,GOOGL,171.80399306020445,172.80561557083252,168.600756120216,170.11807250976562,25729100,0.007340423869022672
2024-08-01,GOOGL,168.83879157195824,172.60729626052532,167.48015239401155,169.3445587158203,24531400,-0.004546923101899747
2024-08-02,GOOGL,165.06034109925932,167.11317450097033,163.30500881931417,165.2785186767578,29130100,-0.024010455782555007
2024-08-05,GOOGL,154.21104625180902,163.06701740006122,153.64576377052947,157.92996215820312,53630700,-0.04446165525555423
2024-08-06,GOOGL,158.00930840033058,159.23903543312898,155.11351422532948,156.97792053222656,49004600,-0.006028252099641973
2024-08-07,GOOGL,159.91337776437143,161.62903333217733,157.15642275675472,157.62252807617188,25138600,0.004106358026401358
2024-08-08,GOOGL,159.17950020545774,162.33314852019078,158.88199906168649,160.68690490722656,25578800,0.01944123640482287
2024-08-09,GOOGL,158.68367330409217,162.43233971229074,157.74155087080686,162.31333923339844,28602300,0.010121760246181166
2024-08-12,GOOGL,162.98768499629125,163.53311386044192,160.4984810667238,160.9447479248047,15895300,-0.008431785798120872
2024-08-13,GOOGL,162.05548742905071,163.36453799371506,161.6191321967266,162.7992706298828,18551700,0.011522728942634286
2024-08-14,GOOGL,161.05382104216667,161.86703112721244,156.40271029840184,159.0406494140625,40591100,-0.023087457341042894
2024-08-15,GOOGL,159.1695951936991,160.30014498417518,158.28697312159332,159.9629669189453,31524300,0.005799256405710107
2024-08-16,GOOGL,160.13156765499573,163.69180631924374,159.79438956512277,161.60922241210938,24208600,0.010291478864594028
2024-08-19,GOOGL,163.9099897487635,165.30830586389538,162.8984403109757,165.28846740722656,22416200,0.0227663059087988
2024-08-20,GOOGL,165.51652689777598,167.24210914189632,165.43720334999875,165.79420471191406,18341500,0.0030597252949384757
2024-08-21,GOOGL,163.78105573886796,165.46697644323723,163.3050387245666,164.4752655029297,22902000,-0.00795527932521034
2024-08-22,GOOGL,165.87358782292583,166.20085429131578,161.95633212991692,162.44227600097656,22493300,-0.012360457335251485
2024-08-23,GOOGL,163.35461289180427,164.80250226287146,162.4719908380613,164.2471466064453,13955700,0.011110842878475191
2024-08-26,GOOGL,165.00087721050534,166.16117723782313,163.09679395037034,164.78269958496094,14190400,0.0032606531655545723
2024-08-27,GOOGL,164.46532966550507,165.06036224989415,163.0967789331017,163.31494140625,11821900,-0.008907234693980581
2024-08-28,GOOGL,163.67192524776766,164.22729594404223,160.1910261814006,161.50009155273438,16407400,-0.011112576950330189
2024-08-29,GOOGL,162.94803833728415,164.59428229317595,158.92169394158728,160.4390106201172,19699800,-0.006570156848924813
2024-08-30,GOOGL,161.27198599902732,162.30337358069983,160.3497023297915,162.02569580078125,22123800,0.009889647003751278
2024-09-03,GOOGL,160.37946246944418,160.50838970829213,155.18289273170538,156.05560302734375,38945300,-0.03684658006825059
2024-09-04,GOOGL,155.3614183931521,157.68201804584697,154.66722385588943,155.1531524658203,19353800,-0.00578287830758184
2024-09-05,GOOGL,155.00441956460497,158.12830290448517,154.6870648072252,155.93663024902344,18688700,0.005049705859993647
2024-09-06,GOOGL,155.99611079160965,156.52171630140364,149.3020629377333,149.6689910888672,37912100,-0.04019350136107935
2024-09-09,GOOGL,151.44650905863844,152.3303022884686,146.19340404923173,147.6730194091797,39260500,-0.013335906557306654
2024-09-10,GOOGL,149.4008786095233,150.21516785637962,147.30559146131813,147.6233673095703,31118800,-0.0003362300019870146
2024-09-11,GOOGL,148.87455276055175,150.4435366775209,146.49129487413873,150.1059112548828,29607700,0.016816741079388464
2024-09-12,GOOGL,152.72751965051293,153.74041119456226,151.58552977811232,153.61131286621094,29621500,0.02335285520751995
2024-09-13,GOOGL,154.3461563209122,157.27559765598852,154.12770435368589,156.3620147705078,29591200,0.017906896653455684
2024-09-16,GOOGL,156.21305455425028,157.14650223678444,155.50801396162132,156.95782470703125,18379800,0.0038104519016202154
2024-09-17,GOOGL,157.91110386382212,159.4304334428549,157.27556740692205,158.20901489257812,20715600,0.00797150564415805
2024-09-18,GOOGL,158.74525678494552,159.38079329854523,157.49404853540457,158.6956024169922,23677300,0.0030755992301985113
2024-09-19,GOOGL,162.5684282858201,162.64785709776754,160.214944405528,161.00936889648438,26587700,0.014579902935258904
2024-09-20,GOOGL,162.35989574326507,162.58828768421088,160.92993460407996,162.4492645263672,40896400,0.008942930711122399
2024-09-23,GOOGL,163.20395671072333,164.33600662936618,160.5426370715715,160.7213897705078,24150900,-0.010636396298235762
2024-09-24,GOOGL,161.89315521075918,162.08183272389985,159.5694761752488,161.15830993652344,23332100,0.002718494200675492
2024-09-25,GOOGL,160.3440420812531,161.67469438550233,160.17522933988297,160.36390686035156,18869200,-0.004929333625332544
2024-09-26,GOOGL,162.498918721295,162.93585297471674,161.14840155271324,161.5952606201172,20319300,0.007678496887943309
2024-09-27,GOOGL,161.6746974446782,164.54454440704646,161.4959598865702,162.80674743652344,21101300,0.007497044231106864
2024-09-30,GOOGL,162.1811552014193,164.99140790109868,162.12156086139018,164.69351196289062,20413900,0.011588982373736068
2024-10-01,GOOGL,166.52066197521472,167.98041254359694,163.43234810534034,165.82554626464844,28338100,0.006873581650337801
2024-10-02,GOOGL,165.25949215405066,166.35182752259695,163.58127470254956,164.70339965820312,17760200,-0.006767030965508902
2024-10-03,GOOGL,163.26351405594417,165.47795922775992,162.77692554588552,164.70339965820312,15073100,0.0
2024-10-04,GOOGL,166.88807682048628,167.05688955338184,164.32606593132192,165.89505004882812,19047400,0.007235129287543218
2024-10-07,GOOGL,166.55045841132394,167.30515333490106,161.6151139348849,161.843505859375,22463100,-0.024422333205605717
2024-10-08,GOOGL,162.7968151755234,163.58129967642142,161.73426923186602,163.23374938964844,23072700,0.00859004828702492
2024-10-09,GOOGL,162.3102630820104,163.6905700311082,158.62614133010592,160.73135375976562,31181800,-0.015330136318252752
2024-10-10,GOOGL,159.74821424684626,161.93288529839,159.28149044514248,160.9497833251953,14144100,0.0013589729714849064
2024-10-11,GOOGL,160.99943947811877,162.7570859994371,160.11564623470997,162.10169982910156,15344300,0.007156993194447736
2024-10-14,GOOGL,162.49892012877203,165.07085614450466,162.2605882196447,163.80972290039062,19016100,0.010536737573324517
2024-10-15,GOOGL,164.63391416283739,166.51073429604153,163.4820145370709,164.3062286376953,20247200,0.0030309906427630207
2024-10-16,GOOGL,163.38268908336363,164.6438372917239,162.59820462214802,164.00830078125,16406000,-0.0018132474886406458
2024-10-17,GOOGL,164.57433190772997,165.2098684713458,161.62504101734748,161.79385375976562,21453400,-0.013502042341368758
2024-10-18,GOOGL,162.0520493579974,163.5614543687219,161.94281580158204,162.2804412841797,19757700,0.00300745370177391
2024-10-21,GOOGL,161.8137182306033,163.35291284104187,161.48601755980903,162.92591857910156,20946500,0.003977542147494795
2024-10-22,GOOGL,161.8434924612248,164.61404552751452,161.8434924612248,163.98843383789062,16568100,0.006521462441675396
2024-10-23,GOOGL,163.61108623567196,164.66370734673023,160.80081863998697,161.6448974609375,18280500,-0.01429086382561473
2024-10-24,GOOGL,161.69456070594023,162.1910741214277,159.88724460042005,161.5853271484375,22412500,-0.00036852578358925747
2024-10-25,GOOGL,162.52870467092262,164.43531442750802,162.28044795544452,164.1175537109375,19828900,0.01567114172547246
2024-10-28,GOOGL,167.57330822113016,167.57330822113016,162.80677553458452,165.55746459960938,32138600,0.008773655566472804
2024-10-29,GOOGL,166.56039624660548,169.19192660016526,165.92485964222502,168.49679565429688,42169000,0.017754143926980825
2024-10-30,GOOGL,179.42008224519654,180.75074972710868,172.84624941070035,173.24346923828125,68890800,0.028170705357050574
2024-10-31,GOOGL,171.92274281377416,175.58701430239046,169.80759078159048,169.9168243408203,44769000,-0.01920213738553933
2024-11-01,GOOGL,168.88407180529182,171.11838206105315,167.70236751230738,170.09555053710938,31796500,0.0010518452012178159
2024-11-04,GOOGL,168.74505131099085,169.53947584954412,166.8384415098956,168.05987548828125,21492700,-0.0119678324471163
2024-11-05,GOOGL,168.2485301772737,169.34086576189884,167.66264797842342,168.55638122558594,18242100,0.002954338362218367
2024-11-06,GOOGL,172.58808035816057,175.706184256144,172.2901692540448,175.2791748046875,33695500,0.0398845391092264
2024-11-07,GOOGL,176.172887641411,179.81729416706102,175.95442053394322,179.48959350585938,25352900,0.02402121476132879
2024-11-08,GOOGL,179.39028805337082,179.63854475709948,176.83821701828134,177.10633850097656,22006200,-0.0132779564448956
2024-11-11,GOOGL,177.3347151552712,179.29097902438812,177.22548160894132,179.09237670898438,17450400,0.011213817782116609
2024-11-12,GOOGL,178.56609468327508,181.2174745432505,178.13908526034365,180.35353088378906,25134900,0.007041919918534534
2024-11-13,GOOGL,179.2016134734521,179.69812684707063,177.29498878465753,177.63262939453125,23184000,-0.015086488608925697
2024-11-14,GOOGL,177.03680576065332,177.57304868487938,173.1044283607948,174.3556365966797,31007500,-0.018448146655382747
2024-11-15,GOOGL,172.51857521887237,172.9257199224995,170.02608292176993,171.2872314453125,32504600,-0.017598542904953773
2024-11-18,GOOGL,172.21071091338408,174.21662935117394,171.69433271949634,174.07760620117188,20135300,0.016290617416805375
2024-11-19,GOOGL,172.50863268758198,177.6227151144133,172.34974474847573,176.87794494628906,23434900,0.01608672595072913
2024-11-20,GOOGL,176.10335508154355,176.44098053014173,172.56818237884448,174.75283813476562,18997100,-0.012014538116489004
2024-11-21,GOOGL,172.68737314674925,172.91578024518503,162.5585017211108,166.4611053466797,59734400,-0.047448344053168
2024-11-22,GOOGL,164.69347931190484,165.2992261868159,162.75706518312745,163.61106872558594,38604600,-0.01712133663391291
2024-11-25,GOOGL,164.93183746085825,167.45413432230188,164.4551887820581,166.48095703125,33135300,0.017540917787643995
2024-11-26,GOOGL,166.4611039634079,168.63583529706082,166.41144958796977,167.94070434570312,20486700,0.008768253982220475
2024-11-27,GOOGL,167.82151959076907,168.2981681848086,166.8483576251592,168.04991149902344,19266500,0.000650272093033033
2024-11-29,GOOGL,167.3250068391348,168.2485144405321,165.99435463496883,167.77186584472656,14257200,-0.0016545421048822506
2024-12-02,GOOGL,167.59314004161567,170.88005637942206,167.3945377088188,170.29417419433594,23789100,0.015034155678663064
2024-12-03,GOOGL,170.29415047106568,171.47583948992414,169.65861400321873,170.1451873779297,22248700,-0.0008748791149850721
2024-12-04,GOOGL,169.95652067469916,173.6903109186826,169.8671519045746,173.15406799316406,31615100,0.0176841946669406
2024-12-05,GOOGL,174.13720700852932,174.8323228448496,171.1283365544375,171.43617248535156,21356200,-0.009921196352605022
2024-12-06,GOOGL,170.83040986678466,173.85914482652376,170.66159711852214,173.49172973632812,21462400,0.011990218990407087
2024-12-09,GOOGL,172.94491881984126,175.23148577080642,172.63671498294693,174.3466796875,25389600,0.004927900323959067
2024-12-10,GOOGL,181.78303836763482,185.27255132802884,179.99353870727217,184.08949279785156,54813000,0.055881839148383294
2024-12-11,GOOGL,184.22870587804087,194.46860797595772,183.7713984925761,194.25982666015625,67894100,0.055246683054707146
2024-12-12,GOOGL,193.86217496876662,194.04111738725587,190.59137879398537,190.8399200439453,34817500,-0.017604806279343688
2024-12-13,GOOGL,189.89543056387427,191.60539539173107,188.53342951612586,188.71238708496094,25143500,-0.011148259538646066
2024-12-16,GOOGL,191.74458805351563,197.83882401959605,191.4960468173101,195.51248168945312,44934900,0.036034171945642735
2024-12-17,GOOGL,196.09903250515634,200.2446984442106,193.84227386580446,194.2797088623047,43504000,-0.006305340797149395
2024-12-18,GOOGL,194.0808868210915,195.8504992556076,186.64453708673446,187.30067443847656,34166100,-0.03592261108839989
2024-12-19,GOOGL,190.5118237091531,191.90364849444197,187.28078779996244,187.41001892089844,32265200,0.0005837911836126253
2024-12-20,GOOGL,184.69595286927182,191.76446587529261,184.13922295556452,190.29310607910156,63462900,0.015383847538161799
2024-12-23,GOOGL,191.49604252749893,193.96158245764806,189.04045395521715,193.49432373046875,25675000,0.016822562400324204
2024-12-24,GOOGL,193.703074128042,194.96566772460938,192.64926182293522,194.96566772460938,10403300,0.007604067994212427
2024-12-26,GOOGL,194.0112928154141,195.60196287620988,193.2457966910566,194.45867919921875,12046600,-0.002600398989768604
2024-12-27,GOOGL,193.81244697780068,194.18029831146464,189.53753481304466,191.63522338867188,18891400,-0.014519566944370288
2024-12-30,GOOGL,188.69249985736334,191.42645331502607,188.01645984137915,190.1240997314453,14264700,-0.00788541704654011
2024-12-31,GOOGL,189.96501622432825,190.83988612300436,187.4100053473998,188.19540405273438,17466900,-0.010144404004727825
2025-01-02,GOOGL,189.53752836365504,190.87965701997763,186.4059150585719,188.32464599609375,20370800,0.0006867433559809566
2025-01-03,GOOGL,190.2533357330172,192.08261071335764,188.87144710211905,190.67088317871094,18596200,0.012458471222432932
2025-01-06,GOOGL,192.8481012552134,197.06336585299624,192.71887013485082,195.7212371826172,29563600,0.026487284894845198
2025-01-07,GOOGL,195.9598465030939,199.82714740579908,193.46449803391354,194.34930419921875,26487200,-0.007009627586394007
2025-01-08,GOOGL,191.44634580773328,195.14462535167834,191.2574520458894,192.8182830810547,24864800,-0.007877677383370973
2025-01-10,GOOGL,193.16624068951896,195.37328795351274,189.19951732698908,190.91941833496094,26665200,-0.009847949664065436
2025-01-13,GOOGL,188.96091407425016,190.06442245830834,186.2667207451249,189.89541625976562,21823700,-0.005363530248131854
2025-01-14,GOOGL,190.12409653498483,190.8597688353095,187.21118555715896,188.55331420898438,17174900,-0.007067585290975842
2025-01-15,GOOGL,191.96331352397246,195.21423727602792,190.74049483860904,194.40896606445312,21776000,0.031055682473863033
2025-01-16,GOOGL,193.00718142531574,194.33935880818177,191.6849402307685,191.78436279296875,17815400,-0.01350042297233467
2025-01-17,GOOGL,195.3832294332928,196.07914183949293,192.61945218456034,194.8563232421875,27735100,0.016017783746712144
2025-01-21,GOOGL,197.9084311961374,201.10962849733662,196.71542107622028,196.89437866210938,29971300,0.01045927268877378
2025-01-22,GOOGL,197.89845481899934,199.31016710135967,196.37738379513036,197.2124786376953,26200600,0.0016155868834215603
2025-01-23,GOOGL,196.98382282439977,199.13122254170912,194.06097573746507,196.8247528076172,26951400,-0.001966030916281003
2025-01-24,GOOGL,196.94408983675294,199.7277396623471,196.8446672702301,199.04177856445312,23877500,0.011263958039886113
2025-01-27,GOOGL,191.28727038356462,195.73118866143682,189.61706547784135,190.69076538085938,41728900,-0.04195608200360579
2025-01-28,GOOGL,191.62527696108057,194.3393427841272,189.56734841729389,194.160400390625,24157900,0.018195086704045904
2025-01-29,GOOGL,194.41887879385513,195.64169733166847,192.30130277467072,194.26976013183594,18218300,0.0005632443123877451
2025-01-30,GOOGL,196.84465797279535,200.22481269836635,196.5165817224703,199.69790649414062,24354700,0.027941283082971946
2025-01-31,GOOGL,200.82132655430865,204.2810164474162,200.622496591671,202.8295440673828,32001100,0.015681874828938458
2025-02-03,GOOGL,199.5189590127464,202.5611012223486,198.93240535424198,200.05580139160156,27838300,-0.013675239909131665
2025-02-04,GOOGL,202.20322238534604,205.84186999162728,201.62660485458937,205.17578125,43856400,0.025592758734230614
2025-02-05,GOOGL,189.9550998506434,191.62528964623422,186.93282997802248,190.2135772705078,70373900,-0.07292383091385057
2025-02-06,GOOGL,188.39424233982533,190.97907706252056,187.61879495696715,190.48199462890625,29297400,0.0014111366930276148
2025-02-07,GOOGL,189.93521824759102,190.0644493766904,182.17079235327273,184.25852966308594,49315000,-0.03267219548989264
2025-02-10,GOOGL,186.25682810575992,187.10185929604575,184.7755167207816,185.3819580078125,23105600,0.0060970221936575975
2025-02-11,GOOGL,183.95034637836022,185.84920514475974,183.2047226379184,184.23866271972656,21239500,-0.00616724140996372
2025-02-12,GOOGL,182.1508962864482,184.02986736226762,180.76900766634557,182.5386199951172,22072600,-0.009227393965595465
2025-02-13,GOOGL,183.24450631094155,185.19306128212108,182.07138368278873,185.0538787841797,21402500,0.01377932400896742
2025-02-14,GOOGL,183.98017894508905,185.31235645121285,183.24450652785137,184.14918518066406,20448400,-0.004888811893376865
2025-02-18,GOOGL,184.51700109702455,184.8749010476211,180.67952419275377,182.6976776123047,29916700,-0.007882237257446079
2025-02-19,GOOGL,182.99595464619662,184.37784335780142,182.51874453488796,184.18894958496094,19549400,0.00816251192760542
2025-02-20,GOOGL,183.72166776984332,184.22868638349084,181.65380305634184,183.48306274414062,20441500,-0.0038324060287596717
2025-02-21,GOOGL,184.06963495987821,184.25852872808807,178.03506158410121,178.61167907714844,35199200,-0.0265495005050419
2025-02-24,GOOGL,180.92807303443473,182.05146903999804,177.8461558204417,178.2040557861328,29854200,-0.0022821760207492048
2025-02-25,GOOGL,177.00109982499515,177.69702734245087,173.6706567432134,174.39639282226562,41913400,-0.021366870395120863
2025-02-26,GOOGL,174.04847990254257,175.0525811264556,170.57883847040503,171.7221221923828,35431300,-0.015334437751864938
2025-02-27,GOOGL,172.97475539808346,173.5414214994902,166.96005475439284,167.51678466796875,39991000,-0.02448920075482619
2025-02-28,GOOGL,167.6957223580091,169.61446843814767,165.79687899247813,169.28639221191406,48130600,0.010563762595209747
2025-03-03,GOOGL,170.92675052861034,172.35835029914594,164.96176159787956,166.03546142578125,40770500,-0.01920373364719874
2025-03-04,GOOGL,165.2699838540156,172.27883449293637,164.8325488565178,169.92266845703125,45388000,0.023411908503579548
2025-03-05,GOOGL,169.525009408903,172.7659816444027,168.07352192530007,172.0104217529297,30954900,0.012286490759920943
2025-03-06,GOOGL,169.5349424001719,173.78996703932643,169.50511866618623,171.34432983398438,28302000,-0.0038723928013040254
2025-03-07,GOOGL,170.26067003299855,173.94902837231132,169.2764565211612,172.8455047607422,27385800,0.008761159054474055
2025-03-10,GOOGL,167.47084644350338,167.66992058295483,162.922287876859,165.09205627441406,43604000,-0.04485768083503627
2025-03-11,GOOGL,164.13655982614347,165.96792640359425,160.6131542630149,163.2706298828125,39587400,-0.011032792447469464
2025-03-12,GOOGL,165.79871989426576,166.85374592604674,162.76302175465403,166.32623291015625,28372400,0.018714958284517635
2025-03-13,GOOGL,165.26122737644823,165.35081679795445,161.3496672738118,161.99661254882812,31756200,-0.026030892935973826
2025-03-14,GOOGL,162.50424753259463,165.70914654485404,161.68808614528302,164.71383666992188,31995900,0.016773339135562004
2025-03-17,GOOGL,164.25600506871956,165.5200529979304,162.90238288608768,163.51947021484375,31184300,-0.007251160432086623
2025-03-18,GOOGL,162.91230471538228,163.47963860497418,155.9849568446372,159.9164276123047,42074800,-0.022034333879660473
2025-03-19,GOOGL,161.0013229568774,165.0920472279654,160.24489290497496,163.121337890625,34275600,0.020041157285542788
2025-03-20,GOOGL,160.81222633390425,164.11664727374668,160.20508669307458,162.0364532470703,28138500,-0.006650783138390626
2025-03-21,GOOGL,160.45392574948156,163.4697137211131,160.1354192715889,163.22088623046875,36625800,0.0073096698900982915
2025-03-24,GOOGL,166.28644543898992,167.53058291242263,164.36548928265282,166.89356994628906,30879100,0.02250130973210407
2025-03-25,GOOGL,168.18744894685983,169.8297192603936,167.5305560086689,169.76004028320312,24174400,0.017175439040800544
2025-03-26,GOOGL,168.20739741593428,168.81453715019092,164.06690398845396,164.28587341308594,28901600,-0.03224649841614602
2025-03-27,GOOGL,163.85787020298363,164.6441583248392,161.24020036188836,161.4790802001953,24508300,-0.01708481170400533
2025-03-28,GOOGL,159.73729883034673,161.0610628820661,152.9094719877664,153.60618591308594,48669300,-0.04875488687047802
2025-03-31,GOOGL,152.3918806247014,154.8104760939089,149.9533747075238,153.91470336914062,54603500,0.002008496299942264
2025-04-01,GOOGL,152.89949705290155,157.35849619606978,152.89949705290155,156.3333282470703,30672900,0.015714059962997684
2025-04-02,GOOGL,154.42231653657922,157.6670363544579,153.97443014331054,156.30345153808594,25041700,-0.000191109018910951
2025-04-03,GOOGL,150.40127754802887,152.06344323592336,149.68465321481136,150.0131072998047,46883400,-0.040244435912206944
2025-04-04,GOOGL,147.31578384373537,150.36144429569765,144.69812964913294,144.91709899902344,62259500,-0.033970420268655266
2025-04-07,GOOGL,140.88612829073566,152.13313390933345,139.87090787612016,146.06173706054688,76794100,0.007898571455195569
2025-04-08,GOOGL,150.5107721866655,151.5259925903324,142.35918124819136,144.02134704589844,52200200,-0.013969367034178393
2025-04-09,GOOGL,143.74263667980892,158.80167851894325,143.23503415914513,157.9656219482422,70406200,0.0968208893220519
2025-04-10,GOOGL,155.80579483834862,156.98026834062628,149.2267962236283,152.10325622558594,48022000,-0.03711165537383232
2025-04-11,GOOGL,152.1828952060654,156.93052822964722,152.10328376963045,156.40301513671875,33636200,0.028268684167785274
2025-04-14,GOOGL,159.24959030436233,160.96152461511218,156.82103162226488,158.32395935058594,30333000,0.012282015229617027
2025-04-15,GOOGL,158.38367026397722,158.90122048049952,154.48205725338974,155.57688903808594,27551500,-0.01735094501026846
2025-04-16,GOOGL,152.3819685702938,155.15887681516588,150.7994141124721,152.6108856201172,28187400,-0.01906455024462317
2025-04-17,GOOGL,153.5663283495849,153.9544985286828,147.80349181571307,150.45101928710938,33046600,-0.014152767177986303
2025-04-21,GOOGL,148.18173331794077,148.25139710913984,145.41477318745027,146.97740173339844,26049100,-0.02308802938105825
2025-04-22,GOOGL,148.191681312594,151.47620681854735,147.84331679407512,150.75958251953125,26971800,0.02573307693242044
2025-04-23,GOOGL,154.88018931651595,156.79118268922488,153.08862828359344,154.6214141845703,31128800,0.025615828861417445
2025-04-24,GOOGL,155.41763415068155,158.84150262211006,155.0593219807129,158.532958984375,45894000,0.025297561922021483
2025-04-25,GOOGL,164.29580798857202,165.32097594255075,160.2846952290497,161.2003936767578,56034000,0.016825742164099156
2025-04-28,GOOGL,161.66817604969367,162.38480037619334,157.85615258510526,159.85671997070312,29745800,-0.008335424470172548
2025-04-29,GOOGL,159.56808195579998,159.98611026905985,156.78121134684457,159.40882873535156,26809000,-0.002801829259562183
2025-04-30,GOOGL,157.2390449367046,158.52300314058715,154.67114371616248,158.05520629882812,34981100,-0.008491514850602844
2025-05-01,GOOGL,159.69746807136784,161.19043289943403,158.16469753026496,160.54348754882812,30203200,0.015743114752547305
2025-05-02,GOOGL,162.64359387625743,164.19627488526416,161.11080813038504,163.26068115234375,25715000,0.016924969333864892
2025-05-05,GOOGL,162.23551815903613,164.61430827792813,161.95683259435438,163.43984985351562,21341800,0.0010974393828768747
2025-05-06,GOOGL,161.40940569190968,164.02707560554774,160.43400623609975,162.4644317626953,21277200,-0.005968055475421341
2025-05-07,GOOGL,163.31046231573168,164.22614566911673,147.1466228745946,150.67002868652344,127490100,-0.07259683210783907
2025-05-08,GOOGL,154.27303609354425,155.19866702023802,152.1828792070647,153.55641174316406,57498700,0.019156982193491823
2025-05-09,GOOGL,153.4469074051699,154.3227848740212,151.48614591790542,152.0335693359375,32435300,-0.009917152855679179
2025-05-12,GOOGL,156.75136032378487,158.35380985703912,155.5171705905775,157.71681213378906,44138800,0.037381499511425
2025-05-13,GOOGL,158.0452492784777,159.81691483841985,155.42759461947415,158.7817840576172,42382100,0.006752431205144571
2025-05-14,GOOGL,159.209775932056,166.21675084206151,158.86141139731794,164.59439086914062,48755900,0.03660751669986406
2025-05-15,GOOGL,165.06219714400765,165.43047214987737,161.6084704301294,163.19102478027344,33146700,-0.008526208465894358
2025-05-16,GOOGL,166.9433081258995,168.5557203255822,164.84320384513654,165.41053771972656,42846900,0.013600704710577949
2025-05-19,GOOGL,163.73841809182645,165.85843293399518,163.44978491746534,165.75889587402344,30426100,0.002106021533447411
2025-05-20,GOOGL,165.6494131078347,167.70971181285083,162.13597050857302,163.21090698242188,46607700,-0.015371656997148597
2025-05-21,GOOGL,162.92227037071072,172.32794533461094,162.7928752314158,167.76942443847656,73416000,0.027930225622394556
2025-05-22,GOOGL,171.0440028391721,175.94092545127197,169.90935022401754,170.06858825683594,74864400,0.01370430771908926
2025-05-23,GOOGL,168.26708452621156,169.1628725233235,167.10257379846712,167.6798553466797,35211400,-0.014045703175643465
2025-05-27,GOOGL,169.36194132235366,172.35781874405163,169.20268808863054,172.08908081054688,37995700,0.026295498971841802
2025-05-28,GOOGL,172.34785613681433,174.4479605139837,171.10371883250124,171.55160522460938,34784000,-0.0031232404950155557
2025-05-29,GOOGL,173.1839175950813,173.60194591853366,169.82972818892713,171.053955078125,29317300,-0.002900877236519106
2025-05-30,GOOGL,170.5463542897915,171.4023213954702,166.65468900773928,170.9345245361328,52639900,-0.000698203920146967
2025-06-02,GOOGL,167.0528072022302,169.07328505076367,166.6049207920985,168.2372283935547,38612300,-0.015779703660789512
2025-06-03,GOOGL,166.70444231356663,167.68978928654823,164.50480099371782,165.40057373046875,45084900,-0.016861040152481577
2025-06-04,GOOGL,165.9579872104258,167.43104169003885,165.57976456796413,167.2618408203125,26900800,0.011253087264841088
2025-06-05,GOOGL,169.54108125937032,170.12831044344654,166.80397909025658,167.42108154296875,36379100,0.0009520445421100643
2025-06-06,GOOGL,170.0287933558417,173.68157889465496,170.0287933558417,172.86541748046875,35731800,0.03251881953768598
2025-06-09,GOOGL,173.93168685751374,175.85496833236684,173.76228116584014,175.47628784179688,28935900,0.015103485702240738
2025-06-10,GOOGL,175.58590961128442,180.47880106496282,174.30041217393423,177.97755432128906,61766100,0.014254156560157272
2025-06-11,GOOGL,179.1434824964821,179.74138229531295,176.1340033305199,176.73191833496094,31646800,-0.0069988375280147785
2025-06-12,GOOGL,175.56596932852466,176.10409583310096,174.14096047000893,175.087646484375,20941900,-0.009303762818154593
2025-06-13,GOOGL,171.83900983498697,176.51266655178486,171.7891810552309,174.0612335205078,27663100,-0.005862280888896287
2025-06-16,GOOGL,174.12103189678987,176.32333636040028,174.04130888575864,176.1539306640625,27389200,0.01202276406542957
2025-06-17,GOOGL,175.0876480323832,176.74186625647056,173.9715563176299,175.33677673339844,24973000,-0.004638862883068029
2025-06-18,GOOGL,175.39656976170295,175.94465595934807,172.596365522182,172.71595764160156,28707500,-0.014947343852350303
2025-06-20,GOOGL,173.3437557670882,173.7323959518227,164.88335439041927,166.05923461914062,75659900,-0.03854144754982125
2025-06-23,GOOGL,165.69052617853575,166.7567891470348,161.43540356766906,164.61428833007812,57671000,-0.00870139075599441
2025-06-24,GOOGL,166.3382528798913,167.63372519441324,165.55101285806253,166.18878173828125,40524300,0.00956474328064405
2025-06-25,GOOGL,167.04577098702603,171.7592814568519,166.96604798303133,170.0851287841797,35479000,0.023445307229187806
2025-06-26,GOOGL,171.8290485705118,173.08466701517526,169.34773632150527,172.9351806640625,31796700,0.016756620054062532
2025-06-27,GOOGL,172.93517666884486,178.057262279745,171.13148726193396,177.9077911376953,108140200,0.028754186710524987
2025-06-30,GOOGL,180.14995998416325,180.59838864201382,173.97157072832883,175.61581420898438,63378900,-0.01288294859968786
2025-07-01,GOOGL,175.12751523681553,175.47628629108172,172.92521085330227,175.22715759277344,35904500,-0.00221310716213996
2025-07-02,GOOGL,174.92819320035304,178.23662948182692,174.4598452552033,178.01739501953125,29128900,0.015923544415656687
2025-07-03,GOOGL,177.8778878701253,179.0438083356934,176.43294448317042,178.904296875,21689700,0.004982107818011006
2025-07-07,GOOGL,178.43593621915562,178.67510524325024,175.0677113564662,176.17384338378906,34175600,-0.015262090061026856
2025-07-08,GOOGL,177.2301614259221,177.3298037815242,172.20771837081963,173.7523193359375,40442500,-0.01374508270547492
2025-07-09,GOOGL,174.63920474769347,178.8146038590092,172.16785249870574,176.00442504882812,43025600,0.012961586478372977
2025-07-10,GOOGL,175.0178914126315,177.8081205641565,173.77224796798342,177.00094604492188,29252400,0.005661908760630885
2025-07-11,GOOGL,176.17385213436023,180.797680390592,175.86493496639972,179.56201171875,34282900,0.014469220255908244
2025-07-14,GOOGL,180.37914463511837,183.02987774300456,179.05377808117527,180.92723083496094,32536600,0.007603050907835085
2025-07-15,GOOGL,182.17288201396957,183.57797163820845,180.96710752938097,181.36570739746094,33448300,0.0024234967863956403
2025-07-16,GOOGL,182.60136914957832,183.68756658300003,181.39557960576295,182.33230590820312,33104200,0.005329554989267571
2025-07-17,GOOGL,181.50518668846405,183.4184930860907,179.8509686385884,182.94017028808594,31992600,0.003333827084865737
2025-07-18,GOOGL,184.75383518149354,185.7702845204503,183.069737966418,184.41502380371094,34014500,0.0080619445871426
2025-07-21,GOOGL,185.60086647203485,189.62677924759166,185.5012089178604,189.4374542236328,45803100,0.027234388589010505
2025-07-22,GOOGL,190.8325874995953,190.98205863993607,186.80667432845317,190.6731414794922,44660200,0.006522930013621364
2025-07-23,GOOGL,190.83261008559217,191.85901925237124,188.52068813729787,189.56703186035156,58681900,-0.005801077228591134
2025-07-24,GOOGL,196.34330659716778,197.26009837341095,190.33432366848066,191.500244140625,74881700,0.010198040562757749
2025-07-25,GOOGL,191.31089919737093,193.65271496353512,190.59340735435927,192.5067138671875,39785900,0.005255709887364013
2025-07-28,GOOGL,192.97507635824056,193.37369138388394,190.17487232763284,191.9088134765625,38139500,-0.0031058677311249783
2025-07-29,GOOGL,191.7593279801271,195.23716996676416,191.41055693747035,195.06776428222656,41389200,0.016460686450181505
2025-07-30,GOOGL,194.91829555746008,196.91132510219643,194.01146346525894,195.8450469970703,32445400,0.003984680491437631
2025-07-31,GOOGL,195.0279201110307,195.30694304131825,190.42401135006776,191.23118591308594,51329200,-0.023558732552748207
2025-08-01,GOOGL,188.371198147092,190.16492789219942,187.16542371122097,188.47085571289062,34832200,-0.014434519071852003
2025-08-04,GOOGL,189.62679933287328,194.5894541087341,189.45739363731957,194.36024475097656,31547400,0.031248274518674624
2025-08-05,GOOGL,194.03140047861146,197.17041596913074,193.21425105621586,193.9915313720703,31602300,-0.001897061713307946
2025-08-06,GOOGL,193.82213079278006,195.94471220658852,192.99502167474958,195.40658569335938,21562900,0.007294412860605837
2025-08-07,GOOGL,196.37320958328212,196.85153244317704,193.65272836026733,195.83509826660156,26321800,0.0021929280004646667
2025-08-08,GOOGL,196.53265828436582,201.9038726725722,196.48282950116197,200.718017578125,39161800,0.02493383134455307
2025-08-11,GOOGL,200.2396805407711,200.77779182670545,198.3762027845806,200.29946899414062,25832400,-0.002085256665219193
2025-08-12,GOOGL,200.66818175308578,203.7872779637538,199.8909014203329,202.63131713867188,30397900,0.011641808918622099
2025-08-13,GOOGL,203.41856930663727,203.81716914109546,196.82163104540848,201.25613403320312,28342900,-0.0067866266917054885
2025-08-14,GOOGL,200.7977432270797,203.7274993328687,200.5286799587332,202.23272705078125,25230400,0.004852488209959427
2025-08-15,GOOGL,203.13954799676898,205.7205176785909,200.57849766290207,203.18936157226562,34931400,0.004730364543045207
2025-08-18,GOOGL,203.4883135252893,204.5545916306713,201.7842817792717,202.79075622558594,18526600,-0.001961743191647991
2025-08-19,GOOGL,202.3223803786228,202.73095505911667,199.26308812547938,200.8674774169922,24240200,-0.00948405560682597
2025-08-20,GOOGL,200.03040999419306,200.57849617106174,195.9148142419443,198.62533569335938,28955500,-0.011162293430798775
2025-08-21,GOOGL,199.0538330078125,201.77431417758274,198.73494097038414,199.0538330078125,19774600,0.0021573144883926254
2025-08-22,GOOGL,202.02344423178036,207.81319287530533,200.59843534470966,205.37173461914062,42827000,0.031739663164789045
2025-08-25,GOOGL,205.71053353164982,209.78629043498435,204.56454764589003,207.76336669921875,29928900,0.011645380921154302
2025-08-26,GOOGL,206.78676588657316,207.1255924506065,204.9830766604532,206.41806030273438,28464100,-0.006475185774362235
2025-08-27,GOOGL,204.9830866269172,208.18190575216585,204.93325784693593,206.7568817138672,23022900,0.0016414329765326308
2025-08-28,GOOGL,206.5276902069273,211.4803699291827,206.17890394821848,210.9023895263672,32339300,0.02005015638723462
2025-08-29,GOOGL,209.77632411753885,213.90189476250458,209.46740696384475,212.16796875,39728400,0.006000781814160527
2025-09-02,GOOGL,207.7135567307211,210.94225509702446,205.48135800383685,210.61341857910156,47523000,-0.007326978620086577
2025-09-03,GOOGL,225.42163672219405,230.50385346488952,224.00657221776532,229.8561248779297,103336100,0.09136505370193682
2025-09-04,GOOGL,228.84962875122605,231.5601503541196,225.32197287992437,231.4904022216797,51684200,0.007110001287187417
2025-09-05,GOOGL,231.3907399385365,234.9383302920627,231.09178244912047,234.1809844970703,46588900,0.011622867512295798
2025-09-08,GOOGL,234.85920568133895,237.512309448077,233.0638717332001,233.4329071044922,32474700,-0.0031944412317879145
2025-09-09,GOOGL,233.56257898038902,239.8462403027557,232.62501483391662,239.0084228515625,38061000,0.023884874742936324
2025-09-10,GOOGL,238.280317666347,241.03316831731985,237.23305340830441,238.54962158203125,35141100,-0.0019196029330572628
2025-09-11,GOOGL,239.25777124796906,241.62161874698785,235.63718236935347,239.74649047851562,30599300,0.00501727434546706
2025-09-12,GOOGL,239.746507229255,241.45207841249842,237.38265956507763,240.17539978027344,26771600,0.0017890118053520698
2025-09-15,GOOGL,244.02536743382055,251.75526430827645,244.02536743382055,250.95733642578125,58383800,0.04489192754700011
2025-09-16,GOOGL,251.42612617048883,252.38362748338088,248.82289569604956,250.50851440429688,34109700,-0.0017884395326976943
2025-09-17,GOOGL,250.56835490468708,250.94737408261642,245.6411664684413,248.8827362060547,34108000,-0.006489911938156068
2025-09-18,GOOGL,251.02713777006548,253.33115844169183,249.1520248167527,251.37623596191406,31239500,0.010018773474890441
2025-09-19,GOOGL,252.5930770553269,255.33594363736893,251.15680993729336,254.05926513671875,55571400,0.01067336044927969
2025-09-22,GOOGL,253.7700196733437,255.11652395864965,249.65074294375358,251.8749542236328,32290500,-0.008597643199158567
2025-09-23,GOOGL,252.38362744671002,253.7002107757565,249.8302703204236,251.00721740722656,26628000,-0.0034451095746336202
2025-09-24,GOOGL,251.00722705371746,251.69543970951247,245.80076590550527,246.4989471435547,28201000,-0.01796071965674917
2025-09-25,GOOGL,243.76602627878,245.8506164364007,240.1155317960277,245.1524200439453,31020400,-0.0054626079146098405
2025-09-26,GOOGL,246.42912138871642,248.77301648715127,245.33196864020064,245.90048217773438,18503200,0.0030514164765536034
2025-09-29,GOOGL,247.20709239615746,250.4985201433971,242.1402679011131,243.4169464111328,32505800,-0.010099759645068485
2025-09-30,GOOGL,242.18018034462705,242.6589310263489,238.6294169517045,242.4694366455078,34724300,-0.003892538213114638
2025-10-01,GOOGL,240.12551089529904,245.66111761710096,237.9910625183314,244.26473999023438,31658200,0.007404245951836419
2025-10-02,GOOGL,244.51409604788847,246.16979380429245,241.67149783253905,245.05270385742188,25483300,0.003225860053395424
2025-10-03,GOOGL,243.85582267520638,245.66112527970623,241.0331615881319,244.71359252929688,30249600,-0.0013838301834135924
2025-10-06,GOOGL,244.14507219866994,250.66811683606912,243.94559401576447,249.78041076660156,28894700,0.02070509522963304
2025-10-07,GOOGL,247.62602723387863,249.7903967365714,244.88316034229135,245.12252807617188,23181300,-0.018647910283012825
2025-10-08,GOOGL,244.3246032710778,245.37186749350337,243.18756093367097,243.9854736328125,21307100,-0.004638718653415808
2025-10-09,GOOGL,243.83586445575082,244.12510552114733,238.52965682972516,240.9034881591797,27892100,-0.012631840034341812
2025-10-10,GOOGL,240.80373872383117,243.45684250665406,235.22824247873842,235.95635986328125,33180300,-0.020535727123343173
2025-10-13,GOOGL,239.58694087972822,243.865806618421,239.08823779870895,243.51670837402344,24995000,0.032041299989213456
2025-10-14,GOOGL,240.60426901896764,246.47899033376285,239.88613541009548,244.81332397460938,22111600,0.0053245447067822305
2025-10-15,GOOGL,246.60865147753682,251.45604559967558,245.3519253048375,250.37884521484375,27007700,0.02273373503482845
2025-10-16,GOOGL,251.1169327071502,256.29345747170413,249.45126638195018,250.8077392578125,27997200,0.0017129803542337285
2025-10-17,GOOGL,250.10955476977685,253.5605866634714,247.1672097408255,252.64297485351562,29671600,0.007317300499314561
2025-10-20,GOOGL,254.0293759063695,256.6625123260812,253.5705623788801,255.88453674316406,22350200,0.012830603706784016
2025-10-21,GOOGL,254.07924557223262,254.21888182305858,243.51670298346056,249.8103485107422,47312100,-0.023738004295736914
2025-10-22,GOOGL,253.71019631561148,255.69502480450944,248.64337127106648,251.0371551513672,35029400,0.004910952039972161
2025-10-23,GOOGL,252.3237915100895,254.3784456458486,251.19673296350098,252.4235382080078,19901400,0.005522620967420844
2025-10-24,GOOGL,255.91442564996356,261.00120248797276,254.65771475094738,259.24578857421875,28655100,0.027026997619330917
2025-10-27,GOOGL,264.13309426145156,269.43930209007345,263.59448643744673,268.571533203125,35235200,0.03597259836001698
2025-10-28,GOOGL,268.9904266199372,270.0277373828665,265.80869904433325,266.77618408203125,29738600,-0.006684807952955674
2025-10-29,GOOGL,267.05547147917497,274.6257797911847,266.97569238760303,273.8577880859375,43580300,0.026545113193945147
2025-10-30,GOOGL,290.8336389163956,290.8336389163956,279.3335478851562,280.7498779296875,74876000,0.025166674615757945
2025-10-31,GOOGL,282.47538175038454,285.25815337777135,276.3114191679317,280.46063232421875,39267900,-0.0010302608414355374
2025-11-03,GOOGL,281.44802550171426,284.78934178113053,279.07419428639605,282.9840393066406,29786000,0.00899736608845969
2025-11-04,GOOGL,276.03213953132416,280.5404041676455,275.5434202802167,276.8200988769531,30078400,-0.021781936694345805
2025-11-05,GOOGL,278.1466483880774,285.6770830892533,276.6206181949745,283.5725402832031,31010300,0.024392887054243362
2025-11-06,GOOGL,284.58986519375543,287.60205105478576,280.41076169575746,284.0113830566406,37173600,0.001547550312873236
2025-11-07,GOOGL,282.47536340962876,283.04389217242976,274.47617771869056,278.1067199707031,34479600,-0.02079023390678647
2025-11-10,GOOGL,283.6822445549795,290.0456696400176,282.12626310035637,289.3475036621094,29557300,0.040418957487220686
2025-11-11,GOOGL,287.00361887503476,291.16281590202783,286.5747415369323,290.55438232421875,19842100,0.004171035335831741
2025-11-12,GOOGL,290.9234183741868,291.2525794490294,282.95415298016115,285.96630859375,24829900,-0.01579075728876489
2025-11-13,GOOGL,281.60762197974475,282.1063250073575,276.5208450104115,277.847412109375,29494000,-0.028391094476478584
2025-11-14,GOOGL,270.7059931829425,277.8374407083971,269.99784337488455,275.6930236816406,31647200,-0.007753854575713315
2025-11-17,GOOGL,285.038677928695,293.1874981262189,282.8344192497114,284.2806396484375,52670200,0.031149195768963356
2025-11-18,GOOGL,287.1731753233953,288.05086711584505,277.4783868942568,283.5426025390625,49158700,-0.00259615677763958
2025-11-19,GOOGL,286.4151077996695,303.02191144888764,285.88648384239787,292.0504455566406,68198900,0.030005519246110612
2025-11-20,GOOGL,303.75007371618807,305.625202125324,287.921243180084,288.69921875,62025200,-0.011474821756403353
2025-11-21,GOOGL,295.6511046778972,303.1316497984607,293.0877639113642,298.8826904296875,74137700,0.03527363781509196
2025-11-24,GOOGL,310.322914576409,318.6512602521973,308.79688470774175,317.7535705566406,85165100,0.063138083037942
2025-11-25,GOOGL,325.3638477455269,327.97704695686997,316.8260536395487,322.6010437011719,88632100,0.015255448226874302
2025-11-26,GOOGL,319.8481736259059,323.6582721471574,315.9682798124272,319.1200866699219,51373400,-0.010790284468126021
2025-11-28,GOOGL,322.5312152935296,326.0021995827445,315.9682963529555,319.3494873046875,26018600,0.0007188536364459708
2025-12-01,GOOGL,316.8759202886677,319.02033724928003,313.07580560094704,314.0732116699219,41183000,-0.016521948036608558
2025-12-02,GOOGL,315.9184251730286,317.5541859262309,313.095779063488,314.9908447265625,35854700,0.002921717047313921
2025-12-03,GOOGL,315.07061440214585,320.74582687116515,313.2852490348319,318.8009033203125,41838300,0.012095775663122588
2025-12-04,GOOGL,321.39413892489085,321.52377613363177,313.883673135656,316.79608154296875,31240900,-0.006288632674699257
2025-12-05,GOOGL,318.6612638744486,322.32175763971526,318.3421170569229,320.4366455078125,28851700,0.011491821322764606
2025-12-08,GOOGL,319.4285975207571,319.81785493964355,310.6157547321785,313.11090087890625,33909400,-0.022861756704813718
2025-12-09,GOOGL,311.7635388280278,317.3726229056239,311.2944500995635,316.4643859863281,30194000,0.010710215128277634
2025-12-10,GOOGL,315.2168165746965,320.6861883612462,314.069055340672,319.58831787109375,33428900,0.00987135369128267
2025-12-11,GOOGL,319.45856710455377,320.49655652430846,308.0008744502611,311.82342529296875,42353700,-0.02429654697596606
2025-12-12,GOOGL,313.0909556884665,314.25866704717134,304.96674508462553,308.68951416015625,35940200,-0.01005027486266652
2025-12-15,GOOGL,310.7155693717638,310.81538131016634,304.288070405232,307.62158203125,29151900,-0.003459567234772254
2025-12-16,GOOGL,304.3579426322819,310.16661977978157,302.00250880457793,305.97479248046875,30585000,-0.005353296540208108
2025-12-17,GOOGL,307.4120099511304,307.4918412298865,295.54507970361715,296.1439208984375,43930400,-0.03212967807685918
2025-12-18,GOOGL,301.1342186567393,303.3698600006946,298.6490626821344,301.8727722167969,33518000,0.019344821602210294
2025-12-19,GOOGL,301.1442091965169,306.65348128006514,300.3856749721532,306.56365966796875,59943200,0.015539286358039028
2025-12-22,GOOGL,309.2783702904479,309.52788491338026,304.70724534166345,309.1785583496094,26429900,0.008529708591268559
2025-12-23,GOOGL,309.02884787804055,314.328535898872,308.7194521900694,313.73968505859375,25478700,0.014752403055799279
2025-12-24,GOOGL,314.15886656933606,314.4682622711062,311.3144241794057,313.4801940917969,10097400,-0.0008270900340465737
2025-12-26,GOOGL,313.8694546536391,314.4782557314601,311.67371372407564,312.9013366699219,10899000,-0.0018465518166213002
2025-12-29,GOOGL,310.76548227407176,313.41033130955566,310.0169383701615,312.95123291015625,19621800,0.00015946317380866049
2025-12-30,GOOGL,311.8932765746258,316.3346490163796,311.85334570689247,313.24066162109375,17380900,0.0009248364617262528
2025-12-31,GOOGL,312.24263128978663,313.9692531312569,310.8353650439947,312.392333984375,16377700,-0.002708229615939528
2026-01-02,GOOGL,316.28471875384633,321.87385220157,309.7274673850438,314.5381164550781,32009400,0.0068688704467712025
2026-01-05,GOOGL,317.0432662013207,318.4006111389099,314.01915017003046,315.9254455566406,30195600,0.004410686746643133
2026-01-06,GOOGL,315.7856731700802,320.31686685595974,311.17464821348415,313.72967529296875,31212100,-0.006950279866830833
2026-01-07,GOOGL,313.74965751082357,325.51677583182123,313.58000462136766,321.3548889160156,35104400,0.024305044194261383
2026-01-08,GOOGL,328.3313118537803,329.67869694461876,320.8758135066914,324.80816650390625,31896100,0.010745993625736139
2026-01-09,GOOGL,326.45496079982934,330.1876899539591,325.16745676828174,327.9320983886719,26214200,0.009617775065172474
2026-01-12,GOOGL,325.1674658209474,333.39148904567276,324.36903115835116,331.2156982421875,33923900,0.01001304803540104
2026-01-13,GOOGL,334.2996793666924,339.82890107364614,332.97224461379506,335.31768798828125,33517600,0.012384647732168519
2026-01-14,GOOGL,334.40947336413166,335.8666302231012,329.83837890700147,335.1879577636719,28525600,-0.0003868875077472911
2026-01-15,GOOGL,336.9944821877514,337.0344130603199,330.09789356603824,332.1339416503906,28442400,-0.00911135392111706
2026-01-16,GOOGL,333.7607557246461,334.00028002450074,327.0637915356931,329.35931396484375,40341600,-0.008353942002312653
2026-01-20,GOOGL,320.2470363972373,327.0937337673917,319.80788820634325,321.3748474121094,35361000,-0.024242419188384212
2026-01-21,GOOGL,320.2969541162656,331.83450818795274,318.729994927537,327.7424621582031,35386600,0.01981366867186196
2026-01-22,GOOGL,333.8006666576773,334.49928930997066,328.11172120927307,329.89825439453125,26253600,0.006577701961876237
2026-01-23,GOOGL,331.8444795396569,333.0421619901957,326.814286347386,327.2933349609375,27280000,-0.00789612978818155
2026-01-26,GOOGL,327.1735452193246,335.1879535299186,326.3651202937951,332.61297607421875,26042100,0.016253435511957903
2026-01-27,GOOGL,334.71886692218493,337.2539439848537,332.8325522369338,333.90045166015625,21636200,0.0038707918167637523
2026-01-28,GOOGL,335.40752623810386,336.8846637353836,331.2955302242731,335.3576354980469,27434400,0.004364126585170824
2026-01-29,GOOGL,339.6393000059441,341.62545715973704,325.9060355700189,337.5932922363281,39785600,0.006666485273135514
2026-01-30,GOOGL,339.33989756206086,339.33989756206086,331.64487488391205,337.3437805175781,31024000,-0.0007390896812468073
2026-02-02,GOOGL,335.5672073695487,344.16047585276425,334.97835654941485,343.022705078125,32006100,0.01683423524759764
2026-02-03,GOOGL,346.66563680855586,348.322417578686,336.81480425638233,339.0504455566406,36506700,-0.011580164993975184
2026-02-04,GOOGL,342.2941565134455,342.6434831024425,327.8821884154679,332.3934326171875,70618400,-0.01963428459303118
2026-02-05,GOOGL,311.6138496060838,332.0441098613053,305.8650224655501,330.6069030761719,88205800,-0.005374743799686166
2026-02-06,GOOGL,326.54477434837446,329.7385737476322,319.2988903139048,322.233154296875,56380500,-0.025328414807381017
2026-02-09,GOOGL,320.30690521957837,327.0637807183464,316.6440476026885,323.6903381347656,39640100,0.004522141246049882
2026-02-10,GOOGL,320.3468306795893,321.0454837970353,313.9991629255859,317.9614562988281,39170000,-0.017698649483792517
2026-02-11,GOOGL,318.3507205277581,320.43665913490463,309.0587983421378,310.35626220703125,45406400,-0.0239186037840049
2026-02-12,GOOGL,311.4840826487114,315.62601945223736,306.60359228041904,308.40008544921875,47761300,-0.006303003986133815
2026-02-13,GOOGL,307.1325723003695,308.03081891465297,303.1203573871305,305.12646484375,38499700,-0.010614849865233866
2026-02-17,GOOGL,299.4574878846074,303.8489392958333,295.67483755264817,301.4336242675781,39247600,-0.012102655789175576
2026-02-18,GOOGL,301.5035060024616,304.7871271852118,300.66514046909924,302.7410888671875,28482100,0.004337487573877086
2026-02-19,GOOGL,301.23402488534225,304.87693233204385,299.4574819671566,302.26202392578125,25834400,-0.0015824245833258033
2026-02-20,GOOGL,303.72916224594877,315.885507154404,303.30996428502766,314.36846923828125,53210800,0.040052816279271264
2026-02-23,GOOGL,318.43054299285177,318.8996316925602,309.2683735389658,310.8852233886719,31423000,-0.011080137451600414
2026-02-24,GOOGL,309.91711960911005,311.6637220131571,305.33603467292323,310.29638671875,25615600,-0.0018940645152043523
2026-02-25,GOOGL,311.4541454679639,313.031095017384,308.8392369672335,312.2925109863281,29963600,0.006432960076288019
2026-02-26,GOOGL,312.0330001798944,312.53202939170336,301.762970472535,306.783203125,36431200,-0.01764149849103913
2026-02-27,GOOGL,303.549553083736,311.7635557563691,303.21018636103327,311.1547546386719,44640600,0.014249644273681694
2026-03-02,GOOGL,302.6412753457796,307.8910420913047,300.71499938521333,305.92486572265625,34790200,-0.01680799935738997
2026-03-03,GOOGL,298.01029817831704,303.34991750153205,296.13394323483243,302.9906005859375,35497000,-0.009591456810113863
2026-03-04,GOOGL,302.30194909897057,304.87692658824284,300.1660893213747,302.5414733886719,29536200,-0.0014823139608854952
2026-03-05,GOOGL,302.4516780897468,302.7111526067185,297.41146402777275,300.2958679199219,35752300,-0.007422471516376539
2026-03-06,GOOGL,295.515124433063,299.94650641213514,294.6068875835616,297.9403991699219,25576900,-0.007843826711022572
2026-03-09,GOOGL,293.99527562141907,306.4198649966507,293.71562375842984,305.98040771484375,29312100,0.02698529157952989
2026-03-10,GOOGL,305.79068968096857,309.1265479913924,305.1914269440574,306.65960693359375,23239700,0.0022197474139682427
2026-03-11,GOOGL,306.3699695674413,311.0341973481569,305.54101125974313,308.31756591796875,24125700,0.005406512455140566
2026-03-12,GOOGL,306.43985713507476,308.5572255769297,300.65702241451555,303.17388916015625,24928300,-0.01668304802062759
2026-03-13,GOOGL,306.6296377698095,307.3087879643589,300.0677703977713,301.9054870605469,23693100,-0.004183744527350486
2026-03-16,GOOGL,303.97293465389924,306.11026747244654,302.64456537566065,305.1814270019531,23519700,0.010850879105583244
2026-03-17,GOOGL,305.48103123176395,311.03417054952814,305.1214918945171,310.5347900390625,21955200,0.017541575480853666
2026-03-18,GOOGL,308.88680583632095,312.08285325242963,306.5497087361953,307.30877685546875,20009800,-0.010388572511273009
2026-03-19,GOOGL,303.63335165234247,307.67832164750223,301.9754046785898,306.7494812011719,25075800,-0.0018199794357318666
2026-03-20,GOOGL,305.0815409313132,305.62088043111504,297.9004465638477,300.6270751953125,44364100,-0.019958977540516787
2026-03-23,GOOGL,301.7357168812967,305.60094814101865,300.5571860375472,301.685791015625,29326900,0.0035216915163900353
2026-03-24,GOOGL,298.82932646685043,299.5484356615691,289.97029010977093,290.0801696777344,36864300,-0.0384692341618752
2026-03-25,GOOGL,293.07644958925243,295.6332754793409,288.8816409209488,290.5695495605469,29460700,0.0016870504569690414
2026-03-26,GOOGL,287.55329025783345,287.5932492331535,278.15494535852446,280.57196044921875,39080600,-0.034406871354718094
2026-03-27,GOOGL,276.9364822022131,279.02388928595167,273.6106210828978,274.0001220703125,35890600,-0.02342300480911985
2026-03-30,GOOGL,276.07755917965534,276.74671205405957,271.772870758184,273.1611633300781,35141200,-0.003061891848424425
2026-03-31,GOOGL,277.6955407888773,287.72308014338427,276.74670556560056,287.2037353515625,43875400,0.05140764466768588
2026-04-01,GOOGL,290.47967248402244,300.14767254424095,290.05021252939383,297.0215759277344,37684500,0.0341842370683445
2026-04-02,GOOGL,290.3298713924274,297.71070019384774,289.0914173614996,295.403564453125,21666500,-0.005447454345885783
2026-04-06,GOOGL,295.50342601468935,300.2475409865838,294.8142784540748,299.6183166503906,16945500,0.014267777049570496
2026-04-07,GOOGL,302.3549447988444,305.2513457589993,297.3511421656273,305.08154296875,23205400,0.01823395304878561
2026-04-08,GOOGL,320.0530070056894,321.68096199730417,314.6297110626625,316.9268798828125,33547100,0.03882678971266329
2026-04-09,GOOGL,315.51860784412145,319.1441153425082,310.6746106421415,318.09539794921875,23739200,0.0036870273257929576
2026-04-10,GOOGL,319.62350892085055,321.4312640320202,315.9281112234418,316.8469543457031,19152600,-0.0039247458830414805
2026-04-13,GOOGL,316.74710955552524,321.2315371363443,315.0791651091577,320.91192626953125,18866400,0.012829449259571968
2026-04-14,GOOGL,324.38762340838895,332.8770926852431,323.3489033390031,332.49755859375,27721400,0.03610221801008451
2026-04-15,GOOGL,332.4775916674409,337.0619013824557,330.49003638532656,336.70233154296875,24918800,0.012646026536261568
2026-04-16,GOOGL,338.33029678032364,339.458901613874,334.105526677332,335.6036682128906,20541500,-0.003263010758028928
2026-04-17,GOOGL,337.2316773591919,341.89590508018404,335.8234205588037,341.2566833496094,25581900,0.016844318677508463
2026-04-20,GOOGL,340.3378420577138,340.97703331198585,336.1929591105031,337.0019836425781,18784200,-0.01246774030993092
2026-04-21,GOOGL,337.2716301294484,338.9195798085849,330.9394885663705,331.8783264160156,23123800,-0.015203641151253944
2026-04-22,GOOGL,336.60245884112476,339.3990082413208,334.7547751685775,338.8996276855469,20293000,0.021156251284484062
2026-04-23,GOOGL,340.7572947145818,341.53632713037314,335.7634893621326,338.47015380859375,18650300,-0.0012672598075310626
2026-04-24,GOOGL,338.3103390739037,344.8422143498026,334.97448084779876,343.9732971191406,26426100,0.016258873193466084
2026-04-27,GOOGL,345.55136124882,352.74242256668157,342.3053878156813,349.90594482421875,28576900,0.017247407734162667
2026-04-28,GOOGL,348.11816206941427,351.9833930501032,345.69117996136276,349.3466491699219,27824100,-0.001598417124858642
2026-04-29,GOOGL,347.1394107424554,355.3492283904879,343.78355752060145,349.5064697265625,35376300,0.0004574841551232556
2026-04-30,GOOGL,373.6065555628184,385.3619622201579,365.3667768501622,384.3232421875,72040000,0.0996169612773592
2026-05-01,GOOGL,381.1572209075714,386.2808704617397,378.5804000830116,385.2121887207031,30105200,0.0023130178860466533
2026-05-04,GOOGL,385.15223320621686,386.90006506467324,379.31947226185457,382.7751770019531,26298600,-0.006326413831408972
2026-05-05,GOOGL,385.7515048868787,392.33333678038815,383.5442209432822,387.9487609863281,23878600,0.013515986132895508
2026-05-06,GOOGL,393.7615619135972,399.3546301445318,392.2734176347804,397.546875,31308500,0.024740674488222147
2026-05-07,GOOGL,399.42454979908837,399.6043194807176,392.1934987581594,397.4969177246094,24433500,-0.0001256638613763572
2026-05-08,GOOGL,396.5081562950806,401.5019617899809,395.86893456144384,400.3034362792969,21461800,0.007060478784974844
2026-05-11,GOOGL,393.16228042470647,396.94759333072534,387.9887055115338,388.15850830078125,30753700,-0.03033930483185243
2026-05-12,GOOGL,386.8601198229993,388.0386506028281,382.2957742925754,386.8701171875,26017500,-0.0033192396552670367
2026-05-13,GOOGL,385.1222825184223,403.1998643489371,384.5230197682841,402.1211853027344,28144600,0.03942167522813045
2026-05-14,GOOGL,396.7878070287349,402.43080112559403,395.349588612008,400.5731201171875,21136700,-0.003849747892246569
2026-05-15,GOOGL,395.82900006662373,399.0450119758119,392.69287563304505,396.2884216308594,20309700,-0.010696420381563931
2026-05-18,GOOGL,395.1997907850553,408.10376741205215,394.04122422601415,396.4482421875,26837200,0.00040329353046164584
2026-05-19,GOOGL,396.4681837278221,396.65795076850566,385.63162007935824,387.1797180175781,39545700,-0.02337890090968886
2026-05-20,GOOGL,387.2196997137571,393.37204141137994,382.42562803382646,388.4281921386719,31744400,0.0032245338869663076
2026-05-21,GOOGL,385.22215486500835,392.01371791338363,382.5454520468608,387.1797180175781,24852800,-0.0032141696878892345
2026-05-22,GOOGL,386.87012298265273,388.258385079403,381.29701890681014,382.49554443359375,20442100,-0.01209818946087382
2026-05-26,GOOGL,384.0336125447445,388.7777274266938,382.12597532411496,388.398193359375,27747400,0.015431941657051196
2026-05-27,GOOGL,386.1909390913781,393.39199754996946,385.421873594791,388.3482360839844,23087300,-0.00012862386139989024
2026-05-28,GOOGL,387.5193014898567,391.38450201712897,384.68282366229704,389.64666748046875,24357500,0.003343471852936597
2026-05-29,GOOGL,384.7626974671623,384.7626974671623,377.9910987617443,379.8687744140625,44415800,-0.02509425559733902
2026-06-01,GOOGL,376.05352511273605,378.09100632744554,373.05724175924524,375.9037170410156,28672100,-0.010437966055943604
2026-06-02,GOOGL,366.13582064636165,373.07722234401785,357.99592394061045,361.4017028808594,50412300,-0.038579065603051466
2026-06-03,GOOGL,361.5814692403301,365.9960065843375,357.6363508187865,358.54522705078125,55441600,-0.007903880383817063
2026-06-04,GOOGL,358.4553682250688,372.7875967270043,357.76622059782807,371.7289123535156,44055500,0.03676993669997208
2026-06-05,GOOGL,365.88613605551615,371.6190149899659,363.6688852043904,368.07342529296875,37471200,-0.009833744266495192
2026-06-08,GOOGL,364.9454235864071,365.9647879200631,360.2984165590168,363.0766296386719,27942500,-0.013575540397461894
2026-06-09,GOOGL,366.85420025674074,371.84098522768176,357.0704802123837,364.0260314941406,29535100,0.002614880105099582
2026-06-10,GOOGL,362.95671584537644,368.3232616719084,354.97185779418805,356.1510925292969,32357100,-0.021632900626697316
2026-06-11,GOOGL,355.70134679025995,358.5694982511428,346.13748714351743,357.5401611328125,35538200,0.003900222778065343
2026-06-12,GOOGL,362.3870579560934,366.33453278338226,354.7119986974298,359.4489440917969,24704600,0.00533865329404315
2026-06-15,GOOGL,367.69366113705985,372.7504085202595,366.3145426692825,369.1127624511719,27727500,0.026885093191168385
2026-06-16,GOOGL,369.3626044753487,375.7584875251172,366.8242274297617,373.01025390625,24876100,0.01055908072426437
2026-06-17,GOOGL,368.8929017493238,372.0908279957741,361.78745285393074,363.55633544921875,24543600,-0.02534492914880393
2026-06-18,GOOGL,365.51504497617543,369.2426598317581,358.4396065335441,367.7935791015625,44470100,0.011654985044087018
2026-06-22,GOOGL,357.72009076397745,358.68946892539066,341.50050477393233,349.45538330078125,52814800,-0.049860021606623395
2026-06-23,GOOGL,340.47114598010614,349.0656275102868,339.98147051143604,345.90765380859375,34007700,-0.01015216723427581
2026-06-24,GOOGL,348.8157979233392,353.25294826847323,341.7103492701006,345.0682067871094,44997300,-0.0024267951640898344
2026-06-25,GOOGL,336.51370015420923,345.34801779729577,335.6242572392167,343.48919677734375,44491400,-0.004575935941672493
2026-06-26,GOOGL,342.32993723999033,346.1374872957393,329.98789515004995,337.17327880859375,114706300,-0.01838753016981809
2026-06-29,GOOGL,341.6104064955248,354.122383587675,340.4511784786947,353.4228210449219,34213900,0.04819344609319609
2026-06-30,GOOGL,353.64269008629407,358.3896389689017,350.1749177879227,357.14044189453125,35237200,0.010518904349803737
2026-07-01,GOOGL,358.1397942573561,362.7368455226467,356.20103798676814,360.97796630859375,26736400,0.010745141025489735
2026-07-02,GOOGL,359.2490860357571,363.97602803095486,353.19298133516355,359.6788024902344,25974800,-0.003599011406831276
2026-07-06,GOOGL,361.31772936423556,367.693635754559,357.15042523629825,366.2245788574219,26915800,0.01819894951236445
2026-07-07,GOOGL,368.8329180211536,372.9202869594668,365.26520405735874,366.7942199707031,24045600,0.0015554420597831964
2026-07-08,GOOGL,364.525702555654,367.6037106679975,357.79001132287857,361.6875305175781,22094800,-0.013922491618141852
2026-07-09,GOOGL,354.08240970637695,359.41897594546776,350.8544734886641,358.65948486328125,24729100,-0.008371993499371455
2026-07-10,GOOGL,357.30034280387986,357.5901650645865,352.52341441108456,356.9505615234375,18146100,-0.004764751559533376
2026-07-13,GOOGL,355.96119810970276,357.8999543595846,351.52404777471276,352.2835693359375,15901700,-0.013074617861873139
2026-07-14,GOOGL,350.97442351070157,359.92865963343,350.86447830880365,359.2790832519531,18259400,0.019857621884558307
2026-07-15,GOOGL,357.74006858863044,373.40998963278184,357.5302120160503,370.6817626953125,28284600,0.03173766571699632
2026-07-16,GOOGL,372.8203579699616,375.02892981037553,352.07368364698067,354.2322998046875,41158500,-0.04437624006915575
2026-07-17,GOOGL,345.77774679993126,348.2961170979314,341.1407126662452,346.5472412109375,29959300,-0.021694968522032898
2026-07-20,GOOGL,350.6546131580819,359.4489481797366,350.2948285491913,351.7638854980469,24736600,0.015053198140839052
2026-07-21,GOOGL,351.09433677099497,351.09433677099497,346.77710440528256,346.927001953125,23369800,-0.013750369905294657
2026-07-22,GOOGL,347.93634723653764,349.7152025525983,341.51048515922605,341.8702392578125,39334100,-0.014575869467767011
2026-07-23,GOOGL,320.92372412122546,324.2815511558238,314.69771503877246,317.4859313964844,69419700,-0.07132620819602653
2026-07-24,GOOGL,318.2154780071113,323.97175736278774,317.11617848672984,319.53460693359375,31806600,0.006452807304242247
2026-07-27,GOOGL,324.83120713377,330.2077559724587,324.2415898017393,326.3502197265625,28471600,0.021329811059824122
2026-07-28,GOOGL,327.68937042492354,335.66425552638333,324.2316014627561,333.4956359863281,29511900,0.02189493319708058
2026-07-29,GOOGL,334.455045685483,342.2800028423013,331.40698648547414,336.49371337890625,27501600,0.008989854945811171
2026-07-30,GOOGL,333.98534038388266,336.29385412629074,330.12780397797883,333.4456787109375,30168000,-0.009058221734254301
2026-07-31,GOOGL,340.611054758666,358.3496530632621,339.78160132747564,355.9012451171875,46498000,0.06734400185679612
2026-08-03,GOOGL,365.2152604560987,376.4480305309448,363.1166033198653,373.27008056640625,38669700,0.04880240147375625
2026-08-04,GOOGL,367.9834743668337,380.2755612380555,367.263935640354,377.40740966796875,35705700,0.011084009453113497
2026-08-05,GOOGL,383.0937455186354,384.2330278418686,356.54080629618977,362.1971740722656,46926300,-0.04030189976684506
2026-08-06,GOOGL,360.5382517887205,363.8961093831237,356.65076635274994,357.52020263671875,25235900,-0.012912777267041098
2026-08-07,GOOGL,356.49084652154687,358.6694387836589,353.5527327193329,354.0723876953125,19859900,-0.0096436926248602
2026-08-10,GOOGL,354.951850943437,357.38028276908574,352.4834362714388,357.29034423828125,18991400,0.009088414275721046
2026-08-11,GOOGL,355.6613923515014,356.5807842683805,343.1694223006263,343.5791320800781,29081800,-0.03837554632895135
2026-08-12,GOOGL,346.0875456512855,346.25744987105145,340.66104092628797,343.3193359375,25012000,-0.0007561464545453589
2026-08-13,GOOGL,345.5478948342235,347.7065110877775,343.5392066313974,346.13751220703125,17866100,0.008208615054656532
2026-08-14,GOOGL,346.5772111705174,350.22489088982945,344.27870083870846,345.67779541015625,17808600,-0.0013281334171028059
2026-08-17,GOOGL,346.04755304110785,347.0269344906474,341.7103446182459,343.7790222167969,18291300,-0.005492898932390022
2026-08-18,GOOGL,342.19005363605754,344.6484648943574,339.97147845233087,343.9789123535156,19248800,0.0005814494887728117
2026-08-19,GOOGL,342.2400076559886,346.5072842825429,340.44117610948047,344.4985656738281,19733800,0.00151071272583847
2026-08-20,GOOGL,342.83962071417653,343.6790774504127,338.3525147854226,340.451171875,18570400,-0.011748652105159185
2026-08-21,GOOGL,342.359928876986,345.97762917305914,340.1813365286692,344.5985107421875,20849800,0.012181890414259655
2026-08-24,GOOGL,343.39927531721605,351.3741604480826,342.2699962782288,347.83642578125,26338200,0.00939619568316985
2026-08-25,GOOGL,349.41542326154587,349.9350782600912,345.37800981753963,346.73712158203125,20649700,-0.003160405632474217
2026-08-26,GOOGL,346.3973312516375,346.65717399060424,339.96146577825954,341.7803039550781,20420300,-0.014295607012993039
2026-08-27,GOOGL,339.45183186724313,341.4705233735174,338.3025461528343,340.4311828613281,23391400,-0.003947334232365041
2026-08-28,GOOGL,340.49114263603377,348.91575095848634,340.0514228221321,346.36737060546875,25347200,0.017437262045876256
2026-08-31,GOOGL,343.60912172254496,344.3686432833908,336.94342338566804,339.13201904296875,33493600,-0.020889241240744538
2026-09-01,GOOGL,335.7841605001305,336.9834018439635,332.8360433203593,334.8047790527344,23342700,-0.012759750619967591
2026-09-02,GOOGL,333.84541044728496,339.78159726283246,332.6062167342666,336.9034423828125,22582300,0.006268319514482146
2026-09-03,GOOGL,340.34122971001256,344.4585782378343,339.841550898423,342.260009765625,20726900,0.015899414220665653
2026-09-04,GOOGL,342.4700012207031,343.5299987792969,337.0899963378906,338.4599914550781,23189300,-0.01110272366657461
2026-09-08,GOOGL,335.4200134277344,339.67999267578125,333.2200012207031,338.3599853515625,22915800,-0.00029547392909179404
2026-09-09,GOOGL,331.6499938964844,331.8500061035156,327.8999938964844,330.6499938964844,33151600,-0.022786357101497345
2026-09-10,GOOGL,328.2300109863281,333.2300109863281,327.739990234375,332.6000061035156,23557600,0.0058975116982513676
2026-09-11,GOOGL,335.0299987792969,342.9800109863281,335.0299987792969,338.5,24708300,0.01773900718043908
2026-09-14,GOOGL,343.1199951171875,349.9100036621094,342.1400146484375,349.3900146484375,35905400,0.032171387439992705
2026-09-15,GOOGL,346.79998779296875,348.07000732421875,342.70001220703125,344.9800109863281,21928600,-0.012622008292214049
2026-09-16,GOOGL,347.0799865722656,348.3999938964844,340.6400146484375,342.8699951171875,18928900,-0.006116342402297192
2026-09-17,GOOGL,348.67999267578125,349.5,343.8900146484375,347.3299865722656,19238400,0.013007820802615866
2026-09-18,GOOGL,357.30999755859375,359.44000244140625,348.45001220703125,349.5400085449219,47631800,0.006362888486728613
2026-09-21,GOOGL,350.6400146484375,357.6099853515625,349.1000061035156,354.9700012207031,30455400,0.015534681418546192
2026-09-22,GOOGL,357.6499938964844,364.1700134277344,350.2200012207031,351.1600036621094,29788600,-0.010733294491060086
2026-09-23,GOOGL,349.8599853515625,350.0,337.45001220703125,337.8299865722656,35576200,-0.03795995258808027
2026-09-24,GOOGL,336.2200012207031,343.0899963378906,336.0199890136719,342.3599853515625,23777200,0.013409108010984161
2026-09-25,GOOGL,342.3500061035156,347.0299987792969,341.1099853515625,343.9200134277344,21880800,0.0045566892829778105
2026-09-28,GOOGL,340.70001220703125,343.5899963378906,339.55999755859375,342.75,19318300,-0.0034019928531441312
2026-09-29,GOOGL,341.95001220703125,342.8399963378906,338.0199890136719,340.9200134277344,21066900,-0.005339129313685298
2026-09-30,GOOGL,344.1499938964844,352.6000061035156,340.989990234375,344.0799865722656,37373700,0.00926895758556312
2026-10-01,GOOGL,350.7900085449219,353.2200012207031,335.510009765625,338.239990234375,33167100,-0.016972787043119886
2026-10-02,GOOGL,341.31500244140625,345.7699890136719,341.1600036621094,341.75,11117549,0.010377276096752652
2021-10-04,JPM,147.33538566125475,150.39733669652807,146.24119696734735,147.31773376464844,14120000,
2021-10-05,JPM,148.43629871583514,151.0373228806252,147.95692029071319,149.72349548339844,12292900,0.01633042850491706
2021-10-06,JPM,149.12869082946946,150.11406455664857,147.36211600814127,150.0430450439453,8692600,0.002134264629042759
2021-10-07,JPM,151.9782784060651,152.25347055621103,150.50465397141386,150.99290466308594,10195400,0.00633058079341442
2021-10-08,JPM,150.93078012107802,152.1025683058946,150.2916180036915,151.1083221435547,8190100,0.0007643900932052805
2021-10-11,JPM,151.6232009399624,152.0581768558747,147.77048358011973,147.93026733398438,12154700,-0.021031633231630487
2021-10-12,JPM,147.14018749412315,147.97464984992072,146.2702221541923,146.79397583007812,13032600,-0.007681264452397918
2021-10-13,JPM,145.64882579858283,146.83837223897822,142.56842364856442,142.9235076904297,22753500,-0.026366668780255065
2021-10-14,JPM,143.58932491503447,145.59557583032512,142.0890695229709,145.1162109375,15176800,0.015341795639522537
2021-10-15,JPM,146.7851289461052,148.40077914352787,145.7109772378225,147.90365600585938,14267400,0.019208364457365068
2021-10-18,JPM,147.7882404112545,149.6790962604667,147.28224493696283,147.8503875732422,12672900,-0.00036015629400720783
2021-10-19,JPM,148.6049517463614,149.7146064444244,147.87702530813863,149.6436004638672,8053900,0.012128564017031662
2021-10-20,JPM,149.40389453105317,151.68533729116422,148.6582099083732,151.65870666503906,8185600,0.013466036602470366
2021-10-21,JPM,151.58770430673212,152.09371335156658,149.7412372613683,150.46917724609375,8415200,-0.007843462766516707
2021-10-22,JPM,150.93964771015538,152.76835622047847,150.64669728681417,152.4931640625,8817900,0.013451172216460083
2021-10-25,JPM,153.31877236365895,153.54070329759966,151.33913868008358,151.74749755859375,10159200,-0.004889835609946602
2021-10-26,JPM,151.80078439437116,153.12349785995144,151.39242544705118,152.15586853027344,8015100,0.0026911216214422495
2021-10-27,JPM,151.1971160983183,151.53444191342504,148.551689561808,148.98667907714844,9847000,-0.02082857193572163
2021-10-28,JPM,149.40389638735192,151.3657581127488,149.10207359045828,151.23260498046875,7212900,0.01507467591889422
2021-10-29,JPM,151.96054156249457,152.9015400943602,150.37152204624095,150.8153839111328,8140100,-0.002758803694413836
2021-11-01,JPM,152.72398133578608,152.98142879759922,150.03417957412736,150.73548889160156,7435500,-0.0005297537788209183
2021-11-02,JPM,150.73548797297835,152.41328523532852,149.95428677718738,151.33026123046875,7173800,0.003945801637296631
2021-11-03,JPM,151.02839991312652,151.91612339269238,150.15842115033055,151.38348388671875,8402700,0.0003516987006910721
2021-11-04,JPM,150.91301764530465,151.09055966282864,147.79711256915726,149.39500427246094,9574200,-0.013135380182859313
2021-11-05,JPM,149.93650269353003,150.99289588896477,148.61380326864656,149.18194580078125,7975600,-0.0014261418761440936
2021-11-08,JPM,150.06967988635157,151.72971871249374,149.7944877328828,150.07855224609375,6413700,0.006010153846027988
2021-11-09,JPM,148.5605613254457,149.5548074994686,147.89476857414357,148.94227600097656,7990300,-0.007571210063740175
2021-11-10,JPM,148.6493205405367,149.9809059981329,148.3297394888901,148.80023193359375,6999200,-0.0009536853551364022
2021-11-11,JPM,148.71147469687327,149.74122387123737,148.16107680416025,148.79136657714844,5815300,-5.9578915503788465e-05
2021-11-12,JPM,148.82689094078785,148.9067963781285,147.11359049383185,148.12559509277344,8113400,-0.004474530341985972
2021-11-15,JPM,148.43628144496697,148.95114925561447,147.3621298396911,147.8592529296875,6492500,-0.00179808332867204
2021-11-16,JPM,148.30310324910553,148.31198915432927,146.58091728851684,146.79397583007812,9706100,-0.007204669836360922
2021-11-17,JPM,146.66085726632977,146.97155247386561,145.04519342301782,146.00393676757812,9909600,-0.005381958340133219
2021-11-18,JPM,145.93289363536465,146.34125248380784,144.30835769306057,144.74334716796875,8122500,-0.0086339425327695
2021-11-19,JPM,143.18980203024702,143.9088558917823,141.5475081511071,142.8524627685547,12193600,-0.013063705078063204
2021-11-22,JPM,145.728745468124,147.3443957759963,144.6901102247224,145.8974151611328,14549900,0.021315365052624102
2021-11-23,JPM,146.91826818364734,149.63470046131974,146.80285977133175,149.38613891601562,12354400,0.023912169732615007
2021-11-24,JPM,149.5459718155052,150.41593743113523,147.75276577278112,148.21438598632812,9629800,-0.007843786165102395
2021-11-26,JPM,143.93552767822112,144.38826191240608,140.98829188431475,143.7490997314453,13619300,-0.030127212180973473
2021-11-29,JPM,144.97415243207675,146.2791073290915,141.8760054491083,143.127685546875,12104400,-0.004322908357208832
2021-11-30,JPM,141.29008174104402,142.59503642723206,140.5177530509904,140.99713134765625,18922600,-0.014885688894347271
2021-12-01,JPM,142.92354147324193,144.93867842839416,140.08282783009696,140.1627197265625,12253400,-0.0059179333162200365
2021-12-02,JPM,141.88489169754703,144.92090536361414,140.97053729865502,143.10995483398438,12969900,0.021027239719459745
2021-12-03,JPM,143.367375485278,143.6603259275297,139.54128856067402,140.5177764892578,12681800,-0.018113193786788884
2021-12-06,JPM,142.93238291823405,144.35274620536836,141.55642206920868,142.17782592773438,11186500,0.011813803775947651
2021-12-07,JPM,143.7046987815039,145.04515652317295,143.06553671440145,144.31723022460938,9851600,0.015047383675443227
2021-12-08,JPM,144.39716599169788,144.9386780868958,142.1867287088884,142.66610717773438,11705700,-0.01144092804653507
2021-12-09,JPM,141.72510042855387,142.8613858183416,140.8373766211828,142.4441680908203,11189600,-0.0015556539062047126
2021-12-10,JPM,143.20757721722893,143.54490297320115,141.26346037186278,141.87599182128906,10405400,-0.003988764700910696
2021-12-13,JPM,141.59192077449563,141.84935467039065,139.62117320734154,140.18931579589844,12069000,-0.011888382267770892
2021-12-14,JPM,139.77210578256617,142.82587773843719,139.63895263443976,141.26348876953125,12563600,0.007662302704984247
2021-12-15,JPM,141.9026015812583,141.9026015812583,139.6832929143358,140.20704650878906,14014200,-0.0074785230772953515
2021-12-16,JPM,142.38200674750365,143.65145870937027,140.88175149511085,142.39976501464844,19542800,0.015639146251625213
2021-12-17,JPM,141.43216069625447,141.48542195634934,137.75697120262674,139.15957641601562,28082000,-0.022754170965798237
2021-12-20,JPM,137.1621844316911,137.3308541025031,134.7919637708849,136.65618896484375,15148000,-0.01798932934150388
2021-12-21,JPM,137.96109762844435,139.53235830254724,137.67701963695066,138.5647430419922,11291300,0.013966100559407835
2021-12-22,JPM,138.26297313566954,139.42588907307973,137.8102389026166,139.10630798339844,7273000,0.003908389172577076
2021-12-23,JPM,139.91411749249906,141.2545752554857,139.5590334698338,139.60340881347656,8055200,0.003573531907247851
2021-12-27,JPM,139.9052511960677,140.4378772531484,138.78671073958142,140.40237426757812,6188100,0.0057231084891993245
2021-12-28,JPM,140.43789060459122,142.16894915945403,140.33136809216552,140.8284912109375,6342300,0.0030349696405225224
2021-12-29,JPM,141.01492428181785,141.7073477289456,140.3935068151636,140.75747680664062,6398900,-0.0005042616283554846
2021-12-30,JPM,141.24571740501003,142.2488495131852,140.58879699545278,140.6864471435547,6948200,-0.000504624441254431
2021-12-31,JPM,140.65982442764732,141.40550912113557,140.22484846257387,140.57106018066406,5805900,-0.0008201711339891338
2022-01-03,JPM,141.91151349183633,144.37938433363047,141.60080477363516,143.544921875,13120900,0.021155575624981937
2022-01-04,JPM,145.86188767412355,149.65247189183447,145.79086814841963,148.98667907714844,20195800,0.03790978552962776
2022-01-05,JPM,149.8707401888035,150.35297824122688,146.2181776895602,146.26283264160156,17539400,-0.018282483054316567
2022-01-06,JPM,149.0581349058741,149.46892794920416,146.34327064452464,147.81680297851562,14047500,0.010624505958543029
2022-01-07,JPM,147.95074553516426,149.61180957837593,147.40598760629422,149.28138732910156,13913300,0.00990810463407743
2022-01-10,JPM,150.98711453353607,151.20143659797546,147.82572781521154,149.42428588867188,12922500,0.0009572429766833146
2022-01-11,JPM,150.26373034449165,150.49593074021448,148.5222955104893,149.5760955810547,11854100,0.0010159639812226118
2022-01-12,JPM,150.442333705723,151.45146506821953,149.29922381974978,150.42446899414062,12568000,0.0056718515735436625
2022-01-13,JPM,150.33517395982636,151.6479510421781,149.93330648348643,150.2369384765625,13623400,-0.0012466756162219372
2022-01-14,JPM,143.56590333538898,143.80702929088048,140.11874923339806,141.00286865234375,40158400,-0.06146337856624584
2022-01-18,JPM,139.1185396382745,139.1185396382745,134.43897924786577,135.09091186523438,32324800,-0.04192791851409694
2022-01-19,JPM,135.3588110951531,135.94821032516654,132.66181189960528,133.00115966796875,22380000,-0.01546922859881461
2022-01-20,JPM,133.05477106362076,134.5014995118015,131.59910344486124,131.8670196533203,14860800,-0.008527294179086597
2022-01-21,JPM,131.7241403337392,131.73306587828853,128.83960873718507,129.56297302246094,20705400,-0.01747250098558939
2022-01-24,JPM,127.06241044703916,129.92015102305317,124.64226671968898,129.44683837890625,28471400,-0.0008963567356127244
2022-01-25,JPM,128.2858907805646,131.14364528059966,125.73178189423707,130.8578643798828,18915900,0.010900428458872957
2022-01-26,JPM,132.81362067775706,134.4657589703007,130.34882199234275,132.09918212890625,20709100,0.009486000363110536
2022-01-27,JPM,133.43875583246762,134.29608485842846,128.71455471405014,129.76834106445312,17536800,-0.01764462903470987
2022-01-28,JPM,128.7681241211247,131.06324203268753,126.96416991849439,130.92929077148438,14117000,0.008946324639032222
2022-01-31,JPM,130.0630629473018,132.87614902364783,129.19680827581053,132.70648193359375,13985700,0.01357367134303944
2022-02-01,JPM,132.78682123900288,135.26948446376548,132.43853434421334,134.98370361328125,14584900,0.01715983760934159
2022-02-02,JPM,134.40322479043334,134.7961666312351,132.2331327516152,133.9031219482422,12441100,-0.00800527497848813
2022-02-03,JPM,133.95675287626128,135.4302717071859,132.42963989768626,132.79579162597656,12474900,-0.008269637825872644
2022-02-04,JPM,133.15297746399662,137.0823689070362,132.85827106175142,136.24290466308594,16654400,0.02595799908191565
2022-02-07,JPM,136.87697047962678,137.18952796110642,134.71580385407722,136.6983642578125,12572300,0.0033429968030471713
2022-02-08,JPM,138.4219197621527,141.52971130647558,138.2433135587833,139.2703094482422,20411400,0.018814747377510654
2022-02-09,JPM,139.84187565059872,140.59202997831702,139.15424099691444,139.85081481933594,9131100,0.00416819186654771
2022-02-10,JPM,139.90437714100034,142.02088858582627,138.61839067389297,139.2703094482422,16455600,-0.004150890159944076
2022-02-11,JPM,138.96670643795582,141.27076373285513,136.60906863358164,137.45745849609375,16830000,-0.013016779809928991
2022-02-14,JPM,136.3947419739245,137.24313189244884,134.24251414948705,136.180419921875,17026500,-0.009290427658060096
2022-02-15,JPM,137.98436009618737,139.26142136600333,137.39496082920968,138.17190551757812,9500000,0.014623876155218207
2022-02-16,JPM,137.29673482704487,139.4043214434998,137.29673482704487,138.42196655273438,9076500,0.001809782055328446
2022-02-17,JPM,136.63582066150778,137.2877393890352,134.55502515608967,135.23373413085938,11367500,-0.023032705727818015
2022-02-18,JPM,135.85893334281263,137.65394879643074,134.96588838795665,135.86785888671875,11733300,0.0046891018719172894
2022-02-22,JPM,134.49255190326284,136.8501896226984,134.32287121151697,135.626708984375,11333500,-0.0017748855713168865
2022-02-23,JPM,136.74300096302238,136.90375609595887,132.14382617982338,132.7868194580078,11799000,-0.02093901376530749
2022-02-24,JPM,127.65182743648874,129.4825720239917,124.829802563923,129.08963012695312,25655100,-0.027843044559282326
2022-02-25,JPM,129.71476157639572,134.07282470800104,129.41112960457934,132.1438446044922,18367700,0.023659642331730346
2022-02-28,JPM,128.19657926061055,129.54507195558378,125.8121513636117,126.63375091552734,31315300,-0.04169769470122964
2022-03-01,JPM,125.06197667841734,125.45491853577062,119.29291541427519,121.85594940185547,36840400,-0.03772929001257308
2022-03-02,JPM,122.60613640745652,125.06201004434861,121.99887237628165,124.38330078125,19405600,0.020740484086335886
2022-03-03,JPM,124.8834060920402,125.90147681894545,122.40074215052066,123.49918365478516,16640800,-0.007108005020864616
2022-03-04,JPM,120.50746696983305,120.93612465647561,118.23912555666925,120.02521514892578,21016000,-0.028129485580812297
2022-03-07,JPM,118.03374030007176,118.4981274537443,115.15813469277981,115.39033508300781,27560100,-0.038615886338275396
2022-03-08,JPM,115.7743287538605,117.69436964681233,113.65781009895336,114.57765197753906,19207800,-0.007042904458888444
2022-03-09,JPM,118.68563306624881,120.7753679833972,118.27484014255963,119.16788482666016,17536200,0.04006220034968888
2022-03-10,JPM,117.75688171386719,119.17681960117045,116.38159878958473,117.75688171386719,15604200,-0.011840464524862537
2022-03-11,JPM,118.3195202185928,119.73945829730503,114.68482104188722,115.10455322265625,20061800,-0.022523766361746245
2022-03-14,JPM,115.61359591403524,118.70352356124714,115.4081857807892,116.24765014648438,15786900,0.009930944448539147
2022-03-15,JPM,117.70329066739939,119.26611884568904,117.10495237149641,118.31055450439453,15096600,0.017745772540870064
2022-03-16,JPM,120.44495718099488,123.67778887458549,120.05201525815532,123.59740447998047,20354900,0.04468620739487417
2022-03-17,JPM,122.22209857912071,125.19593907487352,121.38263437814307,125.16020965576172,17050500,0.012644320342781734
2022-03-18,JPM,125.19592555372071,125.78533826438219,123.65096220011951,125.11555480957031,23656500,-0.000356781490812641
2022-03-21,JPM,125.3388339269467,125.7049719117063,123.8920921909706,124.71369171142578,12676100,-0.003211935548351086
2022-03-22,JPM,127.05350842362843,128.53595267927403,126.56233097742758,127.3660659790039,13548600,0.02126770710721515
2022-03-23,JPM,125.90145452215526,126.44621240575664,124.31183583757078,124.82980346679688,12093200,-0.019913173047404364
2022-03-24,JPM,125.29416918053192,125.66032076347963,124.23144384927305,125.6424560546875,10017600,0.006510084653836623
2022-03-25,JPM,125.99969217415911,127.86615260405861,125.74071516846267,126.74092102050781,8383500,0.008742784885884314
2022-03-28,JPM,125.02628558578935,125.89254022606215,123.15088585128902,125.80323028564453,10818100,-0.0073984844619485735
2022-03-29,JPM,128.0179898902712,128.24125111182605,125.24061974905737,126.08007049560547,11316500,0.002200581092650422
2022-03-30,JPM,126.72305591808961,126.91952687081952,124.94590542764549,125.50851440429688,8771000,-0.004533278646354444
2022-03-31,JPM,124.87445819031412,125.33884530988709,121.68628165802816,121.73987579345703,17353900,-0.030026955770506847
2022-04-01,JPM,122.70435100074064,122.71329016994913,119.48939787240515,120.837890625,15721300,-0.007409118520765756
2022-04-04,JPM,119.77515295955075,122.29354559974009,118.67671177427587,121.37371063232422,17416400,0.004434205236063304
2022-04-05,JPM,120.61801521489215,121.81455681141192,119.66435939964433,119.96125030517578,12110300,-0.011637283887836136
2022-04-06,JPM,118.37784913464786,119.25951644558293,117.82006157251607,118.29688262939453,12914700,-0.013874210810133958
2022-04-07,JPM,117.81104399995166,118.68371951851185,115.81378804281272,117.93699645996094,12994200,-0.0030422286829067113
2022-04-08,JPM,118.45881837989072,120.46506629171597,118.2968853656385,120.0962142944336,13126900,0.018308231507368378
2022-04-11,JPM,119.65535736083984,121.36471411773648,119.26850828352293,119.65535736083984,10466400,-0.0036708645329396328
2022-04-12,JPM,118.8816544171002,121.07683777078546,117.58613547211941,118.34185028076172,12989900,-0.010977419724860549
2022-04-13,JPM,114.20341058432129,116.28163332387601,113.36672234851824,114.52729034423828,30838000,-0.03223339780030088
2022-04-14,JPM,113.80756065601419,115.42695952157891,112.47605415945036,113.46569061279297,18835200,-0.009269404071766907
2022-04-18,JPM,113.06082848906898,116.2726371281174,112.9438745829109,115.5708999633789,11834400,0.018553708519433165
2022-04-19,JPM,115.5618870075924,118.14393311626505,115.36395974552582,117.9639892578125,15015400,0.020706676985226435
2022-04-20,JPM,119.22351714570341,120.11417601890581,118.16190613088588,118.3778305053711,13430200,0.0035081998342234577
2022-04-21,JPM,118.95363611910822,119.48443485637263,116.92039937946697,117.46018981933594,12174200,-0.007751795096409664
2022-04-22,JPM,117.20828546282758,117.42420987654418,113.97849332647044,114.0864486694336,14318800,-0.028722422082677168
2022-04-25,JPM,113.3667207663873,114.36534886821212,110.75769245408728,114.05046081542969,17149000,-0.0003154437220513895
2022-04-26,JPM,112.1341708426179,113.7265806825748,110.5417678665557,110.67671203613281,17209500,-0.029581193755601642
2022-04-27,JPM,110.05594919150788,111.16253257473028,109.05732114485659,109.23725128173828,17215200,-0.013005994919008668
2022-04-28,JPM,110.48777859361121,111.24350023028722,108.98534074970415,110.964599609375,13015600,0.01581281391987477
2022-04-29,JPM,110.70370543081577,111.2075152904747,106.970096856543,107.38394165039062,14874800,-0.032268470950097994
2022-05-02,JPM,107.85176220134701,108.59848527575916,106.35832291641712,108.36457061767578,18545000,0.009131988938139157
2022-05-03,JPM,109.33621806452409,111.71133163200636,108.66146973594628,110.68571472167969,15720900,0.02141976930996381
2022-05-04,JPM,110.47879802873133,114.6172531567878,110.42481349388046,114.34735107421875,17128500,0.033081381474983296
2022-05-05,JPM,112.68296736106554,113.44768073684472,109.90300762862368,111.48641204833984,15055400,-0.02501972279202147
2022-05-06,JPM,111.3784552068824,111.81928883996807,109.02133201335472,111.30648040771484,14417900,-0.0016139333692699598
2022-05-09,JPM,109.85801851306121,110.95561016010113,108.4095583052652,109.63310241699219,14312300,-0.015033967335891685
2022-05-10,JPM,110.75768250365861,111.36045599164639,105.76454244311635,106.96109771728516,16382400,-0.024372243791332293
2022-05-11,JPM,107.32996038285035,110.55975212521275,106.10641630996078,106.28634643554688,14630300,-0.006308380300300898
2022-05-12,JPM,105.26075155481875,106.44830847729165,103.7943008203994,106.19640350341797,16318800,-0.0008462322315636595
2022-05-13,JPM,107.42891325346034,108.18462794191998,106.12439594996172,107.1410140991211,10443200,0.008894939607561492
2022-05-16,JPM,106.64622256963487,107.47391219955917,105.46766436041887,106.39431762695312,10269000,-0.00696928695744059
2022-05-17,JPM,108.89536562743078,110.6317179680082,108.68843982224757,109.92098236083984,11160200,0.03314711549024785
2022-05-18,JPM,109.12931057413431,109.73208416377499,107.53690050729766,108.04071044921875,12664900,-0.01710566873800934
2022-05-19,JPM,106.33133757266812,107.64484677226233,105.82752084150299,106.43929290771484,12765800,-0.01482235293386569
2022-05-20,JPM,107.47390314946973,107.66283184057187,103.4793912121837,105.56661224365234,13150100,-0.008198858149303323
2022-05-23,JPM,108.3735578658183,113.87050714141789,108.36455930116784,112.0981674194336,24376700,0.06187141025901388
2022-05-24,JPM,111.88227354594575,114.6982208536512,110.75769296339475,113.68160247802734,19324900,0.01412543215509543
2022-05-25,JPM,113.6096352565498,115.03110685510855,112.61100708347712,114.47331237792969,12780400,0.006964274628828981
2022-05-26,JPM,115.48990537525528,117.12730104130958,115.34596951591577,116.45255279541016,15990900,0.017289972451798086
2022-05-27,JPM,117.10031005362546,118.09893798828125,116.18264861231768,118.09893798828125,11177800,0.014137819681493413
2022-05-31,JPM,117.11830877128729,119.79031322349003,116.69547911924765,118.9626235961914,17015000,0.007313237719342114
2022-06-01,JPM,119.53840326835602,119.53840326835602,115.75981557079469,116.87540435791016,10768000,-0.017545168181278048
2022-06-02,JPM,116.8664059607439,118.76469848955854,115.75982253673612,118.75570678710938,8374800,0.016088093466107845
2022-06-03,JPM,118.04499232537215,118.54880227982618,116.94740046982943,117.100341796875,8596000,-0.013939245826745106
2022-06-06,JPM,117.93701471465394,119.10658129736305,116.4705709306623,116.71347045898438,11323500,-0.0033037592542787264
2022-06-07,JPM,115.90377452613217,117.24427951928476,115.71483894849432,117.01936340332031,6722200,0.0026208880871505524
2022-06-08,JPM,116.0567078590393,116.46155409438506,114.16741398760132,115.15704345703125,8422100,-0.01591463063997678
2022-06-09,JPM,114.59025172103082,115.24700972232138,112.70095107858411,112.7369384765625,13560100,-0.02101569220446131
2022-06-10,JPM,110.28985188085524,111.01858468838155,107.34795240954237,107.55487823486328,12945200,-0.04596594791135422
2022-06-13,JPM,105.13479186882194,106.11542285909559,103.51539305638484,104.35208129882812,16805600,-0.029778258211973774
2022-06-14,JPM,103.9562198694619,105.5486227715406,101.86000025675558,102.61571502685547,13357900,-0.016639498229079952
2022-06-15,JPM,104.01918991175354,105.21573822655722,101.81500823564306,103.83026123046875,14083500,0.011835869421125356
2022-06-16,JPM,102.43579856810567,102.79566573403068,100.64546816909525,102.04894256591797,16724900,-0.017156064556139827
2022-06-17,JPM,102.14790244652868,103.12853340206972,100.9063679768972,101.68907165527344,30919900,-0.0035264540875773465
2022-06-21,JPM,104.2441249147797,105.28773213380639,103.49740175516095,104.20813751220703,11680500,0.02477223772357018
2022-06-22,JPM,103.35343475007033,104.54099137951715,102.91260115456578,103.62333679199219,9842700,-0.005611852722598898
2022-06-23,JPM,103.47041447042326,103.62335578572859,100.29459993264686,102.48977661132812,11851500,-0.010939236428368582
2022-06-24,JPM,101.86902029465797,105.99847729575903,101.50915310089658,105.54864501953125,14841100,0.029845595427564042
2022-06-27,JPM,106.21435516406156,106.61020961562025,104.03716940827525,104.70291900634766,11280500,-0.008012665752621384
2022-06-28,JPM,105.86350491119775,107.32096366353588,104.0011999373796,104.19912719726562,11590900,-0.00481163098281423
2022-06-29,JPM,104.36107031734178,105.09879485020168,103.21849955036039,103.73130798339844,9338400,-0.004489665378689112
2022-06-30,JPM,101.8150128424851,102.63371069565692,99.79976662036917,101.31120300292969,15172600,-0.02333051638427308
2022-07-01,JPM,101.34719606689474,102.93959903531713,100.006698032334,102.60672760009766,10573600,0.01278757490551663
2022-07-05,JPM,100.53733879955958,102.29812862202492,99.20313957412496,102.21644592285156,12514200,-0.0038036655721755963
2022-07-06,JPM,101.40867040658897,102.55226983215822,100.55550299499022,101.55388641357422,10656200,-0.006481926692867179
2022-07-07,JPM,103.01513615463091,104.28580882251731,102.92437530505522,104.1224365234375,10347400,0.02529248461652145
2022-07-08,JPM,104.52183150712769,104.96656468294489,103.11501357851147,103.79573059082031,8807800,-0.0031377092538902307
2022-07-11,JPM,103.0605421638434,103.67772576789007,101.85340252400628,102.43428039550781,7939500,-0.013116630015155062
2022-07-12,JPM,102.18015402152832,104.53997139779834,101.88971506636604,102.53412628173828,11250900,0.0009747311724643826
2022-07-13,JPM,101.42682143863202,102.08938895660343,100.18337603417554,101.5720443725586,12979900,-0.009383040984190183
2022-07-14,JPM,98.01413808494141,98.23197244009903,96.26242662871826,98.0232162475586,26204800,-0.034939024284902365
2022-07-15,JPM,99.07607744194745,103.36004991253749,97.72371490368113,102.51596069335938,18863900,0.045833473107578016
2022-07-18,JPM,104.1678384958555,105.13899436116151,101.00931585478635,101.46312713623047,13977900,-0.010269947723341222
2022-07-19,JPM,102.67934093765587,104.3221425314724,102.26183537792555,103.97724151611328,11862300,0.024778601358375285
2022-07-20,JPM,103.55975023545805,104.14062821818537,102.99702858478508,103.9591064453125,11667500,-0.00017441384803396076
2022-07-21,JPM,103.86833256865957,104.85763787893,102.89717666356188,104.66703796386719,11595900,0.0068097114602181374
2022-07-22,JPM,104.5944073318473,105.51110792887272,103.16944038777078,104.15875244140625,7645500,-0.004856213879257831
2022-07-25,JPM,105.13898493452133,105.70171336591828,104.16782915628804,104.57626342773438,9394000,0.004008410013963903
2022-07-26,JPM,103.99538075375946,104.90300319303206,102.5885632030431,102.94253540039062,10675100,-0.015622359929437613
2022-07-27,JPM,103.4780419729543,105.04822500210126,102.83363083632409,104.59441375732422,9337400,0.016046606492726045
2022-07-28,JPM,104.60348817706308,105.26605561755089,103.04237644296892,104.20413208007812,10384800,-0.0037313816601296512
2022-07-29,JPM,104.91208028855732,105.73802007821718,104.18598645136994,104.70333099365234,12944500,0.004790586549779041
2022-08-01,JPM,103.92278780122531,104.47643814173347,102.62488720497667,103.65957641601562,14740400,-0.009968685501514751
2022-08-02,JPM,103.39635431452609,103.83201616462607,101.89877579335833,102.04399871826172,14942900,-0.015585416742107117
2022-08-03,JPM,102.96976731414584,103.55972330950938,101.39050614200849,103.114990234375,14394500,0.01049538953358975
2022-08-04,JPM,102.42520185397181,102.8517855540431,100.76425095035351,101.98046875,18033900,-0.011002488404414201
2022-08-05,JPM,102.13475961702619,105.45666131685763,101.69910469139563,105.0663833618164,14174600,0.030259859065576267
2022-08-08,JPM,105.51111281209211,105.91954015635945,103.63233456416441,103.78662872314453,10332500,-0.012180438668615734
2022-08-09,JPM,104.14968923011551,105.27513927070466,103.80479514861854,104.72148895263672,10233800,0.009007520920502943
2022-08-10,JPM,107.06315981474907,108.3429109896172,106.64565425457806,107.45343780517578,12847300,0.026087757917333088
2022-08-11,JPM,108.8239358511279,110.00384091075784,108.28843499148952,109.04176330566406,11684900,0.014781523354963078
2022-08-12,JPM,109.52281045751785,110.95685573547384,108.40643860888144,110.84793853759766,9906700,0.016564068455776404
2022-08-15,JPM,109.94939185502653,111.38343710291792,109.45927486177466,111.14745330810547,8456200,0.00270203284300341
2022-08-16,JPM,110.99315503303534,112.76301611709646,110.61195524948526,112.20936584472656,9555000,0.009554087880695006
2022-08-17,JPM,111.00222984487874,111.7827857159737,110.44857958922745,111.26543426513672,8149300,-0.008412235221933573
2022-08-18,JPM,110.94779334796938,111.15654960909798,109.41391574293885,110.4032211303711,9531800,-0.007749155346044256
2022-08-19,JPM,109.47743081896355,109.81324671950163,107.19929635562796,107.67125701904297,13464500,-0.02474532974089627
2022-08-22,JPM,105.96492255513769,106.33705108878003,104.83039447638889,105.8923110961914,8967600,-0.01652201313612356
2022-08-23,JPM,105.91046477765177,106.45503685692613,104.72147467208859,104.84854125976562,7607000,-0.009856899199013891
2022-08-24,JPM,104.63978703002445,105.65632660799926,103.87738061539099,105.10267639160156,9771300,0.0024238308781645568
2022-08-25,JPM,105.42943089206129,107.77109163423097,104.99376905362855,107.59864807128906,10758900,0.02374793645014117
2022-08-26,JPM,108.42458482179282,108.9056236468533,104.01353884448274,104.07707214355469,11276200,-0.032728812033039345
2022-08-29,JPM,103.46894198125219,104.24949771157068,102.97882510933533,103.82291412353516,8117300,-0.002442017389468476
2022-08-30,JPM,104.3765812604845,104.90300394092198,102.8880810034342,103.8410873413086,10745400,0.0001750405286429224
2022-08-31,JPM,103.90463200891637,104.40382025395047,102.86993593687029,103.22391510009766,10738300,-0.005943430071975175
2022-09-01,JPM,102.82456123998635,104.04077215351198,101.57204459290033,103.9318618774414,9979800,0.006858360067599101
2022-09-02,JPM,105.16620180839426,106.60023982625205,102.73377368843387,103.20573425292969,10666600,-0.006986573812831187
2022-09-06,JPM,103.76848735316932,104.14968716060882,101.71725846017837,103.23298645019531,9751900,0.00026405700674381194
2022-09-07,JPM,102.67932523505219,105.38404318181134,102.34350936043518,105.19344329833984,10647900,0.018990604801405686
2022-09-08,JPM,104.63072868611559,107.81648584340637,104.04077263111942,107.64403533935547,11435000,0.0232960531015749
2022-09-09,JPM,108.13414938473096,108.96008922393946,107.70756568092969,108.161376953125,9299700,0.004806040689004032
2022-09-12,JPM,109.47743732569589,110.32152659616844,108.72410892766551,109.44113159179688,8614600,0.011831900394782213
2022-09-13,JPM,107.16298195102956,107.9344596454149,105.08452571817793,105.63817596435547,12904600,-0.03474886975425295
2022-09-14,JPM,105.91952789494057,106.95421684360984,104.26765545718709,105.39311218261719,9345700,-0.0023198410943877645
2022-09-15,JPM,105.39313631756322,108.35198093801411,105.06639163530558,106.98147583007812,10821400,0.015070848697481765
2022-09-16,JPM,106.54580319895298,106.55488136271414,104.71240882197272,106.26444244384766,14844100,-0.006702406941640593
2022-09-19,JPM,105.28422179790783,107.7620345473943,104.83948866196289,107.24468994140625,8201300,0.009224604910307299
2022-09-20,JPM,106.56395850778968,106.81809169379223,104.04984036495728,105.12991333007812,9619000,-0.019719173158909253
2022-09-21,JPM,105.77432348021759,105.82877861254009,102.03491641111837,102.09844970703125,12606300,-0.028835404948246657
2022-09-22,JPM,102.90624588458174,103.10592396061821,100.80963993542022,100.93670654296875,11684500,-0.011378656261638587
2022-09-23,JPM,99.88385449632825,100.14705891608078,97.26082614080553,99.05791473388672,18138600,-0.018613563622488782
2022-09-26,JPM,98.0232331100431,99.48450593537461,96.2624431883022,96.92501068115234,15753600,-0.02153188928380223
2022-09-27,JPM,97.7963147140786,98.17751446451493,94.98268662694812,96.07183074951172,12793600,-0.008802474466030996
2022-09-28,JPM,96.16259429758328,98.6857904856329,95.88123355837669,98.01414489746094,12762600,0.02021731170100649
2022-09-29,JPM,97.0702415216926,97.36975866388177,94.75580787427693,96.35322570800781,12713900,-0.0169457091238282
2022-09-30,JPM,96.26246208293836,97.67835821451186,94.75581199020418,94.84657287597656,15973400,-0.015636765878467407
2022-10-03,JPM,95.86308383758465,98.34996736436851,94.81023849180761,97.77816772460938,12248100,0.03090881156524472
2022-10-04,JPM,100.3921238672329,102.5522628939969,99.71140700180528,102.35258483886719,16013600,0.04678362481839082
2022-10-05,JPM,100.50278465299489,101.60167335343623,99.66030285021894,101.08885955810547,10943500,-0.012346784233648767
2022-10-06,JPM,100.23722280136262,100.90571823117006,98.84529658683022,99.0284423828125,11521400,-0.020382237808397208
2022-10-07,JPM,98.46069135916748,98.63468477736758,96.40026946115013,97.05045318603516,11681100,-0.019973950404380436
2022-10-10,JPM,97.73724227236144,98.26836784175403,95.71344432592626,96.14384460449219,8931700,-0.009341621309125636
2022-10-11,JPM,95.57609987779172,95.73177451175344,93.26842359438685,93.36915588378906,12739700,-0.02885976457585393
2022-10-12,JPM,93.22263446077322,95.90576156520447,92.7464442175861,94.880126953125,13181000,0.01618276458680379
2022-10-13,JPM,93.38746826449699,100.64015068566272,93.18600369948167,100.1548080444336,22398700,0.055593107436655576
2022-10-14,JPM,102.52658356155584,105.53021942862705,101.39106421861624,101.82146453857422,33387100,0.016640803638715118
2022-10-17,JPM,105.68589515970226,107.1510824539226,104.68773173058194,106.09797668457031,22276300,0.042000104451217934
2022-10-18,JPM,109.57780496566174,110.01735767004864,107.10529480386943,108.82688903808594,21539700,0.025720682323930655
2022-10-19,JPM,108.04851008724987,108.81773780803796,105.92398669571581,106.6932144165039,17072000,-0.019606134480563142
2022-10-20,JPM,107.28842815257157,108.70782527881815,105.90565458958655,106.34520721435547,12207400,-0.0032617557175651513
2022-10-21,JPM,106.64742591227989,112.07778202749257,106.52838184082461,111.93126678466797,20593300,0.05252761000364514
2022-10-24,JPM,111.78474069797399,112.72795481078448,111.10709287684404,112.06861877441406,12624200,0.0012271101158027875
2022-10-25,JPM,111.58327608557636,112.88362938644316,110.70416369964258,112.36165618896484,11289100,0.002614803481612027
2022-10-26,JPM,112.6364023977851,114.6510344427941,112.52651070955052,113.65287780761719,11667000,0.011491657051412751
2022-10-27,JPM,114.6510221680063,115.56676517888995,113.74443854346963,114.10157775878906,10727600,0.003947985830428324
2022-10-28,JPM,114.7334408565705,115.6400244667623,113.59792149728024,115.45687866210938,11859500,0.011878020707000392
2022-10-31,JPM,115.10887054051292,116.69310870505257,115.00813827063428,115.2737045288086,13295200,-0.0015865155495572436
2022-11-01,JPM,116.18033491030666,117.47152910717466,115.68583277536816,117.35247802734375,13386900,0.01803337115808268
2022-11-02,JPM,116.89458657625418,119.37624908165756,115.96968425941513,116.27188110351562,16546100,-0.009208130428880579
2022-11-03,JPM,115.66750267032388,117.37993770627928,115.30121103875088,116.48251342773438,12474400,0.0018115499828477155
2022-11-04,JPM,118.57955108190967,119.80664319294415,117.6363370292206,119.66927337646484,14953200,0.027358269107985222
2022-11-07,JPM,119.96234225498823,121.14364466794778,119.48615194577438,120.30116271972656,12011200,0.005280297318041471
2022-11-08,JPM,120.18210671759188,120.933008651379,119.17478390907824,120.37440490722656,9884100,0.0006088236043955142
2022-11-09,JPM,120.25537781826624,120.35609613435625,118.33231192339889,118.80850219726562,9494000,-0.01300860187984143
2022-11-10,JPM,121.4549801480463,123.85422197290447,121.36340027267869,123.69854736328125,16351600,0.04115905070410153
2022-11-11,JPM,123.79930737662698,124.69673166918126,122.50810629951107,123.90003967285156,10704700,0.0016288979447638408
2022-11-14,JPM,123.44215454020792,124.2937887909948,122.62714385986328,122.62714385986328,11085600,-0.01027357066510437
2022-11-15,JPM,123.33226021587494,124.27548835872932,120.51178407947867,121.73887634277344,14038300,-0.0072436451598754115
2022-11-16,JPM,121.79383996289839,122.30665389546216,120.90556798216056,121.90372467041016,7893400,0.0013541140890158676
2022-11-17,JPM,120.87805597445403,121.69306655050822,120.21872000583411,121.37255096435547,8820200,-0.0043573213820234935
2022-11-18,JPM,123.23152880612429,123.32309471228184,121.13446973938957,122.56302642822266,9468500,0.009808440659839102
2022-11-21,JPM,122.47147213562357,123.2223741190831,121.56488154799005,121.83960723876953,7800500,-0.005902425964300018
2022-11-22,JPM,122.70955214480122,123.87254957387336,122.42567407330107,123.66191864013672,9185700,0.014956642118814534
2022-11-23,JPM,123.57036794689309,124.99892485236217,123.49710682698058,124.98060607910156,7316200,0.010663650163817096
2022-11-25,JPM,124.98058686844412,125.58498053497402,124.59597652786903,125.21868896484375,3220500,0.0019049586428754317
2022-11-28,JPM,124.60516184531049,125.19123683050562,122.88356046305546,123.03008270263672,9906900,-0.017478271656569566
2022-11-29,JPM,123.31395739125288,125.12712464315098,123.0850216381753,125.05386352539062,7925300,0.016449479495558528
2022-11-30,JPM,124.62346914087333,126.53736877441406,121.96781986765325,126.53736877441406,14761200,0.011862930158269114
2022-12-01,JPM,126.53734024273736,126.97690687116938,124.01904740649437,124.76081085205078,8858500,-0.014039788716726509
2022-12-02,JPM,123.15827397065328,123.94581346398753,122.10516119774077,123.77182006835938,8931900,-0.007927094870072704
2022-12-05,JPM,122.92935483421716,123.2315517243069,119.59605061598087,120.30116271972656,10154500,-0.028040771693556454
2022-12-06,JPM,122.1509415939244,123.72602045750442,118.92752275995514,120.50260162353516,13966700,0.001674455169464073
2022-12-07,JPM,120.24619552064263,121.86706433319239,119.34877140934849,120.4201889038086,11739400,-0.0006839082195422286
2022-12-08,JPM,121.18026801888281,121.77549535581866,120.35609096797697,121.68392944335938,8907300,0.01049442415806423
2022-12-09,JPM,121.06121310776614,122.4897698494312,120.87806731555004,121.02458953857422,7957800,-0.005418463290931652
2022-12-12,JPM,121.24434162714336,123.30476293557905,120.51175856264501,122.90184783935547,8841600,0.015511379199372621
2022-12-13,JPM,125.3560727975201,125.53921862347461,121.86709381115911,122.7828369140625,10025400,-0.000968341220129787
2022-12-14,JPM,122.50808615450605,124.27547724797802,121.57402446793989,122.16926574707031,9966100,-0.0049972063067872385
2022-12-15,JPM,120.09968729391343,120.95133553882994,118.17663540287936,119.13816833496094,12087800,-0.02481063787667126
2022-12-16,JPM,118.26819699694174,118.95500421288943,117.60886095178166,118.39640045166016,21133700,-0.0062261145497493064
2022-12-19,JPM,118.7260892106986,120.26454490915187,118.21327530225786,119.10154724121094,9017200,0.005955812734684374
2022-12-20,JPM,119.93486609876084,120.92387025075503,119.22974005117493,119.67845916748047,8549900,0.004843865924773816
2022-12-21,JPM,121.04289433660604,121.77549147859867,120.66745035315796,121.02458953857422,8051700,0.011247891896819517
2022-12-22,JPM,120.05392253524288,120.23706835533226,117.59057143161893,119.65099334716797,8648200,-0.011349728155602978
2022-12-23,JPM,119.57770228603422,120.36524169106103,118.71690177668786,120.21871948242188,5091900,0.0047448509984922005
2022-12-27,JPM,120.48430950243451,121.07953684483128,119.5502477587565,120.63998413085938,5411000,0.003504151851318804
2022-12-28,JPM,120.74072784048434,122.16928477590163,119.97149305184182,121.29933166503906,8827700,0.005465414629568288
2022-12-29,JPM,121.72973457441496,122.04109787612666,121.16197827251894,121.99530792236328,6585200,0.005737675944053056
2022-12-30,JPM,121.61982355638521,123.01175680553759,121.281003123464,122.80113983154297,9292500,0.006605433626123647
2023-01-03,JPM,123.84512055309723,125.21873541027081,122.60886159238785,123.73522186279297,11054800,0.0076064605958166
2023-01-04,JPM,124.53189125792152,126.0794851365286,124.14728088810833,124.88903045654297,11687600,0.009324819371394844
2023-01-05,JPM,125.14730304288749,125.19343120817186,123.33918312865411,124.861328125,8381300,-0.0002218155705244751
2023-01-06,JPM,125.58090514907298,127.6565462748384,124.06799395823543,127.25064086914062,10029100,0.019135730654319616
2023-01-09,JPM,127.8594940162174,128.1177948868488,126.27278062442917,126.72480010986328,8482300,-0.004132323072683741
2023-01-10,JPM,127.11227720647598,127.97021633227186,126.66947763502837,127.8595199584961,9048700,0.008954205077846389
2023-01-11,JPM,128.13623677339942,128.92037347696242,127.39824231868354,128.80967712402344,8703700,0.007431258664476248
2023-01-12,JPM,129.15101562447867,129.94437242636852,128.43146109210693,128.6805419921875,11001700,-0.0010025266324641402
2023-01-13,JPM,125.0919964464557,132.37057853485908,124.35398778566517,131.92776489257812,20200000,0.025234762382239317
2023-01-17,JPM,130.23033070426126,130.57165384016318,128.44066460814747,129.88900756835938,14292900,-0.015453587998544571
2023-01-18,JPM,128.1547076642737,129.82444356300687,125.83921949480727,125.98682403564453,13392600,-0.03004244628369468
2023-01-19,JPM,124.83368959532557,125.36873142072389,123.23774189524636,124.30785369873047,13303400,-0.01332655497720181
2023-01-20,JPM,124.68606116720045,124.99049019485153,123.20082419514935,124.61225891113281,13092500,0.002448801128367206
2023-01-23,JPM,124.649184436544,127.26911592047743,124.37244350192479,126.63258361816406,10487100,0.016212888881759646
2023-01-24,JPM,125.848449232367,129.41854812235326,124.53849050290523,127.72113800048828,6945000,0.008596163414043234
2023-01-25,JPM,127.35212745255436,128.33920288085938,126.61411884438579,128.33920288085938,8967000,0.004839174548920244
2023-01-26,JPM,128.61596652180285,129.20637063279165,127.63811103263491,129.132568359375,7487600,0.006181785929059602
2023-01-27,JPM,129.71374894441735,130.31337304468045,128.92039212215033,129.44622802734375,7489900,0.002428974130645578
2023-01-30,JPM,128.44064618523123,129.23400277147582,128.14545126374057,128.34840393066406,6729300,-0.00848092766710662
2023-01-31,JPM,129.0403182144774,129.21559684362194,127.53662689744111,129.11412048339844,9188700,0.005965921891385895
2023-02-01,JPM,127.49973096149544,129.962823586279,127.4166946124427,128.7727813720703,8841800,-0.002643700859752296
2023-02-02,JPM,129.15102752468488,129.57538709442917,127.30601284576082,128.1731719970703,11822100,-0.004656336289479701
2023-02-03,JPM,127.47204053619367,131.30045393398444,127.42592643640081,130.1565399169922,11501200,0.015474126831839685
2023-02-06,JPM,129.36318646266028,131.21743502591008,129.17868782973096,130.92222595214844,8406200,0.0058828087750686375
2023-02-07,JPM,130.42407668185118,133.1546901998994,130.23956397477656,132.51815795898438,10447900,0.012189924172380406
2023-02-08,JPM,131.59567630543654,132.87796104130317,131.25435306842797,131.58645629882812,6958000,-0.007030747140664428
2023-02-09,JPM,132.02923418717396,132.23218690992869,129.03108560033974,129.53846740722656,6443100,-0.015563827381677164
2023-02-10,JPM,128.94807368610296,130.33183468351544,127.85028770927389,130.1104278564453,6582900,0.004415371438822868
2023-02-13,JPM,130.35024744606255,131.66942575539255,129.83364575635736,131.52183532714844,7134600,0.010847765962774147
2023-02-14,JPM,131.45727512332502,132.66575729505092,130.62702427939897,132.10302734375,9249400,0.00441897738999697
2023-02-15,JPM,130.63627692306238,132.73959272443733,130.35030187373405,132.6565704345703,6728300,0.004190237740577363
2023-02-16,JPM,131.83553148496355,132.2783310807164,130.70083728610035,130.8300018310547,8165300,-0.013769152915170002
2023-02-17,JPM,130.05505446393278,131.76169832719637,129.21558365288175,131.21742248535156,7948800,0.00296125237999445
2023-02-21,JPM,129.7875324452297,130.3871564587718,127.99786633222567,128.80967712402344,9996300,-0.01834928103085487
2023-02-22,JPM,128.1547197872762,128.62519346981344,126.78941284623758,127.82261657714844,11107500,-0.007662937823565974
2023-02-23,JPM,127.97942905263373,129.30784176770013,127.25065450618847,128.84658813476562,8068000,0.00801087933448108
2023-02-24,JPM,128.32997069185853,130.4056117873212,128.16391208452364,130.00892639160156,9126900,0.009021102333111042
2023-02-27,JPM,131.09750280475183,132.2045086636795,130.73772554869174,131.1436309814453,10014700,0.008727897547787578
2023-02-28,JPM,131.86316276615307,132.61961124344361,130.90374753112508,132.24139404296875,11019800,0.008370692905999677
2023-03-01,JPM,131.0882772898551,132.34288763092906,130.81152231767038,131.50340270996094,7139200,-0.005580637880813755
2023-03-02,JPM,131.21740834556397,131.39267286158722,128.72662804026476,130.13807678222656,11106800,-0.01038243801755978
2023-03-03,JPM,130.54397554325527,132.6011765252421,130.1473042441955,132.52737426757812,9513100,0.01835971104252465
2023-03-06,JPM,132.3244371513992,132.87793303450798,131.60488264991764,131.7524871826172,9261300,-0.005846996435592278
2023-03-07,JPM,131.00522819320005,131.28198313844652,127.13070118877344,127.8779296875,11747600,-0.029407850872270935
2023-03-08,JPM,127.30598145625316,127.85025727401231,126.28199799887747,127.1214828491211,10002500,-0.005915382272980718
2023-03-09,JPM,126.16208045104264,126.70637040071524,119.20638230996192,120.23958587646484,25888100,-0.054136380558306496
2023-03-10,JPM,118.96654355462098,124.77832808584189,117.91487879327784,123.2930908203125,37599700,0.025395171827894192
2023-03-13,JPM,121.04216169605475,123.50525394174315,119.38164611571956,121.07905578613281,42901100,-0.017957494774840432
2023-03-14,JPM,124.79675477043675,125.02738153695165,121.11594650937624,124.18789672851562,29648100,0.025676124761611074
2023-03-15,JPM,120.82999880439688,120.83923288599676,116.90934992815797,118.3207778930664,34280600,-0.047243885998610624
2023-03-16,JPM,118.09014585331869,121.72482660430684,116.25435842995631,120.6178207397461,24558500,0.019413689527596478
2023-03-17,JPM,118.43148110430431,118.52372338026191,115.72852763693783,116.06063079833984,38396000,-0.03778206166764675
2023-03-20,JPM,117.14918964833143,119.43701064586844,116.24513651602736,117.28756713867188,22875500,0.010571511906254383
2023-03-21,JPM,120.47019792314585,121.52185544634439,120.10120071640084,120.43330383300781,17807800,0.026820717413437833
2023-03-22,JPM,120.44254244300132,120.53479879711034,117.23222120408215,117.32447052001953,17250200,-0.025813734357889695
2023-03-23,JPM,117.98867327821704,119.49235749309963,116.25435522322675,117.01081085205078,16677600,-0.0026734377455829295
2023-03-24,JPM,115.89456879275797,115.94069696475898,113.56985391022673,115.2303695678711,22311100,-0.015216040904381778
2023-03-27,JPM,116.96469247134272,119.35398985556544,116.5034388565988,118.532958984375,18853900,0.028660755223549605
2023-03-28,JPM,118.73592141899253,119.31709144922273,117.84108116887145,118.89274597167969,10820500,0.003035332876083041
2023-03-29,JPM,120.01818907015445,120.12888542669916,117.86873862557152,119.13257598876953,14595300,0.0020171963825865724
2023-03-30,JPM,119.8797947050452,120.03661922272114,117.75803260015441,118.77278900146484,12134700,-0.0030200554660935186
2023-03-31,JPM,119.61228999766035,120.23958815310226,118.86506139871327,120.2119140625,13105200,0.012116622613091987
2023-04-03,JPM,119.84292055015709,121.25435552036943,119.3816669239088,120.07354736328125,11775400,-0.0011510231768442347
2023-04-04,JPM,120.38720063002806,120.4702229073124,117.53665649917986,118.4683837890625,11579900,-0.013368169838127164
2023-04-05,JPM,117.89193428485298,119.14708434890063,117.57581658451342,118.64502716064453,9614700,0.001491059183322374
2023-04-06,JPM,118.0778873969131,119.08201601577716,117.94772336410566,118.5148696899414,8760200,-0.00109703266810246
2023-04-10,JPM,117.65019263184118,119.22146032380778,117.35267385939126,118.90534973144531,9477300,0.0032947767864528466
2023-04-11,JPM,119.28655100779827,119.88158856058351,118.5799412538381,119.49109649658203,10516300,0.00492615989490508
2023-04-12,JPM,120.10472488738162,121.26690877514532,119.06341266372614,119.47250366210938,11821000,-0.00015560016618632044
2023-04-13,JPM,119.43531289368853,119.9745537010394,117.919820654687,119.9280776977539,12450200,0.003813212426961199
2023-04-14,JPM,125.65531412466714,129.3464112241228,125.42287735108336,128.9838104248047,43931300,0.07550969631876603
2023-04-17,JPM,130.11809586712968,130.22036860936103,127.98898138025827,130.00653076171875,16050500,0.0079290597288586
2023-04-18,JPM,130.41562773954573,131.81954073230335,129.26273624552854,131.4662322998047,13760100,0.01122790931758133
2023-04-19,JPM,131.30816626421534,131.55920192925032,130.53647454341413,131.2988739013672,9158100,-0.0012730143361516788
2023-04-20,JPM,130.08092733043537,131.49413278576523,130.01583822017926,130.91769409179688,10586200,-0.002903146068538698
2023-04-21,JPM,129.9228397895457,131.19658853096476,129.03027650358848,130.6666259765625,11842500,-0.0019177554033171784
2023-04-24,JPM,130.5923012181402,131.18733887353952,130.20179489998168,130.84332275390625,7567500,0.0013522716762843778
2023-04-25,JPM,129.79268721934886,130.12739670771012,127.96108448954054,127.9982681274414,10629300,-0.02174398025504065
2023-04-26,JPM,127.95180874332046,128.12846298620772,124.58612832390384,125.7297134399414,14416100,-0.017723323297166083
2023-04-27,JPM,126.4455996069345,128.22141988860258,126.12948901275256,127.42183685302734,9041100,0.013458420979335362
2023-04-28,JPM,126.96624644240126,128.60261022124138,126.13877219035167,128.52822875976562,9887300,0.008682906588565631
2023-05-01,JPM,132.26581836000824,133.29783821644935,130.93628680641368,131.28028869628906,20415800,0.021412105053337127
2023-05-02,JPM,131.46623018999736,132.40528381144946,128.70488025365032,129.16046142578125,14113400,-0.016147338580370874
2023-05-03,JPM,128.7142092779594,128.92804716935956,126.22247931498954,126.4270248413086,12930900,-0.021163106374030405
2023-05-04,JPM,125.47868364235244,126.18528638056492,122.54997156023859,124.69768524169922,17089200,-0.013678559641659205
2023-05-05,JPM,126.85469425360314,128.19353232279389,126.36192943463914,127.13362121582031,11261400,0.019534732897403595
2023-05-08,JPM,127.8309446882633,128.27721936166637,126.89189095834956,127.4404525756836,7484900,0.002413455677018783
2023-05-09,JPM,126.38053149804215,127.3288776249441,125.71112655843577,126.82682037353516,7343600,-0.00481505039998209
2023-05-10,JPM,128.2586209725423,128.3608937300772,125.39499794838092,126.89189147949219,8133400,0.0005130705458464835
2023-05-11,JPM,125.51584351268195,127.19868329285076,125.42286313905839,126.49208068847656,7057300,-0.0031507985762844193
2023-05-12,JPM,127.2080134509426,127.36606876598572,123.7772441549865,124.6791000366211,9988600,-0.014332760137928835
2023-05-15,JPM,124.83716404731295,126.13880448940313,124.54894467705132,125.7297134399414,7639500,0.008426539837163682
2023-05-16,JPM,125.94353220599379,126.38980678427393,124.54891173540695,124.88362121582031,6477200,-0.00672945321334284
2023-05-17,JPM,126.35262233626756,128.85364424817092,125.94354553851306,128.72348022460938,12711500,0.030747498922641947
2023-05-18,JPM,128.55615243737296,129.91357543771105,128.08197227429838,129.69973754882812,10999600,0.007584143332011184
2023-05-19,JPM,129.969306794322,130.6201409431526,128.42593779490767,129.40216064453125,13492200,-0.002294352401328803
2023-05-22,JPM,131.09435819452145,131.6893958486409,127.98900588042339,128.3330078125,11402500,-0.00826224868816694
2023-05-23,JPM,127.8773974466778,129.26272559811,126.87328316079605,126.994140625,9514900,-0.010432757794129999
2023-05-24,JPM,125.8877451386668,126.77101618732583,125.59023345923494,125.83196258544922,8578000,-0.00915143040325428
2023-05-25,JPM,125.34850221791892,126.69663258291455,125.1253578219997,126.13877868652344,8472500,0.0024383002122045916
2023-05-26,JPM,126.5479033887998,127.93323194917133,126.10162866480255,127.31959533691406,8579900,0.009361250066683757
2023-05-30,JPM,127.1893802963379,128.0447457522703,126.464178840508,127.80301666259766,7399900,0.003796912206674552
2023-05-31,JPM,127.12434214684183,127.2266149155367,124.9580292730815,126.17601013183594,14219900,-0.012730580022669136
2023-06-01,JPM,126.92908212873873,128.5189417760317,125.93424589021166,127.91461181640625,12248100,0.013779177854440938
2023-06-02,JPM,129.75547416344452,131.54058649622345,129.55092871196666,130.60154724121094,12922500,0.021005695804801494
2023-06-05,JPM,130.26688865425152,130.26688865425152,128.4259930589933,129.31854248046875,8511900,-0.009823809808107264
2023-06-06,JPM,128.9373278322047,130.25758126837246,128.50035972398217,129.55096435546875,9329500,0.0017972818943199353
2023-06-07,JPM,129.74621069918032,131.34537684682581,129.076791651942,130.80612182617188,9281400,0.00968852279060739
2023-06-08,JPM,130.78754019040267,130.99208571446027,129.68113872485935,130.84332275390625,7368100,0.00028439745185493415
2023-06-09,JPM,130.49003055885748,131.83816121691262,130.3598665129794,131.10365295410156,7249100,0.001989633056666884
2023-06-12,JPM,131.15943420142702,131.3918709835064,129.94145354640617,131.09434509277344,7596600,-7.099620123773853e-05
2023-06-13,JPM,130.61086044419062,132.83295530635525,130.29474985485163,132.0426788330078,7701600,0.007233979006213032
2023-06-14,JPM,132.95383981928003,133.5209861370307,130.81541857922923,131.5499267578125,9068700,-0.003731763696028123
2023-06-15,JPM,130.71315339866047,133.32574071990598,130.19249724469475,133.0375213623047,9343100,0.011308213095632569
2023-06-16,JPM,133.0003329420945,133.85569861958822,132.48896917108857,133.19557189941406,13813500,0.0011880147456968526
2023-06-20,JPM,132.5912271694313,132.9538279509158,131.1315174934463,132.516845703125,8428600,-0.005095711416004289
2023-06-21,JPM,132.8608503119899,133.90217667494477,131.7358643045841,132.3216094970703,9926500,-0.001473293489735461
2023-06-22,JPM,132.31229907643169,132.58193366281853,129.18834845257769,129.7740936279297,10075200,-0.01925245527788888
2023-06-23,JPM,128.80716441468397,129.40220202550213,127.95179873580885,129.09539794921875,9919500,-0.00522982407148842
2023-06-26,JPM,129.11395792287587,130.1738689072679,128.0168633016688,129.41148376464844,8429700,0.002448466951192385
2023-06-27,JPM,129.2348450460071,130.0158291939676,128.80715514394416,129.42079162597656,8154000,7.192453913162922e-05
2023-06-28,JPM,129.3836003129569,129.43009050189633,128.26790671248017,128.8536376953125,7558600,-0.0043822474236066
2023-06-29,JPM,130.22965593410052,133.47446355650607,130.02511047983398,133.3535919189453,15423200,0.03492298940192451
2023-06-30,JPM,134.44144316929692,135.74308350074216,133.56747858097697,135.22242736816406,14212800,0.01401413656974948
2023-07-03,JPM,135.9197343507007,137.11910189866717,135.74308012722005,136.3102264404297,8021600,0.008044516678464397
2023-07-05,JPM,135.68300316098157,136.14169879641477,135.14004477164264,135.40216064453125,8934900,-0.006661758399288398
2023-07-06,JPM,133.8856396654107,134.2320040302401,132.40654898226205,134.06350708007812,9709500,-0.009886500762476547
2023-07-07,JPM,134.71880784275996,136.52553639400776,133.86692398915542,135.121337890625,8981500,0.007890520198871265
2023-07-10,JPM,135.2710974449543,136.6659395090326,135.2710974449543,135.87957763671875,9100100,0.005611547057856381
2023-07-11,JPM,136.99361395127463,138.37910020779015,136.40386024410967,138.004638671875,11260900,0.015639296736980723
2023-07-12,JPM,138.03268337093755,140.29812147148584,137.61142675811845,138.68797302246094,11323200,0.004951531754020744
2023-07-13,JPM,139.20287398923173,139.83008093340652,138.3135511365733,139.3620147705078,11234900,0.004860131223763053
2023-07-14,JPM,141.87085848397194,143.12527238693303,138.93140351809885,140.2045440673828,27028400,0.006045616506495044
2023-07-17,JPM,140.74748954065532,143.93033347784979,140.74748954065532,143.58396911621094,17262400,0.024103534384762648
2023-07-18,JPM,143.58396870813758,144.5388133160355,143.05973693495963,143.84608459472656,13491700,0.0018255204959787275
2023-07-19,JPM,142.99420853526703,145.2971002736689,142.49805956001194,144.39840698242188,12510000,0.003839676201486064
2023-07-20,JPM,144.6605180284174,146.58894821231368,144.5481867273733,146.1770477294922,9935900,0.012317592584569326
2023-07-21,JPM,145.84942918250036,146.16771076680183,144.81032165848947,145.0537109375,10636400,-0.007684768638035244
2023-07-24,JPM,145.07239533945494,148.64841259921064,144.84771848900857,147.90887451171875,14381400,0.019683492106237654
2023-07-25,JPM,147.25356910482094,147.64674283778226,145.99915563048134,146.80422973632812,9944700,-0.007468414447999172
2023-07-26,JPM,146.70129192030421,148.14292930748638,146.29874762297274,147.68421936035156,8728600,0.0059943070142050026
2023-07-27,JPM,147.69360576809055,148.6390943050811,145.6153907955602,146.0553741455078,10778400,-0.011029243489240725
2023-07-28,JPM,147.234883659289,147.53445284492707,146.4485359733566,146.88851928710938,9103800,0.005704310070586915
2023-07-31,JPM,147.14126364731788,149.20076607298495,147.11318082189925,147.8714599609375,8892700,0.006691746084708461
2023-08-01,JPM,147.3752836576012,147.9088858617673,146.17703559842258,147.14125061035156,6853900,-0.0049381358023977695
2023-08-02,JPM,145.6247296556844,145.74643141841656,144.1081999906907,145.47494506835938,8299400,-0.011324530239346542
2023-08-03,JPM,145.10048890583116,146.89786098978126,144.4920086983106,146.36427307128906,6084000,0.006113272649883372
2023-08-04,JPM,146.41109472740982,147.7216885960237,145.75580493522597,146.0553741455078,6209400,-0.002110480374065027
2023-08-07,JPM,146.59833758419595,147.62807463981366,146.59833758419595,146.74810791015625,7251800,0.004742952929334132
2023-08-08,JPM,144.46395221454787,146.01792107141907,142.84443295199063,145.92431640625,8623400,-0.00561364310339596
2023-08-09,JPM,145.4000535208101,145.58727709541188,143.66820331619675,143.96775817871094,6277800,-0.013408034217491593
2023-08-10,JPM,144.520091916497,145.51238975141104,143.31247339344608,143.75245666503906,5995100,-0.0014954842417189695
2023-08-11,JPM,143.25631104053193,144.65115317660656,142.88186387000218,144.5856170654297,5180700,0.005795799388194078
2023-08-14,JPM,143.7992760288352,145.02560699541831,143.15334248845306,144.88519287109375,5044300,0.002071961317760218
2023-08-15,JPM,143.0878141862051,143.48098800077395,140.63513807973655,141.1968231201172,10300300,-0.025457189088039844
2023-08-16,JPM,140.98155027009378,141.3185585176941,140.12029586070057,140.5977325439453,6978200,-0.004242946568721484
2023-08-17,JPM,141.24361099584877,141.5993314684171,138.92199318247168,139.13731384277344,9953900,-0.010387213753361269
2023-08-18,JPM,138.21994109410372,139.95179172208907,138.02336129220063,139.4556427001953,8517500,0.002287875542728912
2023-08-21,JPM,140.09220047778916,140.5134714627281,138.56631446042414,139.9330596923828,8327000,0.0034234325907762653
2023-08-22,JPM,139.7271029659488,140.0828378134794,136.53490265589448,137.0310516357422,9673300,-0.020738545008736065
2023-08-23,JPM,137.00294965470403,138.16374441088766,136.16979258953467,137.95779418945312,7858000,0.006763011322239665
2023-08-24,JPM,138.07949613762864,139.8675120243072,137.60207386958209,137.8267364501953,6534000,-0.000949984305184226
2023-08-25,JPM,137.8735553172173,139.1279690919885,136.53489306897146,137.6582489013672,6695500,-0.001222459104580298
2023-08-28,JPM,138.14506687716968,139.11863830045337,137.73316633046414,138.1356964111328,5094100,0.0034683537933692943
2023-08-29,JPM,138.27607543171382,139.34326542853302,137.77991228921118,139.25900268554688,6337000,0.00813190437807454
2023-08-30,JPM,139.12793939995714,139.62408823908154,137.78927743740223,138.69732666015625,6277300,-0.00403331931551254
2023-08-31,JPM,138.79095064722685,138.87521339871287,136.637858079505,136.98422241210938,10933900,-0.01235138621124554
2023-09-01,JPM,136.75956054270785,138.62246891114418,136.3944695270514,137.4429473876953,7903500,0.003348743143614774
2023-09-05,JPM,137.7612015206172,138.74414307002488,135.74850896054588,135.92637634277344,7854700,-0.011034185993144985
2023-09-06,JPM,135.45831769328464,136.2446652620402,134.90600315934276,135.70172119140625,8629200,-0.0016527708411843145
2023-09-07,JPM,134.92475701377694,135.9919472963918,134.23201394868647,134.5409393310547,8373700,-0.008553921425316968
2023-09-08,JPM,134.21324809190452,134.91534713282763,133.539231869879,134.6438751220703,7107900,0.0007650889872437006
2023-09-11,JPM,135.5051451671015,135.78598770305322,134.5128472530841,135.23367309570312,6854200,0.004380429285016474
2023-09-12,JPM,135.2710963138877,137.91099584579266,134.8498397012467,136.9935760498047,8363200,0.013013792451352701
2023-09-13,JPM,137.92972395420438,138.26673213964824,136.50681320165899,137.0591278076172,8325900,0.00047850242108182783
2023-09-14,JPM,138.39780809031097,140.32623851403181,138.09825315552496,139.71775817871094,10034900,0.019397689257336648
2023-09-15,JPM,139.4088070236676,140.16707182842225,138.83776580409716,139.3058319091797,19863400,-0.00294827425590638
2023-09-18,JPM,138.6973598429271,139.61476546325227,138.31354218596897,139.59603881835938,6512400,0.0020832358933033923
2023-09-19,JPM,139.95175402826723,140.1577042404797,137.80801772654655,139.41815185546875,7943400,-0.0012742980703205342
2023-09-20,JPM,140.09218487834835,140.65386993955852,138.67863032943688,138.8284149169922,7332000,-0.0042299867745193565
2023-09-21,JPM,138.15439313326482,139.34328503841164,137.26507039146745,137.74249267578125,8052400,-0.007822045954066548
2023-09-22,JPM,137.88287954122202,138.08882972925824,135.91701086120517,136.42251586914062,7071700,-0.009582931025849728
2023-09-25,JPM,136.06682076935587,137.1620937275213,134.5221940712428,137.0965576171875,7044700,0.004940839448331458
2023-09-26,JPM,135.36470348795382,136.52549811671733,135.01832490761214,135.67361450195312,7468400,-0.010379130883852228
2023-09-27,JPM,135.91706094085959,136.75957435926273,135.2804835021302,136.46937561035156,6717800,0.0058652606206417435
2023-09-28,JPM,136.93741122131527,139.36199008748372,136.68465153852856,138.1637420654297,8868100,0.012415726587010179
2023-09-29,JPM,139.10927488590553,139.2590452079911,135.6081347051916,135.75791931152344,11917800,-0.017412837246163604
2023-10-02,JPM,135.58006668256533,136.31960504518725,133.5205781154654,134.5877685546875,9170600,-0.008619392244446522
2023-10-03,JPM,134.0541240888714,134.41921506435102,133.25842031372002,133.59542846679688,9431100,-0.007373181816945018
2023-10-04,JPM,134.0447954716826,134.30691139083365,132.8652595512566,134.194580078125,8128700,0.0044848212113564045
2023-10-05,JPM,133.94936120720567,134.9489954403181,132.8082911555661,134.7603759765625,8576200,0.004216235097632914
2023-10-06,JPM,134.76983853766583,137.57066825366812,134.04369376953446,136.83509826660156,10270600,0.015395640409907374
2023-10-09,JPM,135.47712036142732,137.11800063708546,135.32623051848367,136.52389526367188,6964900,-0.00227429224571718
2023-10-10,JPM,137.13683414188532,138.40994351775856,137.00480915687686,137.35372924804688,11288800,0.006078305799672057
2023-10-11,JPM,138.16475123974746,138.84374102392985,136.75963119469503,137.82525634765625,8698200,0.0034329399149974904
2023-10-12,JPM,137.96671807007812,138.58912775754237,136.86336329119763,137.50462341308594,10484400,-0.0023263728511524473
2023-10-13,JPM,140.04142044685983,144.3888348154425,139.41901068024754,139.5699005126953,29427000,0.015019692053589662
2023-10-16,JPM,140.9373067071493,141.0033264055544,138.36281187263532,139.42845153808594,12663500,-0.001013463319023522
2023-10-17,JPM,139.1643775960049,140.80525749010098,138.42879338011554,139.12664794921875,11482700,-0.0021645767814092443
2023-10-18,JPM,138.24021346264712,139.07951838576773,137.08970365032715,137.5989532470703,9620300,-0.010980604540303807
2023-10-19,JPM,137.1934163017745,138.64570554852048,136.62760109586821,137.0142364501953,11143600,-0.00424942765244074
2023-10-20,JPM,136.33527520394097,136.87280042471613,134.02481610747344,134.8075408935547,13332900,-0.016105593212883074
2023-10-23,JPM,134.79809672849134,135.49593689560837,132.71397266456037,132.96859741210938,10133400,-0.013641250847364339
2023-10-24,JPM,133.1478015940857,133.6570367926189,132.36507677495513,133.12893676757812,8881400,0.0012058437750668283
2023-10-25,JPM,132.56310041145807,133.1383408268775,131.56346622047414,132.40277099609375,8242600,-0.005454605055189021
2023-10-26,JPM,131.79922408824612,133.60043337964612,131.48801925860812,132.7422637939453,9109400,0.002564091335079288
2023-10-27,JPM,131.03534819566326,131.17681276799507,127.48952451636838,127.96104431152344,17434700,-0.03601881831579823
2023-10-30,JPM,128.6683543097979,130.17720937589277,128.29112975104002,129.592529296875,9855500,0.012749856756245848
2023-10-31,JPM,129.86600415268222,131.3088537506683,129.63966944313077,131.13909912109375,9672500,0.011934097070332106
2023-11-01,JPM,131.3182952427371,132.52538506399418,130.58272533258497,131.0259552001953,9432000,-0.00086277793317735
2023-11-02,JPM,132.1104252988265,133.42124987825363,131.29941059855653,133.3646697998047,10186200,0.01784924670868482
2023-11-03,JPM,134.0908306209058,135.58083522229103,133.77020054443747,134.8546905517578,9538700,0.011172529832599754
2023-11-06,JPM,135.01498415663912,135.97688862298904,134.65662448709557,135.87315368652344,7625100,0.007552300410156976
2023-11-07,JPM,135.33562430758016,136.0429040937685,134.68493899158793,135.80714416503906,6297900,-0.0004858172471411404
2023-11-08,JPM,135.90147545372747,136.58989052573705,135.43938073983261,136.4767303466797,7618200,0.004930419424967081
2023-11-09,JPM,137.15571722301596,137.35374753206762,135.51482271407195,136.0712127685547,7992500,-0.002971331281859557
2023-11-10,JPM,136.68418961313236,138.136464559863,135.87317481726728,138.0893096923828,7983300,0.014831182016880717
2023-11-13,JPM,137.40088871139884,137.91956345188186,136.89165357778936,137.47633361816406,6676300,-0.004438982826290183
2023-11-14,JPM,138.32507347607216,140.74869271323962,138.174198041455,139.98483276367188,9927700,0.018246770767651466
2023-11-15,JPM,140.00367999024377,141.6068445999882,140.00367999024377,141.2107696533203,8365300,0.008757640848977566
2023-11-16,JPM,141.5408447709493,142.89882442983355,141.5408447709493,142.82337951660156,8126200,0.01141987871916772
2023-11-17,JPM,143.53066195472735,144.15307170777956,142.90825220167514,144.1153564453125,7812400,0.009045976457662253
2023-11-20,JPM,143.41749314350156,144.99236786773022,143.26660332342516,144.55856323242188,7019000,0.0030753612803058328
2023-11-21,JPM,144.47370055393674,144.87921516759508,143.87959523992686,144.25680541992188,7083500,-0.00208744335688249
2023-11-22,JPM,144.6717431305955,145.11497299989654,144.19078361006055,144.59629821777344,5174500,0.0023533919031641926
2023-11-24,JPM,144.84145112336245,145.64304055257284,144.5491111448352,144.79429626464844,3496900,0.0013693161534245046
2023-11-27,JPM,144.69056896757002,144.78487868997536,144.01159364689627,144.46424865722656,6259100,-0.0022794240929119303
2023-11-28,JPM,144.49253107023543,145.1055010645898,144.02101126238048,144.79429626464844,6582700,0.002284631737538012
2023-11-29,JPM,145.3884426243466,146.76528704849733,145.22812758688474,145.5299072265625,9126100,0.005080386319703756
2023-11-30,JPM,146.0863269554819,147.23683688383016,145.5865169165689,147.18968200683594,9869800,0.011405042522905529
2023-12-01,JPM,146.94443626974908,148.86823070778377,146.94443626974908,147.9063262939453,8916000,0.004868848667504366
2023-12-04,JPM,147.1330553995179,149.04742480521057,147.00103041945783,148.9908447265625,9607500,0.007332468189777286
2023-12-05,JPM,148.3024355246939,149.47181007082003,148.02896031089793,148.9720001220703,9135600,-0.00012648162728901013
2023-12-06,JPM,149.7924138097006,150.15077347960937,147.11418467049566,147.40652465820312,9366000,-0.01050852148446968
2023-12-07,JPM,147.7649118050395,148.34959188917585,147.25566224366952,147.8592071533203,8130900,0.0030709800408552645
2023-12-08,JPM,148.3024223551613,149.73584676995327,148.0383723826528,149.49066162109375,7369400,0.011033837521404521
2023-12-11,JPM,149.4906786018212,150.22624852159782,149.14174407807883,150.0376434326172,8093900,0.0036589697683582223
2023-12-12,JPM,150.16024048034427,151.49935542257748,149.83018514642347,151.37677001953125,10223000,0.008925270727245582
2023-12-13,JPM,151.376751172791,152.80073607591623,150.66947133004385,151.885986328125,12379100,0.0033638999466565345
2023-12-14,JPM,152.61213937426155,155.45068411871856,152.49897919789595,154.64910888671875,13643000,0.01819208358448865
2023-12-15,JPM,153.79090619905173,155.8655905288681,153.14020654518885,155.8184356689453,20309300,0.007561160815243273
2023-12-18,JPM,156.46914985499157,157.61023425667324,156.19567466546889,156.76148986816406,8469600,0.006052263297151583
2023-12-19,JPM,156.5445970162341,158.87390632782794,156.12023201068527,158.85504150390625,10345700,0.013355012366256913
2023-12-20,JPM,158.42127317416848,159.760388064777,156.9689837140342,157.06329345703125,10734700,-0.011279138703513825
2023-12-21,JPM,157.33674255642595,158.51554219987133,156.24281303379408,157.9591522216797,7601700,0.005703807330982302
2023-12-22,JPM,157.95917790673107,158.64759298134297,157.7045531132431,157.8648681640625,6576300,-0.0005968888557015273
2023-12-26,JPM,157.92144185918576,159.15682162146308,157.65737749239696,158.7984619140625,4683600,0.0059138791350952236
2023-12-27,JPM,158.27979105184372,159.8169504768574,158.03460589267718,159.7509307861328,6428600,0.005997972905970261
2023-12-28,JPM,159.70381588348346,160.9391958738307,159.37374615629497,160.59970092773438,6320100,0.0053130841706197085
2023-12-29,JPM,160.3167620438129,160.96746179209865,159.96784193110983,160.41107177734375,6435100,-0.0011745298982561714
2024-01-02,JPM,159.458610618745,162.36317518980186,159.28887034656313,162.27830505371094,9977400,0.011640301730288183
2024-01-03,JPM,162.07082435870566,162.24056461960868,160.6656898438769,161.57101440429688,9852300,-0.0043585040475987435
2024-01-04,JPM,161.9126118704199,164.4840152154625,161.81772058185265,162.6432342529297,11972500,0.006636214129038143
2024-01-05,JPM,162.70014174249383,164.51245797473024,162.70014174249383,163.459228515625,10066000,0.005017080891458026
2024-01-08,JPM,163.2220001220703,163.54460726616028,160.82139873382036,163.2220001220703,11229900,-0.0014513000930505005
2024-01-09,JPM,162.8424721796584,163.00377577413855,161.40022316605578,161.93157958984375,9923600,-0.007905922799999243
2024-01-10,JPM,161.3053268268902,162.33009181707794,160.309026324343,162.27316284179688,9670200,0.002109429506081062
2024-01-11,JPM,161.61847608879714,161.6469405809146,160.01490880041456,161.5900115966797,11919500,-0.004209884328089442
2024-01-12,JPM,164.91099163359718,167.29261232317756,160.26159373589286,160.4039306640625,19436500,-0.007340063416652165
2024-01-16,JPM,156.43771030633505,159.49302439057672,155.8968705158976,159.3981475830078,17206400,-0.0062703144298946745
2024-01-17,JPM,158.78138793793093,160.42291746804034,157.9748698967347,158.54417419433594,11107500,-0.0053574862796141876
2024-01-18,JPM,158.57265564504195,158.9616897009566,156.78881794771868,158.85731506347656,9382300,0.0019751017073437183
2024-01-19,JPM,158.98063779337124,161.84618358047715,158.53467484219206,161.59947204589844,13115700,0.017261760853292563
2024-01-22,JPM,161.7418034738899,163.1840524158629,161.03016233915122,161.40969848632812,12837500,-0.0011743451706105468
2024-01-23,JPM,160.99219920582442,161.06810933054288,159.8251118048267,160.34698486328125,8360800,-0.006583951478831951
2024-01-24,JPM,160.6980455138972,162.26365010364287,160.2236181256864,161.7797393798828,9967100,0.008935338059665954
2024-01-25,JPM,163.49718747582935,164.142416344373,162.1687963911467,164.094970703125,8873500,0.014311009104827965
2024-01-26,JPM,163.78182804587664,164.2088098113454,162.9942768223619,163.4687042236328,7443000,-0.003816487956996628
2024-01-29,JPM,163.4307613169015,164.00006552852224,162.5388354591491,163.89569091796875,6971200,0.0026120393892141713
2024-01-30,JPM,163.9905758624225,167.71956825499603,163.9905758624225,167.254638671875,10822100,0.02049442383196909
2024-01-31,JPM,167.18822653609234,169.18082757038678,165.42335588463555,165.4423370361328,11521800,-0.010835583695215867
2024-02-01,JPM,164.75916524911648,165.8977882402984,162.66218953700178,164.8445587158203,9354800,-0.003613212500630625
2024-02-02,JPM,164.4365557087008,166.82767409091414,164.39859340512308,165.7934112548828,8607600,0.005756044035995389
2024-02-05,JPM,164.96792869965805,166.13501628029312,164.07600269490123,165.5751953125,7820200,-0.0013161918844128984
2024-02-06,JPM,165.6795413976579,166.87509326368186,164.87300900590824,166.1444854736328,6764800,0.0034382575243734337
2024-02-07,JPM,166.70430734707855,166.87509426680478,165.0627925456374,166.4575958251953,7225500,0.0018845666208535672
2024-02-08,JPM,166.04961611663302,166.34375883435635,164.69276048884402,165.85984802246094,6060300,-0.0035909914460262593
2024-02-09,JPM,166.04961395288615,166.14450523792445,164.78763514943896,166.05909729003906,6296700,0.001201311046366893
2024-02-12,JPM,165.8408712827099,167.76704572264995,164.81610617285773,166.79920959472656,8539300,0.004456921160993721
2024-02-13,JPM,166.3532562916045,167.2167032899838,163.79133635147977,165.3474578857422,8397600,-0.008703588659153216
2024-02-14,JPM,166.11600878885736,167.09332802753954,165.49924451152302,167.0269012451172,7056700,0.010157055819603356
2024-02-15,JPM,167.14074588663394,170.9931080445653,167.14074588663394,170.6704864501953,8723400,0.021814361506539814
2024-02-16,JPM,170.42381164390923,170.7748832877289,169.04797507605818,169.87347412109375,8152600,-0.004669889596489507
2024-02-20,JPM,170.02532914014753,171.2303790396539,169.28522340114444,170.53770446777344,9668000,0.003910147538433106
2024-02-21,JPM,170.7464483434242,171.73326561657646,169.38959269081207,171.64785766601562,7024000,0.006509722889180614
2024-02-22,JPM,172.52081000181218,174.0389691999663,171.970472406029,173.70687866210938,9296500,0.011995611387705774
2024-02-23,JPM,174.40900207051712,175.72790969059875,173.8207167154575,174.57980346679688,7105800,0.0050252748274033365
2024-02-26,JPM,174.35206266605564,175.0257559181345,173.14701306334396,173.9820098876953,7145400,-0.0034241851991502203
2024-02-27,JPM,173.93458948194154,174.15282205509578,172.91932226723353,174.0674285888672,5717100,0.0004909628370599606
2024-02-28,JPM,174.0484663009059,175.7279437106466,173.60251776947524,174.94989013671875,6131600,0.005069653495806348
2024-02-29,JPM,176.1644091332413,176.89501700223315,174.44698403277337,176.5439453125,9643000,0.009111495723350016
2024-03-01,JPM,176.20234267897524,176.90450047991027,175.63303845622815,175.8133087158203,6311800,-0.004138553692036195
2024-03-04,JPM,175.26300176048102,177.99569413338153,174.84550327171607,177.13223266601562,7063600,0.007501843630775218
2024-03-05,JPM,176.82857616411795,179.61821151467728,176.82857616411795,178.9065704345703,6617800,0.010017023676883285
2024-03-06,JPM,179.57079333868876,180.3488613215342,178.03365300369188,179.8364715576172,7572900,0.005197691290980133
2024-03-07,JPM,180.1970245029766,180.75684537868307,177.0847818143066,178.2613525390625,7618300,-0.00875861834316538
2024-03-08,JPM,178.80220930717653,180.7189001480093,178.3088007338345,178.5934600830078,6172200,0.0018630372720442878
2024-03-11,JPM,177.70155853816826,178.80223378384542,176.69577458133077,178.65989685058594,5762600,0.00037200000239234754
2024-03-12,JPM,179.28611974419184,180.43424047505954,178.2993170776544,180.13059997558594,5708400,0.008231859252834761
2024-03-13,JPM,180.6240066673423,181.92393315603576,180.1305981000231,181.5918426513672,7795500,0.008112129066240259
2024-03-14,JPM,181.25977148114708,181.82909027874697,177.53077823984108,178.3562774658203,10310900,-0.01781778927018618
2024-03-15,JPM,176.94247512959424,181.17437477098684,176.94247512959424,180.56710815429688,17214200,0.012395586630811195
2024-03-18,JPM,180.88020701359716,182.84432904958828,180.17804920335632,182.80638122558594,9013800,0.012401334297138744
2024-03-19,JPM,182.85383525818784,184.01142492310007,182.54071140188407,183.8785858154297,8478700,0.005865247058966849
2024-03-20,JPM,184.25814725101966,186.5069288762153,183.70780963606143,186.2886962890625,9367000,0.01310707531790567
2024-03-21,JPM,186.46897370163362,189.23013052665834,186.2886889495495,188.87905883789062,11203800,0.013905097842376257
2024-03-22,JPM,188.8316208127196,190.22643876540545,186.48794789784623,186.56385803222656,8108800,-0.012257583344118306
2024-03-25,JPM,186.54487175179887,186.86747893022638,184.41943164766377,184.8559112548828,8620000,-0.009154756957527765
2024-03-26,JPM,184.63766637481814,186.60180291274617,184.13477445009167,185.7193603515625,5961500,0.004670930406381002
2024-03-27,JPM,186.4499755769137,189.39143136464278,186.33611762948894,189.31552124023438,8725800,0.01936341414198517
2024-03-28,JPM,189.28706341600085,190.45415085331146,188.38563970590695,190.05563354492188,8628300,0.003909411652245565
2024-04-01,JPM,189.76151364251672,190.6629229824968,188.414141301363,188.7652130126953,7309000,-0.006789698932663124
2024-04-02,JPM,188.2432918732891,189.56219938684464,187.94914921951673,188.6892547607422,7014700,-0.0004023953923545376
2024-04-03,JPM,188.8600718225351,189.353480421599,187.5886097387711,188.15792846679688,9353400,-0.0028158799748243535
2024-04-04,JPM,190.06669747224808,190.5725228336972,186.63090338860295,186.72633361816406,9243800,-0.007608474754681627
2024-04-05,JPM,187.21305775446814,189.0836531185968,186.21094581369908,188.4442138671875,6532300,0.009199989180617152
2024-04-08,JPM,188.6065008303441,189.90447149415994,188.6065008303441,189.42727661132812,8001000,0.00521673085082619
2024-04-09,JPM,189.03596449913155,189.80901778367087,186.02008971749524,188.1579132080078,7351500,-0.0067010592456799856
2024-04-10,JPM,186.63091835715863,188.0815948534464,185.3233944981093,186.5545654296875,7681400,-0.008521288055250764
2024-04-11,JPM,187.0603818015725,187.60439092248092,184.42627146372058,186.51637268066406,10137700,-0.00020472695983331235
2024-04-12,JPM,179.730669116781,180.31283283345405,174.21428344257563,174.452880859375,31532300,-0.0646779242374772
2024-04-15,JPM,176.08490791538944,178.90990796764004,173.8898085897857,174.54833984375,14766600,0.0005471906448593078
2024-04-16,JPM,174.55787484556882,174.80602549423577,171.45610823988386,172.5536651611328,16451800,-0.011427634799636377
2024-04-17,JPM,173.09765717367875,174.0997692825039,171.02663324895016,171.8665008544922,9017100,-0.003982322287961471
2024-04-18,JPM,172.83994066484016,174.99685564716827,171.7614758922622,172.98309326171875,9557700,0.006496858908950021
2024-04-19,JPM,174.08067361637623,177.40196022253804,173.1358371435667,177.3256072998047,13402300,0.02510369051798511
2024-04-22,JPM,177.5069543871332,181.45812735942548,177.49740116944542,180.77096557617188,11529700,0.019429558589031837
2024-04-23,JPM,182.4125363397242,183.46235643500478,181.83035794983073,183.37646484375,9144400,0.014413261882369355
2024-04-24,JPM,181.8398931093001,184.41674273722938,181.496312188054,184.27359008789062,6964900,0.0048922594560050214
2024-04-25,JPM,183.48141172959566,185.0943325814848,182.46020780549338,184.55032348632812,9802300,0.0015017529007033126
2024-04-26,JPM,184.74120887546937,185.98190375230607,184.25446084078007,184.66485595703125,6413700,0.0006206029257467272
2024-04-29,JPM,184.65530678155278,185.3997295490782,183.65319472901302,184.4644317626953,5387800,-0.0010853402142884105
2024-04-30,JPM,184.0158640239999,186.09644101035263,182.89922989355478,182.9946746826172,8153700,-0.007967699062813915
2024-05-01,JPM,183.50049513128624,185.5906107156563,182.08798801756038,183.10919189453125,7445300,0.0006257953249879655
2024-05-02,JPM,184.2640125734771,184.67439312359332,180.87592647957385,182.91831970214844,6501700,-0.0010423954712920347
2024-05-03,JPM,183.2428161104816,183.74864146909349,179.86428309609008,181.82077026367188,8922800,-0.00600021605415868
2024-05-06,JPM,182.98513906415366,183.43370340279216,181.16226574552516,183.24282836914062,7911100,0.007821208233836696
2024-05-07,JPM,182.95650428655827,184.13039955093174,182.90878188854626,183.0042266845703,7688800,-0.0013021065364132722
2024-05-08,JPM,182.28842746572758,187.6807232907595,182.28842746572758,186.72633361816406,9227600,0.02033891239030905
2024-05-09,JPM,186.26824403253585,188.57786545857692,186.2014443233279,188.49197387695312,7977300,0.009455764618608198
2024-05-10,JPM,189.4845051748557,190.24801976902737,189.2268304675511,189.7040252685547,7529800,0.006430254650485967
2024-05-13,JPM,189.7326620428204,190.734774070511,189.00731660118564,189.6658477783203,7049200,-0.000201247655026493
2024-05-14,JPM,189.9235483988948,192.385875547787,189.121864553999,192.31906127929688,8596200,0.013988883776680838
2024-05-15,JPM,192.79627882739626,193.44527146599475,190.65845498926635,192.8917236328125,8370000,0.0029776682025499657
2024-05-16,JPM,192.9966778539951,195.1535932389949,192.77717231019278,193.2352752685547,8497900,0.0017810594942693214
2024-05-17,JPM,194.51416504960696,195.69761353618276,193.55977533673882,195.449462890625,9260500,0.011458506315645822
2024-05-20,JPM,195.06770117767758,196.48974700752038,186.48773292892272,186.65953063964844,17373300,-0.044972915867747765
2024-05-21,JPM,188.01476428528767,190.78248849278148,187.6330142438508,190.41983032226562,14420800,0.020145232711832772
2024-05-22,JPM,189.92354585608186,191.77506416081215,188.6732977083887,189.2650146484375,9425300,-0.0060645767401100725
2024-05-23,JPM,188.78782176676148,189.25547795628643,187.12719303061385,187.93841552734375,8069400,-0.007009214690617438
2024-05-24,JPM,188.73057245126876,191.6032803468456,188.54923606930294,191.55557250976562,7356200,0.019246501425865148
2024-05-28,JPM,190.74430715889065,191.2692243545398,189.59904254472963,190.40072631835938,6910200,-0.006028778887898878
2024-05-29,JPM,188.9691437571096,189.91399471851386,187.90977070201868,189.07412719726562,6120000,-0.006967405780141878
2024-05-30,JPM,189.5036107487647,190.7347815795727,189.35090490632123,190.23849487304688,6829100,0.006158260218048994
2024-05-31,JPM,190.20986585230213,194.02742456659686,189.3031985702233,193.3879852294922,14417900,0.01655548399153961
2024-06-03,JPM,193.08258611073796,193.1875695647281,190.1048947798636,192.6149444580078,6444300,-0.0039973567673659005
2024-06-04,JPM,191.03065316429118,192.76763491215212,189.23639579945825,190.07626342773438,6848300,-0.013180083390813446
2024-06-05,JPM,190.6488832103386,190.70615882571187,187.9384199292547,188.26290893554688,8351600,-0.009540141727780393
2024-06-06,JPM,188.2628911546147,188.9882365858564,186.4209261786032,187.92886352539062,7640300,-0.0017743559368383899
2024-06-07,JPM,188.42514935958465,191.75597461770602,188.024307437637,190.83021545410156,6964500,0.015438564754151951
2024-06-10,JPM,190.15261775965763,191.67963261173603,189.38910305220256,190.5057373046875,6070800,-0.0017003499610475092
2024-06-11,JPM,188.88328002640114,188.91191055404266,184.7698625098068,185.4951934814453,9235300,-0.026301275195867335
2024-06-12,JPM,187.06035782031864,187.74751948346045,182.58426835670835,182.7942352294922,12751300,-0.014560799130481472
2024-06-13,JPM,183.54822402834617,185.7051393894414,182.17390060566132,184.8271026611328,8587800,0.011121069704897568
2024-06-14,JPM,182.71789030520225,185.97236241283088,182.6892597815552,184.94161987304688,6874000,0.0006195910137920535
2024-06-17,JPM,184.6552991186537,186.65952314056108,183.85361533502265,186.08688354492188,8725400,0.006192568620633665
2024-06-18,JPM,185.72424105772285,188.930991025547,185.27567673463204,188.0147705078125,9023000,0.01036014428402865
2024-06-20,JPM,187.4325744032568,190.35300427166862,187.1653464782276,189.60858154296875,8731100,0.008477052259519224
2024-06-21,JPM,187.73799820567726,188.17700929825324,185.36156268713378,187.34669494628906,20972100,-0.011929241695039505
2024-06-24,JPM,188.7878322423663,190.14306392636604,188.11022368178232,189.8090362548828,9785900,0.013143233240915597
2024-06-25,JPM,189.05504227358247,190.94474426582192,188.72101463378038,189.0359649658203,6862500,-0.004072889807123725
2024-06-26,JPM,188.44423225132738,188.91188841939731,187.3275981156472,188.42514038085938,7758600,-0.0032312612315407163
2024-06-27,JPM,188.43471002085207,190.74433141255324,187.91933141310852,190.08580017089844,7913500,0.00881336634104346
2024-06-28,JPM,190.88747429822308,193.35935463256504,190.20986578187188,193.03485107421875,15307600,0.015514314591984046
2024-07-01,JPM,193.5883881973363,197.64454410688455,193.416605054855,196.079345703125,10205800,0.015771735580202062
2024-07-02,JPM,195.92665854630712,199.33383682530447,195.43038637882975,199.30520629882812,7802900,0.016451812321871317
2024-07-03,JPM,199.9923607921085,200.78450597577336,198.17901165846095,199.1715850830078,5560900,-0.0006704351496967798
2024-07-05,JPM,198.64377422771068,199.0084419463454,196.27336816071954,196.532470703125,8093100,-0.013250456277600686
2024-07-08,JPM,196.77234717432552,198.5573486268656,195.74549945160496,196.89710998535156,8707000,0.0018553640572573915
2024-07-09,JPM,197.33859380980596,201.30205403205485,197.1658441534367,199.25794982910156,9058900,0.011990220902305948
2024-07-10,JPM,197.82801262669597,199.58422503774028,197.2905953160313,199.42108154296875,8328500,0.0008186961373792823
2024-07-11,JPM,197.89521368869632,199.70900458588088,197.09867916383936,199.085205078125,10658100,-0.0016842575631672574
2024-07-12,JPM,195.77432240821722,199.08520875553353,193.95093996868792,196.67642211914062,15443400,-0.012099256486885257
2024-07-15,JPM,198.83568835973134,203.07746338803915,198.3846385255346,201.5803680419922,10719700,0.02493408142172182
2024-07-16,JPM,201.53240903441477,205.12161054317335,199.68982876618043,205.00643920898438,11557000,0.016996055718474068
2024-07-17,JPM,205.1791773653675,208.78756169090065,204.6705491521375,208.12538146972656,11572500,0.015213874611824885
2024-07-18,JPM,206.9354044523305,207.90467411348138,200.80306165121763,201.51321411132812,12415100,-0.03177011526275675
2024-07-19,JPM,202.68399960778325,203.787638142558,200.49593484279177,201.32125854492188,8095900,-0.0009525706155438796
2024-07-22,JPM,201.97385135034514,203.6148926358178,201.25409280392114,201.8011016845703,7663200,0.0023834697990494647
2024-07-23,JPM,202.5112554797567,202.95269915898984,200.9085949784075,201.8490753173828,5557300,0.00023772730878102166
2024-07-24,JPM,201.10051172692297,203.48050887617381,199.6801925008323,200.17921447753906,7119000,-0.008272818873299781
2024-07-25,JPM,200.2368295595067,201.7147420327881,199.66103148604793,200.2560272216797,6403800,0.00038371987991414613
2024-07-26,JPM,200.80306390247225,204.5650005405499,200.20805348439288,203.68209838867188,8027800,0.017108454684360508
2024-07-29,JPM,204.07553810374966,204.99683550482567,202.06022291940437,202.34812927246094,6533600,-0.006549270293088938
2024-07-30,JPM,204.63216225145678,207.08893590558594,204.3730597013521,206.5131378173828,8850700,0.020583380532832596
2024-07-31,JPM,206.11965617262393,207.66473846208044,204.09473484474648,204.21949768066406,9071600,-0.011106509546850218
2024-08-01,JPM,204.6033494115887,205.207951245614,198.05835297856282,199.57464599609375,10918600,-0.0227444085276981
2024-08-02,JPM,195.6591542348571,196.41729340747878,188.95099978059565,191.1102752685547,18041700,-0.042412054323296866
2024-08-05,JPM,186.2255269573448,188.26003972022244,183.2025323392783,187.04124450683594,13927000,-0.021291533152787312
2024-08-06,JPM,187.5210898263343,194.4307836748442,186.17754637997143,192.26190185546875,10605800,0.027911797541755545
2024-08-07,JPM,195.30408805090468,197.4537723017031,192.1275558309593,192.31948852539062,9204400,0.0002995220028831902
2024-08-08,JPM,194.30602452731497,196.6476414155857,193.6534358098913,195.8319091796875,7761200,0.018263467115206877
2024-08-09,JPM,195.26568795748204,198.14472201831654,194.71866445703174,197.50173950195312,5540200,0.008526855144599832
2024-08-12,JPM,198.08715268440758,198.78771357086882,195.44803800867777,197.8760223388672,6936000,0.001895086280545799
2024-08-13,JPM,199.35392685485715,199.69941155528463,197.11787513313567,199.5554656982422,6387800,0.008487351522050046
2024-08-14,JPM,199.36351554061437,202.26173259433187,198.76850521541047,201.76271057128906,6999800,0.011060808910063002
2024-08-15,JPM,204.41141236229493,205.26552518971098,202.5880300343132,203.01988220214844,7001000,0.0062309414227224025
2024-08-16,JPM,203.15425086846594,205.45747235510242,203.05827720505397,205.34231567382812,7931200,0.011439438573642935
2024-08-19,JPM,205.37108886847773,206.83939501460688,205.1983538600032,206.7626190185547,6090800,0.0069167591690288965
2024-08-20,JPM,206.33075850164272,207.29043644816198,205.06397658334606,205.8701171875,5640000,-0.004316553133690948
2024-08-21,JPM,205.78375651861572,206.33078003410972,204.25787193885594,205.94691467285156,5202300,0.000373038527401226
2024-08-22,JPM,205.92770721801395,208.05819355178016,205.6973792260983,207.89505004882812,5247100,0.009459405493261075
2024-08-23,JPM,208.825930548005,210.35181499430405,207.7702789315898,209.50729370117188,7214000,0.0077550843657177015
2024-08-26,JPM,210.17908959536388,210.82207214735465,209.25780684522277,210.3326416015625,5105200,0.003939470964518632
2024-08-27,JPM,210.65894306314183,211.5322536842561,210.35185367323294,211.3019256591797,5185200,0.004608338725918371
2024-08-28,JPM,210.40942013221067,213.25007370690733,210.35184179007584,212.36715698242188,6506400,0.00504127598420645
2024-08-29,JPM,213.19246805291826,213.98900257334432,210.1119097835547,213.25006103515625,6416100,0.004157441599161427
2024-08-30,JPM,213.5283638010213,216.38820025870874,212.981340289583,215.73562622070312,8574100,0.011655636455537133
2024-09-03,JPM,213.336424500989,215.06384784728323,210.39981213405102,211.4170684814453,8956100,-0.020017823735982376
2024-09-04,JPM,212.1272628347135,213.1157448525249,208.45170821588613,210.48622131347656,7389500,-0.0044028950673414835
2024-09-05,JPM,211.27309900776237,211.89689847369655,207.31923046160043,208.85472106933594,8067900,-0.007751102347506311
2024-09-06,JPM,208.82596392525963,209.91999639189612,202.57845001745773,203.89321899414062,7777000,-0.023755757350336304
2024-09-09,JPM,206.513105906515,209.3537445138377,205.54382177933104,208.06777954101562,8935100,0.02047424905776274
2024-09-10,JPM,209.78563367537953,209.82401435534237,192.52101978319223,197.27142333984375,28406900,-0.05188865005907184
2024-09-11,JPM,196.97391086092546,199.3251190484655,193.6918138354718,198.8740692138672,13658700,0.008124065041404949
2024-09-12,JPM,199.27713568329062,200.36157653556083,196.6284296106188,198.2694854736328,9054400,-0.003040033035097256
2024-09-13,JPM,198.51899663631963,199.46908315177689,194.83383653849526,196.0814208984375,10226700,-0.011035811032486409
2024-09-16,JPM,197.53052305856136,199.8145613678539,197.3001950685702,199.47866821289062,8634900,0.017325697146048258
2024-09-17,JPM,199.35390740598294,201.4651960832742,199.28673756042474,200.8126220703125,7573300,0.0066872005381459765
2024-09-18,JPM,200.58230673818105,202.81835838288768,198.36545275492742,199.1619873046875,8259900,-0.008219775971288534
2024-09-19,JPM,201.32127025220836,203.36538928713296,198.97965334983056,201.9930419921875,11635200,0.014214834496348638
2024-09-20,JPM,201.46520015567114,202.89512568030523,201.05254563504943,202.57843017578125,20885000,0.0028980611303255355
2024-09-23,JPM,202.49207645675105,203.25982185543435,201.52280686007273,202.91433715820312,7223500,0.0016581576929508568
2024-09-24,JPM,202.6360430882623,204.36346675152708,201.88749527476875,203.0583038330078,7323200,0.0007094948381711763
2024-09-25,JPM,203.14466326540543,203.68209532865095,200.19845896675733,201.71475219726562,8976500,-0.006616580609513534
2024-09-26,JPM,202.61682975945425,203.16383862893971,200.582302352154,201.32125854492188,7807500,-0.0019507430570022688
2024-09-27,JPM,202.15616813497374,203.87399998332447,200.88940076897532,202.01222229003906,7032500,0.0034321449712326757
2024-09-30,JPM,197.99117378793656,202.45368545325593,196.98350891876606,202.3577117919922,8663800,0.001710240588597145
2024-10-01,JPM,200.47672835038065,200.6590695133516,197.87600917065313,198.6917266845703,8540100,-0.018116359761916168
2024-10-02,JPM,198.73014693766058,200.52474033695253,197.39619493599187,198.93167114257812,5810900,0.0012076217868333128
2024-10-03,JPM,197.8568269060444,198.16393091884422,196.10061427209934,196.95472717285156,7251300,-0.009937804062931987
2024-10-04,JPM,202.09150201972523,204.37987213930614,199.78381659479555,203.94537353515625,10211700,0.035493671376415126
2024-10-07,JPM,203.7619212935509,205.9827100132501,202.4680757269759,203.6653594970703,6718900,-0.0013729854873989478
2024-10-08,JPM,203.32740337902976,204.05157258412177,201.20317665741186,203.49154663085938,6021800,-0.0008534238057966714
2024-10-09,JPM,202.47772975256393,206.86137608833337,202.16875851799102,206.06961059570312,7024000,0.01266914526685703
2024-10-10,JPM,207.41171960680364,207.41171960680364,204.18675618891916,205.5095672607422,7927100,-0.0027177385997962933
2024-10-11,JPM,208.24209865254014,216.89351339672228,207.74966888805528,214.63409423828125,18320700,0.04439952406674208
2024-10-14,JPM,215.51276767760157,215.99554718168815,211.34156042358927,213.8520050048828,9048900,-0.0036438257219758574
2024-10-15,JPM,215.95691583331498,217.68525985149523,214.18029092153253,214.73065185546875,9235800,0.004108667817100287
2024-10-16,JPM,214.67274209136121,215.97623794909032,213.42716268516796,215.9376220703125,6382500,0.005620856661191276
2024-10-17,JPM,216.54592216463283,218.0715071604394,215.6189790372494,216.6907501220703,6470200,0.0034877111479563183
2024-10-18,JPM,217.25074963533817,218.13906204363374,215.4161936428324,217.60800170898438,7000500,0.004232998346248573
2024-10-21,JPM,217.46318311378727,217.92664727427885,215.22307932710135,215.31964111328125,5870000,-0.010515976332356791
2024-10-22,JPM,215.33897121583806,217.52112924082374,213.48509971320877,216.4010772705078,9586800,0.005022468696469717
2024-10-23,JPM,215.95693541093075,217.05767211185088,214.86584899630188,215.71554565429688,6180500,-0.0031678752474693095
2024-10-24,JPM,214.18995560232,217.3087070595921,214.02581233964898,217.23146057128906,6002200,0.007027379099610931
2024-10-25,JPM,217.25076784703845,217.84940969268465,213.2726696126605,214.65341186523438,6369700,-0.011867750183489845
2024-10-28,JPM,215.65760510182318,217.868728693903,215.27137266803004,217.73355102539062,6843000,0.01434936036371992
2024-10-29,JPM,217.45355245759362,218.94050685947278,215.13620197943288,215.2230987548828,6580000,-0.011529928477651441
2024-10-30,JPM,214.87550115342282,218.5156628404685,213.94857273050474,216.6811065673828,7110900,0.006774402101516586
2024-10-31,JPM,216.96107745978253,217.91698605526622,214.18027790309608,214.27682495117188,7829900,-0.01109594488554666
2024-11-01,JPM,215.86034529447858,218.36113930912322,215.02996405127206,215.26170349121094,6923500,0.00459629052401489
2024-11-04,JPM,214.98169019005127,216.0534611932713,211.6215492339804,212.21054077148438,8229600,-0.014174201310504508
2024-11-05,JPM,212.45192606649232,214.3154624265246,212.42296047781522,213.8616485595703,5600700,0.007780517320597591
2024-11-06,JPM,226.90637065875526,239.4586379717928,226.68429620853013,238.55101013183594,23987800,0.11544548421167011
2024-11-07,JPM,236.07918035167899,236.1467765550335,227.11879382619438,228.2388458251953,16451100,-0.043228340558866485
2024-11-08,JPM,231.0968653627636,231.0968653627636,227.6594780097169,228.81814575195312,9502100,0.0025381302848046516
2024-11-11,JPM,231.734137289825,233.76181688441483,230.76857838445073,231.048583984375,9017100,0.00974764577823195
2024-11-12,JPM,232.26521962387952,233.14388184693877,230.53686076900374,231.30931091308594,6861000,0.0011284506670188321
2024-11-13,JPM,232.29419152794952,235.68329839480197,232.0334864664189,232.85421752929688,11472600,0.006678964241052299
2024-11-14,JPM,234.07080953881766,235.87640014281013,232.7479984317867,233.5397491455078,10172200,0.002944037791047016
2024-11-15,JPM,233.1438739185833,237.93303812916133,233.1438739185833,236.86126708984375,11518800,0.014222495127655721
2024-11-18,JPM,239.2268682839051,239.3910115292734,234.3218272931725,236.5908966064453,9051400,-0.001141471911892955
2024-11-19,JPM,233.90664645217612,236.70676140391376,233.2307581603698,234.71771240234375,6792700,-0.007917397630127332
2024-11-20,JPM,235.9826082126915,236.1853820806055,230.42099380614764,232.48728942871094,9015300,-0.009502576310941202
2024-11-21,JPM,234.8529113632746,237.03508413180523,233.771489998293,236.33021545410156,8783500,0.01652961774742101
2024-11-22,JPM,235.21985129815053,240.56904219216975,234.6598252560688,239.98971557617188,7997300,0.015484689992088851
2024-11-25,JPM,240.99383524721637,245.5512743002178,240.48209022388545,241.6697235107422,10295400,0.007000333037342488
2024-11-26,JPM,241.86285831172583,242.3552880551951,239.78689780117762,241.3607635498047,6212100,-0.0012784388397902857
2024-11-27,JPM,240.76214760817405,242.53877266956593,240.20212160840157,241.18698120117188,5472300,-0.0007200107676033074
2024-11-29,JPM,241.25457769809182,243.09879896511487,240.85869496329937,241.11940002441406,5494800,-0.00028020242395021544
2024-12-02,JPM,240.9552533116239,241.63114167034325,236.59092247162565,237.76890563964844,8899700,-0.013895581958259573
2024-12-03,JPM,239.68071342355267,240.46281387900356,236.20470976229734,236.38816833496094,6657700,-0.005807055808971451
2024-12-04,JPM,236.2722736572103,236.89989581875426,233.8873418565162,235.0170440673828,7346300,-0.005800308353991923
2024-12-05,JPM,236.93852436784667,238.66686850941545,236.19503980642355,237.02542114257812,6572500,0.00854566562678527
2024-12-06,JPM,237.23783629630563,239.20758484833834,236.4074549916763,238.84066772460938,5519700,0.0076584468167206765
2024-12-09,JPM,238.6186117125457,239.33311597717812,235.3646677094542,235.41294860839844,7076500,-0.014351488583858818
2024-12-10,JPM,235.49017580217017,239.42000786865495,233.87769409575165,234.4956512451172,9108300,-0.0038965459151830695
2024-12-11,JPM,235.59637673776825,235.85708177176627,233.8390524294808,235.14256286621094,7884400,0.0027587361115601894
2024-12-12,JPM,234.63084451171937,235.6929653390277,232.73834232849595,233.2114715576172,6113800,-0.008212427750447171
2024-12-13,JPM,233.7328690945859,234.3604765375674,230.9037736251097,231.6762237548828,10392700,-0.0065830715465258205
2024-12-16,JPM,232.32313781366128,232.38106899290696,229.33956421642742,231.32861328125,9032000,-0.0015004149670558853
2024-12-17,JPM,230.43064038196303,230.78790721651086,228.4802218867217,230.150634765625,8083600,-0.0050922300484843586
2024-12-18,JPM,230.76860039603835,230.83619659782678,221.6247555113085,222.43582153320312,11322400,-0.033520712381603035
2024-12-19,JPM,224.27042261147756,228.2195559059435,224.27042261147756,224.93666076660156,11790800,0.01124296984254003
2024-12-20,JPM,223.9324117703563,230.97134419610455,223.61377557468475,229.4167938232422,32348400,0.019917309349983148
2024-12-23,JPM,227.93952196997523,230.4016856524641,226.79050439374112,230.1796112060547,8611500,0.0033250285216706033
2024-12-24,JPM,231.18378496668848,234.13840789117347,230.8361978696138,233.964599609375,3729100,0.016443630187262803
2024-12-26,JPM,233.11489415476902,234.88186883103566,232.4969370056862,234.76600646972656,4451800,0.003425333839775613
2024-12-27,JPM,234.3604651162079,235.0073878325532,231.77275951756664,232.8638458251953,5730200,-0.00810236828208144
2024-12-30,JPM,230.54650008911693,232.5451993283752,228.94366879713553,231.0775604248047,5723800,-0.007670943482276482
2024-12-31,JPM,231.78243385290807,233.12456023279114,230.79755957752477,231.4541473388672,4871000,0.001629699194375167
2025-01-02,JPM,232.6224738942401,234.9011937371106,231.20310097714537,231.73416137695312,9220900,0.001209803502358442
2025-01-03,JPM,235.49020623475025,236.4461150393022,231.98522201798883,234.90121459960938,9491100,0.013666751608126138
2025-01-06,JPM,236.52199744283416,238.45338882592614,233.4938994273639,233.75595092773438,9917800,-0.004875511920306996
2025-01-07,JPM,235.00793797890452,238.03603585964578,233.8044559653357,236.00759887695312,8753400,0.009632473270872355
2025-01-08,JPM,235.59998364793563,237.05580229045634,233.41625568415455,235.9687957763672,8675300,-0.0001644146238112265
2025-01-10,JPM,235.9299526770056,236.62874677173156,231.70808773150114,232.80479431152344,10256800,-0.013408558764873013
2025-01-13,JPM,232.61069705427852,237.3372500960213,231.96043318189513,237.01698303222656,10005300,0.018093221547090144
2025-01-14,JPM,235.51264633062303,240.4236056871978,235.0564886219116,240.18096923828125,12407400,0.013349196186606127
2025-01-15,JPM,243.02466018784034,246.19834907161936,236.50259128635952,244.917236328125,18448500,0.019719576887646584
2025-01-16,JPM,246.51861866884337,249.46908602016472,244.8978090555052,246.78067016601562,15292300,0.007608422607684906
2025-01-17,JPM,246.65451296396108,252.9436457019137,244.71342133292043,251.5266571044922,17678100,0.01923159919812112
2025-01-21,JPM,252.409816435987,256.4666901787651,251.85659830232555,255.28262329101562,13712100,0.014932676439790127
2025-01-22,JPM,255.15645119600785,255.62232378121152,252.58451108944297,255.0982208251953,9021900,-0.0007223463291118337
2025-01-23,JPM,256.8937411358266,258.99980869731013,256.03965618936724,258.11663818359375,10749700,0.0118323732272001
2025-01-24,JPM,255.92315468072084,259.232718511734,255.26319082492623,257.0392761230469,7666300,-0.004173934962613979
2025-01-27,JPM,256.38911286643724,258.13608356694,254.53536671960657,258.0196228027344,7522300,0.0038139956448453027
2025-01-28,JPM,258.0195941318063,259.4559828890109,257.02961850864546,259.2716064453125,7375400,0.004852280725700098
2025-01-29,JPM,259.3395063870375,262.7073011271936,257.78662735417487,258.7280578613281,7684900,-0.0020964446953393168
2025-01-30,JPM,260.71768010583645,261.75617104949805,258.766873890751,260.3294677734375,8753500,0.006189548691961644
2025-01-31,JPM,261.3000557826277,262.8432200467561,259.0968978658329,259.4268798828125,7193800,-0.0034670984362420443
2025-02-03,JPM,254.11796573208338,260.2712514893426,253.99181967172157,258.9512939453125,8381400,-0.001833217659306663
2025-02-04,JPM,261.8920656979003,261.8920656979003,258.97071346699056,260.04803466796875,5626000,0.00423531663405341
2025-02-05,JPM,260.98947222246505,262.66852710369653,260.4265390771867,262.4646911621094,5704400,0.009293115778499228
2025-02-06,JPM,264.4251692984596,268.8217398268807,263.2022723240967,268.74407958984375,7264400,0.02392469783242568
2025-02-07,JPM,269.10318646976515,270.3454837389774,266.61859193134063,267.6764831542969,6857900,-0.00397253936598807
2025-02-10,JPM,268.01617572204907,268.04529090684423,261.6493986180838,263.05670166015625,8627400,-0.017258824681575247
2025-02-11,JPM,262.29968817500816,268.0841322055861,261.7173548361182,266.8903503417969,7196400,0.014573468980057847
2025-02-12,JPM,266.0071500330046,268.3073682010428,265.20161014147436,267.3368225097656,6683900,0.001672867405647871
2025-02-13,JPM,267.3853283146615,268.812031614192,265.74510378599365,268.1811828613281,8398700,0.0031584139574774017
2025-02-14,JPM,269.20026178200214,271.0054922240324,268.30737630553097,268.4432373046875,5688600,0.0009771544765497797
2025-02-18,JPM,268.60830180835757,271.7237459590427,267.8900776774457,271.704345703125,7919800,0.012148223330864072
2025-02-19,JPM,270.18053227508295,271.9954480996811,269.0546956439582,271.02490234375,7007200,-0.002500671668010046
2025-02-20,JPM,270.47164550994967,270.52987587748925,257.9127828530896,258.9415588378906,13846700,-0.044583886577823306
2025-02-21,JPM,260.41687498668233,261.2709600914064,255.09827295553427,256.45703125,12835600,-0.009594935625787504
2025-02-24,JPM,257.67020002120825,259.1357336859581,250.9928400471611,253.64244079589844,10372800,-0.010974900709030844
2025-02-25,JPM,254.50623421668564,255.2535438153115,245.88778282719832,249.8184814453125,9608400,-0.015076181015238777
2025-02-26,JPM,249.58553203875115,253.2250783593955,249.36229586835162,251.1675262451172,5943600,0.00540010007266023
2025-02-27,JPM,252.51656693419218,255.87467629942992,250.2648938568394,251.4198455810547,8204400,0.0010045858224969617
2025-02-28,JPM,253.05042685493686,257.0102408394051,250.2940802308907,256.8549499511719,10467100,0.021617642623064093
2025-03-03,JPM,256.2240834773225,258.47575677394605,250.22611772259287,252.94363403320312,9058300,-0.015227722567590307
2025-03-04,JPM,247.76091803763094,249.6534940988536,238.70572440707394,242.8790740966797,13465600,-0.039789734084402006
2025-03-05,JPM,243.84961678618464,245.59660207726964,240.5303521377995,244.12136840820312,7861400,0.00511486761938551
2025-03-06,JPM,240.80208410599286,242.01526618004075,236.6675649290042,239.2783203125,9983200,-0.01983868977665615
2025-03-07,JPM,238.00693642207267,239.45305495919504,232.36806783489953,235.14382934570312,20498700,-0.017279003636422985
2025-03-10,JPM,229.25264072637074,230.5143384782833,221.9638319472578,225.38015747070312,18887200,-0.04152212670078481
2025-03-11,JPM,224.92396346414336,226.4477273046224,220.01300464646138,222.39083862304688,18143000,-0.013263451766133527
2025-03-12,JPM,227.10769746005099,227.4182791975453,220.56621400526214,221.18736267089844,16054000,-0.005411535653176536
2025-03-13,JPM,222.5461333861297,222.7402395654928,217.62545954737027,218.55718994140625,16467900,-0.011891152811499328
2025-03-14,JPM,221.40089366257604,226.27303751626079,220.87680546916633,225.59365844726562,11962100,0.03219509048293401
2025-03-17,JPM,224.37076354224342,228.72851937201781,223.67198421387434,227.03976440429688,9586000,0.006410224325384961
2025-03-18,JPM,227.4182844946614,229.2137852248078,226.6418449421928,228.04913330078125,10344900,0.004445780232078533
2025-03-19,JPM,228.79645015668714,235.19234280757902,227.97148038251137,232.0671844482422,10120600,0.017619234457521005
2025-03-20,JPM,229.59228927901535,234.63912397597252,229.2428922333378,231.97012329101562,8328500,-0.00041824593794825837
2025-03-21,JPM,230.8054781658387,235.16323383404452,229.53406562636874,234.51296997070312,19326900,0.010961957702188219
2025-03-24,JPM,238.2495608050386,241.36501910335522,237.21108457850144,240.75357055664062,9422700,0.02661089741312428
2025-03-25,JPM,241.96675395701018,244.4028332211237,240.32652930123646,243.733154296875,9287700,0.012376072900374124
2025-03-26,JPM,245.1598570425021,247.16887900045046,242.42291097853027,243.63609313964844,12779300,-0.000398227141098495
2025-03-27,JPM,242.18028645376282,243.25759285817858,239.89949795497841,240.8118133544922,8022500,-0.011592206018249618
2025-03-28,JPM,239.66658074525773,242.1608757350301,234.00829698898778,235.69705200195312,11978400,-0.021239661299380597
2025-03-31,JPM,232.35836101622476,238.61837812715723,230.36873927152533,238.0748748779297,13603000,0.010088471008779853
2025-04-01,JPM,235.47380892493115,238.45339153399044,233.78506877067235,236.48318481445312,8054700,-0.006685670061961302
2025-04-02,JPM,234.4838551459041,239.9674326166383,234.34797933558323,238.57955932617188,7758800,0.008864793128372295
2025-04-03,JPM,227.36974842028587,228.21411845193424,220.6050436132751,221.9541015625,17188500,-0.06968517257147977
2025-04-04,JPM,210.2553432331429,212.58923458837728,204.02511643608108,205.3434295654297,27170700,-0.0748383196351653
2025-04-07,JPM,200.93930233618102,216.8371082788502,197.41405089517536,209.40576171875,22914400,0.01978311242739772
2025-04-08,JPM,218.27262514065112,222.49120061794363,208.2437205687665,211.7787322998047,19485700,0.011331925929725761
2025-04-09,JPM,207.5113154920403,231.9048767833682,206.04652973562588,228.83859252929688,24022400,0.08055511544634886
2025-04-10,JPM,224.60047349209523,224.9422627815506,214.93289385418547,221.7783203125,18896400,-0.03085262909005604
2025-04-11,JPM,220.99708791596365,232.97903852434644,219.71784418502205,230.6549072265625,20284500,0.04002459258215518
2025-04-14,JPM,231.53380246810318,234.15087913970558,228.14526363842643,229.2096710205078,13017800,-0.0062657943133855865
2025-04-15,JPM,230.5572900044825,233.04741393456666,227.3542929260278,227.65701293945312,10912900,-0.006773964092098739
2025-04-16,JPM,226.55352634462056,228.09643576900157,222.5790672431111,224.21963500976562,9322300,-0.015098932755485572
2025-04-17,JPM,225.38170933973876,228.83859723978307,225.13757837531108,226.5144805908203,9557900,0.010234810974314223
2025-04-21,JPM,225.21571062759392,226.36800167119193,221.02641477455015,223.6142120361328,8716200,-0.01280389910226798
2025-04-22,JPM,226.53399818903708,230.44986835764868,225.9383180454656,230.0592498779297,10701400,0.02882212978822407
2025-04-23,JPM,234.5805730456871,240.99632733668028,234.36573659509583,235.22508239746094,14126800,0.022454356963574673
2025-04-24,JPM,234.1118287364866,239.7073061190241,232.00253368423319,238.89678955078125,9055200,0.015609335177598993
2025-04-25,JPM,238.9065494767277,239.85377878556818,236.07463632488924,237.83238220214844,8588600,-0.004455511313627536
2025-04-28,JPM,238.81867021795682,241.04514340247584,235.18600030625285,237.5101318359375,7394300,-0.0013549473928955447
2025-04-29,JPM,236.50431250866183,239.49247309158469,236.01605058594708,238.87725830078125,7216800,0.005756076400934784
2025-04-30,JPM,235.5473233123009,239.4631785682675,232.83257331348125,238.87725830078125,12991700,0.0
2025-05-01,JPM,237.13905420831426,242.61735374261244,236.4847850001896,241.09397888183594,8689600,0.009279747251048631
2025-05-02,JPM,245.36137644120922,247.66597331622904,243.60364543700763,246.58203125,7165000,0.02276312495905941
2025-05-05,JPM,245.28325170363556,249.16982732673011,244.7071062124704,246.630859375,5450700,0.0001980198019801982
2025-05-06,JPM,244.13095242759528,246.71873456309945,243.1544286178849,243.3985595703125,6369900,-0.013105820629578324
2025-05-07,JPM,243.98450112705527,246.5234543137232,242.98844258199068,243.53529357910156,8724100,0.0005617699999147518
2025-05-08,JPM,245.66412652745117,249.87294218409184,245.64459187714368,247.51951599121094,8320100,0.01635993844487782
2025-05-09,JPM,248.52531868880288,249.51160240858812,246.41602360630893,247.13865661621094,5087600,-0.0015387044269007388
2025-05-12,JPM,256.7281215958606,257.41170023099767,252.62673918846934,253.9450225830078,9603900,0.02754067720521225
2025-05-13,JPM,254.90201286940857,257.4800500721763,254.27705311794927,256.8355407714844,8589000,0.01138245656117065
2025-05-14,JPM,256.82577133737385,260.38033243913924,256.13244775146745,259.40380859375,8643100,0.009999658982362991
2025-05-15,JPM,260.7025759874391,263.19269990894253,258.5444666020599,261.2103576660156,9214600,0.006964234958843019
2025-05-16,JPM,261.2201279945288,262.1575825394603,258.495618128322,261.2787170410156,8932900,0.0002617023904059046
2025-05-19,JPM,259.3159365208725,262.02092707612434,255.78092440576629,258.66168212890625,12145000,-0.010016257511317073
2025-05-20,JPM,256.3570217379832,260.3998446453458,256.14218530617444,259.4428405761719,8436300,0.0030200006465446183
2025-05-21,JPM,258.1440649815309,259.413533964149,254.60905369653722,254.91177368164062,7464000,-0.01746460563131602
2025-05-22,JPM,253.3493410528591,256.1421848603704,252.792715325804,254.55047607421875,6514100,-0.0014173437429104707
2025-05-23,JPM,250.78107124918157,255.8394573114257,249.9900893661378,254.58950805664062,6671800,0.00015333690599939054
2025-05-27,JPM,255.8883093139594,259.0717566921421,255.83946524243134,259.06201171875,7506600,0.017567509738517284
2025-05-28,JPM,259.989670011101,260.45841213292607,256.728084308059,257.3042297363281,5535400,-0.006785178462715757
2025-05-29,JPM,258.583441703954,259.1791366065525,256.36674382312043,258.1635437011719,5081200,0.0033396806796544
2025-05-30,JPM,257.265230909512,259.10107079095377,256.56213251620557,257.80230712890625,10977700,-0.0013992547789154486
2025-06-02,JPM,256.84526410102234,258.8080863604011,255.75156227727646,258.44677734375,6011200,0.0024998620920855252
2025-06-03,JPM,257.5386631607241,260.32173248111746,256.7086118716836,260.0190124511719,6998400,0.006083399930851829
2025-06-04,JPM,259.6772534604333,260.8490642816774,257.9780815778546,258.01715087890625,5915700,-0.007698904604683698
2025-06-05,JPM,258.5249103385397,258.5249103385397,254.1989169051607,255.80043029785156,8173800,-0.008591369114431702
2025-06-06,JPM,258.12454195712064,260.39008449229345,258.056207934954,259.49169921875,7738100,0.014430268614483488
2025-06-09,JPM,259.75534818459647,261.61073756854347,257.1675659016327,260.47796630859375,8285000,0.003800765468849665
2025-06-10,JPM,259.63816546492893,262.58725675736963,259.6088709415357,262.2943115234375,7538100,0.006973124216932414
2025-06-11,JPM,262.37241483499554,263.2903496169879,259.5502764699578,261.8548583984375,7434100,-0.0016754199603018494
2025-06-12,JPM,260.5951716975012,261.9916236200851,258.9155790822762,261.9427795410156,6618000,0.00033576288450731795
2025-06-13,JPM,258.85693405632503,260.75139274608847,256.5425772552077,258.7300109863281,7098300,-0.012265154093260455
2025-06-16,JPM,260.73183404829985,265.3508019866292,260.58536145007355,264.012939453125,8566000,0.020418692236966907
2025-06-17,JPM,261.8744350431756,264.2376062617283,261.51309615663433,263.1927185058594,6739300,-0.003106745256367449
2025-06-18,JPM,263.6614166167527,271.200181276507,263.3879911545291,267.5284423828125,9586400,0.016473570779491853
2025-06-20,JPM,269.1006625666469,270.79002961674195,267.3819711943445,268.5440368652344,13969700,0.0037962112490776967
2025-06-23,JPM,268.60264103465835,272.0106996489925,265.7218838292262,271.7372741699219,8094600,0.011890926128774959
2025-06-24,JPM,273.631706176909,276.0730155031396,272.948157446248,274.6570739746094,9267900,0.010744936680500139
2025-06-25,JPM,274.89142855270444,277.60616331581525,274.31528313116405,277.3913269042969,6826900,0.009955152037847359
2025-06-26,JPM,278.0163729885891,282.6157923247423,277.79176175773335,281.9712829589844,8942100,0.016510812020693155
2025-06-27,JPM,279.10028187976,281.9224501380631,278.34836923641,280.3697509765625,17868600,-0.0056797698177470934
2025-06-30,JPM,283.58249100733053,285.77966944457916,282.13725493022537,283.10400390625,12689200,0.009752310725974489
2025-07-01,JPM,284.0610273166312,284.2953834962509,279.86195702454677,283.59228515625,9338300,0.0017247415905912167
2025-07-02,JPM,285.18402779363225,285.9457151893501,282.89896560647867,285.14495849609375,8158700,0.005475019671244752
2025-07-03,JPM,286.66586822419856,290.8360888827844,285.74351114178125,290.443603515625,6541600,0.01858228547149232
2025-07-07,JPM,289.7077166346147,290.48289553951275,284.63475207874944,286.4892883300781,8825700,-0.013614743577350485
2025-07-08,JPM,283.83993409983367,284.2618850781592,275.048135846527,277.4717712402344,15440900,-0.03147593106327329
2025-07-09,JPM,281.7891314137912,281.80877514408627,277.1773764457948,277.8446044921875,11273800,0.0013436799364729968
2025-07-10,JPM,277.687634657396,282.89795501811136,277.687634657396,282.78021240234375,8410900,0.017763914901917977
2025-07-11,JPM,280.16031625567433,281.98541661358325,278.3254239763715,281.47515869140625,7384700,-0.004615081443819835
2025-07-14,JPM,281.6812326297011,283.8693527089549,279.90521169280953,283.2806396484375,9079900,0.006414352745816032
2025-07-15,JPM,282.5937831680985,286.46964738040805,280.121098345475,281.1709899902344,12526100,-0.007447207337646811
2025-07-16,JPM,282.98623724838524,285.2725159686822,277.6974322542774,280.4546813964844,9979800,-0.0025475906805850768
2025-07-17,JPM,278.1194022972347,284.8506152852065,278.1194022972347,284.4581298828125,8509500,0.014274849920113741
2025-07-18,JPM,284.0851882327222,287.00925915739543,282.8194253679111,285.8023376464844,12217000,0.004725503061647984
2025-07-21,JPM,285.5374617769879,288.6577608735927,285.1253326770995,285.5080261230469,7898100,-0.001029772974780685
2025-07-22,JPM,286.0280742772089,288.11809552877634,283.75161723688194,285.9593811035156,6717500,0.0015808836851201047
2025-07-23,JPM,287.34290279554006,291.41499440772435,287.0583381931105,291.1893310546875,7083500,0.01828913578910929
2025-07-24,JPM,291.8369090330815,293.96615749170445,290.63980941236923,290.98321533203125,7001200,-0.0007078409154267495
2025-07-25,JPM,291.1304626389869,293.2891470363467,290.4043332995373,293.014404296875,5918500,0.00698043343333743
2025-07-28,JPM,292.0724293571669,293.8091927274499,291.2482011503524,292.6807861328125,5840400,-0.0011385725724407658
2025-07-29,JPM,294.3684775536459,295.6342703916454,290.6398221491837,291.46405029296875,7635700,-0.004157211192167609
2025-07-30,JPM,291.836986615819,294.9670779062804,291.7977290922438,294.0054931640625,8061700,0.008719575771142907
2025-07-31,JPM,293.5246633224064,295.33011989507037,289.9529777509294,290.6790771484375,14749700,-0.011314128793398992
2025-08-01,JPM,284.9487439683445,286.32245784834123,278.9043729516421,283.9380798339844,12007100,-0.02319051436581654
2025-08-04,JPM,284.81135364584816,288.79513839592664,284.81135364584816,288.73626708984375,6649500,0.01689870995346876
2025-08-05,JPM,289.1582290191561,290.237586357945,281.84806471731633,285.9005432128906,7182300,-0.009821155844169538
2025-08-06,JPM,286.8130388717205,287.784475314663,284.71322574362773,285.8808898925781,6330200,-6.87418082233604e-05
2025-08-07,JPM,287.44105083933385,287.95127882891904,281.03363056399576,281.5536804199219,8057100,-0.0151364068940818
2025-08-08,JPM,283.55537949152693,285.7631432800269,279.365515270513,283.3395080566406,6634100,0.006342760762549027
2025-08-11,JPM,283.9674810703858,285.8514526951056,283.3591242790355,284.1244812011719,5510100,0.0027704330748479222
2025-08-12,JPM,286.02805793473163,289.21705000432985,284.88982947960193,287.35272216796875,8570900,0.011362065504348928
2025-08-13,JPM,288.43207746741234,289.0207905053278,281.769528771024,285.0762634277344,8420400,-0.007922175655965091
2025-08-14,JPM,285.1253385944976,288.67741059714604,284.20301143696577,288.6381530761719,6322400,0.012494514996126416
2025-08-15,JPM,289.30536719380285,289.95298150728627,284.3796115875491,285.0370178222656,7340500,-0.012476296759548311
2025-08-18,JPM,284.5562169634104,286.4205448097455,282.9960675051489,286.0574951171875,5386900,0.0035801570712412634
2025-08-19,JPM,285.3706494849781,286.9897003409671,284.0950645111781,285.203857421875,6031500,-0.002984147277675042
2025-08-20,JPM,285.35100110061984,287.8236856501562,281.8774445149503,286.754150390625,7374200,0.0054357363282671045
2025-08-21,JPM,286.45980522859077,287.2742115786807,284.0361700203976,285.9986267089844,6624000,-0.0026347436666964708
2025-08-22,JPM,287.6961645212777,291.5818204071259,284.6837862966605,290.6790771484375,8552800,0.01636528990824737
2025-08-25,JPM,290.6790696581532,291.76824867106194,288.61851412970407,289.3642272949219,5856300,-0.0045233728771065795
2025-08-26,JPM,288.63814183000835,293.13215460321874,287.99052751038425,292.9653625488281,6714700,0.012444991171061126
2025-08-27,JPM,291.6701254801894,295.41842494390727,291.46407591230917,293.6620178222656,6056500,0.0023779441616460506
2025-08-28,JPM,294.38814919051487,295.58524909893663,293.092950392732,295.41845703125,6410500,0.005981158959574406
2025-08-29,JPM,296.37022814205386,297.2631495608047,294.10359298088383,295.7618713378906,6796400,0.0011624673356285253
2025-09-02,JPM,294.62364321253557,294.8198709218748,288.9717581566039,294.07415771484375,7221900,-0.005706325887824715
2025-09-03,JPM,294.9278255320024,294.9278255320024,290.8164761661132,293.8877258300781,6316900,-0.000633962148236078
2025-09-04,JPM,294.36852159403367,298.7153562428407,292.68080753910596,298.1168212890625,6605800,0.01439017382246699
2025-09-05,JPM,297.9499798501053,299.4218223620716,288.78531073562726,288.85400390625,9837700,-0.031071099385670098
2025-09-08,JPM,289.3544334283243,290.89493913151904,285.9691837491296,287.4115905761719,8188500,-0.004993572221855924
2025-09-09,JPM,287.10740161160373,293.38725663423037,286.82283702499797,292.25885009765625,7848200,0.016865219359341488
2025-09-10,JPM,291.1304933247864,295.8796354332035,289.8548783719408,294.8984069824219,7787300,0.009031572128213261
2025-09-11,JPM,295.5852436958139,299.9909797241969,295.1437088676121,299.82415771484375,7942500,0.01670321241415018
2025-09-12,JPM,299.2746842518023,301.7768048799553,297.99909921484516,301.1488342285156,6846700,0.004418178053990474
2025-09-15,JPM,301.40393449781925,304.13174819496044,301.40393449781925,303.1014404296875,7122000,0.006483857744872479
2025-09-16,JPM,304.18080946841434,305.06390905534744,301.3646887009418,303.3860168457031,10525600,0.0009388817671476257
2025-09-17,JPM,304.56352337220954,307.0362083705735,302.97390807535027,305.8979797363281,8657800,0.008279758298493256
2025-09-18,JPM,305.93718750933925,307.5562082549167,303.79808700514394,307.35015869140625,8050700,0.004747265595967054
2025-09-19,JPM,307.7131905464154,309.8718747671735,303.3172771297843,308.87103271484375,23568600,0.0049483430557279995
2025-09-22,JPM,303.9845245259009,307.8113389670314,303.74903930910966,306.5749816894531,7520200,-0.007433688440153574
2025-09-23,JPM,305.96661047888983,310.37231588850653,304.7498670452201,306.86932373046875,8584400,0.0009600980464667952
2025-09-24,JPM,308.15473925887954,310.6372456892681,305.8194410309901,307.5365905761719,7310500,0.002174433200397674
2025-09-25,JPM,308.2234462682717,309.72472445454315,305.94698929656073,307.5660400390625,7083200,9.575921627869022e-05
2025-09-26,JPM,308.9888161441515,311.8441943720275,307.8113600348933,310.1270446777344,7258100,0.008326682095157967
2025-09-29,JPM,311.10825508542985,312.0404339863167,307.7720847183659,309.76397705078125,6462400,-0.0011707061128138907
2025-09-30,JPM,310.31346452838187,311.45169300349573,304.28870810842403,309.50885009765625,11823300,-0.0008236172441806744
2025-10-01,JPM,308.07628613361976,308.68464295873514,301.6394301376976,304.8774719238281,9235200,-0.014963637299440169
2025-10-02,JPM,304.1807853263183,304.7302708010082,300.3932583082978,301.7767639160156,7600000,-0.010170341508824898
2025-10-03,JPM,302.718779227698,305.80964265751953,302.4243927447969,304.2102355957031,6029900,0.00806381395343192
2025-10-06,JPM,305.8371035459471,307.38512889871987,300.8578215934895,304.8511047363281,7214500,0.002106665278273967
2025-10-07,JPM,305.01875022701944,305.66951307877287,300.43386159315816,303.3819885253906,8454200,-0.004819127069288998
2025-10-08,JPM,303.8946917756213,304.4567183318842,299.2999336047902,299.7732238769531,6489900,-0.01189511831594936
2025-10-09,JPM,300.77893750215213,303.7270945284432,299.1422058887319,301.2522277832031,7060300,0.004933742537515995
2025-10-10,JPM,301.38045037298497,306.12310303651253,296.5983493251649,296.67724609375,8597400,-0.015186548903284858
2025-10-13,JPM,301.3212684867699,305.1272097801061,301.17337467050265,303.6580810546875,10788700,0.02353006525728496
2025-10-14,JPM,301.5578902761218,302.70165257420854,290.0907186231138,297.85052490234375,16178800,-0.019125314011642747
2025-10-15,JPM,302.1001843350741,307.7499381556482,301.1634734465224,301.40997314453125,11354800,0.011950451466736567
2025-10-16,JPM,301.0747572360179,304.3581201926382,292.9106878973514,294.360107421875,10549400,-0.023389623273267435
2025-10-17,JPM,294.97143359875633,295.3559575215809,290.08088749555986,293.3938293457031,10153500,-0.003282639365214668
2025-10-20,JPM,294.32064593592156,299.43798218705626,293.9854099500461,298.1265869140625,6894900,0.016131073986504374
2025-10-21,JPM,297.436411288458,299.7929328501146,292.8416531202475,292.9303894042969,7372700,-0.017429500547240573
2025-10-22,JPM,293.60088610479784,293.88683421544886,286.47213320670807,289.99212646484375,8054100,-0.010030584212953664
2025-10-23,JPM,290.25834375227123,292.2204718178062,288.4145307332595,290.4161071777344,5438800,0.0014620421528652727
2025-10-24,JPM,291.93451945757295,298.36325106738366,291.31336547241364,296.2334899902344,7228300,0.020031198920174687
2025-10-27,JPM,297.9294427867379,300.26625545589764,296.7955500258321,299.8915710449219,5642200,0.012348641116870729
2025-10-28,JPM,300.59159530101573,303.6580673748709,298.915415308335,301.0845947265625,6336000,0.003978183439713678
2025-10-29,JPM,299.2605157595805,303.93414060421026,298.7675163425421,301.2325134277344,7520300,0.000491286182563444
2025-10-30,JPM,301.50859316866377,308.2330823767899,300.82825156305904,305.10748291015625,7514600,0.012863715932680986
2025-10-31,JPM,304.22008283002725,308.4894444595929,302.9481359332913,306.7639465332031,7721300,0.00542911503594512
2025-11-03,JPM,306.64562981088375,307.94715546133403,301.92268708722753,305.01873779296875,7770000,-0.005689093389093847
2025-11-04,JPM,302.41569006657147,307.84855320102554,300.8282464075632,304.9201354980469,7085200,-0.00032326635286517025
2025-11-05,JPM,305.2750763211935,308.71623262048166,301.35082032546103,307.31610107421875,6865200,0.007857682380530084
2025-11-06,JPM,306.6357687557767,310.4318702971036,305.9160088624015,309.0317687988281,7206100,0.00558274596941799
2025-11-07,JPM,307.5231746391179,310.02758988101914,303.3326798145578,309.8106689453125,7302300,0.0025204533162137555
2025-11-10,JPM,310.5896337890794,315.08578608051664,309.8106862822301,312.45318603515625,5794100,0.008529458003624146
2025-11-11,JPM,313.05464094031504,314.58292715130625,310.86572224729366,311.2009582519531,5030200,-0.004007729282882844
2025-11-12,JPM,311.83200002815875,317.7381233989844,311.782682032414,315.92388916015625,10578300,0.01517646646955173
2025-11-13,JPM,314.7604311532612,316.14082355780937,304.7722577523736,305.1469421386719,8973300,-0.03411247895856662
2025-11-14,JPM,303.20451997960254,303.3327046462357,297.0124483237873,299.3591003417969,10327000,-0.018967392418583584
2025-11-17,JPM,299.74363974118836,301.31137424610444,293.5022804823602,296.1644592285156,8344000,-0.010671601797418995
2025-11-18,JPM,295.30663178632864,298.70833958092004,292.86134400280395,295.2178955078125,8077300,-0.003196074651120706
2025-11-19,JPM,295.5432899586994,300.1873662746028,295.0798692888629,299.02386474609375,5546600,0.012892068184872318
2025-11-20,JPM,302.05087369332443,305.5807663052954,293.9854105998292,294.20233154296875,7501600,-0.01612424214775987
2025-11-21,JPM,297.0715864028587,297.456110287291,288.71030575970536,293.84735107421875,11766800,-0.001206586184712699
2025-11-24,JPM,294.0642973394352,295.6221924256846,290.386540762355,293.8276672363281,10940200,-6.69866099478611e-05
2025-11-25,JPM,295.848951187077,300.236658228506,291.42182585555855,298.7576599121094,8877200,0.01677851756491
2025-11-26,JPM,300.7296512123902,304.21022597199055,298.95486530692773,303.33270263671875,7910900,0.015313557904943043
2025-11-28,JPM,304.7722465716023,309.3275563846455,303.9242719247256,308.6965026855469,4322400,0.017682894070448985
2025-12-01,JPM,308.5683618849884,309.6430970545817,304.2201032083801,304.59478759765625,7727300,-0.013287209450729809
2025-12-02,JPM,304.4172805196406,306.1329390093465,302.7903884074122,303.5693359375,7249000,-0.003366609350882177
2025-12-03,JPM,302.89888957433027,307.98661767851587,302.5044659219624,307.7598571777344,8535300,0.013804165125219203
2025-12-04,JPM,308.87399188892334,314.03074632461573,308.6176225735461,311.6742248535156,9627800,0.012718902691460032
2025-12-05,JPM,311.2206641139725,314.0208969911127,310.2740836361238,310.6290588378906,6518900,-0.0033533925242493767
2025-12-08,JPM,310.64879808375287,312.0390600856641,308.96274846028484,310.79669189453125,7417200,0.0005396567123105989
2025-12-09,JPM,310.5403783790639,314.336450228146,295.8193913272319,296.30255126953125,18049200,-0.04663544047604784
2025-12-10,JPM,296.2926621709551,306.8329925602339,294.2812160390869,305.7680969238281,18874100,0.031945542195775944
2025-12-11,JPM,304.9102649889192,313.5476242674454,304.9102649889192,312.9363098144531,9721900,0.023443298901162812
2025-12-12,JPM,315.2040954937631,315.7858311866128,312.16723236849225,314.0603332519531,8982900,0.003591860075829567
2025-12-15,JPM,315.1153648797306,318.3593094805321,313.9321843288561,315.5393371582031,10864100,0.004709298659068439
2025-12-16,JPM,314.6223718715413,315.0463441586525,309.9980348220149,311.1319274902344,8331300,-0.013967861210784638
2025-12-17,JPM,313.97159360923496,314.8984348971578,310.254388930852,310.5699157714844,8718700,-0.0018063453766493653
2025-12-18,JPM,311.57564186364317,313.2518519730792,307.84856735129125,308.6176452636719,11444900,-0.0062860902124498574
2025-12-19,JPM,309.39657764946713,314.099781180705,308.8049723403709,312.7686767578125,24494400,0.013450402327430444
2025-12-22,JPM,313.0644852104395,318.7043994886834,313.0644852104395,318.56634521484375,8354600,0.01853660192935691
2025-12-23,JPM,319.079052742897,323.19068092087537,318.5663442066048,321.3665771484375,6668300,0.008790105972133588
2025-12-24,JPM,321.6722493328215,325.36974495293686,320.9426198260136,324.5612487792969,4289300,0.00994089571854806
2025-12-26,JPM,324.50208933838474,326.22758744424,321.96809498869885,323.31890869140625,4158300,-0.0038277523658882817
2025-12-29,JPM,322.4216288798564,323.1808371734579,319.0002116144308,319.2171325683594,8635300,-0.012686471507801111
2025-12-30,JPM,320.2622768741799,320.3904615362508,317.97475237184364,318.8917541503906,7904300,-0.0010193012365934395
2025-12-31,JPM,319.79886991908165,320.3313177342217,317.5310845539587,317.70855712890625,5048500,-0.0037103405970364545
2026-01-02,JPM,317.9846252281575,321.1694123071354,316.2492576445291,320.92291259765625,8054000,0.010117308447080475
2026-01-05,JPM,320.942599199713,332.52808473149986,320.63694198865113,329.363037109375,10752600,0.02629953855086753
2026-01-06,JPM,329.44229029813283,332.6612412306879,327.49110960074296,331.41326904296875,7660800,0.006224839167100926
2026-01-07,JPM,327.9764350864437,328.9767653957764,321.49890717343806,323.8660583496094,9815200,-0.022772807845484522
2026-01-08,JPM,323.27183137637843,328.2339475379842,322.53888044956136,326.63934326171875,11737100,0.008563061304545982
2026-01-09,JPM,326.1936353875406,328.7291759216584,325.0348299492433,326.0450744628906,6738100,-0.0018193423758875449
2026-01-12,JPM,318.8049332018166,322.90536610933975,318.16114900395775,321.3899841308594,12805100,-0.014277444122410943
2026-01-13,JPM,321.20178657189985,323.73732718365267,307.6029755260753,307.9298095703125,19371200,-0.04188112643568365
2026-01-14,JPM,305.2556057077196,308.78159262538577,303.19546018048277,304.9287414550781,25951500,-0.009745948660904502
2026-01-15,JPM,305.5230197927318,309.95031666446005,304.8098971346673,306.30548095703125,14751400,0.004514954855955988
2026-01-16,JPM,307.38506061636195,314.17950872864606,307.0383983149945,309.48480224609375,14652500,0.010379576882297181
2026-01-20,JPM,303.2845981841295,308.1774060521912,298.9761500928895,299.8477478027344,12900600,-0.03113902321993911
2026-01-21,JPM,300.53118494697816,302.4823658305288,298.2729680555718,299.15447998046875,10270100,-0.0023120661313811297
2026-01-22,JPM,301.9474777854751,305.2555953909441,300.0062112868251,300.729248046875,10535800,0.005264063123871843
2026-01-23,JPM,299.11484222180513,299.4813025896872,293.67730062328087,294.875732421875,11107900,-0.019464404154289627
2026-01-26,JPM,294.96487880777863,298.8969527426069,294.60833256531976,298.1640319824219,11752700,0.011151475686179468
2026-01-27,JPM,298.45122352878457,299.08512378237486,295.3016109870806,297.44097900390625,11527400,-0.0024250174432784988
2026-01-28,JPM,297.4013222225187,299.03558292254246,295.2025300603667,297.89654541015625,9556700,0.0015316195091061857
2026-01-29,JPM,299.51100066931883,303.898671192008,299.3327275624257,303.49261474609375,11580000,0.018785277715230198
2026-01-30,JPM,302.333781642444,304.98817089860455,299.66947824936375,302.9676818847656,11953200,-0.001729639654550752
2026-02-02,JPM,301.55130128288636,306.3450582127215,298.49082554616626,305.1961669921875,9839400,0.007355520871264121
2026-02-03,JPM,306.77099053389486,313.22869052113475,306.14700443281885,311.8420715332031,12688000,0.021775845373529057
2026-02-04,JPM,311.40629013300924,316.25947197584406,311.40629013300924,314.23895263671875,9848800,0.0076862018384213915
2026-02-05,JPM,311.99062599899656,312.9909865673853,302.6210112179966,307.1968688964844,9388000,-0.02240996439539278
2026-02-06,JPM,311.7034102684662,321.15227836348157,311.7034102684662,319.3199462890625,17797400,0.03946354478197245
2026-02-09,JPM,318.27007812796035,323.2817350541263,317.05181803840316,319.0228271484375,11477500,-0.0009304747294303084
2026-02-10,JPM,319.4684837021083,323.01429884581904,312.1094739861534,315.2392883300781,9902200,-0.011859774587850813
2026-02-11,JPM,320.1518827061323,322.1724018130651,305.78052608370194,307.8505554199219,8703500,-0.023438490009594637
2026-02-12,JPM,309.2966374972976,310.6238322045743,297.1537535117247,299.7487487792969,13443400,-0.02631733644129297
2026-02-13,JPM,295.66807823097014,301.3829738793206,293.6871852314235,299.6595764160156,9114500,-0.0002974903603247814
2026-02-17,JPM,299.8675850307636,305.29521237973853,299.6100592744303,304.1958312988281,8896800,0.015138027414531408
2026-02-18,JPM,305.51309749540866,309.2966101142475,304.2849535938903,305.8300476074219,7209600,0.005372250834655201
2026-02-19,JPM,304.2354272061944,306.2262038721237,302.2049939958365,305.10699462890625,6737700,-0.002364231324463506
2026-02-20,JPM,305.4536802835111,308.0288471084009,302.75966472033866,307.82086181640625,7792700,0.008894804889022057
2026-02-23,JPM,305.84984577889935,308.02884001734253,292.2807478108573,294.8262023925781,12955400,-0.04221500565994296
2026-02-24,JPM,293.98432184665864,296.886322684036,288.5962907533433,294.459716796875,13554100,-0.0012430563929834992
2026-02-25,JPM,295.7869507950724,300.75898123488724,294.1725181992404,300.40240478515625,8095500,0.020181667132352255
2026-02-26,JPM,301.67017313360896,306.05787397622345,300.73918125790124,303.20538330078125,7007800,0.00933074592937988
2026-02-27,JPM,297.13393894248406,300.0557680991628,291.636973162459,297.4310607910156,18620800,-0.01904426117671354
2026-03-02,JPM,291.9935267958635,297.11414843979566,290.4088063693875,294.7172546386719,8508900,-0.00912415181227677
2026-03-03,JPM,289.4975898716125,299.5011046657454,286.73423592223537,297.3914489746094,10278200,0.009073762373418282
2026-03-04,JPM,297.12402886142485,298.12438947518206,292.99388398032096,296.52978515625,8055700,-0.0028974061672935036
2026-03-05,JPM,295.1332451958745,298.3620800816865,289.63624924146006,290.74554443359375,12732500,-0.01950644087779707
2026-03-06,JPM,283.6044306839189,287.21955415339994,280.99955170429564,286.7144470214844,13496500,-0.013864691959295294
2026-03-09,JPM,282.7724816341387,288.31898819476027,277.77073879547015,287.1502685546875,12241100,0.0015200543179132442
2026-03-10,JPM,286.52626625452876,289.9532025593205,284.43640849634494,285.97161865234375,8344900,-0.004104644959157633
2026-03-11,JPM,286.05081661783123,287.70487537204474,282.13854132603683,284.77313232421875,10205000,-0.004190927525510868
2026-03-12,JPM,280.1279538528093,281.167940752382,276.4336079693154,280.1874084472656,13760500,-0.01610307770092656
2026-03-13,JPM,281.9504072447318,284.4463214441296,280.2468381234208,280.7321472167969,9091200,0.0019441943253268867
2026-03-16,JPM,283.6044205599556,286.506421278288,281.89093739443587,283.4261474609375,8149000,0.009596336831564134
2026-03-17,JPM,286.23902796907333,288.97266988082987,283.2181783456238,284.1492004394531,8961200,0.002551115996153097
2026-03-18,JPM,284.08974843243266,286.6451172582804,282.3960934275981,284.9910583496094,10057000,0.0029627319339777802
2026-03-19,JPM,284.1392586396808,286.7441374214082,281.9008401776293,285.2188415527344,9846700,0.0007992643855008197
2026-03-20,JPM,285.32782503235495,287.9327042603992,282.54467268192724,283.8223571777344,22436500,-0.00489618556543292
2026-03-23,JPM,291.4982779446762,292.9245231806114,285.2188513876401,287.14031982421875,11470800,0.011690279368677725
2026-03-24,JPM,283.4360748065673,292.6571288676103,282.64369950840546,289.6065368652344,11092300,0.00858889146089048
2026-03-25,JPM,291.3398308899875,294.7965097163498,289.6461758443202,292.59771728515625,12188200,0.010328428537211387
2026-03-26,JPM,289.78482055260446,292.1718002190451,287.95251872814185,288.8736267089844,8669200,-0.012727681578398986
2026-03-27,JPM,286.3777093696089,287.3384134369941,279.05829538327214,280.13787841796875,9873300,-0.03024072633607411
2026-03-30,JPM,282.01972478590784,284.50575515603197,279.6327451103039,281.0589904785156,11734400,0.0032880668110599753
2026-03-31,JPM,285.71408872506316,292.25104134220237,282.22772810140145,291.3497314453125,12956900,0.03661416754282243
2026-04-01,JPM,292.567989087923,295.8661624411999,290.1116710297465,292.5580749511719,11267200,0.004147398728892249
2026-04-02,JPM,289.1212191631598,292.7957669317203,285.9616926535428,291.7855224609375,6669300,-0.002640680795986672
2026-04-06,JPM,292.7412191857173,295.4987855589938,291.88509063240025,294.125,7142600,0.008017798550562727
2026-04-07,JPM,291.8253790066561,296.8427544058445,291.38734983011653,296.0662536621094,7849100,0.006600097448735687
2026-04-08,JPM,306.5888366699219,309.8640903908154,303.96066179364243,306.5888366699219,10590200,0.03554131170863384
2026-04-09,JPM,305.5734164156603,309.8640846884941,304.73715687535,308.938232421875,6586600,0.0076630179280876565
2026-04-10,JPM,308.6097380099313,308.9581744354404,305.344449093958,308.4803161621094,6069700,-0.0014822259329182463
2026-04-13,JPM,306.0910825316173,312.33295236293975,304.0900871089203,312.2732238769531,8318200,0.01229546105901469
2026-04-14,JPM,308.4305432499699,312.91036189245165,307.4847916064935,309.7247009277344,11455500,-0.008161195883457983
2026-04-15,JPM,312.54203541599225,312.8307129741003,302.8954898881459,304.5579833984375,9885800,-0.01668164506679881
2026-04-16,JPM,303.98059076810495,308.5599670410156,303.8312695552229,308.5599670410156,8208600,0.013140301225801565
2026-04-17,JPM,311.068653468178,313.4877482505245,308.69932229637936,308.8984375,11082400,0.0010969357503831656
2026-04-20,JPM,309.45594165814435,315.70777661938337,308.9780833700189,315.5683898925781,10772000,0.02159270356483467
2026-04-21,JPM,316.0661368489313,318.8038038717339,311.3474041387296,311.5962829589844,7084300,-0.012587150870674635
2026-04-22,JPM,313.43799038623484,313.73663281642627,310.5410372905177,311.6161804199219,5545900,6.385654138285624e-05
2026-04-23,JPM,312.11395497732667,313.57736372602733,307.5047445243564,310.29217529296875,6969700,-0.004248833052150736
2026-04-24,JPM,309.7545850384977,309.7545850384977,306.5092257615542,306.8974609375,5215300,-0.010940380150622708
2026-04-27,JPM,305.50372444273444,311.1781431330245,305.50372444273444,310.232421875,7925300,0.01086669445655386
2026-04-28,JPM,313.78643555890045,314.03531438457196,309.7745101043047,310.0532531738281,7398600,-0.00057753054980203
2026-04-29,JPM,309.1771855961317,310.65052875636707,305.91189671624613,307.86309814453125,8031800,-0.007063802772193428
2026-04-30,JPM,305.6928786901284,312.6913497643884,305.1951210592971,311.82525634765625,8865400,0.01286987049440036
2026-05-01,JPM,312.54203812020876,314.6624601726697,310.43152018106696,311.06866455078125,6135400,-0.0024263326381473993
2026-05-04,JPM,309.22694520939064,309.2568094519629,305.13539207341324,306.270263671875,7338200,-0.01542553598523233
2026-05-05,JPM,306.32999740556414,309.5753869306937,305.42407485773,308.0124206542969,6316800,0.005688299482735193
2026-05-06,JPM,310.0532528884956,314.84167905955115,309.95369528217543,313.4877624511719,8629500,0.01777636689210116
2026-05-07,JPM,313.23887676443206,314.8814709002291,304.76706239082745,304.8964538574219,8359600,-0.027405562904829983
2026-05-08,JPM,306.86759124184925,307.60426284206056,299.1523476664256,300.74517822265625,9464300,-0.01361536214096759
2026-05-11,JPM,300.74515961007836,301.83026757429667,297.5395993270601,298.6545715332031,9512000,-0.006951422136867502
2026-05-12,JPM,298.67447538308426,304.6873960201211,294.2245209852311,303.5126953125,9498200,0.016266698193691642
2026-05-13,JPM,300.91440289675086,301.6411400127173,298.72428743531935,298.9034729003906,7709500,-0.01518625903724935
2026-05-14,JPM,300.8945046380796,302.38777761395096,297.4699295162906,298.56500244140625,7364300,-0.0011323737917798837
2026-05-15,JPM,298.86362628854243,299.44104214981957,295.1205095874812,296.4743957519531,8699300,-0.007002182681687286
2026-05-18,JPM,296.6635495230975,299.908939014877,295.8870488301784,299.3813171386719,7546300,0.009804966055655173
2026-05-19,JPM,299.7396822358739,300.436555061437,293.935841710235,294.3738708496094,8066900,-0.01672598122328084
2026-05-20,JPM,295.3694126574367,301.57145376364997,292.35300240137923,300.625732421875,9327000,0.021237827780780094
2026-05-21,JPM,299.8790926087445,302.6167597554335,298.8636475324957,301.6411437988281,7874400,0.0033776595528693942
2026-05-22,JPM,303.31359328873907,306.07119010408854,302.4773640852478,305.0059814453125,5973900,0.011155101734823258
2026-05-26,JPM,307.1065011172144,308.54004556072954,304.0701916446211,305.3643493652344,7725400,0.0011749537442633518
2026-05-27,JPM,303.63215366632585,304.52811132231307,294.42363753054383,297.93780517578125,11779200,-0.02432027250362001
2026-05-28,JPM,296.23549066837876,299.7197941661088,294.4236455581874,295.3992614746094,9757700,-0.008520381291236778
2026-05-29,JPM,295.070728717322,298.53513289689414,293.87612858626386,297.9676818847656,13969000,0.008694742151130974
2026-06-01,JPM,296.3549462063085,298.20659004481905,293.94578586060317,295.2499084472656,7930000,-0.00912103426891464
2026-06-02,JPM,295.17027051801705,300.7152977310929,293.9457758280521,299.6102600097656,8296200,0.014768341793673478
2026-06-03,JPM,298.5749714904202,300.60580089187994,295.23002417973413,299.50079345703125,7003900,-0.0003653631645685884
2026-06-04,JPM,304.36883009196185,311.5066879726736,303.0746723882986,309.4957580566406,10345200,0.033372080535216675
2026-06-05,JPM,312.8805189963161,313.58732636819616,308.211549706599,310.9691162109375,9118800,0.004760511625581776
2026-06-08,JPM,311.84516953437026,314.88147906470095,309.3862455138746,309.7147521972656,6827000,-0.004033725371046182
2026-06-09,JPM,312.1040028799189,315.0009559692908,307.62418415256917,311.2976379394531,11594600,0.005110785750300106
2026-06-10,JPM,311.1582462393224,313.3384270822022,307.64407859799763,307.75360107421875,7446200,-0.011384721351222371
2026-06-11,JPM,308.1717081621576,313.30857066124145,307.4947650619962,312.0840759277344,9116600,0.014071240233745508
2026-06-12,JPM,314.5529794375797,319.85906276888113,314.1348496322589,319.28167724609375,7426200,0.023063020107523924
2026-06-15,JPM,322.4673390673774,324.4583697274161,317.41010417767774,317.96759033203125,7988900,-0.004115760495237097
2026-06-16,JPM,322.8455866314347,330.26218746993305,322.56684357389287,329.6549377441406,11094900,0.03675641092824922
2026-06-17,JPM,330.69024974688585,336.25517637046335,330.01330666560995,331.9645080566406,12246400,0.0070060237177231866
2026-06-18,JPM,335.4388795655989,336.57375116590936,322.70623086248213,323.761474609375,20111000,-0.024710573715507
2026-06-22,JPM,328.22139226156105,331.2776010100568,325.28461010223134,329.993408203125,10182500,0.019248533511496246
2026-06-23,JPM,327.9924099173137,333.86594380335947,325.7425357353925,332.6414794921875,7582200,0.008024618744603806
2026-06-24,JPM,331.57628916780243,333.02973300317086,328.291070440402,331.95458984375,7907400,-0.002064954886221937
2026-06-25,JPM,333.4577793441399,341.90972446819404,333.2586945227413,333.6170654296875,10043100,0.005008141585630899
2026-06-26,JPM,334.49312290223526,334.8913229247855,326.03124330500606,327.57427978515625,17640900,-0.018112939266905714
2026-06-29,JPM,326.80774304304947,330.8993264933345,325.73259994718205,327.91278076171875,7981800,0.0010333563941116175
2026-06-30,JPM,327.41503128103255,328.95806779511634,325.2149206632551,325.86199951171875,8080100,-0.006254044887290422
2026-07-01,JPM,326.89735842569155,334.13477419390347,323.5524415571975,332.5718078613281,15210200,0.020590950646787842
2026-07-02,JPM,336.5040683580973,338.4751995750331,330.2820977776739,332.9700012207031,8413900,0.001197315436734403
2026-07-06,JPM,335.0,339.7200012207031,334.1099853515625,337.7200012207031,8673500,0.014265549396600186
2026-07-07,JPM,340.9800109863281,341.3999938964844,337.0899963378906,339.2200012207031,7115800,0.004441549196311012
2026-07-08,JPM,336.5299987792969,336.5299987792969,330.1300048828125,330.6199951171875,18505200,-0.025352296658711193
2026-07-09,JPM,331.4599914550781,337.0,330.80999755859375,335.4700012207031,15570600,0.01466942766663748
2026-07-10,JPM,337.4700012207031,338.5899963378906,335.7699890136719,336.4700012207031,6299000,0.002980892468361418
2026-07-13,JPM,338.3399963378906,338.3500061035156,332.5,334.5299987792969,7120300,-0.005765751580729228
2026-07-14,JPM,327.0,344.7300109863281,325.75,342.8900146484375,14537900,0.02499033240560311
2026-07-15,JPM,345.8500061035156,351.239990234375,344.04998779296875,346.9100036621094,10750000,0.011723843920603993
2026-07-16,JPM,349.2799987792969,349.3399963378906,341.1099853515625,343.1499938964844,12432400,-0.010838574056478478
2026-07-17,JPM,339.0299987792969,346.1300048828125,335.04998779296875,341.1000061035156,9250900,-0.00597402835328964
2026-07-20,JPM,341.79998779296875,344.260009765625,337.3699951171875,338.8699951171875,7723300,-0.006537704328423155
2026-07-21,JPM,340.1199951171875,345.739990234375,337.29998779296875,345.2300109863281,6015300,0.018768306314465022
2026-07-22,JPM,345.07000732421875,349.07000732421875,344.25,348.2099914550781,8040200,0.008631869692429461
2026-07-23,JPM,346.5799865722656,349.9200134277344,345.4200134277344,349.8999938964844,10913000,0.004853400197806446
2026-07-24,JPM,350.6400146484375,353.3699951171875,347.5,353.2099914550781,7520800,0.009459838857765135
2026-07-27,JPM,357.8900146484375,359.04998779296875,352.5799865722656,356.20001220703125,7884900,0.008465277948779049
2026-07-28,JPM,357.29998779296875,359.29998779296875,354.1499938964844,357.30999755859375,6533800,0.003116185607869415
2026-07-29,JPM,356.5,357.3699951171875,343.7799987792969,344.7099914550781,8265300,-0.035263514006347974
2026-07-30,JPM,347.5400085449219,352.2799987792969,345.3699951171875,350.8500061035156,7606500,0.017812116853705096
2026-07-31,JPM,353.29998779296875,354.4700012207031,349.70001220703125,351.7900085449219,6603400,0.002679214550530551
2026-08-03,JPM,353.75,355.6199951171875,350.8399963378906,352.6400146484375,6436600,0.002416231509903888
2026-08-04,JPM,355.0,363.0,353.8699951171875,357.5199890136719,8477200,0.013838402230386349
2026-08-05,JPM,358.9700012207031,362.1700134277344,358.20001220703125,359.239990234375,5269500,0.004810923231028941
2026-08-06,JPM,362.80999755859375,362.80999755859375,354.95001220703125,356.29998779296875,5820100,-0.008183950900032433
2026-08-07,JPM,355.760009765625,358.8500061035156,353.3299865722656,357.5199890136719,4566200,0.00342408437412578
2026-08-10,JPM,357.9599914550781,359.989990234375,356.5,359.7900085449219,5327500,0.006349349969249296
2026-08-11,JPM,360.04998779296875,363.1199951171875,358.6000061035156,362.0400085449219,4576500,0.006253647812788143
2026-08-12,JPM,362.9700012207031,366.0899963378906,361.29998779296875,365.17999267578125,4366800,0.00867303076110093
2026-08-13,JPM,366.5,366.5,361.5199890136719,363.1099853515625,5102700,-0.005668457653036252
2026-08-14,JPM,363.0,365.8999938964844,361.45001220703125,362.8399963378906,5058600,-0.0007435461005306232
2026-08-17,JPM,361.94000244140625,365.75,360.9599914550781,360.9599914550781,5282600,-0.005181360659759715
2026-08-18,JPM,362.3399963378906,363.57000732421875,359.2699890136719,363.25,5525100,0.006344217085363146
2026-08-19,JPM,363.010009765625,363.04998779296875,355.6499938964844,357.260009765625,6696200,-0.016489993762904387
2026-08-20,JPM,357.6000061035156,357.95001220703125,351.54998779296875,351.54998779296875,6799700,-0.015982818721866576
2026-08-21,JPM,354.07000732421875,356.8599853515625,350.3699951171875,351.5799865722656,8112100,8.533289813272837e-05
2026-08-24,JPM,353.29998779296875,358.2799987792969,352.82000732421875,356.3900146484375,4394400,0.01368117714283823
2026-08-25,JPM,357.0,357.3699951171875,353.07000732421875,356.69000244140625,4298000,0.0008417401740750119
2026-08-26,JPM,356.5,358.3500061035156,354.6000061035156,356.5,5796500,-0.0005326822734188497
2026-08-27,JPM,354.67999267578125,357.57000732421875,352.2300109863281,354.2200012207031,5209900,-0.0063955084973263965
2026-08-28,JPM,355.6700134277344,358.7300109863281,354.2200012207031,357.6199951171875,3914500,0.009598537306666488
2026-08-31,JPM,355.8999938964844,357.7699890136719,354.7699890136719,356.0199890136719,7962900,-0.004474039833794352
2026-09-01,JPM,355.7300109863281,359.92999267578125,354.1199951171875,354.95001220703125,5079000,-0.0030053840785876362
2026-09-02,JPM,357.54998779296875,361.4700012207031,353.7900085449219,356.2200012207031,5341400,0.003577937653179042
2026-09-03,JPM,358.67999267578125,362.8500061035156,356.3900146484375,362.05999755859375,5414200,0.016394352697428616
2026-09-04,JPM,361.0,362.8599853515625,355.20001220703125,358.6400146484375,4873500,-0.009445901047388627
2026-09-08,JPM,357.1000061035156,358.54998779296875,353.2300109863281,353.510009765625,5631400,-0.014304050505466459
2026-09-09,JPM,352.0,356.3299865722656,348.69000244140625,354.7099914550781,6318200,0.003394477260343143
2026-09-10,JPM,353.510009765625,354.2200012207031,351.1199951171875,353.55999755859375,4184200,-0.0032420679546322217
2026-09-11,JPM,358.32000732421875,360.04998779296875,354.7900085449219,356.2300109863281,5354600,0.007551797279588657
2026-09-14,JPM,354.2300109863281,355.2799987792969,347.54998779296875,350.1300048828125,9609900,-0.017123784957437937
2026-09-15,JPM,351.0,354.70001220703125,343.07000732421875,352.489990234375,14026500,0.006740311651817432
2026-09-16,JPM,353.3800048828125,355.6000061035156,344.69000244140625,348.9200134277344,8303400,-0.010127881374069392
2026-09-17,JPM,352.25,353.489990234375,345.2699890136719,349.30999755859375,6480100,0.0011176892005368977
2026-09-18,JPM,347.8900146484375,349.6700134277344,345.010009765625,349.6700134277344,18312400,0.0010306486263114145
2026-09-21,JPM,353.6700134277344,354.5,350.0799865722656,352.0400085449219,6414700,0.0067778048622326725
2026-09-22,JPM,352.0,352.1000061035156,337.29998779296875,340.0,11485600,-0.034200682458469855
2026-09-23,JPM,337.6099853515625,341.44000244140625,336.9800109863281,337.5299987792969,7068500,-0.007264709472656228
2026-09-24,JPM,338.1199951171875,339.3699951171875,335.2799987792969,338.55999755859375,6934300,0.0030515769947025984
2026-09-25,JPM,340.7699890136719,343.30999755859375,338.6400146484375,343.05999755859375,11460300,0.013291587997549037
2026-09-28,JPM,341.8299865722656,342.0,336.29998779296875,336.5899963378906,10483700,-0.01885967838496838
2026-09-29,JPM,337.0,338.75,333.3299865722656,334.9800109863281,7254900,-0.004783224008672815
2026-09-30,JPM,334.8900146484375,336.3399963378906,330.8299865722656,330.8299865722656,9113300,-0.01238887180713566
2026-10-01,JPM,328.75,333.5799865722656,325.8699951171875,333.17999267578125,8160000,0.007103364866843265
2026-10-02,JPM,334.0,334.8450012207031,330.0,330.8999938964844,2082049,-0.006843144334646611
2021-10-04,MSFT,275.8257051627655,276.1616156789927,268.9636587108174,271.7084655761719,31350700,
2021-10-05,MSFT,272.6105528079684,278.7048275786298,272.6105528079684,277.1308898925781,24993000,0.019956773540006356
2021-10-06,MSFT,274.2708756099428,281.8047410195279,274.0117597743309,281.3056640625,28002600,0.015064268626063582
2021-10-07,MSFT,283.29234414696924,284.69356732402304,282.0831074655801,282.97564697265625,20430500,0.005936542073270212
2021-10-08,MSFT,284.2904689045215,284.69356732402304,281.9295475576061,282.97564697265625,17685700,0.0
2021-10-11,MSFT,281.1233138675637,285.9699246769011,280.960147351055,282.38055419921875,19298600,-0.0021029822877125515
2021-10-12,MSFT,283.44585132765303,283.54182991335233,280.57627613312303,281.0849304199219,17974100,-0.004588218841665714
2021-10-13,MSFT,283.0331577701654,285.307706593833,281.67033223174053,284.37677001953125,23416300,0.011711192039685514
2021-10-14,MSFT,287.16002147005213,291.0565122938527,285.8355929980948,290.5574645996094,27262900,0.021734175332442263
2021-10-15,MSFT,290.1639328949292,292.18897261999524,288.41722227281656,291.9586181640625,25384800,0.004822294159208429
2021-10-18,MSFT,291.34439492137415,295.79751392665924,290.4998302940227,294.9145812988281,22729300,0.010124596264202701
2021-10-19,MSFT,295.93199611600807,296.8437197160366,294.84749929754753,295.81683349609375,17682100,0.0030593678796484447
2021-10-20,MSFT,296.7572212605968,297.22750747620495,293.7820612638545,295.02972412109375,16537100,-0.0026607998121593868
2021-10-21,MSFT,294.79939513287235,298.49432114907256,294.02198921283684,298.24481201171875,16918100,0.010897504989380025
2021-10-22,MSFT,297.8993420062516,298.56155617287357,295.40404521926826,296.70928955078125,17449300,-0.00514853033177709
2021-10-25,MSFT,296.90120994069343,296.9396072317386,294.1180067552253,295.72076416015625,17554500,-0.0033316293942856623
2021-10-26,MSFT,298.475142899543,299.81875504845516,296.171803603044,297.6209716796875,28107300,0.006425681757342261
2021-10-27,MSFT,303.27383257307736,312.9670843453073,303.27383257307736,310.15509033203125,52588700,0.04211436640907662
2021-10-28,MSFT,311.2682928158976,311.7865536762648,308.4179020167002,311.2875061035156,26297900,0.003651127473910165
2021-10-29,MSFT,311.0764222231841,318.62947157711153,310.8556743947785,318.2647705078125,34766000,0.022414212801642686
2021-11-01,MSFT,318.01531726434695,318.14008653607925,313.2262860062513,316.10546875,27073200,-0.006784608156181426
2021-11-02,MSFT,317.0074904775489,320.02104795725353,316.7099773873297,319.71392822265625,26487100,0.011415365532666755
2021-11-03,MSFT,320.4529410895813,321.41266839400566,317.33382735020217,320.5489196777344,21500100,0.002611683074678517
2021-11-04,MSFT,319.48363531417436,322.98663410539643,316.2397523503642,322.8906555175781,23992200,0.0073053930183200055
2021-11-05,MSFT,324.8773141787061,325.14603666479826,320.9520328371746,322.5259704589844,22570100,-0.0011294382552172744
2021-11-08,MSFT,323.7160006633111,324.0519110698877,320.97119469393846,323.4184875488281,20897000,0.0027672720078126822
2021-11-09,MSFT,323.53360684587807,325.07878279395607,321.0575236753706,322.42034912109375,21307400,-0.003086213269065774
2021-11-10,MSFT,321.0960047806577,321.15358608184823,316.633278207057,317.4778137207031,25500900,-0.015329477230155653
2021-11-11,MSFT,317.9096735712425,320.3281758647958,317.19948472941286,319.0421447753906,16849800,0.0049273712589683605
2021-11-12,MSFT,320.47207766412674,323.64877193823406,320.34730845825095,323.1593017578125,23831000,0.012904743306939581
2021-11-15,MSFT,323.94629194497753,324.2725956427505,320.5776404681747,322.5354919433594,16723000,-0.0019303476986735069
2021-11-16,MSFT,322.16126404658087,326.95032335349225,321.99812680159425,325.8370361328125,20886800,0.010236219801921465
2021-11-17,MSFT,325.8851065761686,329.0099268651389,324.9813100529108,326.05816650390625,19053400,0.0006786532731768435
2021-11-18,MSFT,325.15435635646554,329.25990808153233,324.1351865907532,328.1253356933594,22463500,0.0063398785916573
2021-11-19,MSFT,329.44260130183307,331.8078416400719,329.01954636756113,329.89447021484375,21963400,0.005391642549472886
2021-11-22,MSFT,331.34626493417426,336.20177166262135,326.4715391090011,326.7407531738281,31031100,-0.009559775400181048
2021-11-23,MSFT,324.06790589930085,326.3754890891575,320.7123388682241,324.67364501953125,30427600,-0.006326447295655124
2021-11-24,MSFT,323.3275227878649,325.13511563845185,321.04881262656716,324.8947448730469,21661300,0.0006809910718263978
2021-11-26,MSFT,321.4719205549108,324.91401757282057,315.48186952965966,316.9817810058594,24217200,-0.02435546893896212
2021-11-29,MSFT,322.03915370433015,325.9716160847785,321.84684534637535,323.6640625,28563500,0.021080963937221142
2021-11-30,MSFT,322.4045150069706,324.7697551795586,316.31831064916247,317.856689453125,42885600,-0.017942594559366642
2021-12-01,MSFT,322.22180934894953,326.21195801552415,316.70290620086416,317.3663024902344,33337600,-0.0015427926457497465
2021-12-02,MSFT,317.577871266218,320.64500484816296,315.17416340213174,316.799072265625,30766000,-0.001787304512667398
2021-12-03,MSFT,319.20279534885117,319.88546954113923,305.7804982116358,310.5686950683594,41779300,-0.01966665228123421
2021-12-06,MSFT,311.4724773249387,314.8376683407075,306.93427569570224,313.6261901855469,30032600,0.009844827137244216
2021-12-07,MSFT,318.8663250684686,322.8660696420731,317.38563262002015,322.0199890136719,31021900,0.026763704979992475
2021-12-08,MSFT,322.39489389495935,322.5775780301863,318.0585957516276,322.0679931640625,24761000,0.00014907195835167641
2021-12-09,MSFT,321.5295600175577,323.5294319116375,319.3277555505204,320.27001953125,22214200,-0.005582590232419027
2021-12-10,MSFT,322.0776553641923,329.78874012403924,321.89497120742305,329.3464660644531,38095700,0.02833998182685815
2021-12-13,MSFT,327.55805926915104,330.54828700278097,326.0196804228618,326.3273620605469,28899400,-0.009166954301903507
2021-12-14,MSFT,320.3853706539691,321.75068944249216,311.6262451506804,315.6933288574219,44438700,-0.03258701058954405
2021-12-15,MSFT,315.95294877643335,322.279524033455,312.0012673025278,321.76031494140625,35381100,0.019217973676993516
2021-12-16,MSFT,322.7794945853097,323.78906948093504,310.5782712717892,312.3858642578125,35034800,-0.02913488782885132
2021-12-17,MSFT,308.52073257010983,312.40513289702955,305.03054387453375,311.3282470703125,47750300,-0.003385611541715461
2021-12-20,MSFT,307.72269664260455,310.3667755304143,305.3382370063855,307.5881042480469,28326500,-0.012013502974630219
2021-12-21,MSFT,310.8378750297764,315.10686227817746,307.48227910762097,314.6838073730469,24740600,0.02306884767974582
2021-12-22,MSFT,315.6548897596977,320.760362669551,313.2031195933652,320.3661804199219,24831500,0.018057405286630246
2021-12-23,MSFT,319.9335482909737,323.4333613707806,319.9143291893332,321.798828125,19617800,0.004471906813635185
2021-12-27,MSFT,322.53916090050194,329.2887920541107,322.51031757686,329.25994873046875,19947000,0.02318566742129513
2021-12-28,MSFT,329.9329216504245,330.567504020854,327.21193737349995,328.1061096191406,15661500,-0.0035043409190124164
2021-12-29,MSFT,328.1541263644873,331.0385752783578,326.59652864573826,328.77911376953125,15042000,0.0020511783555992036
2021-12-30,MSFT,328.7406955115323,329.9137060860202,325.76971620596595,326.2504577636719,15994500,-0.007691048183893878
2021-12-31,MSFT,325.4716783285754,326.28891555203285,322.91412956697064,323.36602783203125,18000800,-0.008841152136344399
2022-01-03,MSFT,322.43340214531065,324.9813267976335,317.07793359354395,321.85650634765625,28865100,-0.004668151118085606
2022-01-04,MSFT,321.93336411107276,322.28913749513237,313.55885476913005,316.3375549316406,32674300,-0.017147242038519694
2022-01-05,MSFT,313.30890328932094,313.5108358888348,303.80947386548866,304.1940612792969,40054300,-0.03838777111041369
2022-01-06,MSFT,301.08842050942394,306.42466920650463,299.49235507622586,301.7903137207031,39646100,-0.007902020008164312
2022-01-07,MSFT,302.0499324142328,304.3094237353557,298.14631308588326,301.9441833496094,32720000,0.000509856088517946
2022-01-10,MSFT,297.56948532011705,302.5980540187094,292.9543767797249,302.1653747558594,44289500,0.0007325572686853743
2022-01-11,MSFT,301.3095218517947,304.4150929012101,297.9539558539571,302.847900390625,29386800,0.0022587817525985265
2022-01-12,MSFT,307.35726904389804,310.95320590504565,304.8670023701138,306.01116943359375,34372200,0.010445075032346818
2022-01-13,MSFT,308.1264486110597,308.52066014986855,292.2908229193429,293.05999755859375,45366000,-0.042322546261862826
2022-01-14,MSFT,292.5312389014695,298.8481900342401,292.05049734205875,298.2520751953125,39846400,0.01771677362987978
2022-01-18,MSFT,292.3581778205605,297.8674572905509,290.1179057310112,290.99285888671875,42333200,-0.024339197988278882
2022-01-19,MSFT,294.49270951204926,301.8192070990576,291.0409882048272,291.6466979980469,45933900,0.0022469249377101708
2022-01-20,MSFT,297.16558676731063,299.6462002381442,289.541032877528,289.9833068847656,35380700,-0.005703445726282119
2022-01-21,MSFT,291.03131903917586,292.39660859622313,284.22400232617673,284.6278381347656,57984400,-0.018468196695640038
2022-01-24,MSFT,280.94540441346044,285.666261131879,265.4174271692936,284.95477294921875,85731500,0.0011486396291930934
2022-01-25,MSFT,280.2916198365642,283.6279682848352,274.1862239461247,277.3783264160156,72848600,-0.02658824224907197
2022-01-26,MSFT,296.1271434101873,296.61750913568017,281.7433657696805,285.2816162109375,90428900,0.028492816641587204
2022-01-27,MSFT,291.00252753568583,295.4637946124978,286.45470114422875,288.2911376953125,53481300,0.01054930045737601
2022-01-28,MSFT,288.6661016492175,296.59833777305556,283.10873012038377,296.3868103027344,49743700,0.02808158680194328
2022-01-31,MSFT,297.05023502997614,300.34811523788875,294.5695920371354,299.0020446777344,46444500,0.008823720503381205
2022-02-01,MSFT,298.4539337157057,298.6654611438378,293.37730478266843,296.86749267578125,40950400,-0.007138921087492034
2022-02-02,MSFT,297.7040073654435,302.9825400250582,296.98289506365415,301.386474609375,36636000,0.015222218818444544
2022-02-03,MSFT,297.5694010605456,299.24240163998115,288.4064681116785,289.64678955078125,43730000,-0.03895226245241923
2022-02-04,MSFT,288.64681946632084,296.9059553802916,288.4160729228112,294.1561279296875,35096500,0.015568404489826548
2022-02-07,MSFT,294.37728012769503,295.9829403994106,288.3487625883948,289.35833740234375,28533300,-0.016310353828462687
2022-02-08,MSFT,289.6467780186861,293.7907677485287,288.3968617508122,292.82928466796875,32421200,0.011995324886038272
2022-02-09,MSFT,297.9348214827328,299.91547470681274,295.55036170966486,299.22320556640625,31284700,0.021834977692505753
2022-02-10,MSFT,292.3293112144285,297.21363213902004,289.1179613871902,290.7332458496094,45386200,-0.028373333213665863
2022-02-11,MSFT,291.51210798469305,292.56974542474626,282.88760208602713,283.676025390625,39175600,-0.02427386808949583
2022-02-14,MSFT,282.45484705008886,285.3297011391844,280.1280746488406,283.6374816894531,36359500,-0.00013587225469191555
2022-02-15,MSFT,288.4545460706531,289.2140965718555,285.57969173022536,288.8968200683594,27058300,0.018542466064709107
2022-02-16,MSFT,287.4709041609937,289.8795822189875,282.9522217719727,288.55963134765625,29982100,-0.0011671596822122599
2022-02-17,MSFT,285.5343344781432,285.95826419364323,279.40667124960413,280.1100158691406,32461600,-0.0292820428105397
2022-02-18,MSFT,282.34519885606585,283.1256081080043,275.8514129414356,277.4122314453125,34264000,-0.009631160154903062
2022-02-22,MSFT,274.58928762159644,280.8903974019096,274.1075520292779,277.2099304199219,41736100,-0.0007292433514436425
2022-02-23,MSFT,279.5800143024753,281.04450907473114,269.868239331168,270.0320129394531,37811200,-0.025893435598052128
2022-02-24,MSFT,262.55554816759064,284.3781651371424,261.6016916782459,283.8289794921875,56989700,0.051093818108995714
2022-02-25,MSFT,284.35892976880194,286.75796386461934,280.9963949831395,286.44964599609375,32546700,0.009233259086492973
2022-02-28,MSFT,283.559218096748,288.2128006483137,282.2970731254426,287.8755798339844,34627500,0.004977956362739233
2022-03-01,MSFT,285.5728272162815,289.0124260885947,281.4780750548052,284.1758117675781,31217800,-0.012851969133817698
2022-03-02,MSFT,284.5707837842269,290.4576069527269,282.9714477799345,289.224365234375,31873000,0.017765598822063078
2022-03-03,MSFT,291.8257768521812,292.05700050828193,283.3086664169441,285.1103820800781,27314500,-0.014224192871728047
2022-03-04,MSFT,283.53992798121607,284.8598787290603,276.68001821827283,279.271728515625,32356500,-0.020478572270346995
2022-03-07,MSFT,277.99032843801785,279.10795849514665,268.3556169829133,268.72174072265625,43157200,-0.03777678409856833
2022-03-08,MSFT,267.6522494658014,273.5872347405663,260.13718693761393,265.77349853515625,48159500,-0.010971357135345583
2022-03-09,MSFT,273.0862941142346,279.0212805569592,270.52345705468474,277.9614562988281,35204500,0.04585843897471831
2022-03-10,MSFT,272.6816172407287,276.1308607136372,270.33074508462164,275.1577453613281,30628000,-0.0100866896253623
2022-03-11,MSFT,277.44115846333716,278.93455646472097,269.2227503051047,269.8393859863281,27209300,-0.019328401488448388
2022-03-14,MSFT,270.0995117672135,274.9746736705197,265.74463254293596,266.34197998046875,30660700,-0.012961065683853024
2022-03-15,MSFT,270.1091737905865,277.3063052834026,268.54835505285934,276.6607666015625,34245100,0.0387426218797744
2022-03-16,MSFT,278.54913550581284,283.80970925762125,272.8550467725236,283.63629150390625,37826300,0.025213278297568253
2022-03-17,MSFT,282.5765120453136,284.81174316450165,278.799691528735,284.4360046386719,30816600,0.002819502153710074
2022-03-18,MSFT,284.5805258339528,290.0048741986634,282.0369767782839,289.4556884765625,43390600,0.017647849625321843
2022-03-21,MSFT,287.9718375477952,289.1761761984461,284.1275685810139,288.2319641113281,28351200,-0.00422767426570525
2022-03-22,MSFT,288.84869714839016,293.85875989793885,287.8563228402571,292.9530944824219,27599700,0.01637962113483793
2022-03-23,MSFT,289.5327166388402,292.15335927003025,286.84462397235353,288.5499572753906,25715400,-0.01503017817514618
2022-03-24,MSFT,288.2127985858923,293.0879606698215,287.4227451186162,292.9916076660156,24484500,0.015393003113100212
2022-03-25,MSFT,294.0803119983577,294.3404386258809,288.35729097039587,292.5869140625,22566500,-0.0013812464006714986
2022-03-28,MSFT,293.2131286444829,299.44678744893827,293.2131286444829,299.3504638671875,29578200,0.023116378346444977
2022-03-29,MSFT,302.443281807603,304.2835155341289,297.7607959614938,303.88848876953125,30393400,0.015159571973662134
2022-03-30,MSFT,302.2987264531988,304.40873068688376,300.1983369373926,302.3950500488281,28163600,-0.004914430048831964
2022-03-31,MSFT,302.43362184596117,303.6283461991608,296.64317958234875,297.0478210449219,33422100,-0.017682925044714914
2022-04-01,MSFT,298.0690573372068,298.8013048013512,294.37897586444814,298.11724853515625,27110500,0.003600186281361939
2022-04-04,MSFT,298.76279420407815,303.59940925877385,298.3966704273003,303.46453857421875,24289600,0.017936869018271295
2022-04-05,MSFT,301.826575864707,303.36813547948924,298.5507800600473,299.5238952636719,23156700,-0.012985514976680212
2022-04-06,MSFT,294.04178495987475,295.7856655216376,285.8715384021488,288.55963134765625,40110400,-0.03660564011550316
2022-04-07,MSFT,285.8233266543766,292.5579799187454,285.5246529796034,290.36126708984375,31411200,0.006243547421284523
2022-04-08,MSFT,289.4653477407742,290.1205012315101,285.45730321650933,286.1221008300781,24361900,-0.014599627223881528
2022-04-11,MSFT,281.13124798929533,281.921271966205,274.5892708132743,274.83978271484375,34569300,-0.03943183026583008
2022-04-12,MSFT,278.6743368953997,280.11954336565424,270.24396581891443,271.7566223144531,30966700,-0.011218028081435016
2022-04-13,MSFT,272.40225746800036,278.03854117973947,271.0244711313333,277.1136169433594,21907200,0.019712471340284754
2022-04-14,MSFT,277.56640502923614,277.7783698621316,269.1167734779353,269.6081237792969,28221600,-0.027084533942612343
2022-04-18,MSFT,268.7217442498862,272.14205510022083,268.17255863306326,270.2729187011719,20778000,0.002465782234437386
2022-04-19,MSFT,269.1745633932946,275.7165404624221,268.2399952405621,274.8782958984375,22297700,0.01703972865427028
2022-04-20,MSFT,278.8285578322928,279.1176168323527,274.9457700942281,275.89959716796875,22906700,0.003715467116794935
2022-04-21,MSFT,278.0385607971482,282.58614693419463,269.82979513911937,270.5523986816406,29454600,-0.01938095793257988
2022-04-22,MSFT,271.39056854763874,272.8550636325426,263.393769113378,264.02001953125,29405800,-0.02414459891031051
2022-04-25,MSFT,263.30702351755633,270.8413451266627,260.8790575428307,270.4656066894531,35678900,0.024413251577084294
2022-04-26,MSFT,267.3632511079873,268.19182220528097,260.13721729425794,260.34918212890625,46518400,-0.03740373751906467
2022-04-27,MSFT,271.795154326994,280.3411367431412,268.9625474500182,272.8742370605469,63477700,0.048108677850346115
2022-04-28,MSFT,274.7723263295594,280.3508322510041,271.17856852888485,279.0501403808594,33646600,0.02263278273112368
2022-04-29,MSFT,278.0674307607547,279.29105809866707,266.3998077256145,267.3825378417969,37073900,-0.04181184973832319
2022-05-02,MSFT,267.56562889178645,274.5315375590096,266.13006594349525,274.0787048339844,35151100,0.02504339679859524
2022-05-03,MSFT,273.58726807497914,273.7510711128351,269.9164452309345,271.4869079589844,25978600,-0.009456396390116861
2022-05-04,MSFT,272.2672643508038,280.254447114598,266.62133844584713,279.3873291015625,33599300,0.02910056032525765
2022-05-05,MSFT,275.10958168100854,275.88999102064156,264.318692205309,267.21875,43260400,-0.04355451315810743
2022-05-06,MSFT,264.77152276793004,269.04933732325316,261.36082642726797,264.6944580078125,37780300,-0.009446537685650847
2022-05-09,MSFT,260.1949931476496,262.4109648333538,253.701207586284,254.9151611328125,47726000,-0.03694560493862464
2022-05-10,MSFT,261.765522095456,263.7502706382624,255.38734673917406,259.655517578125,39336400,0.018595819974955186
2022-05-11,MSFT,255.97505275215912,261.44756278263503,249.82810103784647,251.03244018554688,48975900,-0.03320968286369508
2022-05-12,MSFT,248.27688839647124,250.3868926130945,240.88706627938942,246.02236938476562,51033800,-0.019957862008105898
2022-05-13,MSFT,247.94929795851922,253.4314509690828,246.02235572360212,251.58157348632812,34925100,0.02259633591638255
2022-05-16,MSFT,250.46398464979046,256.1099416160169,246.43668177320907,251.94773864746094,32550900,0.0014554530208974459
2022-05-17,MSFT,256.3893090476885,258.5282163055622,252.87264501904795,257.0733947753906,28828800,0.020344124362639215
2022-05-18,MSFT,253.9830418931468,254.56247678031545,244.10378168997468,245.36886596679688,31356000,-0.04552991109336768
2022-05-19,MSFT,245.19508938818183,248.83585464293373,243.24435524609143,244.46115112304688,32692300,-0.0036993888371836814
2022-05-20,MSFT,248.42057161150723,249.6760190694131,237.99085911430905,243.90103149414062,39199300,-0.002291241885809203
2022-05-23,MSFT,246.73057447845937,252.53451735450935,244.74118884717117,251.71365356445312,33175400,0.03203193534054494
2022-05-24,MSFT,249.0483104249833,252.3703436440929,244.80880649372511,250.71897888183594,29043900,-0.003951611954821854
2022-05-25,MSFT,249.28972363750842,255.50890210664602,248.3143419025738,253.51953125,28547900,0.011170085251041018
2022-05-26,MSFT,253.2780498622008,257.95210669352673,252.46685283903992,256.7835998535156,25002100,0.012875018297098695
2022-05-27,MSFT,259.2751950241192,263.96855616192437,258.38672418405815,263.8719787597656,26910800,0.027604484516509764
2022-05-31,MSFT,263.1863562668899,265.3495488346776,259.70977573202504,262.5489807128906,37827700,-0.005013787568855399
2022-06-01,MSFT,265.7647953206282,268.1694163803511,260.7817020928469,263.0801086425781,25292200,0.0020229670221736384
2022-06-02,MSFT,255.38340607068776,265.2336837998182,252.63111175251524,265.16607666015625,44008200,0.007929022183931655
2022-06-03,MSFT,261.04245577782234,264.0748154478667,259.2076029156242,260.76239013671875,28059000,-0.01660727714081378
2022-06-06,MSFT,262.7324336411163,264.779744827782,258.0583763446399,259.5359191894531,22400300,-0.004703404300837155
2022-06-07,MSFT,257.49836222355793,263.76584558835543,256.8223496712607,263.1574401855469,22860700,0.01395383347092749
2022-06-08,MSFT,262.3944559964506,263.64023679590827,260.36644828068603,261.1390380859375,17372300,-0.007669941226766119
2022-06-09,MSFT,258.5992253476871,263.3601943996646,255.55722824112877,255.7117462158203,26439700,-0.020783150270819117
2022-06-10,MSFT,251.64601255514395,251.64601255514395,243.87201825932195,244.31625366210938,31422800,-0.044563821264953396
2022-06-13,MSFT,236.70644141538565,240.48239119497188,233.24917940412797,233.9541473388672,46135800,-0.042412676880569045
2022-06-14,MSFT,235.49930650770008,237.3148557778769,233.2298699199791,236.1077117919922,28651500,0.009205070641495006
2022-06-15,MSFT,239.79673406143797,246.54708847653447,237.97153296010552,243.12844848632812,33111700,0.029735312925827317
2022-06-16,MSFT,237.54664093367091,238.93727329741498,234.68813195099327,236.57127380371094,33169200,-0.02697000175603026
2022-06-17,MSFT,236.31049083013178,241.9116415660145,235.6634634572943,239.1593475341797,43084800,0.010939932346207604
2022-06-21,MSFT,241.67988876042264,246.01595545881753,240.95560233610817,245.04058837890625,29928300,0.024591306613620967
2022-06-22,MSFT,243.25403052962997,248.35302095850608,241.78613912229218,244.45152282714844,25939900,-0.002403950935862653
2022-06-23,MSFT,246.80783416507126,250.4775400388381,244.9343443692557,249.98501586914062,25861400,0.022636361508391767
2022-06-24,MSFT,252.83395563405963,258.79243283430566,252.74704478148087,258.52203369140625,33923200,0.03415011812841806
2022-06-27,MSFT,259.014440327957,259.10135115094255,254.253471928492,255.80828857421875,24615100,-0.010497152132211918
2022-06-28,MSFT,254.9295252245594,257.7590638663584,247.53214278827687,247.68666076660156,27295500,-0.03174888449816915
2022-06-29,MSFT,248.75856369685934,252.9884007989355,246.99130319168566,251.3370361328125,20069800,0.014737876294641294
2022-06-30,MSFT,248.23711675711792,250.63210141382953,244.22940398394073,248.024658203125,31730900,-0.013179028370244539
2022-07-01,MSFT,247.5997090497768,250.86380133736168,245.88072261210712,250.68031311035156,22837700,0.010707221316082371
2022-07-05,MSFT,247.37757490861682,253.96375873358915,246.0062612828108,253.8382110595703,22941000,0.012597311332655847
2022-07-06,MSFT,254.70738716056056,258.8020102285566,253.4036657301254,257.0830383300781,23824400,0.012783052862542998
2022-07-07,MSFT,256.0304226841945,259.8353431316474,255.9338452648158,259.1979675292969,20859900,0.00822663841596305
2022-07-08,MSFT,255.71170926657888,258.9082238859461,254.2631366183598,258.4833068847656,19658800,-0.0027572000326371304
2022-07-11,MSFT,256.5422912269058,257.3921254979939,253.1912575955396,255.44139099121094,19455200,-0.011768326280779173
2022-07-12,MSFT,256.76433395035434,256.822274498301,243.39882584810758,244.9729461669922,35868500,-0.040981787577953455
2022-07-13,MSFT,241.61228376039588,244.8570873615849,239.603594413408,244.0555419921875,29497400,-0.003744920364305515
2022-07-14,MSFT,241.97921166309183,246.39252149657236,237.5079465523814,245.36886596679688,25102800,0.005381250365752432
2022-07-15,MSFT,246.95272643826956,251.44329684800084,246.0352998179171,247.91844177246094,29774100,0.010390787745699903
2022-07-18,MSFT,250.84451446983314,251.89714046464383,244.6156545937457,245.5330810546875,20975000,-0.00962155417208821
2022-07-19,MSFT,248.74893867803232,250.81558360506327,244.98265483156152,250.63209533691406,25012600,0.02076711724678293
2022-07-20,MSFT,250.98936645500257,255.78897202237206,250.03331786878604,253.27810668945312,22788300,0.0105573523972744
2022-07-21,MSFT,250.88318973487608,255.80834373168997,248.2178060367972,255.76004028320312,22404700,0.009799242525107443
2022-07-22,MSFT,256.1463352462382,256.2332460929619,250.18788791869935,251.4336395263672,21881300,-0.016915858912304294
2022-07-25,MSFT,252.05171581946772,252.53457351260846,248.0053659932447,249.9561004638672,21056000,-0.005876457363793053
2022-07-26,MSFT,250.95070998904438,250.97004315253255,241.01352289869635,243.2636260986328,39348000,-0.02677459903084789
2022-07-27,MSFT,252.20613823088766,260.7913294360416,249.97533889176114,259.5262451171875,45994000,0.06685183181459653
2022-07-28,MSFT,260.5016528744498,268.3142846363358,258.68610373864,266.9333190917969,33459300,0.028540751133916187
2022-07-29,MSFT,268.17914544538223,272.33170936707273,267.1458230211277,271.1148986816406,32152800,0.015665259039489676
2022-08-01,MSFT,268.2950273632756,271.63639399506593,266.38290049065427,268.478515625,21539600,-0.009724227880727465
2022-08-02,MSFT,266.537425174636,268.3626412541174,263.0415404728972,265.39788818359375,22754200,-0.011474390918151278
2022-08-03,MSFT,267.27132785781305,273.7802383800219,267.1264470117995,272.7855529785156,23518900,0.027836185304576766
2022-08-04,MSFT,272.13853085373546,274.0699612486414,270.56443983776984,273.92510986328125,18098700,0.00417748254012329
2022-08-05,MSFT,269.5794114121241,273.9251301220604,269.1255240569013,273.21051025390625,16774600,-0.0026087407968246046
2022-08-08,MSFT,274.3113574297538,276.11726939013334,269.74354395058293,270.7092590332031,18739200,-0.009155032939174301
2022-08-09,MSFT,270.05256187655357,273.3745944260837,268.0921320968785,272.621337890625,23405200,0.007063219279054511
2022-08-10,MSFT,278.29022801202103,279.8739859897657,277.1023874252405,279.24627685546875,24687800,0.02430088200763536
2022-08-11,MSFT,280.8783020655473,281.2259454287706,276.6871011826993,277.1795959472656,20065900,-0.007400925561033667
2022-08-12,MSFT,278.58952057102715,281.90191650390625,277.10231096943915,281.90191650390625,22619700,0.01703704250127802
2022-08-15,MSFT,281.02319001084084,284.0941580038276,280.16368913228314,283.40850830078125,18085700,0.005344382952622295
2022-08-16,MSFT,281.97918336040345,283.9589172842201,280.46303283251734,282.67449951171875,18102900,-0.002589932085890312
2022-08-17,MSFT,280.4001752678812,283.89382169759233,280.13888939328456,281.92926025390625,18253400,-0.0026363865828002986
2022-08-18,MSFT,280.8358119587755,282.5003694394688,279.76157712892405,280.81646728515625,17186200,-0.003947064479039253
2022-08-19,MSFT,279.5873182545467,279.9260419302894,276.35498651754625,276.92596435546875,20570000,-0.013854254942025412
2022-08-22,MSFT,272.98710077508116,273.35485615007224,268.28377769621216,268.79669189453125,25061100,-0.029355400024905443
2022-08-23,MSFT,267.5290222167969,269.87099753157673,266.5225381093492,267.5290222167969,17527400,-0.004716091067935357
2022-08-24,MSFT,266.53214693938304,268.29348622669727,266.24179973569437,266.89990234375,18137000,-0.0023515948581348534
2022-08-25,MSFT,268.39027578883355,270.0258011315452,265.67085828538086,269.8612976074219,16583400,0.011095527715322184
2022-08-26,MSFT,270.0838482135881,271.3032415870308,259.34168014145877,259.4481201171875,27549300,-0.03858714674003694
2022-08-29,MSFT,257.2802767817601,258.7803004011994,255.34474719082542,256.6802673339844,20338500,-0.010668232176640702
2022-08-30,MSFT,258.07387544076863,258.44160128944475,252.2575990184028,254.49313354492188,22767100,-0.008520848960378635
2022-08-31,MSFT,256.835171011409,258.4996984815058,252.90601788695525,253.04151916503906,24791800,-0.005703943205314754
2022-09-01,MSFT,250.52533262450333,252.48023691824085,247.17687383626492,252.00601196289062,23263400,-0.004092242275359759
2022-09-02,MSFT,253.2641326770218,256.20611724920184,246.26718053225406,247.80592346191406,22855400,-0.016666620245532227
2022-09-06,MSFT,247.9414053865417,249.51883753175827,243.8187170261839,245.08648681640625,21328200,-0.010974058277205656
2022-09-07,MSFT,246.48976943648967,250.4866292810051,245.05748121497774,249.77049255371094,24126700,0.01911164421240996
2022-09-08,MSFT,249.20919235362013,252.0350498159717,246.57685541782593,250.18661499023438,20319900,0.0016660192013431274
2022-09-09,MSFT,252.10274849769064,256.68028696247984,251.89952614457653,255.93508911132812,22084700,0.02297674526400284
2022-09-12,MSFT,257.2125840758803,258.82876464312335,256.6125744929972,258.0545349121094,18747700,0.008281184921303808
2022-09-13,MSFT,250.49629269213037,252.00600375133774,243.47999634028216,243.8671112060547,33353300,-0.0549783932721305
2022-09-14,MSFT,245.3574762961727,246.03490888980133,241.80578027171973,244.08970642089844,23913000,0.0009127725905428985
2022-09-15,MSFT,241.71867215528192,243.29611908968658,236.15402331387534,237.47018432617188,31530900,-0.027119218552019264
2022-09-16,MSFT,236.386307438201,237.39279145182186,234.2572270866671,236.85084533691406,39791800,-0.0026080705290022488
2022-09-19,MSFT,234.65397254260654,237.23790323040416,233.0861980227324,236.6378936767578,26826900,-0.000899096052848547
2022-09-20,MSFT,234.26688762643548,235.66045686379198,231.91521092748422,234.63462829589844,26660300,-0.008465530814755318
2022-09-21,MSFT,236.3960000451662,239.6767233507366,231.19909108836305,231.2474822998047,28625600,-0.014435831661736676
2022-09-22,MSFT,230.20227093577722,235.99918898239684,229.91195323025747,233.21202087402344,31061200,0.008495394434918868
2022-09-23,MSFT,231.81844612716222,233.35720386281167,227.61834912688556,230.25067138671875,34176000,-0.012698099678593922
2022-09-26,MSFT,229.40869154061323,233.6668515472966,229.26351793341072,229.79579162597656,27694200,-0.0019755849483634735
2022-09-27,MSFT,232.2442506798707,234.0055901447024,226.94090238363955,228.78933715820312,27018700,-0.004379777630617254
2022-09-28,MSFT,229.17642964868273,234.5184966384645,227.16347665591098,233.2991180419922,29029700,0.019711499407293775
2022-09-29,MSFT,231.18940064159077,232.215229269323,226.85381719409244,229.84420776367188,27484200,-0.01480892987215865
2022-09-30,MSFT,230.60872427461211,232.78619560885667,225.22795302914213,225.39247131347656,35694800,-0.019368495266901098
2022-10-03,MSFT,227.82159220301807,233.82173303998002,227.0957683574116,232.9797821044922,28880400,0.033662662939895505
2022-10-04,MSFT,237.18953820241006,242.28966427196394,237.08308345370094,240.8573760986328,34888400,0.03381235025195228
2022-10-05,MSFT,238.0605054835281,242.50254306214893,236.23143031780648,241.16702270507812,20347100,0.0012856015101589957
2022-10-06,MSFT,239.93799895986987,242.27031644163847,238.14764234917035,238.83474731445312,20239900,-0.009670789001185787
2022-10-07,MSFT,233.13458913635256,233.54106344265196,225.65376961113512,226.6892852783203,37769600,-0.05085299426779777
2022-10-10,MSFT,225.5376480865996,226.99896799750226,219.42136587622,221.86013793945312,29743600,-0.021302936011899032
2022-10-11,MSFT,220.28267336430167,221.67625738261597,216.8858233948525,218.1439208984375,30474000,-0.01675026922605538
2022-10-12,MSFT,218.1342225142281,220.51493088352666,216.74065333491876,218.4729461669922,21903900,0.0015082944654134511
2022-10-13,MSFT,212.76314712814823,228.48932881951694,212.0663551272384,226.6892852783203,42551800,0.03760803914388511
2022-10-14,MSFT,227.9473631652827,229.5925754900993,220.97945807089755,221.19236755371094,30198600,-0.02424868788068424
2022-10-17,MSFT,228.21834487388986,231.2571263231049,227.5602570081076,229.8732147216797,28142300,0.039245690364342334
2022-10-18,MSFT,235.3991931876777,236.0669387164965,227.782871649091,230.81198120117188,26329600,0.004083844568967265
2022-10-19,MSFT,229.3989710939831,231.88613382001358,226.73761778493645,228.85702514648438,19985700,-0.0084699071708223
2022-10-20,MSFT,228.1699333317577,233.53134435033044,227.29893606647624,228.5376739501953,21811000,-0.0013954179299702218
2022-10-21,MSFT,227.17318083073934,235.166915097807,226.9409118947973,234.31527709960938,26299700,0.02528074715013151
2022-10-24,MSFT,235.90241694894004,239.850900353894,233.52172305739012,239.27992248535156,24911200,0.021187886027728586
2022-10-25,MSFT,239.28959165367502,242.94774252500142,237.9056946583769,242.5800018310547,34775500,0.01379171019208747
2022-10-26,MSFT,223.71824496136685,230.61841449713438,222.64402516459023,223.86341857910156,82543200,-0.07715633238797781
2022-10-27,MSFT,223.59244061528798,226.15702697219044,218.50200154160817,219.44073486328125,40424600,-0.019756169828424097
2022-10-28,MSFT,218.94718608542487,228.97323332024203,218.7633083498998,228.26675415039062,40647700,0.040220514630559645
2022-10-31,MSFT,226.22473999169745,227.34735093033876,223.69887276321543,224.6472930908203,28357300,-0.015856277770461835
2022-11-01,MSFT,227.03766243441322,228.14091388312903,220.00200713618008,220.81492614746094,30592300,-0.017059484183546414
2022-11-02,MSFT,222.0633939304996,223.84407823127708,212.94703338213586,213.00511169433594,38407000,-0.035368145575039533
2022-11-03,MSFT,212.9954026993864,213.3050945982589,207.08235775345725,207.34365844726562,36633900,-0.026578954852475745
2022-11-04,MSFT,210.53726518655444,214.44702903809562,206.5500636010322,214.25347900390625,36789100,0.03332544920055036
2022-11-07,MSFT,214.8341789629505,221.04722910682952,214.1470592473895,220.52462768554688,33498000,0.029269763603354537
2022-11-08,MSFT,221.32785232766216,224.18275612145348,218.5600438397234,221.49237060546875,28192500,0.004388366642213759
2022-11-09,MSFT,220.04074269428185,221.26013615245242,217.09874333274988,217.27293395996094,27852900,-0.019050031538213275
2022-11-10,MSFT,227.84090847628838,235.4862608906142,227.42477661146236,235.1475372314453,46268000,0.08226797026995691
2022-11-11,MSFT,235.15725212322295,239.99607772936167,234.1314086905055,239.14443969726562,34620200,0.016997424310195353
2022-11-14,MSFT,234.1894756115481,236.0475827819004,231.49908988674315,233.76365661621094,31123300,-0.022500138777494683
2022-11-15,MSFT,237.74117578758222,239.03797746539766,232.2926536001012,234.1701202392578,31390100,0.0017387802232842198
2022-11-16,MSFT,235.6258570860806,236.60606394497793,233.32579470204732,234.59713745117188,24093300,0.0018235341531949167
2022-11-17,MSFT,230.76365473112853,236.07224872369898,230.61808681154827,234.54856872558594,23123500,-0.00020703034194546888
2022-11-18,MSFT,236.32456307646515,236.5477869566877,231.97676193163215,234.10214233398438,27613500,-0.0019033430646250293
2022-11-21,MSFT,234.3059689787537,237.45036963154155,234.07306028423957,234.90768432617188,26394700,0.0034409851364720634
2022-11-22,MSFT,236.40221710449453,238.0714650543678,233.6072093349116,237.7997283935547,19665700,0.01231140682212506
2022-11-23,MSFT,237.8773882479825,240.95384732065142,237.06217820148206,240.27450561523438,19508500,0.010406980859052783
2022-11-25,MSFT,240.01245273021934,241.36143645953254,239.44956540890726,240.18714904785156,9200800,-0.0003635698558993594
2022-11-28,MSFT,238.81877021422886,239.37194317865058,233.69457155598104,234.62623596191406,24778200,-0.02315241722124617
2022-11-29,MSFT,234.27685297681788,235.6258367832805,231.18099474535325,233.23843383789062,17956300,-0.0059149485918902345
2022-11-30,MSFT,233.47135371926146,247.7958155951577,232.78229762918565,247.61141967773438,47594200,0.06162357379673322
2022-12-01,MSFT,246.37888704446783,248.5624948221186,243.51593758658888,247.17469787597656,26041500,-0.001763738531632364
2022-12-02,MSFT,242.44839236600893,248.50425481236772,242.32222362886404,247.4949493408203,21528500,0.0012956482503903022
2022-12-05,MSFT,244.57377324279298,246.33037684588194,240.7403313992676,242.8171844482422,23435300,-0.01890044586783246
2022-12-06,MSFT,243.41888770234414,244.42819318650004,236.58661356400265,237.88706970214844,22463700,-0.02030381316419816
2022-12-07,MSFT,237.60562791314456,238.89638442921668,235.06294286518101,237.15919494628906,20481500,-0.0030597491354646955
2022-12-08,MSFT,237.61533452681962,241.4002634352855,235.88785939315616,240.09979248046875,22611800,0.012399255845195745
2022-12-09,MSFT,237.4794974313884,240.98297573692605,236.95543802882835,238.17825317382812,20609700,-0.008003086078456012
2022-12-12,MSFT,240.1483469667902,245.08814984287235,239.87661027319498,245.0590362548828,30665100,0.028889216330060696
2022-12-13,MSFT,253.96811982675712,256.13232821113195,245.60248135221084,249.33888244628906,42196900,0.017464551631366287
2022-12-14,MSFT,249.54272515265737,254.84160556776638,246.8059293712521,249.63006591796875,35410900,0.0011678221576307823
2022-12-15,MSFT,246.2333179219407,246.6991500991899,240.04157204816326,241.66229248046875,35560400,-0.03191832445422782
2022-12-16,MSFT,241.21585785298825,242.46778637167077,236.32456849542362,237.46975708007812,86102000,-0.017348736359974137
2022-12-19,MSFT,237.63477938812645,237.97445766545272,231.66625680711488,233.3549041748047,29696400,-0.017327902954336394
2022-12-20,MSFT,232.33587889229094,235.74231675615167,231.38480046926088,234.66506958007812,25150800,0.00561447555561978
2022-12-21,MSFT,234.5583283609848,238.37235667490168,233.02494847536323,237.21746826171875,23690600,0.010876772952225222
2022-12-22,MSFT,234.14097913275145,234.84944921071,226.96904125544336,231.1615753173828,28651700,-0.025528865933492573
2022-12-23,MSFT,229.14296825844733,231.821522034393,227.03700146219919,231.68565368652344,21207000,0.0022671517462236057
2022-12-27,MSFT,231.65652750812146,231.8797366085177,228.87121912390276,229.96788024902344,16688600,-0.007414241711419023
2022-12-28,MSFT,229.8999205275325,232.6464155156222,227.26018028486453,227.60955810546875,17457100,-0.010255006660064625
2022-12-29,MSFT,228.6965662589639,234.78155876768741,228.6965662589639,233.89840698242188,19770700,0.027629985881520103
2022-12-30,MSFT,231.18097605137052,232.87933756720665,229.67671003277965,232.74346923828125,21938500,-0.004937775160766322
2023-01-03,MSFT,235.90725134496904,238.49846380336683,230.39484781786445,232.51052856445312,25740000,-0.0010008473045043376
2023-01-04,MSFT,225.4259409938991,225.9985278733158,219.2924376104367,222.33978271484375,50623400,-0.043743162567324356
2023-01-05,MSFT,220.49589078973162,220.8355690846838,215.21640927420395,215.75018310546875,39585600,-0.029637519336008
2023-01-06,MSFT,216.41983372647684,219.0983877724653,212.87754192297996,218.29287719726562,43613600,0.011785362381611098
2023-01-09,MSFT,219.76800002138827,224.41666688908288,219.7291868413214,220.41822814941406,27369800,0.009736235920459357
2023-01-10,MSFT,221.0393201111181,224.48457072526574,220.62201553173728,222.09716796875,27033900,0.007617064311930877
2023-01-11,MSFT,224.4651718383663,228.98766979827053,224.2904903213458,228.81298828125,28669300,0.030238207780501458
2023-01-12,MSFT,228.3180371449277,232.8211212975009,226.66820302336927,231.47213745117188,27269500,0.011621495745920418
2023-01-13,MSFT,230.0066742453539,232.30673624907553,227.98804849183014,232.17086791992188,21333300,0.0030186374759570977
2023-01-17,MSFT,230.94806647820474,233.80131636600996,230.09402846864725,233.25784301757812,29831300,0.004681789353654597
2023-01-18,MSFT,234.44186787994613,235.22796439382358,228.57038560512123,228.85182189941406,30028700,-0.018889058825053207
2023-01-19,MSFT,226.88168988104673,228.57035182284125,223.87315781209423,225.08627319335938,28623000,-0.016454091013134886
2023-01-20,MSFT,227.92981370488926,233.6363129556783,227.5901354890902,233.13165283203125,35389800,0.03574353746467929
2023-01-23,MSFT,233.98568794215404,237.93558370839386,232.5784623295547,235.42201232910156,31934000,0.009824318016226075
2023-01-24,MSFT,235.34438219144687,236.7515930613996,233.34517042755766,234.89794921875,40234400,-0.0022260582396983475
2023-01-25,MSFT,227.56105444486033,236.12080454500452,224.0866898660757,233.5101776123047,66526600,-0.005907976681196692
2023-01-26,MSFT,236.4604658112775,240.98296392015405,234.85915928502237,240.68211364746094,33454500,0.03071359076718183
2023-01-27,MSFT,241.6428822092,242.45809218411858,239.54661529494882,240.83737182617188,26498900,0.0006450756824345483
2023-01-30,MSFT,237.2950615090347,238.35290934630353,235.0532267167277,235.54818725585938,25867400,-0.02196164378562493
2023-01-31,MSFT,236.26637885801222,240.63359478813643,235.78113264355397,240.4977264404297,26541100,0.02101285194436242
2023-02-01,MSFT,240.6821076556318,247.65023576111176,238.2267631452796,245.2919464111328,31259900,0.01993457502348006
2023-02-02,MSFT,251.18282257259764,256.8796075980904,249.65914256333582,256.7922668457031,39940400,0.04688421533128806
2023-02-03,MSFT,251.8815727441677,256.4040702889057,249.5135692294624,250.7266845703125,29077300,-0.02362057997266409
2023-02-06,MSFT,249.84354121530777,250.67815038089995,247.26202813154237,249.19329833984375,22518000,-0.006115767984953946
2023-02-07,MSFT,252.84241675056464,260.83926569165476,252.40568326679633,259.66497802734375,50841400,0.04202231664038969
2023-02-08,MSFT,265.13852274513965,268.59347315321855,258.35476105655573,258.85943603515625,54686000,-0.00310223580517921
2023-02-09,MSFT,265.72080730740066,265.8955184484022,255.0453909060254,255.84120178222656,42375100,-0.011659742055992739
2023-02-10,MSFT,253.81285255852234,256.2973105018647,252.96852898785733,255.33653259277344,25818500,-0.0019725876283316346
2023-02-13,MSFT,259.74253036187247,266.49714735819,259.26696907403846,263.3139343261719,44630900,0.031242696265956216
2023-02-14,MSFT,264.62416219078045,266.856282749665,261.33417890703004,264.138916015625,37047900,0.0031330726631093597
2023-02-15,MSFT,261.05478666212923,263.39953537520864,258.9727165508735,262.0277099609375,28922400,-0.007992786850698708
2023-02-16,MSFT,256.8712112727191,259.51756396304177,254.8086185285917,255.05184936523438,29603600,-0.02662260642869818
2023-02-17,MSFT,252.36657534668234,253.04760380497552,249.068351286821,251.07257080078125,30000100,-0.015601841642617575
2023-02-21,MSFT,247.58947974202172,248.5721416274502,244.77773242454728,245.8284912109375,28397400,-0.02088670846487961
2023-02-22,MSFT,247.21004899921323,247.45327979594094,243.56158704829775,244.6999053955078,22491100,-0.004590947981132465
2023-02-23,MSFT,248.64024584758673,249.88558633204974,243.69779430491118,247.87164306640625,29219100,0.012961744573509293
2023-02-24,MSFT,243.19189234867713,244.20372595601927,241.38225458242883,242.471923828125,24990900,-0.021784336326179266
2023-02-27,MSFT,245.62418557007777,245.97443849874284,242.63730436651332,243.38645935058594,21190000,0.0037717171869728894
2023-02-28,MSFT,242.3259744546454,244.68044668021838,241.99516930320846,242.66648864746094,22491000,-0.0029581378727726593
2023-03-01,MSFT,243.9701913432016,244.13558648881542,239.1347623459425,239.60177612304688,27565300,-0.012629319118167892
2023-03-02,MSFT,239.8742028427946,244.592871158647,238.95965271701235,244.31072998046875,24808200,0.01965325104686877
2023-03-03,MSFT,245.36148024067188,248.69859936512998,244.58313878749726,248.37753295898438,30760100,0.01664602688077088
2023-03-06,MSFT,249.48667584365674,253.07676463691814,249.04886339595808,249.91476440429688,24109800,0.006189092173511268
2023-03-07,MSFT,249.36018084473946,250.71255821742662,246.528985881538,247.26840209960938,21473200,-0.010589059477920104
2023-03-08,MSFT,247.16138722750551,247.64784879607657,244.0188496513126,246.83059692382812,17340200,-0.0017705666072322934
2023-03-09,MSFT,248.8932070956166,252.53193017156482,244.76800759955387,245.48797607421875,26653400,-0.005439442542140349
2023-03-10,MSFT,244.28153159617614,245.94522176909533,240.89576339451983,241.85894775390625,28333900,-0.01478291677803123
2023-03-13,MSFT,240.70116918441778,250.92660047438005,239.07638938766013,247.0446319580078,33339700,0.02144094420429732
2023-03-14,MSFT,249.79803486123274,254.00107026600773,248.93213379575317,253.72865295410156,33620300,0.027055924846931756
2023-03-15,MSFT,252.9405641280701,259.26456442561187,252.19139432118732,258.2527160644531,46028000,0.01783032013798591
2023-03-16,MSFT,258.0289293565625,269.0716125790634,256.15119488258745,268.72137451171875,54768800,0.04053648924510411
2023-03-17,MSFT,270.72558821466924,275.6582857099673,268.83811504692954,271.8638916015625,69527400,0.011694332449563749
2023-03-20,MSFT,269.4802718017387,269.96673338942173,262.5433248107774,264.85888671875,43466600,-0.025766587984692224
2023-03-21,MSFT,267.4370730210024,267.5538190277959,262.22219041795455,266.3668518066406,34558700,0.005693466081400311
2023-03-22,MSFT,265.9971667055635,273.43031336043435,264.81019934883693,264.917236328125,34873300,-0.0054421767148711275
2023-03-23,MSFT,270.41420190108295,273.44971669614165,267.74840257051886,270.14178466796875,36610900,0.01972143606908472
2023-03-24,MSFT,269.733262600463,273.03148703992207,267.82634113000586,272.9731140136719,28172000,0.010480901165227374
2023-03-27,MSFT,272.90495366822654,273.83895161321755,268.05978551317787,268.8965148925781,26840200,-0.014934068271974854
2023-03-28,MSFT,268.32248351379377,268.6630125541161,264.68373074732534,267.77764892578125,21878600,-0.004160953767823439
2023-03-29,MSFT,271.4065938576128,273.52758857930763,270.8714980799914,272.9146423339844,25087000,0.01918380204177139
2023-03-30,MSFT,276.53394388967973,276.7576972006701,273.8584053599599,276.3587951660156,25053400,0.012619890243251941
2023-03-31,MSFT,276.0474173805305,281.4373887179891,275.3371729945568,280.49365234375,32766000,0.014961916356779792
2023-04-03,MSFT,278.761931454292,280.46454697415277,276.26154151333856,279.4527282714844,24883300,-0.0037110432395451864
2023-04-04,MSFT,279.4527167048261,282.58553031935185,277.9349590223858,279.404052734375,25824300,-0.00017418164929161595
2023-04-05,MSFT,278.11008412867955,279.3748723279069,275.25942646851195,276.6409606933594,22064800,-0.009889233939074038
2023-04-06,MSFT,275.5415076837403,284.1713297291427,274.3934656981096,283.704345703125,29770300,0.025532679586068197
2023-04-10,MSFT,281.37908101323706,281.7585352734682,277.00092706983764,281.5542297363281,23103000,-0.007578720591917887
2023-04-11,MSFT,278.0127623432296,278.23654533423,274.01406284794314,275.17181396484375,27276600,-0.022668513193573436
2023-04-12,MSFT,277.07878271017614,279.2386732168352,274.32539366289427,275.81396484375,27403400,0.002333636100491976
2023-04-13,MSFT,275.91126538247534,282.05040792429327,275.50265429718814,281.9920349121094,24222700,0.02239940994959877
2023-04-14,MSFT,279.22900330153806,280.6689405579413,276.00862936698525,278.3923034667969,20987900,-0.012765365682879892
2023-04-17,MSFT,282.07960200286976,283.7043967289592,278.4116924129814,280.9801940917969,23836200,0.00929584113056725
2023-04-18,MSFT,283.67513268641727,283.85999040985496,279.2386067064134,280.561767578125,20161800,-0.0014891672881939266
2023-04-19,MSFT,278.2462667608946,281.22340905975057,276.8355460862607,280.6396789550781,17150300,0.00027769776910679944
2023-04-20,MSFT,277.52633742538336,281.20398586251105,277.3609274204324,278.363037109375,23244400,-0.008112330566297232
2023-04-21,MSFT,277.2928905031584,278.51875372091774,275.39567811455214,278.0225830078125,21676400,-0.0012230578639244039
2023-04-24,MSFT,274.45187596772155,277.234451496004,271.173129844423,274.1405334472656,26611000,-0.01396307277829223
2023-04-25,MSFT,271.9418077634244,273.97521394741574,267.9138909506877,267.9625549316406,45772200,-0.022535808324066764
2023-04-26,MSFT,288.6662882525056,291.4585727273819,284.8037824567908,287.3722839355469,64599200,0.07243448253006024
2023-04-27,MSFT,287.95611603438334,296.93620896142227,287.2556100567553,296.5762023925781,46462600,0.03202785714399492
2023-04-28,MSFT,295.7783383038111,300.5651029592613,295.097280309873,298.9403381347656,36469600,0.007971427657091912
2023-05-01,MSFT,298.6582327311371,300.24410228095644,296.8875053999733,297.2864074707031,21294100,-0.0055326446553923825
2023-05-02,MSFT,299.426786321991,300.80832032877777,295.6810269045357,297.1404113769531,26404400,-0.000491095758437532
2023-05-03,MSFT,298.31766627691815,300.25377368049993,295.85617210321027,296.15777587890625,22360800,-0.003306973607168806
2023-05-04,MSFT,297.9479243875394,299.426786321991,295.1848266827128,297.1404113769531,22519900,0.003317945966911484
2023-05-05,MSFT,297.4420521379096,303.5228215296377,296.03130176252597,302.2385559082031,28197100,0.017157358393713906
2023-05-08,MSFT,301.7326615616671,301.8007733081372,297.8020437181864,300.292724609375,21318600,-0.006438064438804125
2023-05-09,MSFT,299.6603622188009,301.6451339704267,298.0161195443124,298.68743896484375,21340800,-0.005345736053443906
2023-05-10,MSFT,300.2635487654328,304.52495706862396,299.33928955394174,303.8536376953125,30078000,0.017296337430101394
2023-05-11,MSFT,301.7034867589505,302.695857722587,297.9674652772338,301.71319580078125,31680200,-0.007044318806798566
2023-05-12,MSFT,302.14117842361804,302.23847664662077,298.2981509906281,300.6039733886719,19774700,-0.003676413320820693
2023-05-15,MSFT,300.73054195833356,301.50886857686805,299.26141854774806,301.0807800292969,16336500,0.0015861621363484346
2023-05-16,MSFT,301.4407550392499,305.2157014683238,301.4407550392499,303.2990417480469,26730300,0.007367662985774626
2023-05-17,MSFT,304.49838322404014,306.5849748220485,302.98703781876026,306.16571044921875,24315000,0.009451624656148017
2023-05-18,MSFT,306.6824666262682,311.07995152372933,305.8926785291236,310.5729064941406,27276000,0.014394806127882465
2023-05-19,MSFT,308.83734438329236,310.7972045125446,308.47658062453104,310.3974304199219,27546700,-0.0005650076698563433
2023-05-22,MSFT,310.6509186565906,314.54135841802827,310.0756427593572,313.1665344238281,24115700,0.008921156338697944
2023-05-23,MSFT,312.04526511786804,314.66815212283035,307.3845270869392,307.394287109375,30797200,-0.01843187786674927
2023-05-24,MSFT,306.8775496399996,308.6033777226254,304.8104182916671,306.0195007324219,23384900,-0.004472387531600286
2023-05-25,MSFT,315.1752035575117,318.74389070661766,312.01605056749,317.7883605957031,43301700,0.0384578755115732
2023-05-26,MSFT,315.9356336414489,325.0816057625892,315.79914213912696,324.5843505859375,36630600,0.02138527030220705
2023-05-30,MSFT,326.86600894737563,327.36326419300417,322.2735022093098,322.9462890625,29503100,-0.00504664356269946
2023-05-31,MSFT,323.99934398362257,327.55827021551164,319.1630749897936,320.1966552734375,45950600,-0.008514213917876434
2023-06-01,MSFT,317.79799826429337,325.2083832572948,316.6181962485788,324.2820739746094,26773900,0.012759092369915903
2023-06-02,MSFT,325.9104672337744,329.0793797798021,324.25287030723234,327.0317687988281,25873800,0.00847933032657866
2023-06-05,MSFT,326.8562818593042,330.11294548453895,326.31025620693947,327.5583190917969,21307100,0.0016100891204018364
2023-06-06,MSFT,326.96353250247705,327.0025428376745,323.88240041372416,325.3547058105469,20396200,-0.006727392201058557
2023-06-07,MSFT,323.37536016910263,326.14449888626166,314.45365769277373,315.31170654296875,40717100,-0.03086784696277345
2023-06-08,MSFT,315.85770223750364,318.4903491637824,315.28242630303987,317.144775390625,23277700,0.005813513452303187
2023-06-09,MSFT,316.8815191818162,321.7567696311191,316.3160032224107,318.6366271972656,22529000,0.004704008775812563
2023-06-12,MSFT,320.381970960897,323.8141665946219,317.04731605133065,323.5704040527344,24260300,0.015484022972708233
2023-06-13,MSFT,326.1249647437929,328.572349691123,322.14677395783576,325.949462890625,22951300,0.007352522999918509
2023-06-14,MSFT,325.9982202996805,330.58096729872784,324.50639495848685,328.9233703613281,26003800,0.009123829946917406
2023-06-15,MSFT,329.0598609823398,341.11146383028944,328.7868481922745,339.4148864746094,38899100,0.03189653596749942
2023-06-16,MSFT,342.5545998111812,342.70085137133475,333.41838536086453,333.78887939453125,46552000,-0.016575604972762448
2023-06-20,MSFT,330.84423422142726,333.54511218147553,327.48029960440283,329.61566162109375,26375400,-0.012502566835082773
2023-06-21,MSFT,327.97752820350655,329.3036115330344,323.78482556024073,325.2376403808594,25117800,-0.013282200301717118
2023-06-22,MSFT,325.78375659192324,331.6340575859297,325.02321865294914,331.2342834472656,23556800,0.018437727746960952
2023-06-23,MSFT,326.0176878258627,329.52787360599757,325.13041855453594,326.6612243652344,23146900,-0.0138061164274359
2023-06-26,MSFT,325.39364834816934,327.7240020967906,320.29412674467744,320.4013977050781,21520600,-0.019163053932465646
2023-06-27,MSFT,323.58006632131827,327.76303899280276,321.0839407974331,326.22247314453125,24354100,0.018168071304143663
2023-06-28,MSFT,326.3102386492254,329.5474118113246,325.48144019271336,327.4705505371094,20259500,0.003825847375098501
2023-06-29,MSFT,326.35897729326905,327.72404134255896,324.3211263632283,326.69049072265625,16997000,-0.0023820762299806564
2023-06-30,MSFT,329.32312037613315,334.17887983586667,328.78685480648323,332.04351806640625,26832800,0.016385623382880965
2023-07-03,MSFT,330.727231395335,332.394558661991,328.1726050055835,329.5571594238281,12508700,-0.007488050533426938
2023-07-05,MSFT,326.72948429799266,333.1258095919121,326.37848059881856,329.713134765625,18172400,0.0004732876751019077
2023-07-06,MSFT,328.8843301211992,334.43236661409844,327.1292521462773,332.7552795410156,28161200,0.009226641145349435
2023-07-07,MSFT,330.85400764917136,333.2623825906087,328.591884271755,328.806396484375,21214800,-0.011867228859862133
2023-07-10,MSFT,326.25171917261997,326.86600540201454,319.4166095021663,323.5508117675781,32791400,-0.015983827483254665
2023-07-11,MSFT,322.800041689948,324.55511973893175,318.84134117994995,324.17486572265625,26698200,0.001928766463817233
2023-07-12,MSFT,328.2018902215588,333.12588163330713,327.2951007130947,328.78692626953125,29995300,0.014227076292894214
2023-07-13,MSFT,331.0879653631058,335.16366709536976,330.5614300476907,334.1106262207031,20567200,0.016191945378045913
2023-07-14,MSFT,338.9176246633776,342.66181307865304,335.71946186556954,336.6262512207031,28352700,0.007529317545076353
2023-07-17,MSFT,337.05532509830556,338.33263840062307,333.6621696566182,337.1040954589844,20363900,0.0014195097279205982
2023-07-18,MSFT,337.2015639773949,357.6288755346599,333.63290678637566,350.520751953125,64738600,0.03979974338749326
2023-07-19,MSFT,352.72436118966306,353.4166384044317,343.6466474604791,346.22076416015625,39732900,-0.01226742716089968
2023-07-20,MSFT,344.74851615273167,349.0387312034192,336.7530923830451,338.2156677246094,33778400,-0.023121364355385254
2023-07-21,MSFT,340.4387369530099,341.56003861838775,331.35126286647005,335.1929626464844,69405400,-0.008937211863840111
2023-07-24,MSFT,337.221130162938,338.26444105722106,333.7694439948374,336.49957275390625,26678100,0.003898083352065873
2023-07-25,MSFT,338.4496147386664,343.11038262849917,336.4605340248674,342.22308349609375,41637700,0.01700896882378311
2023-07-26,MSFT,332.92109821610006,336.0705206538034,324.79891447113727,329.3426513671875,58383700,-0.03763753162797179
2023-07-27,MSFT,331.9850338749244,332.8138025679025,320.8401897883476,322.4685363769531,39635300,-0.02087222824525803
2023-07-28,MSFT,325.3449560601863,331.52676966933615,324.8574310459994,329.92767333984375,28484900,0.023131363595024323
2023-07-31,MSFT,328.5138071701092,329.27434485965733,325.04260234307225,327.53875732421875,25446000,-0.007240726403584419
2023-08-01,MSFT,326.8270321220212,330.093455775555,325.374217054016,327.9483337402344,18311900,0.0012504670267470264
2023-08-02,MSFT,325.3059805314277,325.3059805314277,318.2173470228,319.32891845703125,27761300,-0.02628284518143187
2023-08-03,MSFT,317.86625965352187,321.64945793431025,317.8175190621743,318.5097961425781,18253700,-0.0025651366572468914
2023-08-04,MSFT,323.5996401737791,326.7783131025437,319.07539331182784,319.6019287109375,23741500,0.0034288821932197955
2023-08-07,MSFT,320.1772016181311,322.84882941223,319.34840306884576,321.873779296875,17741500,0.007108375706932124
2023-08-08,MSFT,318.8023993344605,320.54774749284115,314.9412089435367,317.91510009765625,22327600,-0.012298855805733533
2023-08-09,MSFT,318.32454016439254,318.94855662350545,313.039756644874,314.1903381347656,22373300,-0.011716215938615271
2023-08-10,MSFT,317.8857952635295,320.0699275319088,313.16655676040074,314.8728942871094,20113700,0.002172428841688223
2023-08-11,MSFT,312.26953644201075,314.3658880842269,311.2457160426732,313.0008239746094,24355500,-0.005945479418730137
2023-08-14,MSFT,313.37132372944086,315.974690482468,312.09398089474894,315.9552001953125,18836100,0.009438876815681452
2023-08-15,MSFT,314.9411611661193,316.9790121676308,312.89355014228914,313.82958984375,16966300,-0.00672756881433989
2023-08-16,MSFT,313.45825308321696,316.99543186990195,312.48113879078903,313.0674133300781,20698900,-0.0024286317744969255
2023-08-17,MSFT,313.20426358487214,314.50381263909213,308.9733414603899,309.6280212402344,21257200,-0.01098610696418112
2023-08-18,MSFT,307.29273496852556,311.0937247535903,304.4200159024574,309.2372131347656,24755000,-0.001262185844496111
2023-08-21,MSFT,310.65396660689254,315.3831966115051,309.78435031765304,314.5135803222656,24040000,0.017062523407234798
2023-08-22,MSFT,318.0507893960546,318.61750272062665,314.1032382228466,315.0803527832031,16084600,0.0018020603763970744
2023-08-23,MSFT,316.40917150691627,321.66605140677217,316.0573948399172,319.5163879394531,21166400,0.01407905988762903
2023-08-24,MSFT,325.23254709942444,325.35957674760573,312.6375276630827,312.6473083496094,23281400,-0.02149836393100879
2023-08-25,MSFT,314.11298756039173,317.9139473148537,311.5040788241883,315.58843994140625,21684100,0.009407186670892465
2023-08-28,MSFT,318.20709765634393,318.68587419815776,314.3572643100924,316.2919616699219,14808500,0.002229237955123642
2023-08-29,MSFT,314.5136087751781,321.45112744073015,314.5136087751781,320.8941650390625,19284600,0.014550491086913642
2023-08-30,MSFT,321.14825395413936,322.26214904101624,318.97905844898986,321.2655029296875,15222100,0.0011571973911703726
2023-08-31,MSFT,321.66608035944125,323.3369376753796,319.30145033255354,320.259033203125,26411000,-0.0031328285090813646
2023-09-01,MSFT,323.7277749745022,324.3922056211829,319.3014478601216,321.138427734375,14942000,0.002745885174430862
2023-09-05,MSFT,321.47064520868975,327.18677054781415,321.13842988312655,325.91650390625,18553900,0.014878556283607125
2023-09-06,MSFT,325.7503980121673,326.80566842614127,322.62362005663084,325.2618408203125,17535800,-0.0020086834452722746
2023-09-07,MSFT,323.70825547986243,325.4572688809115,321.4999672739755,322.3598327636719,18381000,-0.008922067369851128
2023-09-08,MSFT,322.53566438985524,328.4667555070914,321.92007759322064,326.6199951171875,19530100,0.013215549583185382
2023-09-11,MSFT,329.5220626550476,330.67508035139593,327.7534879124914,330.2060546875,16583300,0.010979302014335834
2023-09-12,MSFT,328.13454656577954,329.08234867340195,323.89387388585794,324.1772155761719,17565500,-0.01825780910357233
2023-09-13,MSFT,323.7278160398698,329.1410389438137,323.59103551016267,328.3691101074219,16544400,0.012930873392195563
2023-09-14,MSFT,331.38835303568044,333.0592103619418,328.8674109262189,330.94866943359375,20267000,0.007855669875062254
2023-09-15,MSFT,329.20939816193993,329.6783939916595,322.1057573596053,322.6627197265625,37679800,-0.025036963349066577
2023-09-18,MSFT,320.29806225418173,322.83856545069517,318.8910152474716,321.52923583984375,16834200,-0.0035129062560412816
2023-09-19,MSFT,318.7054070395551,321.8517165023023,317.0833936077872,321.1286315917969,16505900,-0.0012459341278888703
2023-09-20,MSFT,321.96898600781554,322.04714204193704,313.1749561204339,313.4289855957031,21436500,-0.023976828095107927
2023-09-21,MSFT,311.95350556074925,317.9041277757012,307.79098930609734,312.2173156738281,35560400,-0.003865851524778696
2023-09-22,MSFT,313.9663650092456,314.09339463566073,308.91467110299936,309.7550048828125,21447900,-0.007886528604928444
2023-09-25,MSFT,309.34464808220946,310.39994834578414,307.7910397456029,310.2729187011719,17836000,0.001672011138465157
2023-09-26,MSFT,307.918083681108,308.650919524038,302.92501329864484,304.99652099609375,26297600,-0.01700566626041866
2023-09-27,MSFT,305.1528159801847,307.1070447852302,302.6025617027996,305.6316223144531,19410100,0.0020823231566222677
2023-09-28,MSFT,303.87278132742597,308.26004502387354,302.36804670236813,306.462158203125,19683600,0.002717440958440287
2023-09-29,MSFT,310.47803207965285,312.15866966951444,307.7714365238791,308.5238037109375,24147300,0.0067272433239409235
2023-10-02,MSFT,309.0417036720847,314.52333029570326,307.96687199890835,314.43536376953125,20570000,0.019160790796331595
2023-10-03,MSFT,313.48759919542874,314.03481069195016,304.0877634575696,306.2178955078125,21033500,-0.026134046002986633
2023-10-04,MSFT,306.84323355961436,312.71570064039577,306.8139213204077,311.660400390625,20720100,0.017773307708835784
2023-10-05,MSFT,311.7873983700248,312.6570444101147,307.6932870679997,312.05120849609375,16965600,0.0012539549618075796
2023-10-06,MSFT,309.30553078090355,321.65627028707706,309.0612521971817,319.77044677734375,25673600,0.024737088244113137
2023-10-09,MSFT,317.3179339483483,322.7409074969346,315.7838570263933,322.27191162109375,19891200,0.007822689272757533
2023-10-10,MSFT,323.3857337911902,323.5225441036011,320.1710492794707,320.87457275390625,20557100,-0.004335900265581949
2023-10-11,MSFT,323.63010886357574,325.20327882959333,321.60750436322496,324.81243896484375,20063200,0.01227229124807483
2023-10-12,MSFT,323.0046828962765,325.9946502834495,321.1970154685532,323.5811767578125,19313100,-0.0037906867451110715
2023-10-13,MSFT,324.7732817040409,326.190079660526,318.8910340646987,320.2297058105469,21072400,-0.01035743482005469
2023-10-16,MSFT,323.47367526332005,328.4472132631376,323.03399172229655,325.0273132324219,22158000,0.014981768820389707
2023-10-17,MSFT,322.0471280716989,325.8285559881701,319.91702585909127,324.4606018066406,18338500,-0.0017435809321538764
2023-10-18,MSFT,324.88080471636374,327.90986576215903,320.7866923974695,322.5552673339844,23153600,-0.005872313809587637
2023-10-19,MSFT,324.5485406563444,329.1703024841639,323.33692834747904,323.737548828125,25052100,0.0036653609904204743
2023-10-20,MSFT,324.12844742892764,324.3238822712444,318.0019497895955,319.19403076171875,25027700,-0.014034572396229628
2023-10-23,MSFT,318.0214287466955,325.1152889172781,316.96615830256553,321.7833251953125,24374700,0.008111976365644091
2023-10-24,MSFT,323.7179740081932,324.24562410946174,320.1026687848026,322.9656066894531,31153600,0.0036741540085181157
2023-10-25,MSFT,337.1239893295993,338.2770069491987,329.8933489527061,332.8735656738281,55053800,0.03067806224302383
2023-10-26,MSFT,332.7465382675552,333.8115893601042,319.45777677753637,320.38604736328125,37828500,-0.03751429851531973
2023-10-27,MSFT,322.867891093588,329.0139487725961,320.8843501338627,322.2620849609375,29856500,0.005855553364747523
2023-10-30,MSFT,325.77974409067264,331.6815239306809,324.235886505314,329.5904846191406,22828100,0.022740496013024414
2023-10-31,MSFT,331.0952774404079,331.2418386618225,327.03047725787985,330.3721923828125,20265300,0.002371754647514157
2023-11-01,MSFT,332.01371654234873,339.46910432501784,331.8769062105877,338.1499938964844,28158800,0.02354254290463853
2023-11-02,MSFT,339.2932712884422,340.84687995677393,336.87979698298227,340.34857177734375,24348100,0.006501782997318184
2023-11-03,MSFT,341.62851616542054,346.27959030223104,339.38113512943426,344.7259521484375,23637700,0.012861462436097426
2023-11-06,MSFT,345.36110615399525,349.3575005821622,345.2633887474612,348.37060546875,23828300,0.010572610787200398
2023-11-07,MSFT,351.17493911544506,354.16490704694723,349.44545721598166,352.2790832519531,25833900,0.01121930990114417
2023-11-08,MSFT,353.4027369651116,355.54261993465985,352.2985928972702,354.8879699707031,26767800,0.007405738355700464
2023-11-09,MSFT,354.0085034994957,356.44153841470893,352.1128993476677,352.43536376953125,24847300,-0.006910930797046633
2023-11-10,MSFT,353.21708130319655,361.6300519453443,352.8067099465058,361.20989990234375,28042100,0.02489686630468335
2023-11-13,MSFT,359.7931253712149,360.03740401182273,357.5262124297735,358.2883605957031,19986500,-0.008088203859945353
2023-11-14,MSFT,362.5192275200011,363.4377174527681,358.9429851939613,361.796142578125,27683900,0.009790387766406061
2023-11-15,MSFT,363.5193258281366,365.3306622150657,359.436476024947,361.9429931640625,26860100,0.00040589317755301835
2023-11-16,MSFT,363.20606948048294,368.48342035388106,362.4423744800686,368.30718994140625,27182300,0.017583423073641136
2023-11-17,MSFT,365.8006186204478,366.5447423144695,359.3287982048387,362.1192321777344,40157000,-0.01680107783031959
2023-11-20,MSFT,363.46060991672704,370.95070053235196,363.24520725093254,369.55059814453125,52465100,0.02052187596363142
2023-11-21,MSFT,367.81760182816333,368.35609354646346,363.36268990163154,365.2719421386719,28423100,-0.011577997782555305
2023-11-22,MSFT,370.09894608755127,371.8515394102055,367.13228112759265,369.95208740234375,23345300,0.012812769675846436
2023-11-24,MSFT,369.44291677497637,370.0695536363756,367.29872033158176,369.54083251953125,10176600,-0.00111164363390992
2023-11-27,MSFT,368.9044009726802,372.683733332582,368.336537498751,370.6961364746094,22179200,0.003126322867222253
2023-11-28,MSFT,370.44160282909473,374.994400937648,370.25557188472965,374.70068359375,20453100,0.0108027754408897
2023-11-29,MSFT,375.73846358620636,376.26715471920994,369.5505602574937,370.93109130859375,28963400,-0.010060275975485644
2023-11-30,MSFT,370.578695000301,372.145257364252,367.62183057461635,370.98992919921875,30554400,0.00015862215921935707
2023-12-01,MSFT,368.884854564053,370.2555853515813,363.5487602115402,366.681884765625,33040500,-0.011612294821297886
2023-12-04,MSFT,361.3849610271203,361.79616532164505,355.31454343634607,361.42413330078125,32063300,-0.014338727063662793
2023-12-05,MSFT,358.7903592232799,365.2817517868028,357.9776914107373,364.73345947265625,23065000,0.009156350854747641
2023-12-06,MSFT,365.7321604216408,366.3587674073999,360.33732257448145,361.0912170410156,21182100,-0.009986038673026276
2023-12-07,MSFT,360.5331422311326,363.68583789268007,358.66306211428184,363.1962890625,23118900,0.0058297513817546776
2023-12-08,MSFT,361.4828549867559,366.6328881744278,360.53312909562084,366.40771484375,20154400,0.008842121678994896
2023-12-11,MSFT,360.77790780370736,363.83268764840955,358.44765064841334,363.5389404296875,27708800,-0.007829459637021752
2023-12-12,MSFT,363.0983520859286,366.59373770012405,362.7164896784692,366.5545654296875,24838300,0.008295191146334036
2023-12-13,MSFT,368.16027437565873,369.7464376106383,363.0200118977458,366.5447692871094,30955500,-2.6724923113841115e-05
2023-12-14,MSFT,365.50696539591144,365.9475713192963,356.51885554826436,358.2812194824219,43277500,-0.02254444885616358
2023-12-15,MSFT,359.1819317961551,364.6159110894826,358.6238390376856,362.9808349609375,78502300,0.01311711366089674
2023-12-18,MSFT,361.72762335454945,365.2034079122954,360.97369907312446,364.8607177734375,21802900,0.005179013962823387
2023-12-19,MSFT,363.7249858043668,365.4580078125,362.1094806161989,365.4580078125,20603700,0.0016370357508133093
2023-12-20,MSFT,367.161590586535,368.1700598934919,362.785023231556,362.8731384277344,26316700,-0.007072958669691598
2023-12-21,MSFT,364.77262075610525,366.58395739776404,362.30530541678434,365.7321472167969,17708000,0.007878810764142319
2023-12-22,MSFT,365.86912345752546,367.33776961451264,364.9193977474864,366.75030517578125,17107500,0.002783889703796838
2023-12-26,MSFT,367.1615944273694,369.0610461329153,365.69294804965995,366.8287048339844,12673100,0.00021376848797860504
2023-12-27,MSFT,365.8789757378514,367.2203346368523,365.0173650898164,366.25103759765625,14905400,-0.0015747601774772635
2023-12-28,MSFT,367.5238451750327,368.59105792655595,366.3391454974242,367.43572998046875,14327000,0.0032346458062841865
2023-12-29,MSFT,368.140698335078,369.2764551389083,365.67338313483896,368.17987060546875,18730800,0.0020252266295375243
2024-01-02,MSFT,366.0454736937905,368.0428414876802,359.10367417076867,363.11798095703125,25258600,-0.013748414980192303
2024-01-03,MSFT,361.2968150611858,365.45797986261033,360.8072662610182,362.85357666015625,23083500,-0.00072814983212377
2024-01-04,MSFT,362.9221232500447,365.30132326469203,359.49528162444665,360.2491760253906,20901500,-0.007177552606033366
2024-01-05,MSFT,361.25764113124956,364.2830491168241,358.8392688743441,360.0631408691406,21004600,-0.0005164068889831341
2024-01-08,MSFT,361.58074269539895,367.35744261436474,361.2968258961624,366.85809326171875,23134000,0.018871557850037357
2024-01-09,MSFT,364.23413165308716,368.13092123395006,363.4312643972459,367.93511962890625,20830000,0.002935811931015886
2024-01-10,MSFT,368.50297659226095,376.1399561660862,368.45403366179033,374.7691955566406,25514200,0.018574133218451916
2024-01-11,MSFT,377.93172165061986,382.5138918300766,372.4291972197734,376.5903625488281,27850800,0.004859436191073652
2024-01-12,MSFT,377.43234537080764,380.55566927985785,376.6099069263744,380.3500671386719,21661200,0.009983539048629364
2024-01-16,MSFT,385.43158211314164,385.7938434606626,379.51782397721394,382.1124267578125,27202300,0.0046335199370375335
2024-01-17,MSFT,379.87028626114164,381.9557389879291,376.7665338147622,381.3291320800781,22234100,-0.002049906317835748
2024-01-18,MSFT,383.5320922463087,385.7546329209657,381.96553019541545,385.63714599609375,23392100,0.011297363756386014
2024-01-19,MSFT,387.48767542805655,390.33685302734375,385.2749052923237,390.33685302734375,29331100,0.012186862909979057
2024-01-22,MSFT,391.6585969965062,392.24606151114637,385.3630068278654,388.22198486328125,27016900,-0.005418059165206102
2024-01-23,MSFT,387.47792092588605,391.03205041405533,385.6959559124731,390.56207275390625,20525900,0.006027705750484724
2024-01-24,MSFT,393.1468390669837,397.1513444657461,392.07962632176026,394.1455078125,24867000,0.009175071796722278
2024-01-25,MSFT,395.8687958055948,398.5025710526844,394.1162025271926,396.40728759765625,21021200,0.005738438572366444
2024-01-26,MSFT,395.917682766026,397.68007633393063,394.01823107466254,395.48687744140625,17803300,-0.0023218800083821822
2024-01-29,MSFT,397.57235261817027,401.4104281984527,395.8785030835569,401.1558532714844,24510200,0.01433416923148867
2024-01-30,MSFT,403.64277019124665,404.41623575131524,397.9542157503529,400.0494689941406,33477600,-0.0027579911107391553
2024-01-31,MSFT,398.45356335794276,406.6388350866889,388.907361460185,389.2696228027344,47871100,-0.02694628296473034
2024-02-01,MSFT,393.4307745878308,399.4718199134869,393.40140285508346,395.34002685546875,30657700,0.01559434309060026
2024-02-02,MSFT,395.36939499914837,404.0246140998081,395.12462060191353,402.62451171875,28256700,0.018425872333803328
2024-02-05,MSFT,401.33212452419457,402.5657971362689,395.5456537728456,397.17095947265625,25352300,-0.01354500803444203
2024-02-06,MSFT,397.39617518548,399.44248577195293,394.48825385108364,397.0143127441406,18382600,-0.00039440629980502795
2024-02-07,MSFT,398.9235343367266,405.64012962816963,398.88436206584436,405.3953552246094,22340500,0.021110177168524258
2024-02-08,MSFT,405.3953275824479,406.87377444064305,403.9071100669644,405.4540710449219,21225300,0.00014483594731862226
2024-02-09,MSFT,406.5703156804263,412.0238969836169,406.4136564644989,411.759521484375,22032800,0.01555157757622938
2024-02-12,MSFT,411.7693143498308,411.9455447595813,406.0807592685953,406.5801086425781,21202900,-0.012578732419168626
2024-02-13,MSFT,396.4758057908408,401.4985815288795,394.9582163813525,397.82696533203125,27824900,-0.021528705228030964
2024-02-14,MSFT,400.2792461565028,402.01544302317166,396.8460672009255,401.672119140625,20401200,0.009665392604507161
2024-02-15,MSFT,400.34788638470263,401.3189759217452,396.5713838346197,398.79803466796875,21825500,-0.007155299896854483
2024-02-16,MSFT,400.17130014605374,400.4950166150196,395.737605866878,396.34576416015625,22296500,-0.006149153944186803
2024-02-20,MSFT,395.5414273661721,396.76756266074034,390.4112964520626,395.10003662109375,24307900,-0.0031430323008552197
2024-02-21,MSFT,392.53007321174096,394.60959394201785,389.63638185870155,394.5016784667969,18518900,-0.0015144472256040098
2024-02-22,MSFT,402.3587454167674,404.9483275530714,400.76967888893086,403.7908630371094,27009900,0.023546628765723554
2024-02-23,MSFT,407.73411674298126,407.92046175721333,401.162019956702,402.505859375,16295900,-0.00318234952728802
2024-02-26,MSFT,403.6045125913183,404.2911603614398,399.58278265548927,399.7593688964844,16193500,-0.006823479496125384
2024-02-27,MSFT,400.2007433350152,400.5244598178457,396.13979878680874,399.70050048828125,14835800,-0.00014725960861317056
2024-02-28,MSFT,400.38712249937714,401.48573495033145,397.58173927175767,399.9359130859375,13183100,0.0005889724865710821
2024-02-29,MSFT,400.83834831741547,406.29219561123216,398.17027676875426,405.7428894042969,31947300,0.014519767113566395
2024-03-01,MSFT,403.4180998812608,407.93028353505224,403.03556125394095,407.5673522949219,17823400,0.00449659855605522
2024-03-04,MSFT,405.54671909934444,409.3820740419509,404.4481066223211,406.99847412109375,17596000,-0.0013957893600282656
2024-03-05,MSFT,406.056777618859,406.3412493979287,392.99110225962716,394.96270751953125,26919200,-0.029572018980055237
2024-03-06,MSFT,395.27659515513125,397.4247865981622,390.784048581795,394.41339111328125,22344100,-0.001390805754041602
2024-03-07,MSFT,398.3664344564578,401.9565620702222,394.56050584072034,401.32879638671875,18718500,0.01753339371647078
2024-03-08,MSFT,400.1712786506048,402.58433424165736,396.61057729290076,398.4645080566406,18002200,-0.007137011736676135
2024-03-11,MSFT,396.05149669102667,397.9348236347475,393.5992262388283,396.7969665527344,16120800,-0.004184918531487392
2024-03-12,MSFT,399.83777202306123,407.6360037253644,399.02363143663507,407.3515319824219,22457000,0.02659941057862092
2024-03-13,MSFT,410.11771230614136,410.1961717884516,403.5946789555971,407.17498779296875,17115900,-0.000433395177364293
2024-03-14,MSFT,412.21687278632703,419.652174073812,410.0098292271171,417.101806640625,34157300,0.02437973634250734
2024-03-15,MSFT,411.28501994441507,414.53182378938754,404.9091164524236,408.4698181152344,45079900,-0.020695159761865867
2024-03-18,MSFT,406.3412048651448,412.6975005120342,405.8801768330178,409.35260009765625,20106000,0.0021611926836975215
2024-03-19,MSFT,409.8528643144651,413.61957818454806,407.61639479250874,413.3645324707031,19837900,0.009800676414635667
2024-03-20,MSFT,413.9432282491302,417.82761603764675,412.6288149554134,417.111572265625,17860100,0.009064734636340388
2024-03-21,MSFT,421.6237557740876,422.5948752417206,419.004747660182,421.17254638671875,21296200,0.009735942110250528
2024-03-22,MSFT,421.4963200117596,421.6532390012991,417.9356179957843,420.55462646484375,17648500,-0.0014671419758390813
2024-03-25,MSFT,417.12140106535213,419.2499850699005,413.5606994442316,414.7868347167969,18060500,-0.013714726661148813
2024-03-26,MSFT,417.48430243445387,417.85705232022457,413.3056540804049,413.59991455078125,16725600,-0.002861518415419373
2024-03-27,MSFT,416.3366986755512,416.3465173372015,411.0103740796991,413.3841552734375,16705000,-0.0005216618034800113
2024-03-28,MSFT,412.92315255513495,413.81578270674646,411.1182848623514,412.687744140625,21871200,-0.001684658504513492
2024-04-01,MSFT,415.856044584665,419.720825298805,414.15906261710444,416.4642028808594,16316000,0.009150886581568818
2024-04-02,MSFT,412.08932675524255,414.31600751259526,409.8626759328322,413.3939514160156,17912000,-0.007372185757156369
2024-04-03,MSFT,411.71659648353796,415.17920112214335,411.0888008867087,412.4228515625,16502300,-0.0023490906197085604
2024-04-04,MSFT,416.8762213933396,420.4859867966176,409.5978983516999,409.9019775390625,19370900,-0.006112352925854991
2024-04-05,MSFT,411.99124304246095,418.36714603884514,410.33350586860576,417.3960266113281,16554800,0.01828253944335123
2024-04-08,MSFT,417.0527386666228,419.12244053087517,415.21841524840187,416.4837951660156,14272400,-0.0021855297778432536
2024-04-09,MSFT,418.2985504874364,419.57371934199267,413.57056515417355,418.1416015625,12496900,0.003980482351836789
2024-04-10,MSFT,414.1296507389469,415.93451830181,411.68719880938414,415.1792297363281,16216600,-0.007084613956377828
2024-04-11,MSFT,417.6903079757618,421.17251987057847,414.29634428569665,419.760009765625,17966400,0.011033259135352358
2024-04-12,MSFT,415.9541310748391,417.06256218596104,411.75584496590756,413.8451843261719,19253800,-0.014090969367843487
2024-04-15,MSFT,418.4554515197094,418.6712525249299,405.5368771254888,405.7428894042969,20273500,-0.019578081922270618
2024-04-16,MSFT,406.65512826574127,410.4119935798852,405.8311689524943,406.6649169921875,16765600,0.002272442997693247
2024-04-17,MSFT,409.28398181705415,410.88286711080787,402.49608331512337,403.9772644042969,15855500,-0.006609010208624033
2024-04-18,MSFT,402.79031869935466,404.02627254838046,396.2378594372626,396.5517272949219,21029900,-0.0183810767675866
2024-04-19,MSFT,396.3163237053195,397.73865251494925,390.17582902876677,391.50006103515625,30565800,-0.012738984379731644
2024-04-22,MSFT,392.4416972104412,395.15883179011223,388.1943783333411,393.3049011230469,20286900,0.004610063362745054
2024-04-23,MSFT,396.5222860267283,400.4067037074316,395.36482163775406,399.7887268066406,15734500,0.016485494243981602
2024-04-24,MSFT,401.74078982977966,404.595236495939,399.0138660286807,401.2503356933594,15065300,0.003655953229080522
2024-04-25,MSFT,386.5072408836068,392.2553782643455,380.62179192671005,391.4216003417969,40586500,-0.024495270102586897
2024-04-26,MSFT,404.30094095620495,405.1150815807432,398.01331587991365,398.5626220703125,29694700,0.018243811078080485
2024-04-29,MSFT,397.5130677635141,398.56264677395114,391.56876617151903,394.5703430175781,19582100,-0.010016692062082222
2024-04-30,MSFT,393.82481984555585,394.4820415046003,381.74005368851095,381.89697265625,28781400,-0.03211941947893315
2024-05-01,MSFT,385.11433904555116,394.05042796595137,382.85826224732904,387.3998718261719,23562500,0.01440938149272819
2024-05-02,MSFT,390.0679200441085,392.2945706625557,387.115377073286,390.2444763183594,17709400,0.007342812166607704
2024-05-03,MSFT,394.5997356096934,399.37675358596374,394.18774100881984,398.8961181640625,17446700,0.022169799627465236
2024-05-06,MSFT,400.9560656726651,406.02734455936377,398.61168058742396,405.6448059082031,16996600,0.016918409171795767
2024-05-07,MSFT,406.743340415855,406.7531590756513,401.27967532834964,401.52490234375,20018200,-0.01015643120396681
2024-05-08,MSFT,400.3773092630151,404.3597941214035,398.9451617518151,402.7020568847656,11792300,0.0029317099242025524
2024-05-09,MSFT,402.73150019277335,404.84044690561177,401.28956389363333,404.4480895996094,14689700,0.004335792889539114
2024-05-10,MSFT,405.0562460600837,407.44966453116945,403.93799631140473,406.8218688964844,13402300,0.005869181627795372
2024-05-13,MSFT,410.0294239104783,410.36292908810583,402.9766919421273,405.8213195800781,15440200,-0.002459428543308828
2024-05-14,MSFT,404.1538152820149,409.5193847249845,403.69278719697195,408.6071472167969,15109300,0.006864665561684635
2024-05-15,MSFT,410.66092785109674,416.46855556809163,410.0418362179186,415.7511901855469,22239500,0.017483891354840964
2024-05-16,MSFT,414.49338464088675,418.05070261448816,413.06852016596474,413.6974182128906,17530100,-0.004939906417921858
2024-05-17,MSFT,415.2205635959117,415.5939858480529,410.7886784280323,412.930908203125,15352200,-0.001852827636867671
2024-05-20,MSFT,412.9309356548489,419.3772981518083,412.71474538865465,417.9720764160156,16272100,0.012208260783450164
2024-05-21,MSFT,419.43623228216074,425.46988664412265,417.49054998726376,421.60797119140625,21453300,0.00869889397054302
2024-05-22,MSFT,422.63977275649836,424.91959180983645,419.7310556819618,423.06231689453125,18073700,0.0034495213622627308
2024-05-23,MSFT,425.4698570651074,426.0889486573305,418.05065430726955,419.603271484375,17211700,-0.008176207787890966
2024-05-24,MSFT,419.7900037534496,423.59296088139126,417.05816150216543,422.70855712890625,11855300,0.007400527725978101
2024-05-28,MSFT,422.18776429444347,423.3571529882785,419.210252491479,422.8658142089844,15718000,0.0003720224666050598
2024-05-29,MSFT,418.31595899186647,423.4750155168305,418.31595899186647,421.7356872558594,15517100,-0.002672542719583615
2024-05-30,MSFT,416.9500674611062,416.9500674611062,407.0643338259667,407.4869079589844,28394500,-0.033786041180410065
2024-05-31,MSFT,409.53083651523417,409.53083651523417,397.5028738526741,407.93890380859375,47995300,0.0011092279059303767
2024-06-03,MSFT,408.3319723384426,409.21637607324783,401.83648858598,406.3567810058594,17484700,-0.0038783327306206594
2024-06-04,MSFT,405.2856495851976,409.226195718034,402.58328662384173,408.86260986328125,14348900,0.006166573254220431
2024-06-05,MSFT,410.5725176189358,416.73389525429343,409.0886648755249,416.6651306152344,16988000,0.019083478321879843
2024-06-06,MSFT,416.6651146111646,417.9425834215114,413.2945078470223,417.166259765625,14861300,0.001202714394772375
2024-06-07,MSFT,418.8172330823051,418.89583410041996,415.672652556748,416.5079345703125,13621700,-0.0015780883038871707
2024-06-10,MSFT,417.3431202309482,420.66454478320344,416.5471539046789,420.45819091796875,13982900,0.009484228317838683
2024-06-11,MSFT,418.1096457911631,425.3224952545953,417.88361916349896,425.1849060058594,14551100,0.011241819495943162
2024-06-12,MSFT,427.7791794767063,435.71920053687387,425.7450298401941,433.41973876953125,22366200,0.01936765074995006
2024-06-13,MSFT,433.21335923548196,435.709368351957,431.7589858154619,433.9306945800781,15960600,0.0011788937255083898
2024-06-14,MSFT,430.68786981308114,435.4636977946633,429.15489539650804,434.903564453125,13582000,0.002241993675944798
2024-06-17,MSFT,434.92324397820295,443.1286073434569,433.0856417971322,440.6031188964844,20790000,0.013105329340140859
2024-06-18,MSFT,441.919864030814,442.3424381224516,437.1833815521162,438.6082458496094,17112500,-0.004527596290900715
2024-06-20,MSFT,438.56901373847154,438.7950403891147,433.62614646515834,437.97943115234375,19877400,-0.0014336590869320487
2024-06-21,MSFT,439.63025801243765,442.774807970896,438.77533339876635,441.9886779785156,34187100,0.009153961444315684
2024-06-24,MSFT,442.00833058442447,444.9072412251996,438.677069430459,439.9152526855469,15913700,-0.004691127615421675
2024-06-25,MSFT,440.4851865060809,443.60028735592437,439.01117026568124,443.138427734375,16413400,0.007326809036857895
2024-06-26,MSFT,441.2221891732116,445.7425115856911,440.42622281234816,444.32745361328125,16507000,0.0026831928907302682
2024-06-27,MSFT,444.34702512675875,448.26792804161994,443.94412382528515,445.00543212890625,14806300,0.0015258533095618976
2024-06-28,MSFT,445.22168389223947,447.49166642517747,438.6770484115445,439.20770263671875,28362300,-0.013028446561767049
2024-07-01,MSFT,440.88808384173325,449.447196335744,437.94005138791704,448.81829833984375,17662800,0.021881664746381313
2024-07-02,MSFT,445.3494309967801,451.6287242891569,445.2609636362825,451.3240966796875,13979800,0.005583102001662121
2024-07-03,MSFT,450.25300481306164,453.03396893483153,449.94837718806366,452.7882995605469,9932800,0.0032442382129189706
2024-07-05,MSFT,451.6483951731934,460.2370169877969,451.01949716215944,459.460693359375,16000300,0.014736232816316086
2024-07-08,MSFT,458.46817132419625,459.598274429734,456.4143789671548,458.1635437011719,12962300,-0.0028232004977812863
2024-07-09,MSFT,458.9104170237532,459.23468742094946,450.0663190511327,451.57965087890625,17207200,-0.014370180501659169
2024-07-10,MSFT,453.2305038870679,458.37972423311413,450.91136946375343,458.1733703613281,18196100,0.014601453961861521
2024-07-11,MSFT,454.9600551032178,456.72886266734906,443.7280281074878,446.823486328125,23111200,-0.024772029034014542
2024-07-12,MSFT,446.459846610387,448.45468069664645,442.8436006787632,445.693359375,16324300,-0.002529246979410371
2024-07-15,MSFT,445.4476817175394,449.33910606074033,443.61007966105154,446.09625244140625,14429400,0.0009039691930148308
2024-07-16,MSFT,446.3516886108048,446.43028960041556,438.9226505519275,441.73309326171875,17175700,-0.009780757304749144
2024-07-17,MSFT,434.92324477920374,437.14410559537976,431.5723108003405,435.8371276855469,21778000,-0.013347348582458674
2024-07-18,MSFT,436.6428994208888,436.94752703468305,426.8750830594602,432.7416687011719,20794800,-0.007102329718473022
2024-07-19,MSFT,425.5976305961669,433.49836608097274,424.51667935003445,429.53814697265625,20940400,-0.007402850153373608
2024-07-22,MSFT,434.13713868906143,436.8984603038917,431.30702244593317,435.2672119140625,15808800,0.013337732589722595
2024-07-23,MSFT,436.2104874526135,440.622729326486,435.4243575361341,437.14404296875,13107100,0.00431190543030846
2024-07-24,MSFT,432.82034171919196,433.83249840274334,420.18309274942834,421.47039794921875,26805800,-0.03585464624677892
2024-07-25,MSFT,421.3721545577555,422.35483218497876,410.27774573844266,411.1523132324219,29943800,-0.02448116111357379
2024-07-26,MSFT,410.9556919630689,421.48999466729276,410.0417792088543,417.9031982421875,23583800,0.01641942606789959
2024-07-29,MSFT,424.10394408211863,424.66407745687695,417.34314804369717,419.3379821777344,15125800,0.0034332925461733055
2024-07-30,MSFT,420.31083428857175,421.6177822082065,410.13027948455533,415.593994140625,32687600,-0.008928330359357917
2024-07-31,MSFT,413.2159000993034,414.4737261342931,405.06949500365346,411.1031494140625,42891400,-0.010805846065819025
2024-08-01,MSFT,413.50088916463085,420.05533154219523,405.9342601346404,409.8846130371094,30296400,-0.0029640648063384845
2024-08-02,MSFT,405.34465060644726,407.8111808388244,397.335834619087,401.4139404296875,29437900,-0.020665993155139395
2024-08-05,MSFT,382.4286607640187,394.09303926008795,378.90082173461536,388.3050537109375,40709200,-0.032656779943212255
2024-08-06,MSFT,393.07097221564607,398.6427664419344,391.5969560698374,392.6877136230469,24946500,0.011286641443950751
2024-08-07,MSFT,401.5613886423986,402.9764167958112,390.58486666117705,391.5282287597656,20650900,-0.0029526894350310195
2024-08-08,MSFT,395.4687471216862,398.82948747665125,393.01205329948556,395.71441650390625,20203000,0.010691918070380613
2024-08-09,MSFT,397.0312061411671,400.9815590644515,395.2918776876415,398.9867248535156,19276700,0.008269368547448641
2024-08-12,MSFT,400.0087309169643,401.6792947885224,397.23757296063644,399.7630615234375,16762900,0.001945770677475256
2024-08-13,MSFT,402.49487016333154,407.7620371122612,402.475227409518,406.83831787109375,19414300,0.017698624582004996
2024-08-14,MSFT,407.61463319199424,410.48406481515934,405.3053649551057,409.6389465332031,18267000,0.006883886151050289
2024-08-15,MSFT,413.27153919674845,414.56116454959863,411.16483466760724,414.482421875,20752100,0.011823766716488882
2024-08-16,MSFT,414.0591609720714,414.787643452163,410.81046198721873,411.9622802734375,22775600,-0.006080213462761774
2024-08-19,MSFT,412.4446299731582,415.19125033166955,409.9835081573214,414.97467041015625,15234000,0.007312296006127816
2024-08-20,MSFT,415.14201975205145,419.23729981689326,415.082955234779,418.19378662109375,16387600,0.007757380005280146
2024-08-21,MSFT,417.48500333716095,419.76893159636126,415.1617187597954,417.5440979003906,16067300,-0.001553558999411342
2024-08-22,MSFT,417.7606371537281,420.1528703345148,408.16226230018384,409.087646484375,19361900,-0.020252834271969555
2024-08-23,MSFT,410.4954277824997,412.73996960606866,405.6814592418378,410.3083801269531,18493800,0.0029840393692375233
2024-08-26,MSFT,409.89490950861074,410.7907614506505,404.94313363943934,407.0596923828125,13152800,-0.007917673392718538
2024-08-27,MSFT,406.4394348780717,407.9161077791715,403.8700384507919,407.4042053222656,13492900,0.0008463450100806291
2024-08-28,MSFT,408.4280692350888,408.5461982686738,400.97578558888256,404.2146301269531,14882700,-0.007829018831039036
2024-08-29,MSFT,408.48716903331825,415.4865852646763,404.2146650393698,406.6954650878906,17045200,0.006137420014110662
2024-08-30,MSFT,409.1368642535232,410.99745657650817,405.7208262421071,410.6529235839844,24308300,0.009730766226366816
2024-09-03,MSFT,411.41094371784055,413.3503087826454,400.7001374742272,403.0726623535156,20313600,-0.0184590460584374
2024-09-04,MSFT,399.59758459335677,404.8446830658677,398.0815251485243,402.54107666015625,15135800,-0.0013188334089825338
2024-09-05,MSFT,401.28101769149276,406.6758079664942,399.8141985835918,402.0390625,14195500,-0.0012471128768308803
2024-09-06,MSFT,402.6985299905477,404.26379961304895,394.56697518152896,395.4530029296875,19609500,-0.016381640951400045
2024-09-09,MSFT,400.90684301767806,402.294919165343,395.8960031892495,399.4104919433594,15295100,0.01000748251841066
2024-09-10,MSFT,401.8519747424291,409.85551750473985,401.3597503882825,407.7586669921875,19594300,0.02090124124734305
2024-09-11,MSFT,409.03840014283475,417.3963592828998,403.21045111442425,416.4611511230469,19266900,0.02134224195662804
2024-09-12,MSFT,416.72697057085117,420.7238298297295,413.2223356546228,420.3595886230469,17395700,0.009360867128872075
2024-09-13,MSFT,419.20778281644255,425.11447510259467,418.84354159900835,423.8937683105469,15874600,0.00840751533485129
2024-09-16,MSFT,423.9035976857479,426.7880250402565,421.5606050753592,424.632080078125,13834700,0.0017417377248094557
2024-09-17,MSFT,433.3838900790578,434.9786922694464,425.54765628869114,428.38287353515625,18874200,0.008833043081297953
2024-09-18,MSFT,428.235163297131,429.249144206207,423.7165475930165,424.1103210449219,18898000,-0.009973677180359353
2024-09-19,MSFT,434.36830593406904,434.63409626466625,430.1056262859268,431.8677978515625,21706600,0.018291176662543318
2024-09-20,MSFT,430.42066355244185,432.4092391189892,427.4673174405253,428.5009765625,55167100,-0.007795953543680789
2024-09-23,MSFT,427.52635570448473,429.6724465370328,423.6968661035608,426.7683410644531,15128900,-0.004043480861925519
2024-09-24,MSFT,426.2662748026867,426.61083784634445,419.4735849772464,422.495849609375,17015800,-0.010011266169420163
2024-09-25,MSFT,423.1455340479856,426.38437839634133,421.9051492250097,425.39007568359375,13396400,0.006850306522288019
2024-09-26,MSFT,428.3237537072511,428.53047950890726,422.45644824495844,424.6025390625,14492000,-0.0018513281482370747
2024-09-27,MSFT,424.80927883764434,425.1341637224931,420.8222737453315,421.36370849609375,14896100,-0.007627911442916524
2024-09-30,MSFT,421.5507517579481,423.7264049247719,418.7549211722127,423.6082458496094,16807300,0.0053268407037869725
2024-10-01,MSFT,421.78703621784,421.81656847562806,412.2969368087723,414.147705078125,19092900,-0.02233323091364725
2024-10-02,MSFT,416.0082934736332,416.2445815766932,410.22958475813624,410.64306640625,16582300,-0.0084622916628595
2024-10-03,MSFT,411.1353013004486,413.02542591560956,407.84724636027164,410.062255859375,13686400,-0.0014143926791653216
2024-10-04,MSFT,411.73581262468696,413.2223397680441,408.51667620718774,409.5897216796875,19169700,-0.0011523474129487843
2024-10-07,MSFT,409.5306109841967,410.62333449191044,402.63947089552033,403.17108154296875,20919800,-0.01567090138491889
2024-10-08,MSFT,404.5099645290717,409.19594995144206,401.82243880752753,408.2607116699219,19229300,0.012623996015474814
2024-10-09,MSFT,409.3928021729279,413.84252930935924,407.8570646785986,410.9679260253906,14974300,0.006631092040170428
2024-10-10,MSFT,408.77263914925425,410.859665558973,406.7249690560659,409.3731384277344,13848400,-0.0038805646296536933
2024-10-11,MSFT,409.66850956364067,410.64310419410805,406.82343830885475,409.845703125,14144900,0.0011543617616940338
2024-10-14,MSFT,411.27310627026066,417.4456186019399,411.02699410502277,412.621826171875,16653100,0.006773580949385405
2024-10-15,MSFT,415.61450241094855,415.90985501650863,408.80213492837686,412.2279968261719,18900200,-0.0009544559224045068
2024-10-16,MSFT,408.7135954364056,409.88506179410496,404.0965284555642,409.6488037109375,15508900,-0.00625671505839509
2024-10-17,MSFT,415.7917465890575,415.9295838303706,409.127039576057,410.2394714355469,14820000,0.0014418880740250106
2024-10-18,MSFT,410.6530079975397,413.12395418353566,409.7866882020532,411.6571350097656,17145300,0.0034556976423012475
2024-10-21,MSFT,409.64875806524304,412.4445885621628,407.3156196249642,412.26739501953125,14206100,0.0014824473035093266
2024-10-22,MSFT,411.9819473916582,423.88392916296095,411.53896348036403,420.8616943359375,25482200,0.020846420115272712
2024-10-23,MSFT,424.1595460644349,424.37612597688815,415.95910173602493,417.9969177246094,19654400,-0.006806931231525759
2024-10-24,MSFT,418.71552307399537,419.3554387186423,415.8310957950025,418.1248779296875,13581600,0.00030612714987143796
2024-10-25,MSFT,420.1233007480341,425.79370434385993,419.9362531076575,421.4916687011719,16899100,0.008052117798287295
2024-10-28,MSFT,424.9471252042487,425.2227696357769,419.670464602579,419.9559631347656,14882400,-0.003643501593135978
2024-10-29,MSFT,421.34405104712135,426.4336641349943,419.1782518516455,425.2326354980469,17644100,0.012564823044524553
2024-10-30,MSFT,430.63720465561414,431.68071778433335,425.38025265537163,425.8035583496094,29749100,0.0013426129697073907
2024-10-31,MSFT,408.9005934690843,409.6881704469,399.9814907408766,400.0307312011719,53971000,-0.060527505332110265
2024-11-01,MSFT,402.64935394725995,409.0384161036912,401.162826864631,403.9881896972656,24230400,0.009892886189545314
2024-11-04,MSFT,403.4270065821216,404.0373899234799,399.2628084141344,402.10784912109375,19672300,-0.004654444422201864
2024-11-05,MSFT,402.019305938334,408.4477546696806,401.73380740675793,405.0612487792969,17626000,0.007344794847100156
2024-11-06,MSFT,406.0063586804049,413.91148078515863,404.13588205792996,413.6456604003906,26681800,0.021192873045654093
2024-11-07,MSFT,414.7285695615749,420.21195632741785,413.3503473156427,418.81402587890625,19901800,0.01249466868215876
2024-11-08,MSFT,418.70569909892066,419.8673412736044,415.22074253188157,415.96893310546875,16891400,-0.006793212733186005
2024-11-11,MSFT,415.94927334689254,418.20366938728347,409.5306783384117,411.5094299316406,24503300,-0.010720760179216082
2024-11-12,MSFT,411.7456911405818,417.8394313280264,410.7120319666306,416.45135498046875,19401200,0.012009263189057595
2024-11-13,MSFT,415.0829505962656,422.65333320998997,411.70626883397995,418.58758544921875,21502200,0.005129603837764396
2024-11-14,MSFT,418.39068982634956,421.51140536702854,413.4684464166278,420.2513122558594,30246900,0.003974620520231564
2024-11-15,MSFT,413.29128434963707,416.22492241780895,407.2073982420546,408.5462341308594,28247600,-0.02785256769852429
2024-11-18,MSFT,408.41819885611204,411.89330132284374,405.69128696291637,409.29437255859375,24727000,0.0018312209616273556
2024-11-19,MSFT,406.68560375296545,411.4405079817959,405.1498661250552,411.2928466796875,18133500,0.004882730511540645
2024-11-20,MSFT,410.3871084118776,410.8005900683197,404.19491792354364,409.028564453125,19191700,-0.005505279862856205
2024-11-21,MSFT,413.80284233986384,414.0790385036892,404.71793020151534,407.26287841796875,20780200,-0.0043167792878157085
2024-11-22,MSFT,405.7832773797643,411.73138418459337,405.4774898240383,411.3368225097656,24814600,0.010003229628053223
2024-11-25,MSFT,412.6981340326707,415.36144822588074,409.2160749181069,413.1025695800781,27691100,0.004292703627987393
2024-11-26,MSFT,413.8916059444426,423.21327891734404,413.16166540924917,422.1775207519531,23458900,0.021967791633684897
2024-11-27,MSFT,419.33662612341953,421.427859986681,416.2885945934304,417.24542236328125,18332400,-0.01168252250827373
2024-11-29,MSFT,414.384878235964,419.10983509030467,412.12596962038367,417.7091064453125,16271900,0.0011112981884977557
2024-12-02,MSFT,415.84474493949193,427.1195090506518,415.58826631722377,425.126953125,20207200,0.017758403073404594
2024-12-03,MSFT,424.00241788094525,426.5967051479557,421.93093157664276,425.3439636230469,18302000,0.0005104604552867986
2024-12-04,MSFT,427.1491277367897,433.69896602336337,426.7545660563865,431.4795227050781,26009400,0.014424935127253402
2024-12-05,MSFT,431.9726738856543,438.62112911545074,430.24644042721326,436.60882568359375,21697800,0.011887708937746266
2024-12-06,MSFT,436.29321828806303,440.04162946603964,435.7704172944161,437.5459899902344,18821000,0.002146462122412096
2024-12-09,MSFT,436.5891099408423,442.2412722506749,434.5176237615362,439.962646484375,19144400,0.005523205673064302
2024-12-10,MSFT,438.3548667232301,443.5138201555157,435.60274857576576,437.3092346191406,18469500,-0.0060309935091924505
2024-12-11,MSFT,438.019420871054,444.2338797106506,438.019420871054,442.892333984375,19200200,0.012766936810965746
2024-12-12,MSFT,443.01071967285327,449.96499320791463,443.01071967285327,443.4546203613281,20834800,0.0012695780301605897
2024-12-13,MSFT,442.34980235220513,445.2991859531554,439.5286279530639,441.1956787109375,20177800,-0.005093963500820031
2024-12-16,MSFT,441.1957234184863,446.03904550783295,439.2327587604127,445.4570617675781,23598800,0.00965871440330357
2024-12-17,MSFT,444.8849272856994,449.1068002031095,443.4644812477741,448.2880554199219,22733500,0.0063552559726189894
2024-12-18,MSFT,445.19070178831043,446.50262602359174,431.08488976149135,431.44989013671875,24444500,-0.037561039335367585
2024-12-19,MSFT,435.6224173363725,437.1612287919841,430.39440791706704,431.0947570800781,22963700,-0.0008231154179413336
2024-12-20,MSFT,427.2280306144627,437.71367214918683,422.80889160222836,430.670654296875,64263700,-0.0009837808886280497
2024-12-23,MSFT,430.80871372187636,431.70635881030796,426.9518110200716,429.3389587402344,19152500,-0.0030921437143536235
2024-12-24,MSFT,428.74709084992185,433.6298778354008,428.2933464556966,433.363525390625,7164500,0.009373867822755955
2024-12-26,MSFT,433.1169230295789,434.9516783695283,430.7002140852734,432.16009521484375,8194200,-0.0027769530781265317
2024-12-27,MSFT,428.69777768381334,429.30935275325726,420.5598195240772,424.68304443359375,18117700,-0.017301576115057227
2024-12-30,MSFT,420.27376177490316,421.7435167493127,416.17025429217676,419.0604553222656,13158700,-0.01323949516003653
2024-12-31,MSFT,420.31326102478425,420.93470998738326,414.9471377359365,415.7757263183594,13246500,-0.007838317746732382
2025-01-02,MSFT,419.7509500092328,420.2836247921959,409.21600045312425,412.89532470703125,16896500,-0.006927777234216448
2025-01-03,MSFT,415.3613950253171,418.27134378737713,413.8423310893823,417.6005859375,16662900,0.011395772606065169
2025-01-06,MSFT,422.1874466156374,428.42162361284306,419.7016808979234,422.03948974609375,20573600,0.01062954401423677
2025-01-07,MSFT,423.1738448521772,424.801430542522,415.0851952170159,416.6338806152344,18139100,-0.012808301739989925
2025-01-08,MSFT,417.70906128958796,421.171402275518,415.81515330470927,418.79412841796875,15054600,0.005185002716400211
2025-01-10,MSFT,418.86316848876044,418.94206877538755,409.3836648034606,413.26031494140625,20201100,-0.013213684483750932
2025-01-13,MSFT,409.6007014640922,412.8164377086338,406.690782868284,411.52423095703125,17604800,-0.0042009453160803956
2025-01-14,MSFT,412.1357932076061,414.03957499111027,405.14208486737954,410.0248718261719,16935900,-0.0036434285470201555
2025-01-15,MSFT,413.43787278736687,422.3353628905166,412.58953664498,420.5203552246094,19637800,0.025597187194261295
2025-01-16,MSFT,422.8779150872359,423.6571645662551,418.6264508238549,418.8138427734375,15300000,-0.004058097140768324
2025-01-17,MSFT,428.1947398206691,428.57945778773313,422.35515456567043,423.2034606933594,26197500,0.010481071711606393
2025-01-21,MSFT,424.35752761269225,425.0480029513297,419.819993531564,422.68060302734375,26085700,-0.0012354758752657347
2025-01-22,MSFT,431.61761238386987,441.1957350447454,430.0788007344463,440.1402893066406,27803800,0.041307044028626505
2025-01-23,MSFT,435.9972845633218,440.68277574358376,435.50407496539947,440.643310546875,18389300,0.0011428657009036058
2025-01-24,MSFT,439.1143639891968,440.5841189283991,435.40541825453283,438.029296875,15549500,-0.005932266777477713
2025-01-27,MSFT,418.2516444520013,429.2896784954125,417.74856099112463,428.6583557128906,35647800,-0.02139341187670274
2025-01-28,MSFT,428.69779052094407,442.29064589853647,425.52151949148305,441.1266784667969,23491700,0.029086853406066204
2025-01-29,MSFT,440.6235877197962,440.81100977301065,434.41900262341227,436.3227844238281,23581400,-0.01089005557239342
2025-01-30,MSFT,413.0827588425547,417.1172097708342,407.54896156269734,409.3540954589844,54586300,-0.06180903204598032
2025-01-31,MSFT,413.2899333042713,414.976701732093,409.27519987674,409.42315673828125,34161900,0.0001687079231964539
2025-02-03,MSFT,406.0101743775102,409.7684293585694,403.11009933813943,405.33941650390625,25679100,-0.009974375330669139
2025-02-04,MSFT,407.08537575034575,408.2986823038951,404.1754268282418,406.76971435546875,20532100,0.0035286424002356487
2025-02-05,MSFT,406.74994863541014,408.20982973334895,404.82641922275565,407.67718505859375,16316700,0.002230920029439476
2025-02-06,MSFT,408.37753095462284,412.5205034548323,408.37753095462284,410.1728210449219,16309800,0.006121598357213598
2025-02-07,MSFT,410.82388435232116,412.96439718513943,402.5576865372201,404.1852722167969,22886800,-0.014597624515616636
2025-02-10,MSFT,408.0914590052598,409.8176925215145,405.33937124502273,406.6217041015625,20817900,0.006028007580292982
2025-02-11,MSFT,404.0767525043344,406.88802298158646,403.74134350470337,405.852294921875,18140600,-0.001892198994609795
2025-02-12,MSFT,401.67976029438313,405.17169274595005,398.8783333348811,403.48492431640625,19121700,-0.0058330841911944376
2025-02-13,MSFT,401.4725759938153,405.41825241635894,400.8412533167097,404.9645080566406,23891700,0.003667011209256721
2025-02-14,MSFT,402.25191655873215,403.35670130819824,400.3678521686821,402.8832092285156,22758500,-0.005139459845784566
2025-02-18,MSFT,402.45907065768193,405.02376683445937,400.9794417214404,404.0768127441406,21423100,0.0029626539113174477
2025-02-19,MSFT,402.34067225656025,409.8473079963777,402.11378500109834,409.1370849609375,24114200,0.012523045265655952
2025-02-20,MSFT,410.47144681938056,414.4447923675228,407.75335474991726,411.30169677734375,23508700,0.005290676147367446
2025-02-21,MSFT,412.49767332735263,413.1994268757111,403.1573381232245,403.4736022949219,27524800,-0.019032487693965372
2025-02-24,MSFT,403.77011965609864,404.62012670611466,394.6867476536957,399.31243896484375,26443700,-0.010313347159293218
2025-02-25,MSFT,396.4460551720573,397.2565479767241,392.0971142682963,393.2831726074219,29387400,-0.01509911980967038
2025-02-26,MSFT,393.3919661639477,398.91710270889797,389.6755831630129,395.0920104980469,19619000,0.004599326939499049
2025-02-27,MSFT,396.61410618114576,401.03224256641477,387.6197164134029,387.97552490234375,21127400,-0.018012223498855895
2025-02-28,MSFT,388.10398215130573,393.01631660620876,382.0846478468725,392.38372802734375,32845700,0.01136206498105663
2025-03-03,MSFT,394.1925192721913,394.1925192721913,381.67940898205217,383.98236083984375,23007700,-0.021411099868327232
2025-03-04,MSFT,378.9514422192701,388.0249203607145,376.5792952112664,384.1009826660156,29342900,0.00030892519623137993
2025-03-05,MSFT,384.82253320835395,397.00948665687173,384.29868393839774,396.36700439453125,23433100,0.031934366955736815
2025-03-06,MSFT,389.70521049036057,397.4838909032578,388.12376908504734,392.2849426269531,23304600,-0.010298692177502677
2025-03-07,MSFT,387.76795648683793,390.2191619837315,381.0666253730808,388.7464599609375,22034100,-0.009020184772629891
2025-03-10,MSFT,381.3631423753148,381.91664235119805,372.8431639999478,375.7490539550781,32840100,-0.03343414627406616
2025-03-11,MSFT,374.6024872406928,381.5212666884101,372.5367409966354,376.0356750488281,30380200,0.000762799242561174
2025-03-12,MSFT,378.5066728711865,380.7503233781215,374.55308456142495,378.82293701171875,24253600,0.007412227476897515
2025-03-13,MSFT,378.71423026442886,380.8491715851453,373.07049136146827,374.3751525878906,20473000,-0.01174106419984422
2025-03-14,MSFT,375.3734493768336,385.7022111357248,375.10659301872727,384.05157470703125,19952800,0.025846859900428232
2025-03-17,MSFT,382.2131473268013,388.1533930243756,381.09625384575537,384.18994140625,22474300,0.00036028155677869655
2025-03-18,MSFT,382.57889637930924,382.8754034622388,376.6781641211092,379.070068359375,19486900,-0.013326410962595014
2025-03-19,MSFT,381.0566918328374,385.1585333246225,379.5444456387846,383.32012939453125,19185500,0.011211808554420166
2025-03-20,MSFT,381.2642891356356,387.24410971121733,378.8328407062668,382.3515319824219,18470500,-0.0025268628956149897
2025-03-21,MSFT,378.77352451177876,387.194656647968,378.3583844724842,386.7202453613281,39675900,0.011425907871364549
2025-03-24,MSFT,390.81219242783766,390.81219242783766,385.2870564688155,388.51910400390625,21004500,0.00465157607897515
2025-03-25,MSFT,389.3493790004213,391.7610400507305,388.08423198363494,390.5749816894531,15775000,0.005291574247855202
2025-03-26,MSFT,390.4168571879551,390.72325787798576,384.0614710304359,385.4452209472656,16108400,-0.013133869250914199
2025-03-27,MSFT,385.60336562359333,387.6888690270636,382.9050306805178,386.0481262207031,13766800,0.001564178878533884
2025-03-28,MSFT,383.5771084434194,384.6149434292676,372.55648752516225,374.40478515625,21632000,-0.03016033565151055
2025-03-31,MSFT,368.2174858935481,372.694923815259,362.9789628551185,371.034423828125,35184700,-0.009001918409558884
2025-04-01,MSFT,370.30297052308924,378.4078388750376,368.89946352111616,377.7554931640625,19689500,0.018114409079872607
2025-04-02,MSFT,373.5844861787052,380.61197570359644,372.25014394283687,377.70611572265625,16092600,-0.00013071270252795752
2025-04-03,MSFT,370.4413527847735,373.10014336261634,365.0644702169303,368.78082275390625,30198000,-0.0236302580160066
2025-04-04,MSFT,359.90499587925865,370.2436198076782,355.30895597122804,355.6647644042969,49209900,-0.03556599893580137
2025-04-07,MSFT,346.808801297969,366.6953473866903,340.78946619633433,353.7077941894531,50425000,-0.005502288701894509
2025-04-08,MSFT,363.98712785508354,369.3145725706382,346.18608632628985,350.4460754394531,35868900,-0.009221506575715854
2025-04-09,MSFT,349.43791334353114,388.66739600040677,349.00301621371585,385.95916748046875,50199700,0.10133682335144667
2025-04-10,MSFT,377.6269854135807,379.44563241847453,363.5324334212975,376.92523193359375,38024400,-0.023406454122720577
2025-04-11,MSFT,376.2234920445777,385.52428234575257,374.4937970946495,383.94287109375,23839200,0.018618119896501417
2025-04-14,MSFT,388.6575350248574,390.07093573374146,379.75206690221165,383.310302734375,19251200,-0.0016475585484189148
2025-04-15,MSFT,384.0021677861047,387.3429548173336,379.702634359307,381.2544250488281,17199900,-0.005363481416703619
2025-04-16,MSFT,376.25312290658945,377.1821883945702,363.7301188576812,367.2982177734375,21967800,-0.03660602043793515
2025-04-17,MSFT,369.41339637295704,369.9767899290697,362.6330071079686,363.5126647949219,21120200,-0.010306483384165732
2025-04-21,MSFT,358.6102367890087,360.25097956592975,351.54320368031085,354.9531555175781,20807300,-0.023546660422884225
2025-04-22,MSFT,359.1637239988867,363.5027713530303,355.6845470865514,362.5638122558594,19485000,0.021441298999536063
2025-04-23,MSFT,371.6965961898571,375.9763723537339,368.69186067990836,370.0459899902344,20545500,0.020636857517084106
2025-04-24,MSFT,371.3408006891215,383.9428636514652,370.8367085183124,382.8061828613281,22232300,0.03448272165151822
2025-04-25,MSFT,382.5096738423667,387.60980644654984,380.1375268589871,387.30340576171875,18973200,0.011748041441691504
2025-04-28,MSFT,387.41210451108003,388.18305301396595,382.1538550582223,386.62139892578125,16579400,-0.001760911021673528
2025-04-29,MSFT,386.75978890275064,390.5157161336794,385.8504804253008,389.468017578125,14974000,0.007362806767170715
2025-04-30,MSFT,385.77135703314644,392.05757796403765,379.979364791359,390.673828125,36461100,0.0030960450985764165
2025-05-01,MSFT,426.1078502028247,431.91962985286955,419.9699127886788,420.464111328125,58938100,0.07625359330083747
2025-05-02,MSFT,426.7305579775838,434.3412277785372,425.0008630376841,430.2294921875,30757400,0.023225242288881676
2025-05-05,MSFT,427.84743296236513,434.40051033348516,427.0962415401901,431.1091613769531,20136100,0.00204465106513374
2025-05-06,MSFT,427.18524232094876,432.65107712392626,426.1671945058241,428.2823486328125,15104200,-0.006557069525295778
2025-05-07,MSFT,428.8061738000786,433.0365119798482,426.10783898687293,428.3218688964844,23295300,9.227619069074322e-05
2025-05-08,MSFT,432.8487322038109,438.5221520354275,430.60508165893515,433.0859680175781,23491300,0.011122708101194645
2025-05-09,MSFT,434.89471877509555,435.6261229679929,430.8225275981773,433.63946533203125,15324200,0.0012780310500168923
2025-05-12,MSFT,440.7657862582039,444.15598092637396,434.6772567640601,444.0472717285156,22821900,0.024001059009966408
2025-05-13,MSFT,442.58450555211783,445.44098799372756,440.19257101001426,443.9287414550781,23618800,-0.00026693165566837873
2025-05-14,MSFT,442.940306646518,448.6334536340928,442.940306646518,447.6846008300781,19902800,0.00846050058099257
2025-05-15,MSFT,446.3576953837484,451.7246558325709,446.0210270484144,448.6946105957031,21992300,0.0022560743964663565
2025-05-16,MSFT,447.6251846388841,449.9125712368337,444.33770477780746,449.8234558105469,23849800,0.0025158430437688395
2025-05-19,MSFT,446.46663650360125,455.0913715701619,446.3874026485213,454.37841796875,21336500,0.010126110809396183
2025-05-20,MSFT,451.1305396548173,453.85362179890075,449.87298168888566,453.685302734375,15441800,-0.0015254140755045498
2025-05-21,MSFT,450.12049890400635,453.29906971148773,447.3875051898017,448.14007568359375,19216900,-0.01222262880758973
2025-05-22,MSFT,450.49682997275477,455.7449399531106,449.45708954496587,450.4076843261719,18025600,0.005060044315650991
2025-05-23,MSFT,445.5754438212613,449.2491205375805,444.51591011589574,445.7734680175781,16883500,-0.010288937044950153
2025-05-27,MSFT,452.0117902439012,456.4380371890779,451.6552983634028,456.1805725097656,20974300,0.02334617297541164
2025-05-28,MSFT,456.7054113344306,457.9926743719098,452.45739496057166,452.8831787109375,17086300,-0.00722826441443325
2025-05-29,MSFT,457.0321797296883,457.2005290082406,450.8532686393741,454.1902770996094,13974800,0.0028861712028969144
2025-05-30,MSFT,455.22010105843367,457.16090743162863,451.081023612945,455.85382080078125,34770500,0.0036626581083925025
2025-06-02,MSFT,452.6653804963421,457.5867035205711,452.41782757710985,457.4480895996094,16626500,0.0034973246380332057
2025-06-03,MSFT,456.95294554827,459.59682380087423,456.3489007620485,458.4382629394531,15743800,0.0021645589135816934
2025-06-04,MSFT,459.4582001214203,461.1316602074749,458.48778183720145,459.3294677734375,14162700,0.0019440018559315764
2025-06-05,MSFT,460.408765640122,465.0528603462912,459.48787612751937,463.1021423339844,20131700,0.008213438991481636
2025-06-06,MSFT,465.4885564998141,468.70674412433226,464.1913817517478,465.7757263183594,15285600,0.005773205822154903
2025-06-09,MSFT,465.10242514198006,468.7958952647425,464.0329796350046,468.12255859375,16469900,0.005038545683650586
2025-06-10,MSFT,466.5778015728124,468.1720277278758,462.38919566775553,466.3104553222656,15375900,-0.003871001809714003
2025-06-11,MSFT,465.41924870930376,470.81591405576256,465.0627870357861,467.9938049316406,16399200,0.003609933232596285
2025-06-12,MSFT,470.37032681118086,475.7174938929388,468.88500933710617,474.1826477050781,18950600,0.013224198073180649
2025-06-13,MSFT,471.74673205457395,474.48960742449077,468.13246560456287,470.3109130859375,16814500,-0.00816507022742996
2025-06-16,MSFT,470.5584575569121,475.98482813726486,470.3505215770748,474.45001220703125,15626100,0.00880077201257179
2025-06-17,MSFT,470.7466055851971,474.0539088222925,469.4395189734987,473.36077880859375,15414100,-0.0022957811579994436
2025-06-18,MSFT,473.3211507460615,476.29178558337986,469.81579317674493,475.5392150878906,17526500,0.004602063324257166
2025-06-20,MSFT,477.5097592999014,478.7277002496467,472.2022093150259,472.7270202636719,37576200,-0.005913696988583794
2025-06-23,MSFT,473.52910172023695,482.97572926336846,467.8849134818946,481.24285888671875,24864000,0.018014283630956918
2025-06-24,MSFT,484.16397269221426,487.0355802812341,482.03499358247046,485.3125915527344,22305600,0.008456712844384429
2025-06-25,MSFT,487.2237477118272,489.71907018583636,484.59969288856837,487.45147705078125,17495100,0.004407232648144577
2025-06-26,MSFT,488.15453290095326,493.1650012559548,487.9861836300842,492.5807800292969,21578900,0.010522694503972696
2025-06-27,MSFT,492.6797975508017,494.4126679494895,488.2040517426954,491.0855712890625,34539200,-0.003035458955880199
2025-06-30,MSFT,492.17482524139086,495.85841392483957,490.4815414994746,492.54119873046875,28369000,0.0029641014244938813
2025-07-01,MSFT,491.61036068604886,493.1748817381986,486.1741086010328,487.2336120605469,19945400,-0.010775924295474693
2025-07-02,MSFT,485.1938116448169,488.66946431331223,483.9164603345879,486.2830505371094,16319600,-0.0019509358548099875
2025-07-03,MSFT,488.9764203666982,495.2345653483035,488.6100468852986,493.9571838378906,13984800,0.01578120662915361
2025-07-07,MSFT,492.51147619590915,493.86806132382594,490.38252718836065,492.84814453125,13981600,-0.0022452134373747157
2025-07-08,MSFT,492.37283752871576,493.3234624825612,489.27347018920887,491.7589111328125,11846600,-0.0022100791298980127
2025-07-09,MSFT,495.40288075164045,501.8194631786975,494.8483646402868,498.58148193359375,18659500,0.013873812240768224
2025-07-10,MSFT,498.125990037999,499.50239882384955,492.87788004768845,496.5713806152344,16492100,-0.004031640546624082
2025-07-11,MSFT,493.59080845907414,500.08659454551145,492.9273533491097,498.3933410644531,16459500,0.0036690806605919057
2025-07-14,MSFT,496.6109349689791,499.0369655948213,496.1257409313552,498.09625244140625,12058800,-0.0005960926813596279
2025-07-15,MSFT,498.09622485625505,503.3245408608939,497.8684955298327,500.86883544921875,14927200,0.005566359903779183
2025-07-16,MSFT,500.2351113436526,501.7600457375481,496.9773367906475,500.6708068847656,15154400,-0.0003953701057792802
2025-07-17,MSFT,500.7302212088446,508.34495123446135,500.67081092720053,506.6913146972656,17503100,0.012024882876555898
2025-07-18,MSFT,509.4440643876484,509.6025320949179,502.4630844244223,505.05743408203125,21209700,-0.003224607503309107
2025-07-21,MSFT,501.7501069031347,507.0774803175347,500.60145783110823,505.06732177734375,14066800,1.9577368127299266e-05
2025-07-22,MSFT,505.968437121084,506.19619667447284,500.32421875,500.32421875,13868600,-0.009391031299852526
2025-07-23,MSFT,501.78972599996087,501.8293429250601,495.79895793496456,500.9183349609375,16396600,0.0011874624267076417
2025-07-24,MSFT,503.7899711970312,508.6420022469781,502.334358860161,505.87933349609375,16107000,0.009903807045799518
2025-07-25,MSFT,507.4537578741833,513.216797186473,505.3644257046499,508.6816711425781,19125700,0.005539537713702636
2025-07-28,MSFT,509.0480107678364,509.9589885432546,505.12675096242896,507.48345947265625,14308000,-0.0023555235777033
2025-07-29,MSFT,510.48381297361453,512.5533213636355,506.55264151082275,507.5527648925781,16469200,0.00013656685479745967
2025-07-30,MSFT,510.12728763864055,510.8996816885534,504.4533945708925,508.2161865234375,26380400,0.0013070988412402507
2025-07-31,MSFT,549.795171976257,550.0130499577134,526.6935786680993,528.2778930664062,51617300,0.039474749279839294
2025-08-01,MSFT,529.7632164041114,530.5553736121248,515.7616096000787,518.9797973632812,28977600,-0.01760076623527418
2025-08-04,MSFT,523.0991779644736,532.9814718412621,522.960533815094,530.3970336914062,25349000,0.021999384920436516
2025-08-05,MSFT,531.9219176627233,532.0407382325785,522.0792108748774,522.584228515625,19171600,-0.014730107220635169
2025-08-06,MSFT,525.70337986457,526.4955370830186,518.9006307843745,519.8016967773438,21355700,-0.005324561260076521
2025-08-07,MSFT,521.6435053063135,522.9209170643583,512.4840471895837,515.7418823242188,16079100,-0.007810313968374727
2025-08-08,MSFT,517.4845698020915,519.524403327164,514.3257923084495,516.9300537109375,15531000,0.0023038101566701386
2025-08-11,MSFT,517.1875004407061,522.4257584225397,514.6327376205326,516.6627197265625,20194400,-0.0005171569779235385
2025-08-12,MSFT,518.6233183732385,525.7825288027884,517.5836082950698,524.0595703125,18667000,0.014316594372925096
2025-08-13,MSFT,526.901545781552,527.4857972911225,514.2862580919234,515.4844360351562,19619200,-0.016362899874589387
2025-08-14,MSFT,517.4449565045493,520.8017882377586,515.0486614235291,517.36572265625,20269100,0.003649550771238852
2025-08-15,MSFT,517.6529556536844,520.9503168823401,513.9990723038397,515.078369140625,25213300,-0.004421153964126789
2025-08-18,MSFT,516.4844303731614,517.702371148606,508.9885222471167,512.038330078125,23760600,-0.005902090331558862
2025-08-19,MSFT,509.9589996924715,510.11740696385556,503.5721224631474,504.7801818847656,21481000,-0.014175009500269176
2025-08-20,MSFT,504.87923949406314,505.9981835608303,499.50239716393804,500.7698669433594,27723000,-0.007944675891261022
2025-08-21,MSFT,499.57962247206007,503.48747238505433,498.6175369804135,500.1251220703125,18443300,-0.0012875073274323245
2025-08-22,MSFT,500.13506667774504,506.5621975190336,498.3100856343386,503.09075927734375,24324200,0.005929790518730105
2025-08-25,MSFT,502.4956130920682,504.0428801746979,500.0060864475961,500.14495849609375,21638600,-0.005855406260058205
2025-08-26,MSFT,500.24412923099453,500.8590951140394,494.44189267773186,497.9430847167969,30835700,-0.00440247120738313
2025-08-27,MSFT,497.90345703690537,503.1502967625455,495.8205879159113,502.6047668457031,17277900,0.009361877435364985
2025-08-28,MSFT,502.95187030654046,506.91922816363694,501.3748491905692,505.4810791015625,18015600,0.005722811333268574
2025-08-29,MSFT,504.5090702372647,505.44140176386463,500.3730863144936,502.5551452636719,20961600,-0.005788414163970579
2025-09-02,MSFT,496.38587753866574,501.87074834041937,492.75574161607386,500.9979248046875,18128000,-0.003098606140361726
2025-09-03,MSFT,499.6788070917271,503.64616490840893,498.220801883355,501.22607421875,16345100,0.0004553899382946369
2025-09-04,MSFT,500.1846427841772,504.00323087503085,499.0440334241921,503.82470703125,15509500,0.005184552333097336
2025-09-05,MSFT,504.9157294675595,507.79205789513924,488.35199810583333,490.9605407714844,31994800,-0.025533019878216767
2025-09-08,MSFT,494.0451682561979,497.10997900607424,490.99031585598385,494.13446044921875,16771000,0.006464714399953442
2025-09-09,MSFT,497.33805669614713,498.15137232357364,493.63851485593227,494.34271240234375,14410500,0.0004214479454351938
2025-09-10,MSFT,498.8754294126598,499.1233892811019,492.66650462093776,496.2867126464844,21611800,0.003932494998648561
2025-09-11,MSFT,498.15138006137016,499.0638857033828,493.8170463660224,496.9215087890625,18881600,0.0012790915541402992
2025-09-12,MSFT,502.5154742767582,508.367321245748,499.73833579713096,505.73895263671875,23624900,0.017744138041324353
2025-09-15,MSFT,504.63802593930427,511.2634762434591,502.86262476523797,511.1543884277344,17143800,0.010707966556227744
2025-09-16,MSFT,512.6620043570016,513.0091239663263,504.4495745277025,504.885986328125,19711900,-0.012263226613177358
2025-09-17,MSFT,506.4530503919847,507.1175961354426,501.80132099339164,505.8579406738281,15816600,0.0019250966991020135
2025-09-18,MSFT,507.31598208941665,508.88310546808697,503.51725007824297,504.3008117675781,18913700,-0.0030781940561728227
2025-09-19,MSFT,506.39357782967863,515.0622454615835,506.1456179521661,513.7034301757812,52474100,0.018644860743425973
2025-09-22,MSFT,511.3826037577857,513.5150225661836,508.3574445613838,510.25189208984375,20009300,-0.0067189313584229415
2025-09-23,MSFT,509.60711582016205,510.3907077578639,503.17008724169204,505.0744323730469,19799600,-0.010146870196975688
2025-09-24,MSFT,506.21501140620444,508.29784998729696,502.7832554652563,505.98687744140625,13533700,0.0018065556477930844
2025-09-25,MSFT,504.15198973027213,505.84805701475193,500.9186136455738,502.8923645019531,15786500,-0.006115796826789199
2025-09-26,MSFT,505.8976246789574,509.74596656687834,502.4856945681329,507.28619384765625,16213100,0.008737116838221759
2025-09-29,MSFT,507.3258652143003,512.6321819161793,504.7272507672145,510.4005432128906,17617800,0.006139235411893873
2025-09-30,MSFT,509.05168089535164,513.9315141469417,505.5009089039439,513.7232666015625,19728200,0.006510031058658106
2025-10-01,MSFT,510.5989067561486,516.2623314762835,507.51430077675985,515.4688720703125,22632300,0.0033979490169828708
2025-10-02,MSFT,513.4157691025699,517.3434144406598,506.51254498360566,511.53125,21222900,-0.007638913392573166
2025-10-03,MSFT,512.8801529316524,516.2425031799986,510.7973143114264,513.1281127929688,15112300,0.0031217306723074767
2025-10-06,MSFT,514.377848960065,526.6965386672223,513.9712214168786,524.256591796875,21388600,0.021687525447268374
2025-10-07,MSFT,523.9788048028778,525.4764919541412,517.1847292577561,519.7039794921875,14615200,-0.008683939078540814
2025-10-08,MSFT,519.0098207695767,522.6498549115006,518.8213688365025,520.5669555664062,13363400,0.001660514655019485
2025-10-09,MSFT,518.0773939158137,520.0511445409561,513.1777050939771,518.1369018554688,18343600,-0.0046680905980547305
2025-10-10,MSFT,515.3995037763443,519.3073539147757,505.4711804745103,506.7903137207031,24133800,-0.02189882267434151
2025-10-13,MSFT,512.1958293204747,512.1958293204747,507.50444767633473,509.8551025390625,14284200,0.006047449478382205
2025-10-14,MSFT,506.06622732552523,511.07503445038043,501.87073577210117,509.37896728515625,14684300,-0.0009338638596242399
2025-10-15,MSFT,510.7577169104775,512.9694997370561,505.8381709448021,509.24017333984375,14694700,-0.0002724767888478974
2025-10-16,MSFT,508.3970827878481,512.6321960787722,503.9833851231019,507.4349670410156,15559600,-0.0035449015873761924
2025-10-17,MSFT,504.88595648751925,511.27337462741934,503.1700633614309,509.388916015625,19867800,0.003850639198168304
2025-10-20,MSFT,510.41049011219013,514.4671401409408,509.2401268135401,512.5726928710938,14665600,0.006250188717045191
2025-10-21,MSFT,513.2769402267872,514.4572316509175,508.8533142722573,513.4356079101562,15586200,0.001683497874670259
2025-10-22,MSFT,516.8971823641815,520.943843958813,513.4852520447155,516.2921142578125,18962700,0.005563514301789807
2025-10-23,MSFT,518.1964698863214,519.6743010066873,514.3778516149157,516.3119506835938,14023500,3.8420935035476944e-05
2025-10-24,MSFT,518.5237205252405,521.0628270774097,516.4607380708425,519.3370361328125,15532400,0.00585902659276738
2025-10-27,MSFT,527.440383046071,530.2175212473691,524.6929685473742,527.1824951171875,18734700,0.015106681092485363
2025-10-28,MSFT,545.5116410650497,549.2012543795508,536.356983260493,537.6463623046875,29986700,0.01984866205615199
2025-10-29,MSFT,540.4929653309738,541.8121286840217,532.3499420595073,537.130615234375,36023000,-0.0009592682225202376
2025-10-30,MSFT,526.1509968235328,530.6043464776645,517.8592331602406,521.4695434570312,41023100,-0.029156915158355057
2025-10-31,MSFT,524.5640198650095,525.0004316167937,510.896444053691,513.5843505859375,34006400,-0.015121099535017168
2025-11-03,MSFT,515.5680119038287,520.676008789008,510.3906395365282,512.8107299804688,22374700,-0.0015063165468069961
2025-11-04,MSFT,507.5837474278435,511.34279700787874,503.6957236126803,510.1327819824219,20958700,-0.005222098215746929
2025-11-05,MSFT,509.11117977922714,510.6287232020861,502.4460174356622,503.02130126953125,23024300,-0.013940450337762589
2025-11-06,MSFT,501.53353925537283,501.5732213085109,491.7639146320967,493.04339599609375,27406500,-0.019835949786331408
2025-11-07,MSFT,492.89463000746537,495.30479262227396,489.2248119110569,492.76568603515625,24019800,-0.0005632566285092011
2025-11-10,MSFT,495.9594336108676,502.7138582055711,494.729532044403,501.87078857421875,26101500,0.018477549872279342
2025-11-11,MSFT,500.68058840039413,505.441436360325,498.2505996850444,504.5289306640625,17980000,0.005296467039644481
2025-11-12,MSFT,505.203338237195,507.494515261433,495.0469117437556,506.9688415527344,26574900,0.00483601779874232
2025-11-13,MSFT,506.1455939798088,509.3095642884979,497.1992129195551,499.1828918457031,25273100,-0.015357846614763582
2025-11-14,MSFT,494.1641988801248,507.4250879884235,493.38063720960855,506.01666259765625,28505700,0.013689913784275864
2025-11-17,MSFT,504.3008205535495,507.94085467406336,500.7897001462128,503.3486328125,19092800,-0.00527261250935851
2025-11-18,MSFT,491.32749949419616,498.8754133867433,482.8076023204449,489.7604064941406,33815100,-0.02699565556070771
2025-11-19,MSFT,486.1005289347495,491.14898819063853,478.88983663624714,483.14483642578125,23245300,-0.013507768248796848
2025-11-20,MSFT,489.60385435710714,490.45844852333465,472.50235794747454,475.41387939453125,26802500,-0.01600132392688336
2025-11-21,MSFT,475.48346109105705,475.9008266883901,465.31794169549005,469.1436767578125,31769200,-0.013188934754501114
2025-11-24,MSFT,472.0055061050608,473.89352206444323,465.0694984877541,471.0118103027344,34421000,0.00398200729855791
2025-11-25,MSFT,471.08136597664605,476.12932719889915,461.9592459889855,473.9829406738281,28019800,0.006307974250548298
2025-11-26,MSFT,483.24419169180504,485.2315832491155,478.16642081896737,482.4393005371094,25709100,0.01784106375486738
2025-11-28,MSFT,484.5260924315005,489.5243812398697,483.5820692635899,488.9082946777344,14386700,0.01340892861220655
2025-12-01,MSFT,485.3608038657598,486.77183499200703,481.59468809959253,483.6715087890625,23964000,-0.010711182333537073
2025-12-02,MSFT,483.6516286444489,490.38888506208144,483.2541563831954,486.91094970703125,19562700,0.006697605418353403
2025-12-03,MSFT,473.3171775583083,481.18723109312356,472.2042431453193,474.7182922363281,34615100,-0.025040836477469464
2025-12-04,MSFT,476.7355071807625,478.2856702042714,473.4861025034468,477.8086853027344,22318200,0.006509951516399104
2025-12-05,MSFT,479.47806435073966,480.35252146637674,475.8610275749173,480.1140441894531,22608700,0.004824857642045766
2025-12-08,MSFT,481.8331998835391,489.1964595164875,481.32640529111774,487.9245300292969,21965900,0.016267980356687417
2025-12-09,MSFT,486.01663804004494,489.0175885389743,485.4204144751398,488.918212890625,14696100,0.0020365503272985475
2025-12-10,MSFT,480.97857754952304,481.19719183884354,472.084987996716,475.5430603027344,35756200,-0.027356625781667865
2025-12-11,MSFT,473.6252433732215,482.96597801292137,472.86007818396723,480.422119140625,24669200,0.010259972745232826
2025-12-12,MSFT,476.79515128743174,479.4085762318817,473.3370788032073,475.5132751464844,21248100,-0.01021777265984658
2025-12-15,MSFT,477.0733729131614,477.6894594742654,469.5411415575728,471.82666015625,23727700,-0.007752917074920096
2025-12-16,MSFT,468.93498123657525,474.87729294411884,467.9114757916915,473.3867492675781,20705600,0.0033064878335011816
2025-12-17,MSFT,473.903466892556,476.9739832708393,472.0055042784347,473.1184387207031,24527200,-0.0005667893055522066
2025-12-18,MSFT,475.1754171439269,486.51349034093164,474.87732052138307,480.9289245605469,28573500,0.01650852133550962
2025-12-19,MSFT,484.2875835443981,484.7745151206103,479.44828972039977,482.856689453125,70836100,0.004008419527562479
2025-12-22,MSFT,483.05539282771,485.6489546100234,479.6470235443271,481.86297607421875,16963000,-0.0020579882201315902
2025-12-23,MSFT,481.9226163967179,484.7546252629152,481.6841087754749,483.78082275390625,14683600,0.003980066481372724
2025-12-24,MSFT,482.61817584356095,486.0762481946253,481.77352833631136,484.94342041015625,5855900,0.0024031495288134863
2025-12-26,MSFT,483.64171061957336,485.04282544173617,482.8964387136479,484.6354064941406,8842200,-0.0006351543356442058
2025-12-29,MSFT,481.80333660098637,485.27135560420123,481.1276307272214,484.02923583984375,10893400,-0.0012507766584408664
2025-12-30,MSFT,482.8666136001516,486.5929730105466,482.43933166580535,484.4068603515625,13944500,0.0007801688074968727
2025-12-31,MSFT,484.7645645601486,485.06269150087525,480.25317705215497,480.5711669921875,15601600,-0.007918329968719329
2026-01-02,MSFT,481.3363251826272,481.6046121327098,467.1960229709088,469.95849609375,25571600,-0.022083453247643603
2026-01-05,MSFT,471.071443053882,473.0687813775576,466.5401924921144,469.86907958984375,25250300,-0.00019026468219951465
2026-01-06,MSFT,470.81304872472026,475.7219083069673,466.78859294331005,475.4933776855469,23037700,0.01196992596451052
2026-01-07,MSFT,476.73551614076564,486.6128550141313,474.936929133209,480.422119140625,25564200,0.010365531227939817
2026-01-08,MSFT,478.20618966596595,479.6172511411785,472.86010104573086,475.0959167480469,18162600,-0.01108650534680955
2026-01-09,MSFT,471.07145138115897,476.7951491709672,469.2231916595613,476.258544921875,18491000,0.0024471441088909085
2026-01-12,MSFT,473.6649886945649,477.95773148860775,472.68120923483104,474.1717529296875,23519900,-0.00438163685342341
2026-01-13,MSFT,471.68751939768345,472.7805908527595,463.01257439213845,467.70281982421875,28545800,-0.013642594830881816
2026-01-14,MSFT,463.51936213123724,465.24841354789686,454.2879494306214,456.4840087890625,28184300,-0.023987050237098684
2026-01-15,MSFT,461.1940901109254,461.32327541703046,453.02590941718984,453.7811279296875,23225800,-0.005921085530564474
2026-01-16,MSFT,454.94376661538865,460.2699922453042,453.6023014516422,456.9609680175781,34246700,0.007007431319143276
2026-01-20,MSFT,448.37541805572727,453.92022725149957,446.44764578645413,451.65460205078125,26130000,-0.011612295881237578
2026-01-21,MSFT,449.74670883889326,449.8361378186282,435.9144504613163,441.3102111816406,37980500,-0.02290332218950264
2026-01-22,MSFT,444.79810039972057,449.9851935867555,441.89652570286836,448.2959289550781,25349400,0.015829494982073422
2026-01-23,MSFT,449.02131930234236,468.1301005814363,447.6897705604439,463.0125732421875,38000200,0.03282796772527474
2026-01-26,MSFT,462.3766075757791,471.2602507862521,459.0874767807031,467.3152770996094,29291200,0.00929284452750978
2026-01-27,MSFT,470.7137217228436,479.82589540353166,470.17711748937944,477.5503234863281,29213900,0.021901801392504305
2026-01-28,MSFT,480.1637149068934,480.69037244143027,474.9865685400099,478.59368896484375,36875400,0.002184828335783706
2026-01-29,MSFT,437.2162272399066,439.7104135269112,418.36581575660404,430.76715087890625,128855300,-0.0999314014971282
2026-01-30,MSFT,436.4013853645445,436.8286672682951,423.7615739365565,427.5773620605469,58566800,-0.007404902652978884
2026-02-02,MSFT,427.5276741085398,428.02452201181774,419.58805431821895,420.70098876953125,42219900,-0.016082173429101898
2026-02-03,MSFT,419.34957819955315,419.3893041977899,405.9843574339844,408.6176452636719,61424100,-0.028721927992612528
2026-02-04,MSFT,408.4089957411405,417.15350712085007,406.6600813351222,411.5788879394531,45012400,0.007246976996968524
2026-02-05,MSFT,404.87144402823185,405.7260079125925,389.8467674620769,391.1882629394531,66289200,-0.04954244641187633
2026-02-06,MSFT,396.6535630940219,399.25704122003975,390.4429643868461,398.61114501953125,53515300,0.018975216751907054
2026-02-09,MSFT,402.2977759502542,412.2744908996196,398.3428555009064,410.99261474609375,45480500,0.031061524197864232
2026-02-10,MSFT,416.9746165751398,421.009018998737,410.09825878894065,410.6646423339844,44857900,-0.0007980007434245096
2026-02-11,MSFT,413.5563153661985,413.8345489802859,398.4819668946231,401.8207702636719,42491000,-0.02153550892535805
2026-02-12,MSFT,402.44681466699853,403.6392618034954,395.50089045865866,399.3067321777344,40802400,-0.006256615565909618
2026-02-13,MSFT,401.90028127287496,402.98340606348665,395.54060384789733,398.7900085449219,34091600,-0.0012940518933762801
2026-02-17,MSFT,396.7032617740463,397.9950542597942,392.04282577248057,394.3581237792969,32078800,-0.011113329498388835
2026-02-18,MSFT,395.6201070500213,400.02217209191446,393.8215201082963,397.0808410644531,23223400,0.006904174457123657
2026-02-19,MSFT,399.07278661262325,402.7976819572589,395.0690225854118,396.8517761230469,28234000,-0.0005768723083999783
2026-02-20,MSFT,394.51123443489973,398.5050592846536,393.56508699389525,395.6267395019531,34015200,-0.0030868870817751803
2026-02-23,MSFT,393.405742102137,393.7642745182822,381.55377772275136,382.9182434082031,43238300,-0.032122439726264385
2026-02-24,MSFT,382.5895619940176,387.78846403174964,380.1693467763097,387.429931640625,33884700,0.011782379946865706
2026-02-25,MSFT,388.95376053046306,399.84960746436826,388.5852587696308,398.9831237792969,43625500,0.02982008150415294
2026-02-26,MSFT,403.0765245044552,405.8453028142193,397.1306190557743,400.0986022949219,34405900,0.002795803754952919
2026-02-27,MSFT,389.30236795593413,395.2183958601928,388.30640407164015,391.15484619140625,51367200,-0.022353879899142948
2026-03-02,MSFT,391.2743390590049,399.57073485574693,389.0533591512552,396.9413757324219,35474900,0.014793449697371397
2026-03-03,MSFT,391.5532542396072,405.05852201627056,391.0851500003899,402.2996826171875,38199200,0.013498988042953908
2026-03-04,MSFT,399.6504140582061,409.3710312257941,398.69429724653685,403.5645751953125,35808000,0.0031441550485353797
2026-03-05,MSFT,402.78771732924594,409.9486695143622,402.7677785996419,409.0224304199219,39001300,0.013524118716237599
2026-03-06,MSFT,407.54843921074234,411.38287590243635,406.8612216895844,407.30938720703125,31123900,-0.004188140027264309
2026-03-09,MSFT,403.2857003455267,408.55432729115563,401.8714182880504,407.757568359375,30131900,0.0011003457480245338
2026-03-10,MSFT,408.37506928692744,408.5443965203919,401.30371964643086,404.122314453125,31706400,-0.008915233433622216
2026-03-11,MSFT,403.9330670994013,407.35918518479474,399.96912002302975,403.245849609375,25512100,-0.002168810809014765
2026-03-12,MSFT,402.9968458288957,404.4808221962511,400.0886180975,400.2380065917969,27263900,-0.007459079914875377
2026-03-13,MSFT,399.3815063856616,403.16615688192843,392.65875035547907,393.9534912109375,26848000,-0.015701945535794515
2026-03-16,MSFT,396.4633374914087,399.01300251860397,393.1965772756644,398.33575439453125,27733700,0.011123808473237462
2026-03-17,MSFT,398.6544574759768,402.7677932271478,396.1446394015159,397.7979431152344,26228300,-0.0013501456330836659
2026-03-18,MSFT,395.5271224277118,396.3936061005556,389.42185925959103,390.20867919921875,25908500,-0.019078187927726864
2026-03-19,MSFT,388.52551763585893,390.90585551603124,385.4977789148814,387.4498596191406,25138800,-0.0070701133192110355
2026-03-20,MSFT,385.2288602760525,385.43800417098345,378.58576812261686,380.3287048339844,50853200,-0.01837955185260942
2026-03-23,MSFT,382.3505545919761,385.64719283721575,380.1395134056624,381.4541931152344,29680100,0.002959251476275737
2026-03-24,MSFT,380.8167328036651,380.9263046350485,370.34917314154325,371.2355651855469,42733600,-0.02678861083223305
2026-03-25,MSFT,375.39872248264555,375.5381416220395,368.13813722010167,369.5424499511719,31181200,-0.00456075708567627
2026-03-26,MSFT,369.32332012922615,373.2075730440749,363.7160388213271,364.4928894042969,36836600,-0.01366435858056958
2026-03-27,MSFT,360.43934753557875,360.9871459448897,355.07111764854045,355.3300476074219,37883400,-0.025138602324588977
2026-03-30,MSFT,360.43933630538186,363.88536295562653,354.84202394218255,357.5111999511719,44797000,0.006138384182358347
2026-03-31,MSFT,363.07862179545566,371.3949263066763,361.6046146993887,368.67596435546875,45244400,0.031229131858866888
2026-04-01,MSFT,371.98254731341393,372.48052926345224,366.7139201659809,367.8791809082031,29417200,-0.002161202585198585
2026-04-02,MSFT,365.7278929006101,372.1319638369453,362.680245817395,371.9526672363281,24099100,0.011072891697944343
2026-04-06,MSFT,371.9825539180967,372.22160592655575,368.0086676124431,371.3750305175781,16146600,-0.0015529844779497148
2026-04-07,MSFT,368.8452727581139,370.9467724245638,365.080530373921,370.78741455078125,21443300,-0.001582271069699881
2026-04-08,MSFT,383.4261612830284,383.44606961738685,369.91092498913014,372.8191223144531,33064800,0.005479441005659114
2026-04-09,MSFT,370.9965328148009,371.9924966612836,365.5685176937085,371.5642395019531,30435300,-0.0033659293136836244
2026-04-10,MSFT,371.47460743717505,374.1238749235223,368.5365019241105,369.37310791015625,28111100,-0.005897046483089641
2026-04-13,MSFT,372.10205289266787,382.98796126737693,369.5225100750242,382.8186340332031,35745800,0.03640093400171751
2026-04-14,MSFT,386.3543213772784,393.09698589720546,384.95994763093,391.5233459472656,37504500,0.02273847493355685
2026-04-15,MSFT,396.3936283702306,412.69755239260473,395.1287651714373,409.5602722167969,45063400,0.04606858430342653
2026-04-16,MSFT,418.16537187855886,419.12151906860663,410.4765600541581,418.56378173828125,41642400,0.021983356619898142
2026-04-17,MSFT,423.10539315661504,429.83808848207923,418.99205736838906,421.0835876464844,48568200,0.006020124096113744
2026-04-20,MSFT,419.4501847919345,421.6213787702164,414.6197538627068,416.38262939453125,27582200,-0.011163955067039488
2026-04-21,MSFT,418.5438369146158,425.45582843737157,415.516128706763,422.4480285644531,32048500,0.014566888101796405
2026-04-22,MSFT,424.4698510786937,431.9495495900464,421.9600330275293,431.1726989746094,29378200,0.020652647947734692
2026-04-23,MSFT,418.19529609754903,421.9500690544079,409.7495112929088,414.0719909667969,38308000,-0.039660924841671163
2026-04-24,MSFT,415.28707116170386,423.23487407473965,414.12178001797366,422.90618896484375,27457400,0.021334932549821328
2026-04-27,MSFT,420.6752229306716,425.38611256831246,415.3866572294081,423.1053771972656,30867300,0.00047099862243538126
2026-04-28,MSFT,422.8563830057505,428.1847957314844,420.197146128082,427.5174865722656,30438100,0.01042792082725752
2026-04-29,MSFT,422.8663369761165,425.0973167681131,418.59367375245296,422.746826171875,38288300,-0.011158983083103036
2026-04-30,MSFT,409.15192465494977,412.74737011555624,396.4035989759817,406.1341552734375,70909400,-0.0392969736730403
2026-05-01,MSFT,411.1338775963461,415.4264794885345,408.7834174283456,412.76727294921875,31372400,0.016332331545263257
2026-05-04,MSFT,409.87897009526375,419.0816663151199,409.14193618030583,411.9505615234375,28066500,-0.001978624467840806
2026-05-05,MSFT,413.6437044066962,415.09780308537887,407.1500007946646,409.7196044921875,25700900,-0.005415594101873977
2026-05-06,MSFT,406.3532485673598,416.73120520087787,403.4748984673602,412.2891845703125,30285900,0.0062715575480205565
2026-05-07,MSFT,418.41437649189606,426.25263786097554,417.06984955189336,419.07171630859375,34942400,0.01645090871192756
2026-05-08,MSFT,415.70537649227293,416.9403619714099,412.32904436576047,413.44451904296875,33383800,-0.01342776676792301
2026-05-11,MSFT,406.22377045102496,411.02432350049145,403.86334099070683,410.99444580078125,35657900,-0.005926002472735337
2026-05-12,MSFT,412.8071154720842,413.8229876767416,404.9987623844293,406.1241760253906,38594200,-0.011849964945150004
2026-05-13,MSFT,401.57265715241186,404.6700902960666,399.41140211310335,403.57452392578125,29667100,-0.006278011135810724
2026-05-14,MSFT,402.8474630718804,410.17774231087935,399.2619871856725,407.7774658203125,27077500,0.010414289419577338
2026-05-15,MSFT,412.5979239362014,426.4418454559798,411.2434277199191,420.2170715332031,50771200,0.030505868410031667
2026-05-18,MSFT,414.93848271907115,423.40417602339767,413.9325494355234,421.83056640625,32564100,0.003839669976186011
2026-05-19,MSFT,428.16486989475214,430.9535870211983,414.808990493047,415.7352600097656,33018700,-0.014449655577149945
2026-05-20,MSFT,412.49835957243755,420.3963455784958,409.63991780241736,419.36053466796875,27864000,0.008720151997975822
2026-05-21,MSFT,423.9518891931334,425.5388979071037,414.92886694253497,418.3025207519531,31393500,-0.00252292199325177
2026-05-22,MSFT,418.7517174636334,423.60257118762803,415.54772693408205,417.7835388183594,22390300,-0.0012406856469829863
2026-05-26,MSFT,415.6475333356961,418.9812539216563,412.24393696715845,415.248291015625,30398000,-0.0060683286131975045
2026-05-27,MSFT,410.23773822181624,415.15846763645,408.8104019854481,411.8946228027344,28901500,-0.008076296243599512
2026-05-28,MSFT,412.2040283766931,428.68298564682067,411.89461329838434,426.18768310546875,47250500,0.0347007693508532
2026-05-29,MSFT,431.7372486144539,449.48383969057267,431.54760317786213,449.3940124511719,79654400,0.054450962018909976
2026-06-01,MSFT,463.96658383705716,465.4438139523178,457.40892124774234,459.6546936035156,53628900,0.022832260484241695
2026-06-02,MSFT,446.0403151791343,452.64787129328397,439.6024225764256,440.48077392578125,37036800,-0.04171374717707821
2026-06-03,MSFT,437.62618910935214,439.56254639446627,423.45285793258154,426.53704833984375,39037000,-0.03165569625585285
2026-06-04,MSFT,434.9911260035114,435.33048350032107,425.60879436274143,427.2456970214844,26899500,0.001661400069229213
2026-06-05,MSFT,427.5351398188391,428.66302140752947,413.6213308264138,415.8870849609375,34782200,-0.02658566754383418
2026-06-08,MSFT,413.3618539280056,416.37616844333525,407.79232157753756,410.9663391113281,32086700,-0.011831927529251218
2026-06-09,MSFT,408.26144336727174,411.20591258759293,397.7312786929967,402.6520080566406,35317300,-0.02023117288064602
2026-06-10,MSFT,397.80110870103243,404.2789346443135,396.41373636313654,396.61334228515625,32576000,-0.014997232475331246
2026-06-11,MSFT,394.46741202742857,396.1043451719433,383.278483574852,389.6065673828125,47224100,-0.017666513340103496
2026-06-12,MSFT,390.6945042817559,391.003919361718,381.55171206615995,390.00579833984375,34865800,0.001024702842441938
2026-06-15,MSFT,396.05442037645633,400.99513175706005,392.11186050588947,399.0088806152344,32266400,0.02308448313772371
2026-06-16,MSFT,395.0463355104342,396.094350419825,389.9559121071713,393.0899963378906,31506800,-0.014833966272172594
2026-06-17,MSFT,389.51671695343225,389.6364865987809,376.6110198431126,378.1980285644531,41987800,-0.03788437231212749
2026-06-18,MSFT,377.11008548581106,380.6534028700893,372.5786075934489,378.6871032714844,59714200,0.0012931709583141604
2026-06-22,MSFT,375.0339909424311,380.9129385065033,366.3802985575179,366.6497802734375,45171100,-0.031786989559602685
2026-06-23,MSFT,371.6802994138851,376.51120135394876,369.9735210485466,373.23736572265625,40647600,0.017966969581451497
2026-06-24,MSFT,370.87185096853153,378.16811350773463,364.09460041679364,364.7733154296875,44509900,-0.022677392646850314
2026-06-25,MSFT,362.0883479855026,363.5456265920902,348.54386902384044,352.1670227050781,66179000,-0.0345592514347155
2026-06-26,MSFT,356.4789138154501,375.90234020580533,354.762144454129,372.2691955566406,186201600,0.057081360705363515
2026-06-29,MSFT,376.790685328561,379.7850483907747,359.2237492715265,367.8774719238281,51229900,-0.011797171738171075
2026-06-30,MSFT,370.3328407149792,373.44697342275583,366.7595808670141,372.319091796875,44945700,0.012073639219654542
2026-07-01,MSFT,380.1144231011508,388.09939143880604,374.18561213385976,383.5579528808594,48065800,0.030186099320729687
2026-07-02,MSFT,383.7575696594082,391.4630649298244,382.97903650468743,389.7562561035156,42128900,0.016160017478718647
2026-07-06,MSFT,386.31276024010407,388.418780928489,380.5036887115837,386.0133056640625,34224500,-0.009603310738029669
2026-07-07,MSFT,391.75251064257776,394.8267404517197,387.4905448392632,388.109375,29297500,0.005430044263193601
2026-07-08,MSFT,383.3084264217563,384.58602015004215,380.6134873969759,382.6197204589844,25908300,-0.014144606893393474
2026-07-09,MSFT,373.74643420118315,383.92725049460796,372.64849496928053,383.6377868652344,31083200,0.0026607787100694225
2026-07-10,MSFT,387.07131223677504,391.1736053926777,380.783162110783,384.37640380859375,24644600,0.001925297686118821
2026-07-13,MSFT,387.02143811329415,392.91034623109437,383.4281962321871,390.2553405761719,28914900,0.015294738983264056
2026-07-14,MSFT,382.1007052927433,387.46061042423804,377.93852713765,384.20672607421875,27863900,-0.015499120378526965
2026-07-15,MSFT,387.07132248997675,398.2103568181361,385.6739591427675,394.8866271972656,36253700,0.02779727786697772
2026-07-16,MSFT,397.56157784187184,405.2271399033625,391.31333055964967,400.3463439941406,37047400,0.013826036185691448
2026-07-17,MSFT,394.1180409920291,397.64143734197864,388.6583483977542,393.08001708984375,33049800,-0.01815010181385157
2026-07-20,MSFT,390.67455694621333,402.4224305318551,388.91785418191677,401.53411865234375,27915800,0.02150732979277281
2026-07-21,MSFT,398.0606303262699,400.7156358198418,395.57531880381754,397.00262451171875,24126600,-0.011285452294400034
2026-07-22,MSFT,398.8291961465565,400.246541441447,386.2329133568751,389.6065673828125,28142500,-0.01862974366480019
2026-07-23,MSFT,389.23725659651495,391.04385321150613,376.68090752842744,380.8630065917969,30351800,-0.022442026195170772
2026-07-24,MSFT,386.32274187573427,388.29903252889795,379.9347732203772,380.9828186035156,27659400,0.0003145803337292197
2026-07-27,MSFT,389.3470355932277,393.45931979821836,387.2609663085435,388.368896484375,27856200,0.019386905446111324
2026-07-28,MSFT,392.4212554523594,399.56780545733704,390.5647345556998,392.61090087890625,32367500,0.01092261618510415
2026-07-29,MSFT,392.6607942930367,400.4960502148319,388.00954678983055,389.8061828613281,47209000,-0.007143759919297832
2026-07-30,MSFT,437.07720086969465,457.8281459885008,431.6274684759506,450.2524108886719,110160700,0.15506739165511707
2026-07-31,MSFT,449.1544591210436,465.962813447145,448.4857046349594,463.8468017578125,60846000,0.030192821938052727
2026-08-03,MSFT,475.2353605631651,490.7261876465455,474.10747895013026,486.73370361328125,66762100,0.04934151053480518
2026-08-04,MSFT,479.99640781848416,498.50158065157444,478.2696778930625,491.884033203125,50455500,0.010581411460949042
2026-08-05,MSFT,495.42733843271316,497.3038108374591,484.7674131728324,486.5440673828125,33388900,-0.010856147912626679
2026-08-06,MSFT,487.6319998350186,500.61756372489685,487.60205742358346,498.9207458496094,36441500,0.025437939328646575
2026-08-07,MSFT,498.2719734340298,504.23075699317457,497.79289485093346,499.0505065917969,28846200,0.00026008287542045316
2026-08-10,MSFT,502.4940586092805,512.7647021753171,501.32624359045303,505.109130859375,31206100,0.012140302810139891
2026-08-11,MSFT,503.3823542433026,504.38047525067043,498.61133704649393,502.86334228515625,23049800,-0.0044461452724045
2026-08-12,MSFT,499.0505227551261,500.557695253814,490.59643643442394,491.5047302246094,29001500,-0.022587870511558972
2026-08-13,MSFT,492.34314786956145,500.3979918654044,492.0836571155829,495.9463806152344,23039000,0.00903684159579754
2026-08-14,MSFT,495.42733437790497,499.07050046550256,492.991947114923,494.4691467285156,16217600,-0.002978616125570266
2026-08-17,MSFT,489.21906226283284,491.73431632358415,477.51109147171053,479.44744873046875,29635800,-0.03037944449604746
2026-08-18,MSFT,480.6352093836093,483.36006030134655,476.2534434403709,480.72503662109375,24087600,0.002664708914413838
2026-08-19,MSFT,479.16797047398614,488.3806080919379,478.4592826108848,483.3999938964844,19961900,0.0055644226358424476
2026-08-20,MSFT,483.29998779296875,484.1600036621094,479.5,481.1499938964844,20020800,-0.004654530468367835
2026-08-21,MSFT,479.8800048828125,486.3599853515625,478.5299987792969,483.239990234375,22510800,0.004343752186226402
2026-08-24,MSFT,483.2099914550781,490.6099853515625,481.8599853515625,487.30999755859375,17230800,0.00842233136012771
2026-08-25,MSFT,485.44000244140625,492.44000244140625,484.29998779296875,491.7099914550781,19519000,0.009029147603226262
2026-08-26,MSFT,487.8500061035156,497.3999938964844,487.30999755859375,496.3699951171875,20758900,0.00947713844154241
2026-08-27,MSFT,494.8800048828125,506.4800109863281,490.0799865722656,505.05999755859375,28688800,0.017507106648045223
2026-08-28,MSFT,505.3299865722656,517.780029296875,504.8699951171875,513.530029296875,29207300,0.01677034764032892
2026-08-31,MSFT,510.3800048828125,512.1900024414062,506.3900146484375,507.2900085449219,27208900,-0.012151228547426784
2026-09-01,MSFT,497.5199890136719,505.9700012207031,496.7799987792969,501.0199890136719,21046900,-0.012359832493516909
2026-09-02,MSFT,499.8500061035156,500.2699890136719,493.80999755859375,496.82000732421875,15336100,-0.008382862523551915
2026-09-03,MSFT,501.6600036621094,515.6500244140625,500.79998779296875,510.1199951171875,24125900,0.026770233881280303
2026-09-04,MSFT,510.0,511.0,499.3599853515625,499.70001220703125,18101800,-0.020426532992031676
2026-09-08,MSFT,493.010009765625,495.19000244140625,490.1499938964844,493.95001220703125,18882300,-0.01150690386138653
2026-09-09,MSFT,493.07000732421875,494.3900146484375,489.79998779296875,491.6499938964844,12889600,-0.004656378689556262
2026-09-10,MSFT,488.32000732421875,494.5199890136719,486.0,492.44000244140625,16038800,0.001606851530009834
2026-09-11,MSFT,495.6499938964844,498.9700012207031,492.5799865722656,495.6300048828125,14510500,0.006477951477521948
2026-09-14,MSFT,497.05999755859375,509.95001220703125,495.3399963378906,505.4100036621094,23091900,0.019732459058061425
2026-09-15,MSFT,500.05999755859375,505.8999938964844,495.5400085449219,497.1199951171875,17794600,-0.01640254147099185
2026-09-16,MSFT,493.0299987792969,495.9700012207031,487.2300109863281,490.29998779296875,16670300,-0.013719036432262244
2026-09-17,MSFT,497.79998779296875,501.4700012207031,493.1700134277344,497.75,17841600,0.015194803982285787
2026-09-18,MSFT,497.9700012207031,498.6499938964844,491.1000061035156,493.7799987792969,39622300,-0.007975893964245362
2026-09-21,MSFT,494.95001220703125,501.8699951171875,491.3299865722656,501.6099853515625,27959900,0.015857237214189634
2026-09-22,MSFT,507.32000732421875,508.5,493.6499938964844,498.0,21652800,-0.007196797226898033
2026-09-23,MSFT,500.760009765625,509.44000244140625,495.8800048828125,500.5899963378906,19445600,0.005200795859218177
2026-09-24,MSFT,495.07000732421875,498.8999938964844,491.2200012207031,497.92999267578125,16657600,-0.00531373715329686
2026-09-25,MSFT,499.0400085449219,519.4000244140625,497.25,516.1699829101562,38193100,0.03663163597829633
2026-09-28,MSFT,505.4700012207031,513.3300170898438,502.2200012207031,509.2200012207031,19626900,-0.013464521222774861
2026-09-29,MSFT,508.30999755859375,513.6400146484375,502.3999938964844,508.9599914550781,21341800,-0.0005106039923838956
2026-09-30,MSFT,511.6099853515625,519.8300170898438,510.30999755859375,512.9000244140625,27223300,0.0077413412156819295
2026-10-01,MSFT,519.8800048828125,522.8499755859375,512.1699829101562,512.7999877929688,19696600,-0.00019504117046598157
2026-10-02,MSFT,519.094970703125,522.5,513.760009765625,513.760009765625,6367424,0.0018721177759539742
2021-10-04,NVDA,20.414085560020563,20.451919028744175,19.46924770779128,19.645471572875977,345635000,
2021-10-05,NVDA,19.862516117895748,20.557455206159453,19.76693642818016,20.361318588256836,279282000,0.03643827091273355
2021-10-06,NVDA,20.03176974378131,20.629137078715868,19.99194424199397,20.60922622680664,297202000,0.012175421619933013
2021-10-07,NVDA,20.99950393304236,21.22849675315436,20.880031234621082,20.982580184936523,256919000,0.01811586490541095
2021-10-08,NVDA,21.00846910302151,21.11300820810894,20.683898444287028,20.739652633666992,151258000,-0.011577582410190468
2021-10-11,NVDA,20.48477154135317,20.970630442278978,20.42105112712711,20.604244232177734,163388000,-0.006528961881909545
2021-10-12,NVDA,20.736660050850766,20.964655885876756,20.437976429822484,20.58034896850586,162134000,-0.0011597253169109978
2021-10-13,NVDA,20.826273496687154,20.897958276834757,20.622172501018817,20.84718132019043,180652000,0.012965394906223615
2021-10-14,NVDA,21.194648710999132,21.659599896985824,21.029376283806112,21.6506404876709,243589000,0.03854042209065067
2021-10-15,NVDA,21.714358431793613,21.834828112212975,21.567008625168985,21.766130447387695,226994000,0.005334251417761227
2021-10-18,NVDA,21.65363014078365,22.193253262535585,21.549089127581535,22.124555587768555,189494000,0.01646710430442533
2021-10-19,NVDA,22.178310762287502,22.280859708119866,21.940360443621927,22.192251205444336,161473000,0.0030597503939562287
2021-10-20,NVDA,22.207188763908334,22.334627718556206,21.885605224072492,22.006074905395508,146276000,-0.008389248045423847
2021-10-21,NVDA,22.000101009958392,22.61140883432753,21.98616246311229,22.592491149902344,187590000,0.02664792549456685
2021-10-22,NVDA,22.72291561933294,23.02856856064082,22.46206541817937,22.626340866088867,249384000,0.0014982728536632184
2021-10-25,NVDA,22.872258622224397,23.25258344955109,22.67014969676888,23.06441307067871,230235000,0.019361159949923712
2021-10-26,NVDA,23.88380198609397,25.148233144137606,23.81908649717466,24.60860824584961,485898000,0.06695141863956633
2021-10-27,NVDA,24.36667082894429,24.979968601996518,24.175511503123126,24.34377098083496,245990000,-0.010761976555879182
2021-10-28,NVDA,24.768905340270393,24.84059010745586,24.415462540776538,24.831628799438477,234204000,0.0200403552509425
2021-10-29,NVDA,24.89136187149755,25.596257241681755,24.890366803732874,25.454879760742188,292503000,0.02509907692071356
2021-11-01,NVDA,25.536522381847643,25.78044692731383,25.11637208457716,25.713741302490234,265740000,0.010169427008933418
2021-11-02,NVDA,25.708763518692347,26.561008706984403,25.686858734167405,26.28522300720215,294112000,0.02222475904961252
2021-11-03,NVDA,26.553046154370787,26.666546557874828,26.119954258485805,26.481361389160156,239910000,0.007461925733111219
2021-11-04,NVDA,27.109593234066324,31.227455386633288,26.999079939655886,29.67031478881836,1153631000,0.12042256260146678
2021-11-05,NVDA,30.054618542304095,31.26229841246148,29.28102556401493,29.62152671813965,851260000,-0.00164433950316889
2021-11-08,NVDA,30.016784643098717,30.963614337249158,29.7758453334055,30.668912887573242,503101000,0.03535895294661473
2021-11-09,NVDA,32.14043393327905,32.16831102221569,29.832598362114123,30.522558212280273,646746000,-0.004772085526131287
2021-11-10,NVDA,29.22726595064239,30.714713791904344,28.65179963773985,29.32981300354004,636206000,-0.039077498040788416
2021-11-11,NVDA,30.334391912355496,30.45585665879576,29.646422105832695,30.256732940673828,332172000,0.031603336067022036
2021-11-12,NVDA,29.87840015502357,30.545462142052177,29.500065470388805,30.256732940673828,413054000,0.0
2021-11-15,NVDA,30.41801508698112,30.5096106816067,29.11873782487469,29.893325805664062,384909000,-0.012010785689331338
2021-11-16,NVDA,29.628497753453818,30.256729228063044,29.57572877826621,30.07054901123047,264484000,0.005928520858419439
2021-11-17,NVDA,30.284610635448647,30.37521308737603,28.673705838544485,29.1326847076416,428508000,-0.031188798822349484
2021-11-18,NVDA,32.225065268536866,32.61633964212017,31.183650744846176,31.53609848022461,781711000,0.08249887700712266
2021-11-19,NVDA,32.10160442864808,32.94290005570085,31.765087317217567,32.84035110473633,533867000,0.041357450267019535
2021-11-22,NVDA,33.37002012110695,34.495065927789035,31.76011228365292,31.815866470336914,754335000,-0.031195909907664188
2021-11-23,NVDA,31.39671157119762,32.218094514763855,30.744583214227514,31.606786727905273,532163000,-0.0065715558187476875
2021-11-24,NVDA,31.323035910804574,32.71092196803006,30.792372310199486,32.53071594238281,435162000,0.02923198813063177
2021-11-26,NVDA,32.45703660205331,32.5665548230208,31.212520168167917,31.364849090576172,283069000,-0.035838954601293715
2021-11-29,NVDA,32.22406792574834,33.265478577950766,31.895513237231377,33.229637145996094,454964000,0.059454711547782146
2021-11-30,NVDA,33.02354533082021,33.20674036434526,31.72426963928221,32.53270721435547,622066000,-0.020973142998180427
2021-12-01,NVDA,33.07737601000796,33.1470772684117,31.24621379716434,31.300979614257812,484368000,-0.03786120816758043
2021-12-02,NVDA,31.080925938871122,32.33953706228623,30.892730624505155,31.989036560058594,472890000,0.021981962043365888
2021-12-03,NVDA,31.863566255273128,31.99201786727533,30.001538266575324,30.5621395111084,544325000,-0.04460581506639727
2021-12-06,NVDA,29.75260913184593,30.11207010956424,27.918463234495462,29.9089412689209,658938000,-0.02137279171669515
2021-12-07,NVDA,30.82501579680724,32.31065524359192,30.520318769347558,32.28874588012695,593053000,0.07956833342272018
2021-12-08,NVDA,31.862576105811538,32.15233582192908,31.28703933130742,31.6903133392334,475551000,-0.018533780875703787
2021-12-09,NVDA,31.598704034532002,32.06769853366914,30.298272298007166,30.360008239746094,488507000,-0.04197828797862824
2021-12-10,NVDA,31.017192866760514,31.17153271430594,29.733688906259296,30.069252014160156,488825000,-0.009576948177678402
2021-12-13,NVDA,30.120032572835907,30.164840789277438,27.996125392567258,28.04093360900879,598344000,-0.06745490058070602
2021-12-14,NVDA,27.58091171127331,28.555738083003572,27.133826502016017,28.2161922454834,667035000,0.006250099904601791
2021-12-15,NVDA,28.278921661014024,30.369969093174348,27.7193173668591,30.329143524169922,698297000,0.07488435222951617
2021-12-16,NVDA,31.01918913294205,31.027154448930762,27.97323064778504,28.265975952148438,707366000,-0.06802590948133114
2021-12-17,NVDA,27.865691608084173,28.798697151084145,27.641650475156073,27.682476043701172,713758000,-0.020643189870219736
2021-12-20,NVDA,27.188586061521594,28.024007803925517,27.029268369795737,27.600820541381836,461847000,-0.0029497181607032186
2021-12-21,NVDA,28.253028750149053,28.995848487605922,27.28417563606335,28.951040267944336,524385000,0.048919550219100216
2021-12-22,NVDA,28.767823731054484,29.42899232103665,28.327706864600266,29.2746524810791,395184000,0.011177913129880812
2021-12-23,NVDA,29.628139385488993,29.930844139118374,29.305521344818228,29.513629913330078,343022000,0.008163288442294414
2021-12-27,NVDA,29.53354337086814,30.954459350604544,29.51362818577578,30.813064575195312,403686000,0.0440282901724105
2021-12-28,NVDA,31.17850318637374,31.19642609485194,29.884044529382255,30.192724227905273,420591000,-0.020132380723643317
2021-12-29,NVDA,30.14393618740853,30.41776338511472,29.240801560831677,29.87309455871582,343139000,-0.010586314331120894
2021-12-30,NVDA,29.699835409860693,30.32715053513794,29.41406024985419,29.459863662719727,308864000,-0.013832878786089076
2021-12-31,NVDA,29.54749135107495,29.9019745214391,29.2059532443293,29.285612106323242,266530000,-0.00591487993262485
2022-01-03,NVDA,29.687889053615017,30.580069009930835,29.658016270092954,29.992584228515625,391547000,0.024140595717298874
2022-01-04,NVDA,30.147920339641463,30.338106033190847,28.228140493093743,29.165128707885742,527154000,-0.027588670396836767
2022-01-05,NVDA,28.825579893631648,29.290589869699456,27.415618321755158,27.48631477355957,498064000,-0.057562370155844755
2022-01-06,NVDA,27.522155008968788,28.31675303433586,26.94960768686295,28.057861328125,454186000,0.020793859026719375
2022-01-07,NVDA,28.02102409273095,28.300826210955492,26.941644095796043,27.130834579467773,409939000,-0.03303982216663037
2022-01-10,NVDA,26.467673635110437,27.351888211869046,25.534668178229204,27.28318214416504,594681000,0.005615292233308589
2022-01-11,NVDA,27.206510950592097,27.94534808174242,26.72457518291045,27.69840431213379,404089000,0.015218978701776908
2022-01-12,NVDA,27.94733620165416,28.473084959973825,27.490293505962637,27.879627227783203,383413000,0.006542720425595894
2022-01-13,NVDA,28.258006149078067,28.35857536952985,26.385025255824416,26.461698532104492,540171000,-0.05085895460846357
2022-01-14,NVDA,26.187875711062546,27.08105283504242,26.098259251810827,26.827138900756836,395832000,0.01381016294962989
2022-01-18,NVDA,26.14804463261415,26.524433344257982,25.660133902473458,25.792566299438477,424270000,-0.038564403201758246
2022-01-19,NVDA,25.96781525631739,26.42983583830402,24.94519334293258,24.960128784179688,488315000,-0.032274319103985816
2022-01-20,NVDA,25.19612032401024,25.46994751510898,23.97534549383341,24.047039031982422,435181000,-0.03658193273329591
2022-01-21,NVDA,23.40678161092132,24.717171038870582,23.163822382731063,23.274349212646484,718958000,-0.032132430870522755
2022-01-24,NVDA,22.234800479522537,23.280323256927787,20.79894871741768,23.272357940673828,913982000,-8.555650490860156e-05
2022-01-25,NVDA,22.44988020196596,22.84518895116685,21.906208409712576,22.22882652282715,664616000,-0.04483995220883341
2022-01-26,NVDA,23.140918549293506,23.954434796117226,22.204925605698346,22.67491340637207,755959000,0.020067945695956046
2022-01-27,NVDA,23.46752162349448,23.89270120895478,21.582590638157097,21.850444793701172,573353000,-0.03636038638362371
2022-01-28,NVDA,21.918155191484143,22.760549101180075,21.20520811526972,22.742626190185547,543774000,0.040831269336062403
2022-01-31,NVDA,23.083165646073763,24.404509712140047,22.953720720505,24.381607055664062,564680000,0.0720664734042813
2022-02-01,NVDA,24.996973791149287,25.03779935981821,23.788148758594023,24.532960891723633,518925000,0.0062077054934903675
2022-02-02,NVDA,25.6840327601272,25.706933518845947,24.448322405650178,25.13438606262207,543419000,0.02451498510729433
2022-02-03,NVDA,24.353725465820713,24.97008589250318,23.678616565700732,23.84589958190918,410178000,-0.051263893118480786
2022-02-04,NVDA,23.869797957184883,24.529971431012495,23.531247360390374,24.21531867980957,354829000,0.015491933807380898
2022-02-07,NVDA,24.26808886721252,25.074634872099356,24.098813592190186,24.62257194519043,376868000,0.016818001479386835
2022-02-08,NVDA,24.255146434255927,25.12243327791411,23.877762561815906,25.000953674316406,410359000,0.015367270728998239
2022-02-09,NVDA,25.51275986295692,26.61105783985489,25.24490764594495,26.591142654418945,524282000,0.06360513286083758
2022-02-10,NVDA,25.884170067648316,26.81020337847118,25.49085371083087,25.713897705078125,513200000,-0.032990118579768524
2022-02-11,NVDA,25.80551006541594,26.040503963564735,23.671646883125344,23.846895217895508,605472000,-0.07260674786047361
2022-02-14,NVDA,23.831959421608797,24.768947532154037,23.653721722186578,24.16353988647461,440424000,0.01327823457459898
2022-02-15,NVDA,24.84262993037753,26.43182609028829,24.67833439160507,26.38204002380371,699869000,0.09181188467219958
2022-02-16,NVDA,26.147047583163317,26.468670452357063,25.443061093040882,26.397972106933594,732676000,0.0006038988310042015
2022-02-17,NVDA,25.520722753594004,25.675062577239103,24.061970694464616,24.402511596679688,810595000,-0.07559143187857931
2022-02-18,NVDA,24.562829258106373,24.87947428103264,23.00151540777712,23.54120445251465,761255000,-0.035295839969285425
2022-02-22,NVDA,22.93679145884349,23.961403708378384,22.90194083125501,23.2902774810791,633422000,-0.01065905408288248
2022-02-23,NVDA,23.700519613094333,24.052015226751326,22.205919711751882,22.29155158996582,566511000,-0.042881665618824893
2022-02-24,NVDA,20.92540691455172,23.698533574396834,20.800939822460943,23.64675521850586,735801000,0.06079449530781256
2022-02-25,NVDA,23.619872153634248,24.113755971900215,23.281321506147055,24.054012298583984,528866000,0.01722253545211183
2022-02-28,NVDA,23.88971413278726,24.559845228253224,23.605929341272788,24.281038284301758,477319000,0.009438175340549693
2022-03-01,NVDA,24.187436042997348,24.273069823879005,23.03337702743395,23.37690544128418,412056000,-0.03723616891630699
2022-03-02,NVDA,23.658748421485516,24.309075054496567,23.31914479926627,24.120847702026367,389642000,0.03182381272023993
2022-03-03,NVDA,24.162677458354135,24.226416539633046,23.372924502534758,23.61692237854004,365095000,-0.0208916921043365
2022-03-04,NVDA,23.288275695324913,23.58306351436936,22.38996771003813,22.84210968017578,431415000,-0.03280752190930292
2022-03-07,NVDA,22.723596178824522,22.938713469563773,21.242683821437815,21.26459312438965,450821000,-0.06906177134571889
2022-03-08,NVDA,21.22176551078603,22.281408900955046,20.56546292122889,21.425926208496094,557467000,0.007586934918656141
2022-03-09,NVDA,22.29534871623843,23.124938669540057,22.155922471831474,22.919782638549805,492742000,0.0697219067925916
2022-03-10,NVDA,22.438767569291258,22.6947154875098,21.792424138907304,22.565248489379883,428066000,-0.01546847781067584
2022-03-11,NVDA,22.927751696595113,23.050249252253458,21.955747421099613,22.0095272064209,367209000,-0.02462730615266784
2022-03-14,NVDA,21.7794765189099,22.170867384126904,21.072383887534045,21.24268341064453,385354000,-0.034841447914094825
2022-03-15,NVDA,21.429912197555932,22.943690284803075,21.234715406611926,22.878955841064453,491996000,0.07702757692090811
2022-03-16,NVDA,23.403796625061247,24.49630589121448,23.077140259936503,24.395719528198242,671422000,0.06629514465915509
2022-03-17,NVDA,24.021260266549067,24.74030282145656,23.808135623978337,24.664615631103516,471941000,0.011022265713231505
2022-03-18,NVDA,24.697482775125827,26.460237571454236,24.523199913712308,26.344711303710938,730719000,0.06811765071614273
2022-03-21,NVDA,26.398489377058596,27.040849423539733,25.860699040597943,26.62455940246582,591727000,0.010622553252859657
2022-03-22,NVDA,26.61758672052766,27.12649641555455,25.96526931574627,26.41541862487793,547007000,-0.007855182668995542
2022-03-23,NVDA,26.019042949245076,26.503053388167388,25.470299979681194,25.5290584564209,502120000,-0.03355465158603477
2022-03-24,NVDA,26.058885884967737,28.20406749144338,25.800945365640167,28.03476333618164,877379000,0.09815108865209732
2022-03-25,NVDA,27.77184415178732,28.241912070470075,27.159361974596653,27.578638076782227,579016000,-0.0162699878693372
2022-03-28,NVDA,27.64237917989263,28.13435643593802,27.094629507787083,28.103483200073242,425494000,0.019030857210199592
2022-03-29,NVDA,28.577532381283703,28.827504327820737,27.865459189769126,28.538692474365234,488984000,0.015485954932834112
2022-03-30,NVDA,28.188131660804462,28.379345100642087,27.390410153130244,27.576644897460938,463487000,-0.03371028920713348
2022-03-31,NVDA,27.668271007248077,28.13236299140276,27.158367800089522,27.174301147460938,523440000,-0.01459001816559069
2022-04-01,NVDA,27.262931780225625,27.383436717189806,26.159467926180007,26.602645874023438,517235000,-0.021036613612818278
2022-04-04,NVDA,26.618588252191664,27.44519053027974,26.504059238307626,27.248001098632812,397120000,0.024259061586033415
2022-04-05,NVDA,27.142430269538746,27.207164711525582,25.714300606563835,25.824846267700195,436615000,-0.05222969662182031
2022-04-06,NVDA,24.83192419404275,25.196425073376112,23.904735802768805,24.30708122253418,703833000,-0.05877150359126526
2022-04-07,NVDA,24.340944116539315,24.620793903525843,23.3818870718976,24.108898162841797,557992000,-0.008153305527635935
2022-04-08,NVDA,23.819090390264524,23.825066344638063,22.967590974113833,23.024356842041016,524781000,-0.04498510522858934
2022-04-11,NVDA,22.123063188914138,22.228628253478472,21.571330249174363,21.82727813720703,575207000,-0.05199184120740319
2022-04-12,NVDA,22.44473805178245,22.631968138584455,21.1948747421812,21.415966033935547,662258000,-0.01884394841564585
2022-04-13,NVDA,21.639050491837658,22.407889437860018,21.36716738576446,22.112104415893555,516943000,0.03250557928859776
2022-04-14,NVDA,22.412863523609442,22.683751214842136,21.07635862395391,21.170969009399414,569097000,-0.042562000829630686
2022-04-18,NVDA,21.11321129596641,21.9975745504491,20.992706362195054,21.693824768066406,525701000,0.02469682698202691
2022-04-19,NVDA,21.631089889448173,22.28141675426584,21.226751687637346,22.107133865356445,512781000,0.019051923840485596
2022-04-20,NVDA,22.42482103543778,22.57719456880331,21.11321307776146,21.394058227539062,468974000,-0.03225545392543294
2022-04-21,NVDA,21.620126067181815,22.300330524281193,19.918122835592186,20.100374221801758,656209000,-0.060469313113864276
2022-04-22,NVDA,20.219884332875687,20.402135741058334,19.42017210608827,19.435110092163086,624713000,-0.03309710169062907
2022-04-25,NVDA,19.12339284572606,19.863351272784346,19.01782777863427,19.820528030395508,641566000,0.019831013892112503
2022-04-26,NVDA,19.637285372225445,19.706998525410906,18.593574994286346,18.711091995239258,653143000,-0.055974090773711405
2022-04-27,NVDA,18.52186245193841,19.088533303599878,18.215124690050864,18.33961296081543,499460000,-0.019853412858979347
2022-04-28,NVDA,18.88935323961421,19.954974541798094,18.414306664090166,19.701017379760742,570327000,0.0742329961844943
2022-04-29,NVDA,19.322570499448265,20.04559815796076,18.441193376572677,18.471071243286133,500435000,-0.062430589891167676
2022-05-02,NVDA,18.46509770793821,19.493867882415657,18.315712153889976,19.45303726196289,572049000,0.05316237514019018
2022-05-03,NVDA,19.320580585935083,19.743841875684236,19.0546734235437,19.521753311157227,475751000,0.0035324072158489095
2022-05-04,NVDA,19.841438581021603,20.316485100829365,18.67423569064355,20.250755310058594,648855000,0.03734305967716134
2022-05-05,NVDA,19.78567397204199,19.843435208726394,18.424269280704653,18.766860961914062,626331000,-0.07327600010096802
2022-05-06,NVDA,18.65930381957469,19.43212631898755,17.91635729877483,18.598552703857422,633297000,-0.00896837560624597
2022-05-09,NVDA,17.960173412210224,18.180267458938104,16.75811385880719,16.880611419677734,644455000,-0.09236962206330057
2022-05-10,NVDA,17.61658525253339,18.12350232079174,16.955303927577983,17.52297019958496,761474000,0.03805305174896856
2022-05-11,NVDA,17.275983917823066,17.68032194709463,16.500173704044624,16.561918258666992,670167000,-0.05484526481365193
2022-05-12,NVDA,16.152604222388675,16.719275153017346,15.503273835867764,16.108783721923828,708728000,-0.027360027363136807
2022-05-13,NVDA,16.719276866807252,17.854609562915,16.52507542137206,17.63351821899414,670437000,0.0946523662736356
2022-05-16,NVDA,17.437326772978906,17.715184003331498,17.035976596007032,17.193328857421875,521446000,-0.024963218122751596
2022-05-17,NVDA,18.00000966759252,18.295794716695035,17.561812268275418,18.102588653564453,585830000,0.05288445324827684
2022-05-18,NVDA,17.632522266505582,18.043831705127655,16.79496540151223,16.868661880493164,545161000,-0.06816300125276975
2022-05-19,NVDA,16.86766124321624,17.61459078960945,16.665491294505667,17.053895950317383,621310000,0.010980958130319962
2022-05-20,NVDA,17.26104666528793,17.338726466049714,15.690502001783667,16.62565803527832,739105000,-0.02511085538967961
2022-05-23,NVDA,16.207378932516523,16.845755601223512,16.112768519957527,16.828824996948242,639889000,0.012220085438953365
2022-05-24,NVDA,16.44241318228326,16.529056923699873,15.715401091996485,16.08786964416504,588550000,-0.04402894158787485
2022-05-25,NVDA,15.954415901019841,17.04094904216001,15.93449732347587,16.905506134033203,781132000,0.05082316726532632
2022-05-26,NVDA,15.970353077975645,18.01793623253497,15.9564104502552,17.777923583984375,996575000,0.05160552088972192
2022-05-27,NVDA,18.111555803971783,18.803710493636046,18.025907407236858,18.733997344970703,738379000,0.0537787079840768
2022-05-31,NVDA,18.902301701134324,19.121402309598214,18.27488154857996,18.595563888549805,664100000,-0.007389424364259489
2022-06-01,NVDA,18.64734816521392,18.97499986864279,18.047811461986903,18.2450008392334,544514000,-0.01885197197662103
2022-06-02,NVDA,18.21711762991746,19.53868493920684,18.123502575652576,19.511795043945312,648656000,0.06943240046269805
2022-06-03,NVDA,19.00388342136499,19.25285997901017,18.446174564570704,18.64336395263672,598779000,-0.04450800602162308
2022-06-06,NVDA,19.06065056239769,19.25783996366541,18.488003681659272,18.709095001220703,422406000,0.003525707525260602
2022-06-07,NVDA,18.396378418350423,18.92221674094939,18.113540678276078,18.848520278930664,388914000,0.007452272688810657
2022-06-08,NVDA,18.72599902469666,19.105520032436974,18.46302425711577,18.575586318969727,363252000,-0.014480391878084475
2022-06-09,NVDA,18.409237816459715,18.859482332873327,17.970945836791113,17.97791862487793,395574000,-0.03217490332897044
2022-06-10,NVDA,17.531655320031188,17.628278767149297,16.803493073192044,16.9080867767334,465248000,-0.05950810382822025
2022-06-13,NVDA,15.937867756879672,16.248656451730458,15.545397710168137,15.586238861083984,604153000,-0.07817844402527907
2022-06-14,NVDA,15.669911913017133,16.003611048891642,15.352150439310131,15.774504661560059,469680000,0.012078975701196315
2022-06-15,NVDA,16.032502129668625,16.802501270573813,15.864158686622957,16.462825775146484,563936000,0.04363503820590675
2022-06-16,NVDA,15.79841271116568,15.88009502147224,15.341195447240926,15.54041862487793,545749000,-0.056029697627067776
2022-06-17,NVDA,15.58723513693202,15.932887781168011,15.26847807134145,15.818334579467773,630334000,0.01788342780836949
2022-06-21,NVDA,16.41102650097026,16.94195585735891,16.343289760595702,16.501672744750977,483089000,0.04319912199670983
2022-06-22,NVDA,16.16299022237989,16.59729794626429,16.117169323053933,16.296470642089844,437135000,-0.012435230405742126
2022-06-23,NVDA,16.454851986991518,16.5205956784527,15.79143880496092,16.16199493408203,463680000,-0.008251830163795937
2022-06-24,NVDA,16.43592735057394,17.073441500432935,16.24666462485629,17.05949592590332,472153000,0.05553157240067308
2022-06-27,NVDA,17.244772067670773,17.262701818144645,16.561435211155498,16.803491592407227,427968000,-0.015006559080527948
2022-06-28,NVDA,16.834372525159395,17.135199826222774,15.88308111450523,15.919938087463379,461149000,-0.05258154235891588
2022-06-29,NVDA,15.752591579090298,15.758567846845672,15.111092291433094,15.481647491455078,482352000,-0.02753092339934693
2022-06-30,NVDA,15.30135010720161,15.506550493203868,14.80428823063541,15.10013484954834,686070000,-0.024642896831058136
2022-07-01,NVDA,14.84114455708728,15.004507273555733,14.336113363533372,14.466604232788086,577610000,-0.041955295305141194
2022-07-05,NVDA,14.119957517465304,14.912866113839907,14.000423601176369,14.905893325805664,651397000,0.030365736557715683
2022-07-06,NVDA,14.951713200390376,15.259513302763182,14.731570721690755,15.071247100830078,529066000,0.011093181160645171
2022-07-07,NVDA,15.395981666093258,15.883082152996206,15.329241452564782,15.796420097351074,492903000,0.048116323199362654
2022-07-08,NVDA,15.370084060896657,15.974727368388931,15.329242903234574,15.77649974822998,467972000,-0.0012610673176788323
2022-07-11,NVDA,15.465709825855997,15.466706345467303,14.97960489954158,15.093162536621094,437321000,-0.04331361344493112
2022-07-12,NVDA,15.20871031951737,15.371077457553127,14.819228872129182,15.023432731628418,458483000,-0.004619959854237798
2022-07-13,NVDA,14.533343560416391,15.315295058565692,14.408828966444313,15.105113983154297,521918000,0.005436923304080743
2022-07-14,NVDA,15.049333517821207,15.412915948428,14.670808992131683,15.312308311462402,456235000,0.013716833155921648
2022-07-15,NVDA,15.59819449374581,15.720716063425629,15.38502478396033,15.700794219970703,385935000,0.025370825913783923
2022-07-18,NVDA,16.238700502303253,16.831389474301076,15.939866141619524,16.038480758666992,670517000,0.02150760872126889
2022-07-19,NVDA,16.421983978769592,17.043561498221212,16.109204079525067,16.9260196685791,702366000,0.055338091136375
2022-07-20,NVDA,16.88119289080597,17.86336417339984,16.735759920763662,17.737852096557617,760538000,0.04796357583617694
2022-07-21,NVDA,17.815547810901403,18.07354091727774,17.476867973237123,17.97990608215332,557049000,0.013646183555825253
2022-07-22,NVDA,17.823517582725398,17.897229633267205,17.07045276387724,17.251747131347656,536671000,-0.040498484668305745
2022-07-25,NVDA,16.95291172337914,17.057505436276674,16.584349553933702,16.95789337158203,480748000,-0.017033275385289648
2022-07-26,NVDA,16.823414211540268,16.85329839532214,16.414010963419933,16.46879768371582,397865000,-0.028841771625114476
2022-07-27,NVDA,16.965860804114296,17.86635161594308,16.84732342255859,17.720918655395508,569776000,0.07602989579001096
2022-07-28,NVDA,17.90520538232445,18.069563717046115,17.372282881955478,17.914169311523438,474646000,0.010905227877059831
2022-07-29,NVDA,17.743825155861124,18.17315117776117,17.623294755524277,18.092466354370117,435460000,0.009952850157109339
2022-08-01,NVDA,18.111395452950937,18.77281848869698,17.920141583548578,18.3693904876709,476469000,0.015306046609498969
2022-08-02,NVDA,18.05162533582695,18.86445649184929,18.02174115290596,18.454055786132812,489527000,0.004609042336964908
2022-08-03,NVDA,18.113388905855146,18.89434491533446,18.066570532098716,18.81963539123535,418146000,0.01981025793675406
2022-08-04,NVDA,18.77580856746541,19.19915749432203,18.687153463279184,19.1403865814209,409652000,0.017043432750823984
2022-08-05,NVDA,18.73695646403008,19.154330026144063,18.59351654169447,18.91526222229004,386068000,-0.011761745677037805
2022-08-08,NVDA,17.434035232399516,18.168172751532033,17.175044663246958,17.72390365600586,981859000,-0.06298398363625457
2022-08-09,NVDA,17.18500523413819,17.379247676702683,16.659055765062003,17.019649505615234,668263000,-0.039734708789842865
2022-08-10,NVDA,17.62927873105072,18.047647949674293,17.249757634884343,18.026729583740234,597422000,0.05917161089555556
2022-08-11,NVDA,18.06059303930121,18.634356491462075,17.80658220790549,17.872325897216797,509327000,-0.008565263366612341
2022-08-12,NVDA,18.089482668919175,18.645316458949107,17.883285741988434,18.636350631713867,478094000,0.04274903775205052
2022-08-15,NVDA,18.62838336929725,19.0895848654129,18.54072573092658,18.958097457885742,457666000,0.017264475890701014
2022-08-16,NVDA,18.846528100303107,19.067666130006987,18.42915457848667,18.805686950683594,451240000,-0.008039335568388095
2022-08-17,NVDA,18.45107316928741,18.615431461944837,18.074540740730857,18.26380157470703,446799000,-0.028814973757545492
2022-08-18,NVDA,18.229930871079127,18.791739824467466,18.112389079418975,18.700098037719727,415447000,0.023888589745571398
2022-08-19,NVDA,18.33453195972374,18.44808963128908,17.70100178671688,17.779695510864258,441588000,-0.04921912842376208
2022-08-22,NVDA,17.422080214103385,17.489816937587364,16.900114915309967,16.967851638793945,409593000,-0.04566129220684556
2022-08-23,NVDA,16.923028743581053,17.397180176245477,16.904101521089547,17.114282608032227,369986000,0.008629906269541632
2022-08-24,NVDA,16.945939135983163,17.338410181530257,16.829394785860185,17.15512466430664,522661000,0.0023864311002581573
2022-08-25,NVDA,16.7785918674599,17.877309377171127,16.767634901441976,17.843441009521484,770691000,0.0401230745146941
2022-08-26,NVDA,17.787662196740406,17.85440147552668,16.173951768315447,16.196863174438477,769127000,-0.09227916488777999
2022-08-29,NVDA,15.957792548703463,16.27455660052828,15.705774724802128,15.739642143249512,496132000,-0.028228986456497407
2022-08-30,NVDA,15.898024237946384,15.976716986717125,15.123045485635457,15.40793514251709,530181000,-0.02107462150114292
2022-08-31,NVDA,15.324260876966457,15.479655236596056,14.900911041431531,15.03538703918457,573710000,-0.02417897660436663
2022-09-01,NVDA,14.15382528853648,14.324161764698152,13.218472299157947,13.882882118225098,1178865000,-0.076652826957887
2022-09-02,NVDA,14.045245555065193,14.1159689881062,13.538221390235462,13.59400463104248,743157000,-0.02080817835393023
2022-09-06,NVDA,13.67767894562563,13.72549288368182,13.299154469269991,13.412712097167969,535751000,-0.013336212455049679
2022-09-07,NVDA,13.51434705091727,13.788361151575964,13.298125457424504,13.66480541229248,512657000,0.0187951037268399
2022-09-08,NVDA,13.410719244419383,13.957750598170398,13.321042892410091,13.939814567565918,624873000,0.020125361977423095
2022-09-09,NVDA,14.106215606366773,14.422078851833046,14.075327622967663,14.3353910446167,486612000,0.028377456180168847
2022-09-12,NVDA,14.317454878749421,14.494815842064591,14.14706782384788,14.452966690063477,484159000,0.008201774550888885
2022-09-13,NVDA,13.752490135017588,13.872059562410795,13.052011836426038,13.08389663696289,714956000,-0.0947258844816844
2022-09-14,NVDA,13.206456253054055,13.242327368226784,12.86667985035143,13.08090877532959,588507000,-0.00022836175767848577
2022-09-15,NVDA,12.968312751976555,13.185530199582288,12.744119495023593,12.882620811462402,523625000,-0.015158577073877022
2022-09-16,NVDA,12.6962911946005,13.164605464480621,12.571739597842733,13.150655746459961,670751000,0.020805932187266896
2022-09-19,NVDA,12.965323203760738,13.414705581325622,12.96333052263512,13.333995819091797,569685000,0.013941515629833923
2022-09-20,NVDA,13.167594240345288,13.43463249948038,13.010161038264972,13.12873363494873,524818000,-0.015393898942818729
2022-09-21,NVDA,13.16560130347165,13.980666732546284,13.062970156786745,13.213428497314453,807679000,0.006451106764803649
2022-09-22,NVDA,13.023116575574866,13.101833667672771,12.383420232786193,12.515942573547363,759162000,-0.05278614281742622
2022-09-23,NVDA,12.375447364597502,12.565762199000392,12.213031967666868,12.471102714538574,663309000,-0.003582619426806821
2022-09-26,NVDA,12.446191516406993,12.613589074579467,12.170184766010799,12.184134483337402,547343000,-0.023010654131380814
2022-09-27,NVDA,12.462135725855696,12.690314364148412,12.21402932430884,12.368473052978516,553854000,0.015129393876373243
2022-09-28,NVDA,12.365483486484552,12.777002105621296,12.309684609382174,12.690314292907715,542414000,0.02602109723250723
2022-09-29,NVDA,12.403345461298121,12.455158968218063,11.903146421572972,12.176163673400879,532763000,-0.04051519983190499
2022-09-30,NVDA,12.043640707800058,12.58768254393533,12.031683671272111,12.095454216003418,565638000,-0.006628480000952397
2022-10-03,NVDA,12.302708290891008,12.632521236553906,12.061575828714862,12.467116355895996,547478000,0.03072742315049526
2022-10-04,NVDA,12.832799262641858,13.172576558568696,12.832799262641858,13.119766235351562,584182000,0.05234970628528002
2022-10-05,NVDA,12.864686858561551,13.273215984590474,12.575727163303043,13.161617279052734,507131000,0.003189922971981174
2022-10-06,NVDA,13.172579270869328,13.607015181430027,13.055998379683974,13.082901954650879,644157000,-0.005980672643257412
2022-10-07,NVDA,12.460143455005138,12.62455154584433,11.97887622093527,12.032682418823242,672478000,-0.08027420364900706
2022-10-10,NVDA,11.993821701559334,12.080509516858074,11.367078280478221,11.628138542175293,698699000,-0.0336204233243208
2022-10-11,NVDA,11.519530328501197,11.803507875660943,11.242527641790893,11.544441223144531,667482000,-0.00719782609462305
2022-10-12,NVDA,11.537465911080686,11.692905516404727,11.304305077714478,11.458748817443848,492590000,-0.007422828359062161
2022-10-13,NVDA,10.931646265654487,12.034675758311112,10.774213026112694,11.917098999023438,850103000,0.04000001997441771
2022-10-14,NVDA,12.013751153814267,12.067557354538815,11.163811215184015,11.186728477478027,713432000,-0.06128761048349618
2022-10-17,NVDA,11.476683331813856,11.905141179135784,11.475687466268546,11.845355987548828,580774000,0.058875792989594666
2022-10-18,NVDA,12.299719755620746,12.44718861782601,11.576324213052954,11.924072265625,659362000,0.006645328190973299
2022-10-19,NVDA,11.836384781494035,12.30569577694285,11.791546139250478,12.007767677307129,523131000,0.007019029222374629
2022-10-20,NVDA,12.069548299667495,12.72319524071747,12.061576624677791,12.15025806427002,652398000,0.01186651764025859
2022-10-21,NVDA,12.054601866532238,12.453167564548195,11.844359270919771,12.421281814575195,609494000,0.022306007730170663
2022-10-24,NVDA,12.463132178101741,12.664407237339118,12.020724633774568,12.553805351257324,517457000,0.010669070926852653
2022-10-25,NVDA,12.648463058883129,13.252289101955755,12.618569993696527,13.213428497314453,505482000,0.05254368118676189
2022-10-26,NVDA,12.82283740595862,13.339974778311161,12.662414686166759,12.849740028381348,532953000,-0.027524156127005428
2022-10-27,NVDA,13.581105480931186,13.78835950903757,13.074927446921608,13.12873363494873,583113000,0.021712003974490246
2022-10-28,NVDA,13.05699335304701,13.800317586774417,13.014147382415905,13.784374237060547,521040000,0.049939363562567785
2022-10-31,NVDA,13.728574769253589,13.78835995245815,13.24930028897117,13.448582649230957,486341000,-0.024360306971845214
2022-11-01,NVDA,13.761458357625319,13.875049746891053,13.470505974860513,13.494420051574707,432817000,0.0034083444731158874
2022-11-02,NVDA,13.800316292387196,14.159024522745352,13.163608637105877,13.171579360961914,672628000,-0.023924013731521532
2022-11-03,NVDA,12.996212781616933,13.731565367636188,12.909524971705448,13.372856140136719,500065000,0.015281142348908539
2022-11-04,NVDA,13.935830529915377,14.177958888937177,13.647866699718021,14.105220794677734,612576000,0.05476501406030443
2022-11-07,NVDA,14.176959603652595,14.360299555911872,13.903943306481167,14.2496976852417,410061000,0.010242795392361392
2022-11-08,NVDA,14.747905225291545,14.837582527688992,14.165003709961418,14.549619674682617,595292000,0.021047603680149907
2022-11-09,NVDA,14.111196561878556,14.160021522270355,13.709642359692431,13.726581573486328,454414000,-0.05656767115558592
2022-11-10,NVDA,14.746909510215898,15.716418731024099,14.49481681539553,15.693501472473145,700819000,0.14329277019604314
2022-11-11,NVDA,15.750300264782156,16.33021240348013,15.426466233654237,16.268434524536133,655487000,0.036635103585483275
2022-11-14,NVDA,16.159820218444786,16.48066558256314,15.864881605151144,16.236543655395508,527852000,-0.001960291206417386
2022-11-15,NVDA,16.66201530534491,16.93702431634431,16.323234794348377,16.606216430664062,545876000,0.022767947607230443
2022-11-16,NVDA,16.104025972359103,16.303307412411236,15.816062134408572,15.85292911529541,649547000,-0.04536176669224157
2022-11-17,NVDA,15.658627572163233,16.20765162732223,15.47927296101109,15.620763778686523,710894000,-0.014644948887387987
2022-11-18,NVDA,15.90872855596602,15.944600622816388,15.065763492585162,15.353727340698242,492072000,-0.01709496678726008
2022-11-21,NVDA,15.092664200239714,15.42148033094182,15.025904158444272,15.262054443359375,404739000,-0.005970725889854034
2022-11-22,NVDA,15.273013794121328,16.000395552590362,15.067752452914368,15.980466842651367,472866000,0.04707180163445024
2022-11-23,NVDA,16.040254147784076,16.46771612556409,15.99043426388969,16.45974349975586,427241000,0.029991405246392322
2022-11-25,NVDA,16.259465648152826,16.427858142364496,16.11398946353445,16.211637496948242,167934000,-0.015073503594469573
2022-11-28,NVDA,15.968511085101463,16.29832500895063,15.668592130839407,15.770225524902344,303741000,-0.027228092913438973
2022-11-29,NVDA,15.770224418844657,15.874848252781751,15.464326492119582,15.58289909362793,298384000,-0.011878487785644709
2022-11-30,NVDA,15.644694063052635,16.873586217572935,15.545027852999587,16.866609573364258,565298000,0.08237943864125108
2022-12-01,NVDA,16.942355347832123,17.20746780911725,16.57956797350174,17.07790184020996,470977000,0.01252725190125803
2022-12-02,NVDA,16.60348724039677,16.876574351409886,16.390199657775565,16.81976318359375,371389000,-0.015115361303249975
2022-12-05,NVDA,16.62342540619123,16.938372459706628,16.41711441283726,16.554655075073242,352255000,-0.015761702803229638
2022-12-06,NVDA,16.474918055552177,16.51777403742583,15.766286867339783,15.933727264404297,352694000,-0.037507746785005014
2022-12-07,NVDA,15.719441428825348,16.1320623176005,15.614790838365689,16.066282272338867,372388000,0.008319146282282475
2022-12-08,NVDA,16.218777273371813,17.121758517727503,15.905822476444317,17.111791610717773,515456000,0.06507475224551151
2022-12-09,NVDA,17.102821795051945,17.524412670631218,16.918438757387204,16.944351196289062,465338000,-0.009785089617608267
2022-12-12,NVDA,16.980232212594135,17.47956229907445,16.74103213701686,17.476572036743164,457328000,0.031409927372767266
2022-12-13,NVDA,18.469247954138357,18.727385645434474,17.65198080321333,18.011777877807617,656589000,0.030624188767638394
2022-12-14,NVDA,17.927063332040404,18.19118159319031,17.361953248979066,17.6151065826416,496888000,-0.022022884018282007
2022-12-15,NVDA,17.088865417042985,17.26228539533921,16.64435244524807,16.895511627197266,478542000,-0.040851013422390725
2022-12-16,NVDA,16.807806241482627,16.984216489206464,16.355318584988897,16.51578140258789,478232000,-0.022475213120987103
2022-12-19,NVDA,16.51677591008969,16.553651364106894,16.09119880078537,16.1998348236084,354039000,-0.019129980669881363
2022-12-20,NVDA,16.010468843091985,16.255649382131462,15.799176351187127,16.03139877319336,403260000,-0.010397393075241346
2022-12-21,NVDA,16.060306704921995,16.571597819340283,16.04834565609719,16.446016311645508,325025000,0.025862842308273404
2022-12-22,NVDA,16.040369896727526,16.084223899243984,14.832408745526728,15.287885665893555,565045000,-0.07042013237770384
2022-12-23,NVDA,15.145362798947778,15.287885933378956,14.833406075775102,15.155329704284668,349326000,-0.00867065364732622
2022-12-27,NVDA,15.02377046116637,15.04968384623769,14.009162061218975,14.073945999145508,464902000,-0.07135336058267572
2022-12-28,NVDA,13.880590316474528,14.2144740150627,13.837733387289415,13.989227294921875,351066000,-0.006019541657242167
2022-12-29,NVDA,14.354008980352377,14.634071797044276,14.179591938632296,14.554338455200195,354923000,0.04039616687645475
2022-12-30,NVDA,14.28623425846336,14.580251302126825,14.185570989377842,14.565301895141602,310490000,0.0007532764182414109
2023-01-03,NVDA,14.801511884284999,14.946029157402801,14.049027654749226,14.267297744750977,401277000,-0.02045986774156927
2023-01-04,NVDA,14.518460195074866,14.803506485615852,14.193546280154266,14.69985294342041,431324000,0.0303179485287306
2023-01-05,NVDA,14.442711169863427,14.515467863086679,14.100853753433299,14.217464447021484,389168000,-0.03281587225774529
2023-01-06,NVDA,14.42576814608272,14.959982279736408,13.987234779976571,14.80948543548584,405044000,0.0416404057608446
2023-01-09,NVDA,15.233071281819589,16.00249819636459,15.09054718354253,15.57592487335205,504231000,0.0517532794238551
2023-01-10,NVDA,15.455325759984621,15.908809480593666,15.42044254309106,15.855986595153809,384101000,0.017980423254409628
2023-01-11,NVDA,15.787217661590548,15.974590928995806,15.511140262906103,15.947680473327637,353285000,0.005782918497285738
2023-01-12,NVDA,16.046350570153667,16.58155988533878,15.44037584745414,16.45598030090332,551409000,0.03187296286916519
2023-01-13,NVDA,16.22375667699758,16.865611678653806,16.11113426118995,16.842687606811523,447287000,0.02349949980719024
2023-01-17,NVDA,16.842687440869174,17.668925426357585,16.842687440869174,17.64301109313965,511102000,0.047517564002342416
2023-01-18,NVDA,17.608130198283973,17.813443145734695,17.224412859359354,17.3190975189209,439624000,-0.018359313640328723
2023-01-19,NVDA,16.979228061683155,17.139692742246442,16.67524604897352,16.709131240844727,452932000,-0.03521928769150884
2023-01-20,NVDA,16.954316196674295,17.796501732635843,16.76893705940326,17.779558181762695,564967000,0.06406239351938048
2023-01-23,NVDA,18.003802360832424,19.18086843158552,17.758623747963394,19.12904167175293,655163000,0.07590084501506134
2023-01-24,NVDA,18.764259824321872,19.430034925653693,18.757283181815232,19.2007999420166,496204000,0.0037512736651954537
2023-01-25,NVDA,18.84997803686339,19.30545594731295,18.518087479978714,19.25861167907715,449537000,0.003010902526724424
2023-01-26,NVDA,19.635350144248754,20.0988007667648,19.213759381728458,19.736013412475586,489535000,0.024789000440623266
2023-01-27,NVDA,19.39714737022937,20.559262315315294,19.34033810009434,20.297138214111328,542142000,0.02843151703986191
2023-01-30,NVDA,19.883522650362398,20.07288815679004,19.086187298640233,19.098148345947266,488611000,-0.05907186794099284
2023-01-31,NVDA,19.10612325168674,19.621400741085875,18.886857003407727,19.471900939941406,498017000,0.01957009586604519
2023-02-01,NVDA,19.625387611698173,21.121385582722432,19.545654255705372,20.87321662902832,660477000,0.07196604447655597
2023-02-02,NVDA,20.9300225588854,21.875859651889073,20.631022997012753,21.636659622192383,564276000,0.03657524409066615
2023-02-03,NVDA,20.93002263417135,21.672540940249053,20.71972529905481,21.02968978881836,429366000,-0.02805284382952833
2023-02-06,NVDA,20.736668439852636,21.49812252080445,20.716734629117404,21.018726348876953,452197000,-0.0005213315104265481
2023-02-07,NVDA,21.310752619510932,22.18483115792308,21.079525321136718,22.099117279052734,664150000,0.051401350978314886
2023-02-08,NVDA,22.312393202800745,22.801758043210278,21.934656530461602,22.131000518798828,559651000,0.0014427381575243814
2023-02-09,NVDA,22.5306740800766,22.943294124655456,22.046293449181803,22.262569427490234,523876000,0.005945004997837566
2023-02-10,NVDA,21.6177244226343,22.00443010232316,20.74165374341449,21.19413948059082,550737000,-0.04799221178756197
2023-02-13,NVDA,21.466228060003054,21.974528792175906,20.892147277807663,21.715394973754883,474919000,0.02459432210689272
2023-02-14,NVDA,21.506093473695493,22.972192242637163,21.294800040276197,22.894453048706055,675474000,0.05429595346417493
2023-02-15,NVDA,22.473857186049795,22.778837224069242,22.032334555587305,22.688140869140625,420575000,-0.0090114482807917
2023-02-16,NVDA,22.059246323523663,22.474856585066412,21.853933394359046,21.92868423461914,412026000,-0.03347372704100504
2023-02-17,NVDA,21.5589207949287,21.66755683538447,20.905106608670902,21.316730499267578,465888000,-0.027906541441527155
2023-02-21,NVDA,20.93001789888033,21.422371136193572,20.549290937040386,20.58616828918457,410015000,-0.0342717758761415
2023-02-22,NVDA,20.637998793039895,21.03367523119019,20.352950629424083,20.68484115600586,513184000,0.004793163323799865
2023-02-23,NVDA,23.361891451181727,23.80839853574855,22.94827344265805,23.58514404296875,1117995000,0.14021393082444744
2023-02-24,NVDA,23.14760888799269,23.395779705379205,22.870535374988126,23.208404541015625,589716000,-0.015973593430964828
2023-02-27,NVDA,23.59112307758857,23.800422369181604,23.375843263094975,23.422685623168945,452994000,0.009232908784170268
2023-02-28,NVDA,23.294115924763044,23.74560738657694,23.128668730813548,23.138635635375977,455963000,-0.012127131464036545
2023-03-01,NVDA,23.11471543588402,23.178503244860902,22.432994752211638,22.62236213684082,460026000,-0.02231218411797109
2023-03-02,NVDA,22.413065090524846,23.302091014748385,22.35725003920354,23.236310958862305,389415000,0.027139023692917652
2023-03-03,NVDA,23.242295779588783,23.820363101858387,23.05292834096797,23.810396194458008,412393000,0.024706384615529764
2023-03-06,NVDA,23.811388454961868,24.16719726800564,23.408733477576387,23.47551155090332,437429000,-0.01406463969854621
2023-03-07,NVDA,23.52534976258205,24.04868872239175,23.167484181656345,23.214336395263672,515154000,-0.011125429794078268
2023-03-08,NVDA,23.412706254207755,24.12345216474366,23.349905807399413,24.104511260986328,513573000,0.03834591049969771
2023-03-09,NVDA,24.09853264786072,24.376651390603612,23.309037961330453,23.36187171936035,501257000,-0.030809151597607998
2023-03-10,NVDA,23.334954591781766,23.552265439254963,22.65411444951107,22.892358779907227,474866000,-0.020097402515228735
2023-03-13,NVDA,22.680036313439018,23.224308845911295,22.22647555282617,22.89335823059082,421890000,4.3658702591597986e-05
2023-03-14,NVDA,23.421679134384615,24.142391757741457,23.385791805819586,23.98688507080078,474910000,0.047766117543591946
2023-03-15,NVDA,23.68584709694348,24.209186218115047,23.28611632940407,24.151371002197266,524486000,0.006857327698489346
2023-03-16,NVDA,23.95100522634043,25.507066846417814,23.81842456983862,25.460216522216797,583253000,0.054193425288380226
2023-03-17,NVDA,25.899816121394398,26.31549691711218,25.586808261666317,25.64362907409668,848547000,0.00720388814132189
2023-03-20,NVDA,25.533976817306044,25.941683502515943,25.050510315188035,25.81807518005371,432747000,0.006802707426978083
2023-03-21,NVDA,26.097193730071265,26.30852307379936,25.300721156644958,26.116132736206055,547408000,0.01154453049166948
2023-03-22,NVDA,26.341414093559983,27.501733695308825,26.154009031774457,26.384279251098633,797295000,0.01026746638183651
2023-03-23,NVDA,27.029233998126443,27.412020167294642,26.60557904977676,27.10499382019043,564889000,0.027316060531074937
2023-03-24,NVDA,26.945501524795564,27.08107103959281,26.27163910855887,26.694297790527344,454920000,-0.015152042918274322
2023-03-27,NVDA,26.752118256115214,26.914602816630044,26.281611003710644,26.447086334228516,361026000,-0.009260833839448424
2023-03-28,NVDA,26.36334732054611,26.42913854404045,25.768235539667923,26.32646369934082,356104000,-0.0045609044929679765
2023-03-29,NVDA,26.74015174035028,26.99234984404029,26.51287227864152,26.89864730834961,393694000,0.021734161319323597
2023-03-30,NVDA,27.142876388177367,27.412022850595726,27.016277275445294,27.296388626098633,364516000,0.014786666154233075
2023-03-31,NVDA,27.054156013485166,27.74596114615361,27.019266870020537,27.68914222717285,433933000,0.014388482170813566
2023-04-03,NVDA,27.421989811329777,27.911436002639256,27.249536675681906,27.87654685974121,398716000,0.006768163167743424
2023-04-04,NVDA,27.877543026671038,27.911435879998983,27.220627051021687,27.366165161132812,368592000,-0.018308641352759558
2023-04-05,NVDA,26.74413916410164,26.912603331981877,26.311511909986283,26.795974731445312,515015000,-0.020835598496544927
2023-04-06,NVDA,26.49991646560377,26.994347944342177,26.34341345534257,26.95148468017578,397654000,0.005803481690404011
2023-04-10,NVDA,26.738160454997114,27.53363676470612,26.584648216789198,27.491769790649414,395279000,0.020046580620140864
2023-04-11,NVDA,27.636309871277366,27.702101097960746,27.04019987081764,27.083065032958984,314378000,-0.01486644042208729
2023-04-12,NVDA,27.283432024560906,27.381121633610334,26.364347344202034,26.41119956970215,446259000,-0.02480758593752974
2023-04-13,NVDA,26.649436142330675,26.80195206178548,26.245718426745807,26.37929344177246,353615000,-0.0012080529642541915
2023-04-14,NVDA,26.420168322960834,26.79796926788527,26.13706621130104,26.673364639282227,395660000,0.011147804172953801
2023-04-17,NVDA,26.480973631209377,26.920578703015185,26.34939118660513,26.91659164428711,321471000,0.009118722301973081
2023-04-18,NVDA,27.445915621619545,28.02109026862938,27.270471706452536,27.579490661621094,604812000,0.024627895912470832
2023-04-19,NVDA,27.274456503625604,27.911435269103396,27.145864822992923,27.842653274536133,358660000,0.009541967839212129
2023-04-20,NVDA,27.583476516154896,27.94134215983428,26.914599351934957,27.01827049255371,427713000,-0.029608628669609338
2023-04-21,NVDA,26.866750601318966,27.09702084669948,26.637478546679382,27.033222198486328,345103000,0.0005533924140976865
2023-04-24,NVDA,26.92755907031357,27.27944127802104,26.586639849155418,26.956466674804688,339282000,-0.0028393035472455974
2023-04-25,NVDA,26.992351504330397,27.160817581589445,26.142050802636824,26.15799903869629,378527000,-0.029620634103901256
2023-04-26,NVDA,26.91659491739221,27.243556588640125,26.62053343037328,26.870738983154297,406337000,0.027247494863946953
2023-04-27,NVDA,27.276454573793355,27.408037041245223,26.540787923231075,27.1398868560791,377161000,0.010016392667635099
2023-04-28,NVDA,27.138889210344786,27.670202402547503,26.98537507177856,27.661231994628906,292216000,0.019209554605531753
2023-05-01,NVDA,27.751942445275365,28.96609033128575,27.692132757184343,28.818557739257812,570329000,0.04183926966281293
2023-05-02,NVDA,28.58928602409841,28.74479273603856,27.994174201759634,28.120771408081055,402730000,-0.024213089964117307
2023-05-03,NVDA,27.75194355869358,28.277277108700098,27.385107494737166,27.71406364440918,383387000,-0.014462894981429941
2023-05-04,NVDA,27.563540293710812,27.770882582276077,27.15384096655844,27.474822998046875,321850000,-0.008632463626840448
2023-05-05,NVDA,27.737986024481625,28.66404652957751,27.64328719583459,28.589284896850586,361494000,0.04056302378664767
2023-05-08,NVDA,28.43178384704761,29.127576016939173,28.260328904734493,29.058794021606445,344979000,0.016422555738971223
2023-05-09,NVDA,28.80759252115136,28.881357865661336,28.360013303057926,28.480628967285156,314869000,-0.01989638846992059
2023-05-10,NVDA,28.9132576098521,29.020917714127965,28.37097953587767,28.793638229370117,369350000,0.010990251038504262
2023-05-11,NVDA,28.80460099601504,28.858431044188475,28.15665734572962,28.487606048583984,322149000,-0.010628465161237388
2023-05-12,NVDA,28.43875993883251,28.68896736052221,27.957287902221466,28.25035858154297,274222000,-0.008328094211791703
2023-05-15,NVDA,28.4178275338678,28.877369814441632,28.06295457930079,28.861419677734375,293926000,0.021630206725610668
2023-05-16,NVDA,28.74977851008436,29.775525121763952,28.74080810173077,29.120601654052734,449405000,0.008980222706033825
2023-05-17,NVDA,29.49041958852718,30.103473993666107,29.33690739026545,30.08254051208496,432535000,0.033032932130313775
2023-05-18,NVDA,30.31381366494329,31.727327831009532,30.224098180923058,31.577802658081055,748725000,0.049705314795318145
2023-05-19,NVDA,31.436248639784157,31.48011008821705,30.818210809592202,31.165109634399414,473908000,-0.013069086159990584
2023-05-22,NVDA,30.803257086267713,31.42030053090031,30.582957356502835,31.077388763427734,372000000,-0.002814714018360309
2023-05-23,NVDA,30.901952036595638,31.18904124586093,30.534119640801855,30.590938568115234,356253000,-0.01565286578661851
2023-05-24,NVDA,30.114444604983657,30.510190153140588,29.71172312962193,30.441408157348633,721419000,-0.0048880622094562565
2023-05-25,NVDA,38.40114883242656,39.3551225285011,36.51912017458201,37.859867095947266,1543911000,0.24369631326689456
2023-05-26,NVDA,37.77015525878446,39.04610546738504,37.431230509295986,38.82281494140625,714397000,0.025434527887237657
2023-05-30,NVDA,40.466605006926684,41.805355798351464,39.82264830428926,39.984134674072266,923401000,0.02991333148868125
2023-05-31,NVDA,39.363100391824844,40.16754710014043,37.702369501651916,37.714332580566406,1002580000,-0.056767568236951615
2023-06-01,NVDA,38.367256795979486,39.92332013723305,38.21872982052202,39.64420700073242,635873000,0.05117084906761549
2023-06-02,NVDA,39.970174994520356,40.37190020075976,38.934459847678006,39.20261001586914,482731000,-0.011139004113643214
2023-06-05,NVDA,38.78593155134608,39.439854864368684,38.58457081030142,39.04710388183594,396094000,-0.003966729102226951
2023-06-06,NVDA,38.707187926911864,39.03614220536465,38.02734198652988,38.531742095947266,388729000,-0.013198463769509172
2023-06-07,NVDA,38.795932772814304,39.378145544208294,37.241700924960675,37.36033630371094,511998000,-0.030401059711222755
2023-06-08,NVDA,37.60857182578051,38.74508306628558,37.39024395636986,38.39216613769531,417772000,0.027618322961452613
2023-06-09,NVDA,38.917552324899084,39.58948978920315,38.44899302917782,38.651371002197266,427717000,0.006751504032679545
2023-06-12,NVDA,39.08005597622932,39.40904425940009,38.49983605891858,39.36119079589844,388701000,0.018364673109805496
2023-06-13,NVDA,40.06302879617921,40.9752297436652,39.61839443985653,40.89646911621094,613208000,0.03900487483403281
2023-06-14,NVDA,40.69909255346784,42.86843336137479,40.42792162483218,42.86544418334961,740465000,0.04814535605857939
2023-06-15,NVDA,42.47164119138032,43.1565392794632,42.01803164323478,42.522483825683594,568622000,-0.008000858598339988
2023-06-16,NVDA,43.317050916384595,43.587221609742976,42.53046366608263,42.561370849609375,655709000,0.0009145049965846308
2023-06-20,NVDA,42.86643115503074,43.85539630398405,42.543421257103255,43.6739501953125,451153000,0.026140590011407783
2023-06-21,NVDA,43.36789797033513,43.481551381643484,41.9512482252179,42.913291931152344,551603000,-0.017416749819021304
2023-06-22,NVDA,42.12370778383283,43.293118838626924,42.10476872123709,42.893348693847656,417737000,-0.0004647333356919692
2023-06-23,NVDA,42.33407006327904,42.678011851996246,41.886442597723466,42.07984924316406,358140000,-0.018965631629508928
2023-06-26,NVDA,42.33106943872404,42.63314366936261,39.97729395118432,40.507667541503906,594322000,-0.03736186630743599
2023-06-27,NVDA,40.674163315350505,41.81167093605906,40.3242393713419,41.747867584228516,462175000,0.030616426913593786
2023-06-28,NVDA,40.53558567810239,41.716961105450416,40.39402188289312,40.991188049316406,582639000,-0.01812498646512828
2023-06-29,NVDA,41.430838173608656,41.4727094781301,40.47576930987673,40.69709014892578,380514000,-0.007174661540348515
2023-06-30,NVDA,41.55247453077657,42.41981157958306,41.37402135436548,42.172569274902344,501148000,0.036255150443858186
2023-07-03,NVDA,42.38689642071777,42.76673107922371,42.072861688736154,42.2832145690918,198209000,0.002623631808349458
2023-07-05,NVDA,42.00607294813804,43.04488443654503,41.95622669958026,42.18751907348633,323618000,-0.0022632029418931943
2023-07-06,NVDA,41.7159643183622,42.04993834721711,41.219487041278335,41.97417068481445,303582000,-0.005057144704343597
2023-07-07,NVDA,42.19249796154775,43.08177063947781,42.05093416959679,42.37294387817383,355881000,0.009500442459096536
2023-07-10,NVDA,42.52647159560561,42.679999688168024,41.52155283823929,42.05093002319336,353908000,-0.00759951576426432
2023-07-11,NVDA,42.35100568748728,42.627158483980864,41.93827488426671,42.275238037109375,298244000,0.005334198644175059
2023-07-12,NVDA,42.90132167106193,43.800562012799624,42.64610450369037,43.767662048339844,481277000,0.03530255725397491
2023-07-13,NVDA,44.38177994624532,46.01376808541058,44.35585853064173,45.8363151550293,478204000,0.047264418748360404
2023-07-14,NVDA,46.44046575236375,47.94086182574558,44.92212700668265,45.32987594604492,772075000,-0.01104886392528448
2023-07-17,NVDA,46.147369222609534,46.3537327838852,45.1235111481618,46.31884002685547,510488000,0.0218170480322446
2023-07-18,NVDA,46.55810196861849,47.74944513877749,45.59406179064249,47.34867477416992,569164000,0.0222336040090243
2023-07-19,NVDA,47.31876976791527,47.67168668562745,46.598978830711765,46.932952880859375,427502000,-0.008780011168070478
2023-07-20,NVDA,46.36469771901338,46.942924858819666,44.92411943835553,45.38071823120117,537865000,-0.03307344955683045
2023-07-21,NVDA,45.6478906079313,45.72565485492813,43.965056025974754,44.17341613769531,963769000,-0.02660385601115911
2023-07-24,NVDA,44.59412592293156,44.97097143505105,43.90524224115585,44.47549057006836,382516000,0.0068383760819275
2023-07-25,NVDA,44.803489544215395,46.04168599596265,44.78554306973034,45.53923034667969,348081000,0.023917437738780523
2023-07-26,NVDA,45.88018262099463,45.912086196628444,44.493440026375104,45.312923431396484,364237000,-0.004969493633519506
2023-07-27,NVDA,46.37666127130996,47.249980321992574,45.610013268331116,45.75955581665039,455976000,0.009856622601940535
2023-07-28,NVDA,46.525202843607126,46.883105518604516,46.23908226392985,46.60695266723633,331194000,0.0185184675738832
2023-07-31,NVDA,46.610938817532,46.985787745643954,46.36369657868276,46.58601379394531,251055000,-0.0004492650150400568
2023-08-01,NVDA,46.31783181066223,46.756487847660445,45.886158126312864,46.364688873291016,237858000,-0.00475088771564014
2023-08-02,NVDA,45.69076967402106,45.699741010536016,43.254247470375134,44.133548736572266,530142000,-0.04812153798370522
2023-08-03,NVDA,43.66597942336427,44.979947380659944,43.66597942336427,44.37879180908203,324176000,0.005556840080402026
2023-08-04,NVDA,44.84734473268043,45.502331974506376,44.25715721919989,44.543277740478516,362666000,0.0037064085048574835
2023-08-07,NVDA,44.972970743442104,45.400658953676526,44.426647163135996,45.27803421020508,322154000,0.016495339072428727
2023-08-08,NVDA,44.71576081749796,45.10357050648728,43.92119857113271,44.527339935302734,353843000,-0.016579656957217193
2023-08-09,NVDA,44.13853230621531,44.176418044924525,42.005080711454916,42.423797607421875,586449000,-0.047241589794882466
2023-08-10,NVDA,42.03100536995648,43.440680497496174,41.70699899277936,42.25830841064453,492705000,-0.003900857681547909
2023-08-11,NVDA,41.623246353337215,41.889431464332574,40.51464942799337,40.72998809814453,533085000,-0.036166149805348824
2023-08-14,NVDA,40.362116194769875,43.66597480294201,40.18765244113688,43.619117736816406,690286000,0.0709337216527075
2023-08-15,NVDA,44.42365526404346,45.12948908567366,43.576253839259216,43.80554962158203,676512000,0.004274086557424006
2023-08-16,NVDA,44.3837722152519,44.538296708585655,43.27317876024688,43.352935791015625,527451000,-0.010332339954100545
2023-08-17,NVDA,43.83545631480397,43.927173858554056,42.86941961752367,43.21137237548828,452395000,-0.0032653709130509023
2023-08-18,NVDA,42.504538056513674,43.44465333013322,41.5325230130091,43.166507720947266,583768000,-0.0010382603484833108
2023-08-21,NVDA,44.35785896625514,46.92099149712555,44.086691857163586,46.82329177856445,692573000,0.08471345611872771
2023-08-22,NVDA,47.98770551423466,48.03954834169377,45.194281473370985,45.528255462646484,755293000,-0.027657951133432057
2023-08-23,NVDA,45.725664540283454,47.055582524189234,45.06967688525946,46.971839904785156,779046000,0.03170744030205719
2023-08-24,NVDA,50.062352051208165,50.112198303952155,47.01470644607622,47.01869201660156,1156044000,0.0009974510666683756
2023-08-25,NVDA,46.8681514444708,47.65872425455991,44.88623165435981,45.877193450927734,925341000,-0.024277548283792805
2023-08-28,NVDA,46.33977183033874,46.836249134555814,44.750651224061855,46.69169235229492,685192000,0.017753895565525646
2023-08-29,NVDA,46.5232082617889,48.93081957760332,46.249048206065815,48.634727478027344,701397000,0.04161415078022812
2023-08-30,NVDA,48.893934114542816,49.77423173710802,48.27682864513261,49.11326217651367,735206000,0.00983936218625936
2023-08-31,NVDA,49.228904516562515,49.59178914058814,48.8081949008338,49.2039794921875,528570000,0.0018471042576604368
2023-09-01,NVDA,49.609737178375475,49.64761910935292,47.99469138418687,48.36056900024414,463830000,-0.017141103232864996
2023-09-05,NVDA,48.07544589025944,48.70152648362675,47.71355763922135,48.399452209472656,382653000,0.000804027124418738
2023-09-06,NVDA,48.29675192445169,48.404428217365016,46.44129363976494,46.920860290527344,468670000,-0.03054976557474187
2023-09-07,NVDA,45.38944205496558,46.206003567946354,45.01755163903208,46.103309631347656,433330000,-0.017424033875711786
2023-09-08,NVDA,45.80519166448395,46.46721201058955,45.13618839061398,45.4362907409668,473069000,-0.014467917720321855
2023-09-11,NVDA,46.010585175997676,46.025539902373815,44.180053643461356,45.04347610473633,473966000,-0.008645394019285435
2023-09-12,NVDA,44.60478224808882,45.536999459957386,44.39839790348207,44.73638916015625,349256000,-0.0068175676287955955
2023-09-13,NVDA,44.46718918081737,45.79323054977972,44.37047790444444,45.34955596923828,398355000,0.013706220385532042
2023-09-14,NVDA,45.8131750613874,45.85006363868303,44.996613561123056,45.445274353027344,370097000,0.0021106796250440762
2023-09-15,NVDA,45.20598272428771,45.46321387121769,43.67754676368698,43.7692756652832,506831000,-0.03687949322793549
2023-09-18,NVDA,42.62070760166484,44.110258303658966,41.874933874444345,43.835079193115234,500271000,0.00150341825017275
2023-09-19,NVDA,43.702475243933286,43.83507862136541,42.873948499445426,43.39040756225586,373064000,-0.01014419590530169
2023-09-20,NVDA,43.47016358744601,43.772262694137574,42.09726520219276,42.113216400146484,367108000,-0.02943487360142638
2023-09-21,NVDA,41.45917191816058,41.97463066173917,40.85796692750404,40.89485549926758,450736000,-0.028930606707937567
2023-09-22,NVDA,41.448210386933276,41.98959657847822,41.10822617218465,41.48609924316406,479236000,0.014457655777927236
2023-09-25,NVDA,41.46715750384496,42.409343350786685,41.054388777119094,42.09627914428711,419091000,0.014708056728750973
2023-09-26,NVDA,41.87592216872325,42.69248346317693,41.53095187337757,41.786190032958984,402282000,-0.007366188119982797
2023-09-27,NVDA,42.20395553022343,42.744341431006085,41.50504268914909,42.3415412902832,444935000,0.013290306124731144
2023-09-28,NVDA,42.33356849695518,43.31663260486512,41.98959836899157,42.960697174072266,424663000,0.01462289432366859
2023-09-29,NVDA,43.696498771068015,44.01255619893268,43.178046685877014,43.369476318359375,397830000,0.00951518879292812
2023-10-02,NVDA,43.89888394531724,45.040474760812266,43.73038848028064,44.64864730834961,433298000,0.029494729901747174
2023-10-03,NVDA,44.67457689561349,44.99562050159697,43.117227684036216,43.387420654296875,470850000,-0.02824781331766968
2023-10-04,NVDA,43.61174925416727,44.011556163058,43.16308846642664,43.90985870361328,361821000,0.01204123318320982
2023-10-05,NVDA,43.91882717512689,44.76629832762735,43.75731082612685,44.554927825927734,393483000,0.014690758325336395
2023-10-06,NVDA,44.061407980133865,45.65265626506475,43.89490543600504,45.625736236572266,434436000,0.024033445073193382
2023-10-09,NVDA,44.70847483791379,45.46920337034592,44.235887222293606,45.13819122314453,409675000,-0.010685745669939073
2023-10-10,NVDA,45.17508286360557,46.121254553965194,44.95374378600032,45.66162872314453,368582000,0.011596333078840892
2023-10-11,NVDA,46.05843799423147,46.71946573957931,45.91287284021887,46.666622161865234,378137000,0.022009583688181067
2023-10-12,NVDA,46.6377225057133,47.4672459665772,46.19205484213486,46.80522155761719,481325000,0.002969989884230584
2023-10-13,NVDA,46.82017113247599,46.97570866593482,45.14517319115468,45.32563400268555,474115000,-0.031611591734701405
2023-10-16,NVDA,44.928808624934945,46.087347109379415,44.77825730745708,45.95773696899414,375099000,0.013945816318226001
2023-10-17,NVDA,43.86897889171314,44.62073527897283,42.353504619053396,43.80716323852539,812333000,-0.04679459591144919
2023-10-18,NVDA,42.464174898094846,43.090307040885016,41.700456999229225,42.070350646972656,627294000,-0.03964677151305074
2023-10-19,NVDA,42.68352429308483,43.168077212016314,41.757289685675055,41.97563934326172,501233000,-0.0022512601453145153
2023-10-20,NVDA,41.76527172933952,42.343546602351324,40.95568918912639,41.263771057128906,477266000,-0.016959081440342305
2023-10-23,NVDA,41.10623502417962,43.119224175669935,40.82308027803106,42.8470344543457,478530000,0.038369333598347044
2023-10-24,NVDA,42.94872451539136,43.566877207845934,42.563876171456435,43.53297805786133,401463000,0.016009126705058385
2023-10-25,NVDA,43.26877302407248,43.52002535417708,41.43126239759443,41.65459442138672,398379000,-0.04314852142616976
2023-10-26,NVDA,41.72837859858881,42.130178498809435,39.76125385517592,40.20592498779297,541001000,-0.03477814281273994
2023-10-27,NVDA,41.00753113322634,41.08330504631517,39.895849517473295,40.3794059753418,416784000,0.004314811501078486
2023-10-30,NVDA,40.96465972958588,41.64163496442114,40.36046137678986,41.03843688964844,388028000,0.01632096605653599
2023-10-31,NVDA,40.329553945294535,40.75727737613491,39.11318548755272,40.6585693359375,517969000,-0.009256384562901232
2023-11-01,NVDA,40.762256048704266,42.25479998188949,40.747301323669774,42.19896697998047,437593000,0.037886174285070906
2023-11-02,NVDA,43.198985826861175,43.7533300399268,42.76627999009409,43.37645721435547,409172000,0.027903295237857728
2023-11-03,NVDA,43.888915693159674,45.174074907327345,43.59279923092805,44.8709831237793,424610000,0.03445477121467655
2023-11-06,NVDA,45.15015318659169,45.798219181155844,44.765301009531704,45.61476516723633,400733000,0.01657601397779196
2023-11-07,NVDA,45.582863690228386,46.080374555632474,45.02353336587058,45.81816101074219,343165000,0.004458991354228337
2023-11-08,NVDA,45.96272281654572,46.727440958659734,45.831115913944224,46.4353141784668,346719000,0.01346961890460685
2023-11-09,NVDA,47.32565858468725,48.08638711878528,46.610794508396026,46.81019973754883,540496000,0.008073285724765844
2023-11-10,NVDA,47.35856537074028,48.327671293296795,47.142212446906164,48.191078186035156,421245000,0.02949952053673166
2023-11-13,NVDA,48.176113818422,48.96974494304787,47.9557712363459,48.4752197265625,384136000,0.005896144083567867
2023-11-14,NVDA,49.532067353089744,49.6856081153753,48.89397370012533,49.50813674926758,416954000,0.02130814524475655
2023-11-15,NVDA,49.78631108074614,49.81123435682442,48.05647674137133,48.742427825927734,475497000,-0.015466324802683507
2023-11-16,NVDA,48.534047157885986,49.37752865421783,48.186087364869636,49.33266067504883,339756000,0.012109221379553947
2023-11-17,NVDA,49.3765281147281,49.568954199838785,48.86106931599939,49.15120315551758,325205000,-0.003678243116188251
2023-11-20,NVDA,49.16516605663654,50.397485733557765,49.03455561243681,50.2588996887207,414120000,0.022536509018880047
2023-11-21,NVDA,49.97674537564033,50.36657998641292,49.07543777557332,49.7952880859375,565747000,-0.009224467818726434
2023-11-22,NVDA,49.703560932235554,50.185120642893004,47.54799598832388,48.57094192504883,899420000,-0.024587590672749515
2023-11-24,NVDA,48.32567707703601,48.7753343936509,47.6028335530589,47.63374328613281,294645000,-0.01929545942020705
2023-11-27,NVDA,47.65766910789753,48.385494990493825,47.51011098197541,48.09835433959961,395662000,0.00975382200546182
2023-11-28,NVDA,48.09236930689928,48.17911204503058,47.33164078012809,47.67860412597656,401491000,-0.008726914244495565
2023-11-29,NVDA,48.234937402003986,48.6167963168034,47.717481889258046,47.996646881103516,382005000,0.006670555083504892
2023-11-30,NVDA,47.88099334816859,47.96673960192544,46.283766368785,46.63072967529297,526247000,-0.028458596476420017
2023-12-01,NVDA,46.38646445632827,47.05945375436282,46.04946966832762,46.62574768066406,369317000,-0.00010683930239985262
2023-12-04,NVDA,45.93979802137365,45.93979802137365,44.87597384591377,45.37448501586914,437543000,-0.026836302408804635
2023-12-05,NVDA,45.334592525789944,46.465313882039936,45.140156424425236,46.43141555786133,371718000,0.02329349945509107
2023-12-06,NVDA,47.07854443551646,47.25004822206123,45.2807538725136,45.371490478515625,380590000,-0.022827757168524365
2023-12-07,NVDA,45.56792757808214,46.49424361639184,45.47220434901942,46.46133804321289,350823000,0.024020536976040674
2023-12-08,NVDA,46.46034676903338,47.60303486322498,46.41547483619609,47.36871337890625,359224000,0.01952968584007264
2023-12-11,NVDA,47.35374994188855,47.39363144924944,45.69755100849952,46.492244720458984,509728000,-0.0185031130450245
2023-12-12,NVDA,45.91292392475919,47.5282408991093,45.91292392475919,47.51926803588867,372387000,0.02209020712174281
2023-12-13,NVDA,47.49135110162281,48.45356234904266,47.47041188410191,47.94902420043945,447792000,0.009043829636142808
2023-12-14,NVDA,48.2501437897404,48.52933332337193,47.28494297084845,48.21025848388672,391232000,0.005448166835580137
2023-12-15,NVDA,48.05471159561218,49.26121358218172,47.980924159413945,48.74869918823242,479948000,0.011168591940357686
2023-12-18,NVDA,49.25723605827901,50.28724783914224,49.00795855556237,49.93227767944336,412587000,0.024279181002159866
2023-12-19,NVDA,49.281163666785375,49.55636699628033,48.75369315436852,49.46064376831055,464444000,-0.009445471607776867
2023-12-20,NVDA,49.511498623849185,49.85450624808912,47.958999057496804,47.971961975097656,397894000,-0.030098310086426494
2023-12-21,NVDA,48.66993945324694,48.95311910291898,48.27907021417121,48.84842300415039,300425000,0.018270276906908745
2023-12-22,NVDA,49.05281623744541,49.24027260571634,48.32691966505345,48.688873291015625,252507000,-0.0032662203469948636
2023-12-26,NVDA,48.82647181815531,49.45664518936397,48.81849551781172,49.136573791503906,244200000,0.009195129610257258
2023-12-27,NVDA,49.36790764259921,49.536417930160574,48.943136348907544,49.27417755126953,233648000,0.0028004345673247055
2023-12-28,NVDA,49.49952822100173,49.73982902864742,49.26919303504833,49.378875732421875,246587000,0.0021248082942308955
2023-12-29,NVDA,49.66903507790819,49.85250521620105,48.610104092310245,49.378875732421875,389293000,0.0
2024-01-02,NVDA,49.10167999879026,49.15253129584884,47.457447488056715,48.02878952026367,411254000,-0.027341372036782663
2024-01-03,NVDA,47.34776550065434,48.04474284454288,47.183241449788504,47.431522369384766,320896000,-0.012435606994153248
2024-01-04,NVDA,47.62894825426151,48.35983153595327,47.3706979086473,47.859283447265625,306535000,0.009018497752392607
2024-01-05,NVDA,48.321937950337194,49.40380119345811,48.16638677946172,48.955101013183594,415039000,0.02289665634307725
2024-01-08,NVDA,49.36890655044413,52.123921699220006,49.33600098033536,52.10198211669922,642510000,0.06428096436095943
2024-01-09,NVDA,52.249557041176296,54.16799628302355,51.54060955653382,52.986419677734375,773100000,0.01697512311631777
2024-01-10,NVDA,53.4610522035269,54.442205820352854,53.334416522190715,54.192928314208984,533796000,0.022770148347683206
2024-01-11,NVDA,54.84004936433209,55.186046630349715,53.40520900250216,54.66355895996094,596759000,0.008684355328120397
2024-01-12,NVDA,54.46214745952533,54.811138243808735,54.172988448593486,54.55188751220703,352994000,-0.0020428865203544477
2024-01-16,NVDA,54.858995015384636,56.67074127144449,54.74133601464206,56.219051361083984,449580000,0.03056106626015276
2024-01-17,NVDA,56.18415168775575,56.30779386315222,54.58179762947745,55.8910026550293,474394000,-0.005835187505169648
2024-01-18,NVDA,57.094513264905174,57.43353079531085,55.94484563035105,56.94195556640625,491650000,0.01880361527710739
2024-01-19,NVDA,57.82141078034066,59.328045587590395,57.05961879365457,59.31907272338867,543501000,0.041746321027036126
2024-01-22,NVDA,59.87545679775879,60.15664330232137,58.89928603895681,59.481597900390625,452955000,0.0027398468914008323
2024-01-23,NVDA,59.39784070948938,59.736858252012084,58.41568677878363,59.69996643066406,294654000,0.0036711947557146463
2024-01-24,NVDA,60.12972459836109,62.66736781993211,59.764781198476165,61.18466567993164,560271000,0.024869348142631198
2024-01-25,NVDA,62.16979849805745,62.53773532424112,60.67413370207847,61.43891906738281,482777000,0.00415550832264433
2024-01-26,NVDA,60.78382030493906,61.60444363196895,60.39794153183259,60.8546142578125,390309000,-0.00951033674484869
2024-01-29,NVDA,61.055035142050976,62.30840232360706,60.73097744998884,62.28447341918945,348733000,0.0234963145985827
2024-01-30,NVDA,62.718210354121275,63.30949499722746,62.0800568624882,62.59257125854492,410735000,0.004946623491249413
2024-01-31,NVDA,61.262435580323725,62.08904212424609,60.52457632784889,61.349185943603516,453795000,-0.019864742571534255
2024-02-01,NVDA,61.92052577068121,63.0083761236307,61.47182934048774,62.8448486328125,369146000,0.024379503431127825
2024-02-02,NVDA,63.789108872006786,66.40751896695984,63.50592925992764,65.96879577636719,476578000,0.04970888165881604
2024-02-05,NVDA,68.02783445051155,69.2961616511714,67.010785504722,69.13163757324219,680078000,0.0479445131543248
2024-02-06,NVDA,69.42877233327619,69.552414531284,66.10840153882174,68.02584075927734,683111000,-0.015995524665436966
2024-02-07,NVDA,68.12155362100862,70.01706057362387,67.40462981569888,69.89640808105469,495575000,0.027497893460761702
2024-02-08,NVDA,69.87148269785355,70.5894031052992,69.25427593719057,69.43973541259766,414422000,-0.006533564184406426
2024-02-09,NVDA,70.32915559936207,71.9763817179636,70.00908414671076,71.9245376586914,436637000,0.03578357883032712
2024-02-12,NVDA,72.39017224345903,74.39536169687851,71.04407549243956,72.03919219970703,613710000,0.0015940949326598286
2024-02-13,NVDA,70.19653768234375,73.23771827831571,69.41879318637284,71.91954040527344,602580000,-0.0016609263760467563
2024-02-14,NVDA,72.99044348203591,74.0214517262709,71.73009661007124,73.6864242553711,504917000,0.02456750752495207
2024-02-15,NVDA,73.65551962549853,73.76120847442633,72.19076331535655,72.44801330566406,420122000,-0.016806500820492176
2024-02-16,NVDA,73.8858468671519,74.18697602398943,72.29146900724291,72.40314483642578,495327000,-0.0006193195256987138
2024-02-20,NVDA,71.7390740272432,71.74805069531128,67.53825202114858,69.25128936767578,704833000,-0.043532024415109505
2024-02-21,NVDA,67.8094614044966,68.68891622407938,66.05654635382845,67.27700805664062,673755000,-0.028508946606800478
2024-02-22,NVDA,74.80818688297568,78.34792317872578,74.0055129470122,78.31103515625,865100000,0.16400888532854796
2024-02-23,NVDA,80.55651569183838,82.15587637734276,77.3458203592003,78.58921813964844,829388000,0.003552283312861171
2024-02-26,NVDA,79.46966317926245,80.41293598535317,78.27811704521838,78.8634262084961,503973000,0.0034891308927440523
2024-02-27,NVDA,79.1515839793688,79.25030450092336,76.93900277777333,78.47354888916016,391705000,-0.004943702525746163
2024-02-28,NVDA,77.39567785845682,78.7048791588161,76.90210568945557,77.43855285644531,393110000,-0.013189106996763011
2024-02-29,NVDA,78.86541608909434,79.75882270864132,78.12356300049603,78.88336181640625,507289000,0.018657489153229845
2024-03-01,NVDA,79.76879352380037,82.06214938054762,79.20542398518815,82.04120635986328,479135000,0.04003182002824146
2024-03-04,NVDA,83.88685863778845,87.44155809825308,83.47705094561937,84.99066162109375,615616000,0.0359509006765828
2024-03-05,NVDA,85.02754699331318,85.85219903908474,83.17981882492465,85.71957397460938,520639000,0.008576381682557921
2024-03-06,NVDA,87.77173362164056,89.4688902523757,86.78254975478006,88.44779968261719,582520000,0.03182733629562762
2024-03-07,NVDA,89.90166281939615,92.50324615104638,89.34724386412462,92.40552520751953,608119000,0.044746455413295694
2024-03-08,NVDA,94.86750020038097,97.12306982330983,86.26003928547323,87.27913665771484,1142269000,-0.05547707821899295
2024-03-11,NVDA,86.18326495849031,88.5445284611464,83.92669865835357,85.5301284790039,678364000,-0.020039247014668304
2024-03-12,NVDA,87.79865287127926,91.69852817689657,85.90505025020566,91.65166473388672,668075000,0.07157169483716541
2024-03-13,NVDA,90.7961026211969,91.24382347923168,88.18354935724443,90.62957763671875,635713000,-0.011151866145973743
2024-03-14,NVDA,89.32231468480107,90.3882755061813,86.35377401546849,87.69395446777344,602318000,-0.03239144709150599
2024-03-15,NVDA,86.68283850567245,89.29139794365639,86.01175546714047,87.5872573852539,642086000,-0.001216698268051597
2024-03-18,NVDA,90.13099363074502,92.14225684199752,86.8373838940454,88.2034912109375,668976000,0.007035656145426339
2024-03-19,NVDA,86.45349454494367,90.28656718338365,84.76830466715785,89.14382934570312,672171000,0.010661008105867564
2024-03-20,NVDA,89.54168157483528,90.15294523438696,87.97215934887909,90.11505126953125,479063000,0.010894998913067555
2024-03-21,NVDA,92.03756431354115,92.38457441104313,90.14794815065484,91.17501831054688,480372000,0.011762375164669159
2024-03-22,NVDA,90.88186017417289,94.50852022791372,90.57573384993215,94.02091217041016,586719000,0.031213526606268527
2024-03-25,NVDA,93.67389990625729,96.49086455465545,93.24412560987103,94.73188018798828,552136000,0.007561807274210519
2024-03-26,NVDA,95.57845969689596,96.1009718491892,92.23898306006764,92.29781341552734,513648000,-0.025694272800568463
2024-03-27,NVDA,92.84725495724012,92.97488937266765,88.8695984293379,89.99339294433594,586067000,-0.02496722713047206
2024-03-28,NVDA,89.74410760252643,91.04041442208826,88.93940289555813,90.0990982055664,435212000,0.0011745891311805146
2024-04-01,NVDA,90.04225806770008,91.96277679415357,88.9503702442798,90.10607147216797,452441000,7.739552049290666e-05
2024-04-02,NVDA,88.19650409145588,89.8378275505344,87.37086312159137,89.1976547241211,433064000,-0.010081637487962869
2024-04-03,NVDA,88.23241336254476,90.11703889051455,88.14865256608842,88.71104431152344,370067000,-0.005455417119460071
2024-04-04,NVDA,90.14893737073052,90.3762935173085,85.63580564756691,85.66073608398438,434965000,-0.03438476292565562
2024-04-05,NVDA,86.61901544259366,88.22942906906539,85.68169327218381,87.75777435302734,399678000,0.024480740709337034
2024-04-08,NVDA,88.44779211337963,88.57742734725042,86.48539311445134,86.88525390625,283220000,-0.009942372094208007
2024-04-09,NVDA,87.19337337953033,87.38582540473588,82.7859427996773,85.1113052368164,501700000,-0.02041714318229071
2024-04-10,NVDA,83.6873641901017,87.1514851156994,83.47097835546509,86.79151153564453,431929000,0.01974128224391647
2024-04-11,NVDA,87.17143320524475,90.48099639616545,86.6788421374309,90.35834503173828,431637000,0.041096570770390084
2024-04-12,NVDA,89.44396327846418,89.91861544290224,87.2811315064311,87.93526458740234,426805000,-0.026816343786341346
2024-04-15,NVDA,88.84465613304712,90.35534773623158,85.68466822355283,85.75646209716797,443077000,-0.024777346158648017
2024-04-16,NVDA,86.18725549413733,87.86746232886081,85.81930894271287,87.16646575927734,370453000,0.016441952333711596
2024-04-17,NVDA,88.08882656112145,88.52259493497695,83.7113088922385,83.79607391357422,495400000,-0.03866615235968085
2024-04-18,NVDA,84.7283978612392,85.94493013538192,82.167698910902,84.43024444580078,447260000,0.0075680220159315414
2024-04-19,NVDA,82.91358102333888,84.08423897081519,75.39103216599602,75.98333740234375,875198000,-0.10004598587748315
2024-04-22,NVDA,77.8819346514722,79.84533824784792,76.18278461859053,79.29191589355469,596341000,0.043543474192131004
2024-04-23,NVDA,80.53934787289336,82.53366130187051,80.03578647084935,82.18864440917969,438559000,0.036532457098321425
2024-04-24,NVDA,83.71130021339918,83.84292866853282,78.95785602564062,79.45045471191406,512208000,-0.033315912641574075
2024-04-25,NVDA,78.64376576074403,83.08610152779464,78.00060291462616,82.3970718383789,424641000,0.03708747970227777
2024-04-26,NVDA,83.5796943254643,88.0798637130723,83.14991996305922,87.48555755615234,551011000,0.0617556619943298
2024-04-29,NVDA,87.34594249418755,87.74180926182623,85.0235621625501,87.50748443603516,388971000,0.00025063428176408387
2024-04-30,NVDA,86.99194868469957,88.5664614931565,86.05462655663052,86.15633392333984,363709000,-0.015440399428724882
2024-05-01,NVDA,84.83509991070004,85.75547203094351,81.02396098069623,82.80488586425781,559863000,-0.03889961313887935
2024-05-02,NVDA,84.20888384405981,85.99180203592717,82.96343457532701,85.572998046875,377898000,0.03342933395445957
2024-05-03,NVDA,87.53938813243457,89.0271426544853,86.79251724081982,88.53654479980469,398341000,0.03463179765311386
2024-05-06,NVDA,89.13584021044993,91.95779560513117,88.80179361610953,91.87802124023438,376203000,0.03774121124768648
2024-05-07,NVDA,90.83898366205493,91.52004037192769,88.75791956813879,90.2965316772461,437342000,-0.017212925807937762
2024-05-08,NVDA,89.22858583150523,90.93471969755814,89.16576142158716,90.15494537353516,325721000,-0.001568014862597611
2024-05-09,NVDA,90.27159019237384,90.81304550195526,87.9801277687823,88.49465942382812,378013000,-0.018415916540440946
2024-05-10,NVDA,90.04824732317125,91.14113187208739,88.97330934521258,89.6224594116211,335325000,0.012744271746293556
2024-05-13,NVDA,90.22074555223655,90.73927132421963,88.27728953555432,90.14197540283203,289680000,0.005796716521970113
2024-05-14,NVDA,89.34424430460986,91.39041184902159,88.68113417048747,91.09625244140625,296507000,0.010586378147468878
2024-05-15,NVDA,92.20907765380471,94.59228164011105,91.3385587292716,94.3609390258789,417735000,0.03583777045683112
2024-05-16,NVDA,94.64014168326462,95.54655367350442,93.8354294469824,94.09070587158203,323952000,-0.0028638243439137456
2024-05-17,NVDA,94.10068232469492,94.47062203748345,91.5449662156453,92.21604919433594,359691000,-0.019923930423103475
2024-05-20,NVDA,93.48344309476195,94.9293173048801,93.17432694405993,94.51051330566406,318764000,0.024881396799951494
2024-05-21,NVDA,93.33287026664621,95.1287520032466,92.915062881723,95.11479187011719,328946000,0.006393770844295155
2024-05-22,NVDA,95.18757861855156,95.74698053068366,92.98386328100148,94.68002319335938,548648000,-0.004570989098640954
2024-05-23,NVDA,101.73792243712086,106.01771960058372,101.23136351439217,103.50389099121094,835065000,0.09319672197197404
2024-05-24,NVDA,104.15201429523188,106.1722546778935,102.70713677897801,106.16627502441406,429494000,0.025722550212428308
2024-05-28,NVDA,109.93054124400538,114.61219142145016,109.57056763172464,113.57714080810547,652728000,0.06980433081962412
2024-05-29,NVDA,112.7285727659483,115.16362326202471,110.58568085733936,114.49851989746094,557442000,0.008112363833072678
2024-05-30,NVDA,114.32401567603497,115.48969056494155,109.35119576529627,110.1858139038086,484553000,-0.037666041425815644
2024-05-31,NVDA,112.20006619281486,112.39651226649593,106.6359377048998,109.32128143310547,613263000,-0.007846132274866635
2024-06-03,NVDA,113.29794252397816,114.67301940917969,111.68453916444382,114.67301940917969,438392000,0.04895421921438947
2024-06-04,NVDA,115.38696833558724,116.26844977756751,113.72071454127648,116.10591125488281,403324000,0.012495457546035649
2024-06-05,NVDA,118.03444216742467,122.10084264977675,117.13400975669744,122.09187316894531,528402000,0.05155604783051704
2024-06-06,NVDA,123.69529221491227,125.22991785379394,117.98358173920542,120.65396881103516,664696000,-0.011777232346336874
2024-06-07,NVDA,119.42945596831338,121.34599585382935,117.68643254910567,120.54428100585938,412386000,-0.0009091106265022297
2024-06-10,NVDA,120.02775723865274,122.74999082651334,116.6773100476689,121.44371795654297,313434100,0.007461465141095136
2024-06-11,NVDA,121.43373663493091,122.53070514239239,118.41210500224047,120.57611846923828,222551200,-0.007144045833767598
2024-06-12,NVDA,122.72018091821553,126.5296321042774,122.23153612962203,124.8542709350586,299595000,0.035480927070245416
2024-06-13,NVDA,129.0327119863157,129.4415834964467,126.80887399420205,129.25210571289062,260704500,0.03522374320794763
2024-06-14,NVDA,129.60111215914813,132.47314847030367,127.96564175395862,131.51580810546875,309320400,0.017513853101987387
2024-06-17,NVDA,132.6227916073861,133.36073857025062,129.22220369566065,130.6183319091797,288504400,-0.006824093690465993
2024-06-18,NVDA,130.77788509132313,135.95355648117285,130.32913071079423,135.20562744140625,294335100,0.03511984470461749
2024-06-20,NVDA,139.41394956266274,140.37129003031137,129.16233868973217,130.41885375976562,517768400,-0.035403657171851455
2024-06-21,NVDA,126.76897377617152,130.2692833981682,123.95676122395307,126.22048950195312,649445800,-0.03219139056034015
2024-06-24,NVDA,122.89967494041525,124.11630717061917,117.71403760101381,117.78384399414062,476060900,-0.06684053865661765
2024-06-25,NVDA,120.86531009404065,126.1506774907381,118.99050434542877,125.74180603027344,414192600,0.06756412226220676
2024-06-26,NVDA,125.78171327779911,127.76621614131051,122.2614619181134,126.05097198486328,362975900,0.0024587363928540995
2024-06-27,NVDA,123.75731038151326,126.06093675176166,122.58056851355609,123.64761352539062,252571700,-0.019066560309913827
2024-06-28,NVDA,124.236004634683,127.3573591664442,122.41105590597208,123.1988754272461,315516700,-0.0036291690987823033
2024-07-01,NVDA,123.12904675738962,124.49525872121755,118.50186042748064,123.95675659179688,284885500,0.006151688981920422
2024-07-02,NVDA,120.79549721367266,123.06920739309287,120.69577488496827,122.33124542236328,218374000,-0.013113534220539291
2024-07-03,NVDA,121.32408029184768,127.92579650878906,121.024905598081,127.92579650878906,215749000,0.04573280576936756
2024-07-05,NVDA,127.02825932218164,128.4942089959331,125.33295662282136,125.4825439453125,214176700,-0.019098982614571436
2024-07-08,NVDA,127.13793933281039,130.40888813496693,126.68918503314605,127.84597778320312,237677300,0.018834761900592634
2024-07-09,NVDA,129.99005737514514,133.4504765285805,128.29473958471138,131.0172119140625,285366600,0.024805114606241574
2024-07-10,NVDA,133.65988550841513,134.72693809179796,132.0543307877707,134.53746032714844,248978600,0.026868595062112588
2024-07-11,NVDA,135.3751516521801,135.77404103999976,126.69917812553707,127.04821014404297,374782700,-0.05566665347252886
2024-07-12,NVDA,127.90579778257397,131.5556941519699,126.86867649262842,128.8831024169922,252680500,0.014442488177274448
2024-07-15,NVDA,130.19948360408995,131.02719355977734,126.82881950170466,128.08534240722656,208326200,-0.006189795208254134
2024-07-16,NVDA,128.0853283678797,128.68366239858466,124.2359867587292,126.01107025146484,214769500,-0.016194453766356087
2024-07-17,NVDA,121.01490699704938,121.51352631521466,116.39769484983655,117.6641845703125,390086200,-0.06623930472533479
2024-07-18,NVDA,121.51351868069985,122.062002939552,116.23812571295703,120.755615234375,320979500,0.026273336065276043
2024-07-19,NVDA,120.01767057688257,121.26421889531369,117.04590364640599,117.60435485839844,217223800,-0.02609618086794785
2024-07-22,NVDA,120.0176813971429,123.72741074457895,119.52903654259545,123.1988754272461,258068900,0.0475706922212511
2024-07-23,NVDA,122.44095787706307,124.34568731396223,121.76283530375956,122.25148010253906,173911000,-0.00768996731034699
2024-07-24,NVDA,118.84093724595712,119.61878223552345,113.12676360209511,113.93452453613281,327776900,-0.0680315327015294
2024-07-25,NVDA,112.72786663674131,116.30795001542549,106.00647974568223,111.96996307373047,460067000,-0.0172428986771197
2024-07-26,NVDA,115.8691646723326,115.87913158113766,111.27189374853045,112.747802734375,293399100,0.006946860026490587
2024-07-29,NVDA,113.3760598876514,115.95890423286832,110.99266022089631,111.28185272216797,248152100,-0.013002027326959875
2024-07-30,NVDA,111.21203931839821,111.68074265241845,102.25684143468115,103.44355773925781,486833300,-0.07043641700034997
2024-07-31,NVDA,112.58823561538453,118.01320824039244,110.57380945153913,116.69685363769531,473174200,0.12812103709584366
2024-08-01,NVDA,117.20544905631927,119.82819139029307,106.51505026446524,108.9084243774414,523462300,-0.06674069623534473
2024-08-02,NVDA,103.47348325737674,108.41978599115991,101.09008352011347,106.97378540039062,482027500,-0.0177639056676272
2024-08-05,NVDA,91.80577675325813,103.12444016973573,90.43956483475881,100.172607421875,552842400,-0.06357798738316678
2024-08-06,NVDA,103.55324859386288,107.41256456659957,100.27234042123098,103.96212005615234,409012100,0.0378298292498056
2024-08-07,NVDA,107.51228858966286,108.49956025923653,98.41747763354093,98.63687133789062,411440400,-0.051222971553344876
2024-08-08,NVDA,101.71833775867768,105.208672877848,97.2507054584759,104.68013763427734,391910000,0.06126782220904903
2024-08-09,NVDA,105.34829623370402,106.30564447792429,103.14439960768745,104.46075439453125,290844200,-0.0020957484839441154
2024-08-12,NVDA,106.02641463942724,110.76329830179426,105.96658275414626,108.71895599365234,325559900,0.040763649696024196
2024-08-13,NVDA,112.12952516459809,115.90906086189524,111.27189924867696,115.81930541992188,312646700,0.06530921274376555
2024-08-14,NVDA,118.20269875673235,118.27250515954668,113.75501518576698,117.75394439697266,339246400,0.016703942145365414
2024-08-15,NVDA,118.4320598996148,122.89968462856436,117.14562117487446,122.52073669433594,318086700,0.040480956470497986
2024-08-16,NVDA,121.60327554530542,124.6548231821397,120.84537209002657,124.2359848022461,302589900,0.013999655521084176
2024-08-19,NVDA,123.93683014253082,129.6410369873047,123.07920421225627,129.6410369873047,318333600,0.04350633348028876
2024-08-20,NVDA,128.04543898793298,129.52136317375601,125.54237540722741,126.89862060546875,300087400,-0.021153921980001544
2024-08-21,NVDA,126.96844527510662,128.99284645503002,126.31027161533281,128.1451873779297,257883600,0.009823327996105968
2024-08-22,NVDA,129.66095684860522,130.388936708764,122.76006049629918,123.3982925415039,376189100,-0.03704309879719547
2024-08-23,NVDA,125.51245424374224,129.2421321879317,124.87422213092064,129.01275634765625,323230300,0.04549871550502993
2024-08-26,NVDA,129.2122143703238,130.89753484404284,124.02656901853358,126.11079406738281,331964700,-0.022493607317817466
2024-08-27,NVDA,124.70470624383526,128.84324088713785,123.53793114727517,127.94573211669922,303134600,0.01455020613331448
2024-08-28,NVDA,127.76622450424588,127.97565133826045,122.30136038396044,125.2631607055664,448101100,-0.020966478261940313
2024-08-29,NVDA,121.02487540717718,124.08639756190335,116.38771446055243,117.2652816772461,453023300,-0.06384861265890851
2024-08-30,NVDA,119.19992897597831,121.41379989153823,116.89631023816276,119.04037475585938,333751600,0.01513741367627408
2024-09-03,NVDA,115.68966653869764,115.88911124023056,106.9937436452946,107.7017822265625,477155100,-0.09524997340231212
2024-09-04,NVDA,105.11893116355375,112.95722005840781,103.83249237473713,105.91671752929688,372470300,-0.016574142603420827
2024-09-05,NVDA,104.70008464878364,109.34722045042044,104.47072401794104,106.91395568847656,306850700,0.009415304613304754
2024-09-06,NVDA,107.74167945099285,107.85137632621944,100.67125249545475,102.54606628417969,413638100,-0.04085424934630544
2024-09-09,NVDA,104.59038154400555,106.25577578698045,103.4036727846321,106.17599487304688,273912000,0.03539802861679542
2024-09-10,NVDA,107.5122906776436,109.09790400275718,104.66018768236026,107.8014907836914,268283700,0.015309448360602662
2024-09-11,NVDA,109.08794174088705,116.86640671242463,107.12338026732812,116.5871810913086,441422400,0.08149878302931901
2024-09-12,NVDA,116.52733397843357,120.46676839354188,115.07124183313299,118.82118225097656,366052700,0.01916163628588241
2024-09-13,NVDA,118.76133738659651,119.6389797203674,117.28529459768677,118.78128051757812,238358300,-0.00033581330064669235
2024-09-16,NVDA,116.47746652004345,117.8637462195167,114.05396898625607,116.46749114990234,248772300,-0.019479410876812153
2024-09-17,NVDA,117.85377554798693,118.48209453930119,114.52271703198278,115.28067779541016,231925900,-0.010190082595362804
2024-09-18,NVDA,115.57987289959789,117.38502682895009,112.91701975753097,113.06661987304688,310318900,-0.019205802435448893
2024-09-19,NVDA,117.0359679559666,119.33979153223306,116.93623707940027,117.55458068847656,293506400,0.03969306609208667
2024-09-20,NVDA,116.74674381909426,118.30257441739377,115.0812145821692,115.68958282470703,382462400,-0.015864952712577263
2024-09-23,NVDA,116.23810791147417,116.67692526968904,114.55262802291854,115.94888305664062,206228500,0.0022413446881079935
2024-09-24,NVDA,116.20818908018337,121.47406618937484,115.07124032940908,120.54655456542969,354966800,0.0396525726474064
2024-09-25,NVDA,121.69346336275538,124.60565503965537,121.28456450552947,123.17948150634766,284692900,0.02184157772413875
2024-09-26,NVDA,126.46067739619816,127.32834434574869,121.47405774507013,123.70806121826172,302582900,0.004291134411755326
2024-09-27,NVDA,123.63824884420143,123.6980858451405,118.94085404604166,121.07512664794922,271009200,-0.021283451897828543
2024-09-30,NVDA,117.99339940741461,121.1748653861715,117.83383152489164,121.11502838134766,226553700,0.00032956177295151434
2024-10-01,NVDA,121.4441210323085,122.11233379004094,115.4801287113044,116.6868896484375,302094500,-0.036561430832246056
2024-10-02,NVDA,116.12839762685847,119.06052472572213,114.83187351018621,118.53194427490234,221845900,0.015812013089248955
2024-10-03,NVDA,120.59641230247804,124.0272091849403,120.01796257527629,122.52124786376953,277118000,0.0336559364926563
2024-10-04,NVDA,124.60565935860969,124.70539023390367,121.50398120040512,124.58570861816406,243678100,0.016849818218387602
2024-10-07,NVDA,124.65551433206126,130.29039598837593,124.61562046227938,127.37821197509766,346250200,0.022414315316792832
2024-10-08,NVDA,129.9114112143918,133.1227955252644,129.07366275536995,132.5343780517578,285722500,0.04047918397275185
2024-10-09,NVDA,133.75112849037495,134.16003500176663,131.02843810434518,132.29502868652344,246191600,-0.0018059417394399313
2024-10-10,NVDA,131.55700075403345,134.63872798675436,130.64943234270237,134.44923400878906,242311300,0.016283342946846968
2024-10-11,NVDA,133.6513755856735,135.4166432187145,133.30232133780012,134.43927001953125,170209500,-7.410967664689405e-05
2024-10-14,NVDA,136.10479144805439,139.22642006970023,135.9352482142016,137.7005157470703,232347700,0.024258133260209425
2024-10-15,NVDA,137.50104323972985,138.1991821543322,128.3954862474048,131.24783325195312,377831000,-0.04686026381316932
2024-10-16,NVDA,133.62146232310147,136.25439701653355,131.22789086287455,135.3568115234375,264879700,0.03130701794974766
2024-10-17,NVDA,138.96710708195366,140.51296215395072,136.50371585796043,136.5635528564453,306435900,0.008915261222733895
2024-10-18,NVDA,138.2989120156457,138.52829226592988,136.9126323168706,137.63070678710938,176090200,0.007814339246034807
2024-10-21,NVDA,137.76036967912168,143.325439453125,137.63071268872676,143.325439453125,264554500,0.0413769048997501
2024-10-22,NVDA,142.52756130979012,144.03351491090646,141.40058044009385,143.2057342529297,226311600,-0.0008351985568790798
2024-10-23,NVDA,141.64993025905358,142.04885378245024,137.09216737152124,139.18653869628906,285930000,-0.02806588421621392
2024-10-24,NVDA,140.44319304975355,140.97177362783538,138.08950746476395,140.03428649902344,172354900,0.006090731263776794
2024-10-25,NVDA,140.55287134358582,143.74432048434818,140.42322956503693,141.16123962402344,205122100,0.008047694269559091
2024-10-28,NVDA,142.617310298629,142.75693502866474,139.67520798990546,140.14395141601562,173586700,-0.007206568961262372
2024-10-29,NVDA,139.91458673541953,141.87931636585566,138.52830689029554,140.8720245361328,157593600,0.005195180475223715
2024-10-30,NVDA,139.1665637778278,139.95445814390004,136.44387391965424,138.96710205078125,179418100,-0.013522361814733208
2024-10-31,NVDA,137.23176786248834,137.2417356225259,131.7564544469141,132.4047088623047,270039600,-0.04722263824770945
2024-11-01,NVDA,134.33951978002003,136.94253564166783,134.2098780275083,135.0376434326172,207127800,0.019885505530250036
2024-11-04,NVDA,136.8428124063768,138.58812914709054,135.2072018980832,135.6859130859375,187528200,0.004800658815138359
2024-11-05,NVDA,137.08217511986183,139.99435925396384,136.9625011145287,139.5355987548828,160537400,0.028372036428771175
2024-11-06,NVDA,142.57743460752744,146.09798683530676,141.58011068537002,145.2203369140625,242043900,0.040740414703532846
2024-11-07,NVDA,145.9982407267333,148.53143666074,145.77882825788768,148.48158264160156,207323300,0.022457224634239603
2024-11-08,NVDA,148.3718728926044,149.3691967390222,145.868580298605,147.23492431640625,175665800,-0.00839604685656159
2024-11-11,NVDA,148.28213868247923,148.45169716990912,143.18582718199275,144.8712921142578,182325600,-0.016053475173247733
2024-11-12,NVDA,146.38721941597868,149.24953450275174,145.61927565442116,147.89317321777344,198634700,0.020859074695988244
2024-11-13,NVDA,148.67109606044525,148.93039482211316,145.50956558703103,145.8785858154297,191903300,-0.01362190937222818
2024-11-14,NVDA,147.24489842760545,148.60125952595652,145.16049515099348,146.36724853515625,194463300,0.003349790628933258
2024-11-15,NVDA,144.48233309105467,144.85135334501234,139.70515749364313,141.60006713867188,250132900,-0.03257000076311012
2024-11-18,NVDA,139.12670881569363,141.17122621822548,136.78299114631068,139.77496337890625,221205300,-0.012889144734502533
2024-11-19,NVDA,140.94181709193657,146.7362663614533,140.61269838756368,146.6165771484375,227834900,0.04894734796663691
2024-11-20,NVDA,147.0155400700263,147.16513258851916,142.34805565960622,145.49960327148438,309871700,-0.007618332787992177
2024-11-21,NVDA,148.95033233522298,152.48085228758558,140.3234713661803,146.27749633789062,400946600,0.0053463586766955284
2024-11-22,NVDA,145.53949007763015,146.7662096056562,140.72242834878378,141.5701446533203,236406200,-0.032180969748734745
2024-11-25,NVDA,141.61003096699034,141.66986796819967,135.45654411602544,135.656005859375,344941900,-0.041775324934702596
2024-11-26,NVDA,137.33150030488406,138.9272246590056,135.30693397114106,136.5535888671875,190287700,0.006616610905844977
2024-11-27,NVDA,134.64869500572706,136.85278753282546,131.44729379106425,134.97781372070312,226370900,-0.011539609903749803
2024-11-29,NVDA,136.41395288721657,138.977082446908,135.68591074894266,137.88002014160156,141863200,0.021501358933725845
2024-12-02,NVDA,138.45851024352928,140.07417045795853,137.45121835469945,138.25904846191406,171682800,0.0027489720404976214
2024-12-03,NVDA,137.8899957715255,140.1638930268938,137.58082780000817,139.8846435546875,164414000,0.011757603649509063
2024-12-04,NVDA,141.61999054867616,145.39984134699782,139.91456002292938,144.7515869140625,231224300,0.034792549315624255
2024-12-05,NVDA,144.73165063129176,146.1579148411047,143.57467148409813,144.68177795410156,172621200,-0.00048226732051226406
2024-12-06,NVDA,144.22297517109268,145.32009789302302,140.9415450143936,142.068603515625,188505600,-0.018061531143925835
2024-12-09,NVDA,138.60766082087318,139.58510137793925,136.77246195727844,138.4480743408203,189308600,-0.025484372234337416
2024-12-10,NVDA,138.6475487860502,141.4502349567079,133.44115786086326,134.71783447265625,210020900,-0.026943241254343886
2024-12-11,NVDA,137.00186458417264,139.80453569143606,134.85747632446007,138.94677734375,184905200,0.03139111378718096
2024-12-12,NVDA,136.72258646567687,138.07904108019704,135.44592508954074,136.98190307617188,159211400,-0.014141200718294389
2024-12-13,NVDA,138.57773734651352,139.2360201486468,132.19441524956173,133.89996337890625,231514900,-0.02249888217388718
2024-12-16,NVDA,133.8301313094174,134.04955889819416,130.07994062496547,131.65582275390625,237951100,-0.01675983001316883
2024-12-17,NVDA,128.75342001528475,131.24690176576593,126.5292385551769,130.05003356933594,259410300,-0.012196871744684534
2024-12-18,NVDA,133.51097335742298,136.34356467427952,127.94552085179448,128.57388305664062,277444500,-0.011350635383790997
2024-12-19,NVDA,131.41644980197495,133.68053537391728,129.212220572867,130.33926391601562,209719200,0.01373047789648929
2024-12-20,NVDA,129.4715360054975,134.92727495716574,127.88568536239204,134.34878540039062,306528600,0.030762192173791503
2024-12-23,NVDA,135.9246564899382,139.42549888718457,134.76767747092137,139.30581665039062,176053500,0.03689673289733797
2024-12-24,NVDA,139.63495779620516,141.52999756440977,138.28847175842643,139.85438537597656,105157000,0.003937873800077263
2024-12-26,NVDA,139.33575896662117,140.48276971800976,137.37089410442982,139.56515502929688,116205600,-0.002068082069090149
2024-12-27,NVDA,138.1887488761999,138.65752461945982,134.35876491420703,136.6527557373047,170582600,-0.020867667802760836
2024-12-30,NVDA,134.47844750631418,139.9042657427297,133.67056192681179,137.1315155029297,167734700,0.0035034768456871923
2024-12-31,NVDA,137.67010377599792,137.71000800391963,133.48105776544256,133.93984985351562,155659200,-0.023274486814417794
2025-01-02,NVDA,135.64538180842524,138.51787711680194,134.27895893528864,137.94935607910156,198247200,0.029935125580407673
2025-01-03,NVDA,139.6449446721197,144.52219430432945,139.36567593719187,144.09332275390625,229322500,0.0445378423606535
2025-01-06,NVDA,148.20258376458906,151.76328315584956,147.43460231153736,149.04039001464844,265377400,0.03433238380650838
2025-01-07,NVDA,152.63098706400407,152.73073241075815,139.6449312609891,139.77459716796875,351782200,-0.062169676594170165
2025-01-08,NVDA,142.2082666228464,143.57468988273558,137.20135052761552,139.7447052001953,227349900,-0.00021385837182930079
2025-01-10,NVDA,137.09162690267476,139.55518814906236,133.87005266470834,135.55564880371094,207602500,-0.029976494569030177
2025-01-13,NVDA,129.6510717959939,133.1419459563911,129.17231238202828,132.8826141357422,204808900,-0.019719094641636015
2025-01-14,NVDA,135.6952813829554,136.02442280388445,129.71092511662002,131.4164581298828,195590500,-0.011033467511119777
2025-01-15,NVDA,133.30153730793728,136.09424010113995,130.94768976753863,135.88479614257812,185217300,0.034001357792485365
2025-01-16,NVDA,138.27852927433761,138.38824308482273,133.14196273572836,133.2217559814453,209235600,-0.019597778682602596
2025-01-17,NVDA,136.33360735729912,138.13888566634566,135.10681862678206,137.3509521484375,201188800,0.030994908726224013
2025-01-21,NVDA,138.79717036536638,141.4602070208564,136.7325601923546,140.4628143310547,197749000,0.022656284022364526
2025-01-22,NVDA,144.2828188497205,147.4046473751733,143.29539468537405,146.68653869628906,237651400,0.04430869760708167
2025-01-23,NVDA,144.67181084027297,146.8461195709751,143.34527675360425,146.83615112304688,155915500,0.0010199465342051184
2025-01-24,NVDA,147.98316218253018,148.58160393928114,141.5100927680708,142.24815368652344,234657600,-0.03124569393458665
2025-01-27,NVDA,124.47460659166907,128.06521102414737,116.39571998533557,118.11123657226562,818830900,-0.1696817602810443
2025-01-28,NVDA,121.49239920882492,128.66365497133788,115.94689837533355,128.6536865234375,579666400,0.0892586535974631
2025-01-29,NVDA,126.17017448185184,126.55915701971556,119.7369947161038,123.37747192382812,467120600,-0.04101098648773027
2025-01-30,NVDA,122.77903527699785,124.67408285834512,117.79207196266405,124.32499694824219,392925500,0.007679886851621021
2025-01-31,NVDA,123.45726880122108,127.5166568388694,118.87923990097873,119.75694274902344,388161100,-0.036742845858427686
2025-02-03,NVDA,114.45081126895413,118.26085104341853,112.71535011762803,116.3558349609375,371235700,-0.02840008862963117
2025-02-04,NVDA,116.65504122535879,120.88398385074507,116.39571701060105,118.34063720703125,256550000,0.01705803792959837
2025-02-05,NVDA,121.44253659311748,124.67408679210826,120.44514389878061,124.50453186035156,262230800,0.052086035691500276
2025-02-06,NVDA,127.08777312720079,128.43425932928383,124.88353622330139,128.344482421875,251483600,0.030841853739351777
2025-02-07,NVDA,128.88308623826384,130.03008175856976,124.67408781607283,129.50146484375,228186300,0.00901466428507569
2025-02-10,NVDA,129.75081827828257,134.64802029874645,129.6211675706223,133.2217559814453,216989100,0.02872779193798336
2025-02-11,NVDA,132.23432300379022,134.12936300336048,130.67839286199495,132.45375061035156,178902400,-0.005764864495561239
2025-02-12,NVDA,129.68100547013307,131.89521852186024,128.7434538800678,130.79808044433594,160278600,-0.012499987039900629
2025-02-13,NVDA,131.2169852346524,136.14410776005724,130.8280026783839,134.937255859375,197430000,0.03164553639455425
2025-02-14,NVDA,136.12416013401827,138.88694235090182,135.14671948687393,138.4879913330078,195479600,0.02631397423209214
2025-02-18,NVDA,140.90164868488978,143.06598867498343,137.5703460278079,139.03651428222656,219176600,0.003960797928679316
2025-02-19,NVDA,139.14625788985987,140.99144057578553,136.86223517532474,138.8669891357422,167536000,-0.001219285073130183
2025-02-20,NVDA,139.6649119502666,140.29327428157626,136.4333538136822,139.7447052001953,143903600,0.006320552277511826
2025-02-21,NVDA,139.67487215272783,141.09118323158302,133.68054728393315,134.07949829101562,228217600,-0.04053968915003847
2025-02-24,NVDA,136.20396396001723,138.22867021014434,129.74086261032588,129.94033813476562,251381100,-0.03087094006919744
2025-02-25,NVDA,129.64109140603463,129.86051900489684,124.11554286315072,126.2998275756836,271428700,-0.02801678532886631
2025-02-26,NVDA,129.6510686159171,133.38130717279842,128.15497972672858,130.9376983642578,322553800,0.03672111734115413
2025-02-27,NVDA,134.64801060127058,134.6579790491402,119.69709659183455,119.83673095703125,443175800,-0.08478052956410298
2025-02-28,NVDA,117.71228067710521,124.76384661623277,116.09650940652436,124.59429168701172,389091100,0.03970035474087119
2025-03-03,NVDA,123.18797717385785,123.3774766164976,111.9872535622559,113.76261138916016,411381400,-0.08693560636839914
2025-03-04,NVDA,110.36151024571446,118.99892757705338,109.82291724300465,115.68758392333984,398163300,0.01692095944945149
2025-03-05,NVDA,117.27343224392774,117.97160407078815,114.21143704412195,116.9941635131836,284337900,0.011294034722944435
2025-03-06,NVDA,113.23399700198848,115.0492514915792,109.93262945458795,110.2817153930664,321181900,-0.05737421353810346
2025-03-07,NVDA,110.95993136050063,113.18412029909872,107.27955007853643,112.39617919921875,341755500,0.01917329449053251
2025-03-10,NVDA,109.61344966651625,111.5583622176382,105.18502403072868,106.70106506347656,366487400,-0.05066999764865476
2025-03-11,NVDA,106.71103594468934,111.94734728122161,104.49682307629253,108.47642517089844,354865700,0.01663863529727383
2025-03-12,NVDA,113.83292501602207,116.46628328215824,112.59603885298675,115.44884490966797,323857500,0.06427589891338026
2025-03-13,NVDA,116.73560262668995,117.46376961532557,113.50375517662202,115.28925323486328,299033100,-0.0013823583503980164
2025-03-14,NVDA,118.31162236591584,121.57339292473429,117.85278046649132,121.36392211914062,277593500,0.052690677698312705
2025-03-17,NVDA,122.43123309193861,122.58085727393843,117.73308248243704,119.22930908203125,255501500,-0.017588530428456872
2025-03-18,NVDA,117.70316017412442,118.7205909220559,114.25186503478537,115.1396255493164,299686900,-0.03430099162866984
2025-03-19,NVDA,116.97498651717953,120.14698705841565,115.3889900516623,117.22435760498047,273426200,0.018106121552142307
2025-03-20,NVDA,116.25680439544837,119.89761619602571,116.17700382075364,118.23181915283203,248829700,0.008594302143642096
2025-03-21,NVDA,116.64582513098318,117.6931791575635,115.1296446207881,117.4039077758789,266498500,-0.007002441329968301
2025-03-24,NVDA,119.5784337604655,121.91255134314885,119.03979124138472,121.1045913696289,228452500,0.03152095755462003
2025-03-25,NVDA,120.24673586292965,120.98487211685925,118.62083157726417,120.38638305664062,167447200,-0.00593047963636828
2025-03-26,NVDA,118.4313220614094,118.5410383402261,112.42646191953317,113.47382354736328,293463300,-0.057419778996309345
2025-03-27,NVDA,111.0698805170997,114.16208047077859,110.38162149260253,111.1496810913086,236902100,-0.020481749741028232
2025-03-28,NVDA,111.20953292547101,112.58606625933987,108.79562251910656,109.39411163330078,229872500,-0.015794642330693054
2025-03-31,NVDA,104.86552901006266,110.68086470981991,103.38925640513808,108.10735321044922,299212700,-0.01176259310158212
2025-04-01,NVDA,108.2470050831867,109.92277920039626,106.20216660392524,109.87290954589844,222614000,0.016331510142628902
2025-04-02,NVDA,107.0200962834212,111.69830029652357,106.5213541109438,110.14221954345703,220601200,0.00245110463235787
2025-04-03,NVDA,103.24961996040646,105.36428217323731,101.34442096353821,101.5439224243164,338769400,-0.07806540629724767
2025-04-04,NVDA,98.66119636165205,99.87812106911886,91.87829866162578,94.07276153564453,532273800,-0.07357565780699815
2025-04-07,NVDA,87.23998007579976,101.49403230771996,86.40209687721266,97.39437103271484,611041300,0.03530894004649521
2025-04-08,NVDA,103.54885717389794,105.58372634261488,94.2223791915971,96.05775451660156,476243400,-0.013723755304752783
2025-04-09,NVDA,98.6412345329499,114.8104562069238,97.28465510127192,114.04239654541016,612918300,0.18722738335196376
2025-04-10,NVDA,109.09486759895934,110.58111717003517,98.9005761841806,107.29939270019531,437812400,-0.059127167171814654
2025-04-11,NVDA,108.22706011361765,111.26939065397997,107.20962934859612,110.65094757080078,313417300,0.031235543708714397
2025-04-14,NVDA,113.82295197096049,114.00249947758738,108.7956293956101,110.43150329589844,264705000,-0.0019832118903629903
2025-04-15,NVDA,110.69084593782598,113.33418114021705,110.22202704858428,111.9177474975586,228966900,0.013458516431473333
2025-04-16,NVDA,104.2869965726397,106.52135948725393,100.1973044637503,104.22714233398438,397016900,-0.06871658280776227
2025-04-17,NVDA,104.1872406628714,104.20719461222582,99.79831546993584,101.23468780517578,292517500,-0.028710894895492833
2025-04-21,NVDA,98.52153569265882,99.18985605733366,94.80092295909544,96.66622161865234,288501100,-0.0451274783927359
2025-04-22,NVDA,98.53150383378456,99.55891150664588,97.03527729423074,98.64122772216797,241004800,0.020431191686657746
2025-04-23,NVDA,104.25705857766793,104.53636058197965,101.76334775853866,102.45161437988281,247526000,0.03862874323145227
2025-04-24,NVDA,103.21968611105362,106.2719858525715,102.85061415392688,106.16226196289062,220815000,0.036218536969549575
2025-04-25,NVDA,106.58121206849437,111.63845793071249,105.46403435389149,110.73075103759766,251064700,0.04303307964843439
2025-04-28,NVDA,109.4140660423662,110.09235573735528,105.75329251827114,108.45648193359375,207708500,-0.02053873095497838
2025-04-29,NVDA,107.39914041879526,109.92277466025524,107.16972327513623,108.74574279785156,170444300,0.0026670684785343735
2025-04-30,NVDA,104.20718635975734,108.64598846435547,103.81816809037464,108.64598846435547,235044600,-0.0009173171374766698
2025-05-01,NVDA,112.79554223516973,114.65086390129245,111.02002115064856,111.32923889160156,236121500,0.02469718822730771
2025-05-02,NVDA,113.8927727544179,115.10970497913567,113.08481279973248,114.21196746826172,190194800,0.02589372392518552
2025-05-05,NVDA,112.62597685282235,114.38154406705421,112.3766057315755,113.53368377685547,133163200,-0.005938814525673353
2025-05-06,NVDA,111.19957134225872,114.4513652140045,110.541227943435,113.25438690185547,158525600,-0.0024600353455362933
2025-05-07,NVDA,112.7656187028628,117.38396890879066,111.99755142427854,116.7655258178711,206758800,0.031002233220849273
2025-05-08,NVDA,117.95252869863282,118.38144728921775,115.55856464909375,117.07474517822266,198428100,0.002648207663911606
2025-05-09,NVDA,117.05480348234514,117.93259470484641,114.92018728068513,116.3565673828125,132972200,-0.00613435283858077
2025-05-12,NVDA,121.66317455201767,122.69058227539062,119.9774234659773,122.69058227539062,225023300,0.05443624743362574
2025-05-13,NVDA,124.66559728217729,130.88989748886456,124.1568781333485,129.60313415527344,330430100,0.0563413405632629
2025-05-14,NVDA,132.86494113292153,135.09931203986915,131.3487603310497,134.9995574951172,281180800,0.041638062034660805
2025-05-15,NVDA,133.9521641466833,135.9571173935552,132.32627503661865,134.49081420898438,226632600,-0.003768481138548996
2025-05-16,NVDA,135.87731640314823,136.00699423634137,133.12426513669956,135.0593719482422,226542500,0.004227483806993115
2025-05-19,NVDA,132.05697984278174,135.52822183812333,132.05697984278174,135.22898864746094,193154600,0.001255867673394473
2025-05-20,NVDA,133.95217650431997,134.24145551049554,132.286379343903,134.04196166992188,161514200,-0.0087779032396198
2025-05-21,NVDA,132.72528507307794,137.05436414816955,130.26149714159004,131.4684600830078,270608700,-0.01919922354800585
2025-05-22,NVDA,131.89735290411087,133.9122755767364,131.21907084385478,132.495849609375,187344000,0.007814722449160039
2025-05-23,NVDA,129.67296865108418,132.3462194682512,128.8350854296202,130.959716796875,198821300,-0.011593818349999951
2025-05-27,NVDA,133.81252390577552,135.31873506532702,132.9746406768617,135.1591339111328,192953600,0.032066479807461024
2025-05-28,NVDA,135.68778777349254,136.9047198340945,134.4509017652276,134.47085571289062,304021100,-0.005092354310991198
2025-05-29,NVDA,141.8921589021039,143.12904506361895,137.56308016740775,138.83985900878906,369241900,0.03249033608610863
2025-05-30,NVDA,138.37105052724368,139.26878048564038,132.5856374053386,134.7900848388672,333170900,-0.029168671005820546
2025-06-02,NVDA,135.14914865694024,137.77252192620537,135.05936350550982,137.03439331054688,197663100,0.016650397352020452
2025-06-03,NVDA,138.43088175862894,141.64278269656361,137.60296789247522,140.86474609375,225578800,0.027951762259586843
2025-06-04,NVDA,141.83231333868676,142.03180718032695,139.18897047063936,141.56298828125,167120800,0.004956827076061376
2025-06-05,NVDA,141.8123411098902,143.63773920540723,138.4807472006614,139.63783264160156,231397900,-0.01359928652977882
2025-06-06,NVDA,142.1515162209299,142.90961421188257,141.1540316815974,141.36351013183594,153986200,0.012358237431710606
2025-06-09,NVDA,142.8297985646697,144.63524295526028,141.58294302195193,142.27120971679688,185114500,0.006421031736651317
2025-06-10,NVDA,142.3310452201821,143.92701105784593,141.17395971410352,143.5978546142578,155881900,0.009324760083939232
2025-06-11,NVDA,144.25625056305435,144.6353258646159,141.52294776727436,142.48060607910156,167694000,-0.007780398517495124
2025-06-12,NVDA,141.62270753548705,144.64529418945312,141.5030059559913,144.64529418945312,162365000,0.015192861470211483
2025-06-13,NVDA,142.13145812905782,143.2287733742275,140.50545582034982,141.62271118164062,180820600,-0.020896518097945127
2025-06-16,NVDA,142.9993260342438,145.82238955213242,142.84968384945327,144.33604431152344,183133700,0.01915888424422807
2025-06-17,NVDA,144.13653073401778,144.8647406282524,143.42826095310537,143.76742553710938,139108000,-0.003939547998050963
2025-06-18,NVDA,143.65770976302605,145.29369730081095,142.76988753620614,145.12411499023438,161494100,0.009436695747012669
2025-06-20,NVDA,145.09416929186932,145.84233449814036,142.30101614416546,143.4980926513672,242956200,-0.011204356622444234
2025-06-23,NVDA,142.15140884759998,144.4258301714446,141.6825573691225,143.81732177734375,154308900,0.0022246227812388053
2025-06-24,NVDA,145.20390562225958,147.59804349475166,145.1440548392029,147.53817749023438,187566100,0.02587209709447391
2025-06-25,NVDA,148.90483162044157,154.0721520137232,148.8948463426075,153.9324951171875,269146500,0.04334008821124535
2025-06-26,NVDA,155.59842060814296,156.33661581991106,153.6232685600938,154.64077758789062,198145700,0.004601253751937984
2025-06-27,NVDA,155.65826650868465,158.32174817747665,154.880175871103,157.3640899658203,263234500,0.01761057090120932
2025-06-30,NVDA,158.01248577811177,158.27185945851633,155.57846775508057,157.60350036621094,194580300,0.00152137886377135
2025-07-01,NVDA,155.90764810734902,156.81542555199195,151.1194029227986,152.9249725341797,213143600,-0.02968543097811993
2025-07-02,NVDA,152.60576718743292,157.2144758260153,152.5957971297394,156.86532592773438,171224100,0.025766579050220173
2025-07-03,NVDA,157.98256705200242,160.58618269349765,157.3840439934681,158.9501953125,143716100,0.013290823656759487
2025-07-07,NVDA,157.81296409097388,158.92024910893554,156.95506745344088,157.85287475585938,140139000,-0.006903549596043335
2025-07-08,NVDA,158.94022243433284,159.82804456030718,158.0025195823342,159.60858154296875,138133000,0.011122425168530015
2025-07-09,NVDA,160.82559421950873,164.01776272716893,160.76574343834326,162.48153686523438,183656400,0.0180000053536733
2025-07-10,NVDA,163.91802564623063,164.0975779997467,161.214648514871,163.6985626220703,167704100,0.0074902403086287705
2025-07-11,NVDA,163.319494380175,167.4792915182188,163.07010595303956,164.5165557861328,193633300,0.004996947749327463
2025-07-14,NVDA,164.96544774793,165.08516454052796,161.62365204151925,163.66864013671875,136975800,-0.005153983715270205
2025-07-15,NVDA,170.77121644956358,171.97824787505814,168.78607915204378,170.28240966796875,230627400,0.040409509883660544
2025-07-16,NVDA,170.64153593048928,171.32985042878116,168.4868162544787,170.95077514648438,158831500,0.003925041228972859
2025-07-17,NVDA,171.59918390717252,173.7339481189201,170.4120926228971,172.5767822265625,160841100,0.00951155137310633
2025-07-18,NVDA,173.21522225123383,173.8237306114437,170.841039596405,171.9882354736328,146456400,-0.0034103472398565593
2025-07-21,NVDA,172.32738268326037,172.95584631586675,170.58166390065136,170.9607391357422,123126100,-0.00597422454542329
2025-07-22,NVDA,170.92082177764132,170.97070249948388,164.1773652525099,166.62136840820312,193114300,-0.025382264661909404
2025-07-23,NVDA,169.1152862046913,170.84104993206878,167.55910478842375,170.3622283935547,154082200,0.022451261930503952
2025-07-24,NVDA,172.01816431437092,173.40476336343244,170.88095369299285,173.3149871826172,128984600,0.017332238588951387
2025-07-25,NVDA,173.18529303585547,174.29257821699642,172.53688923976992,173.0755615234375,122316800,-0.001381448096738569
2025-07-28,NVDA,173.594294429185,176.56700011257405,173.54441370124516,176.31761169433594,140023500,0.018731992791827023
2025-07-29,NVDA,177.52464594674228,178.94117023690123,174.59183591750704,175.08062744140625,154077500,-0.007015659077064473
2025-07-30,NVDA,176.07819353379378,179.4499298230835,175.60934208925488,178.83145141601562,174312200,0.021423409485236578
2025-07-31,NVDA,182.4525537970388,182.8515843840116,175.4996037416905,177.4348602294922,221685400,-0.0078095389567384155
2025-08-01,NVDA,173.6641186818972,176.1081221843386,170.47194991004753,173.29502868652344,204529000,-0.023331556930889064
2025-08-04,NVDA,174.7315057215643,179.75916955634796,174.09307197712414,179.55966186523438,148174600,0.03615010324412227
2025-08-05,NVDA,179.18058718831315,179.81902093485988,175.46968627980374,177.82391357421875,156407600,-0.009666693916578928
2025-08-06,NVDA,175.898641889325,179.4599006050506,175.81883576850015,178.9810791015625,137192300,0.006507367339324555
2025-08-07,NVDA,181.12583532286254,183.43018196887525,178.3626072705472,180.32778930664062,151878400,0.007524316044121848
2025-08-08,NVDA,181.10587113034643,182.85159004607542,179.95867528141937,182.2530517578125,123396700,0.010676460120619735
2025-08-11,NVDA,181.6046539661726,183.39026839012567,179.80905426349312,181.6146240234375,138323200,-0.003502974179128593
2025-08-12,NVDA,182.51242163652668,184.02869221788941,179.0209838780724,182.71192932128906,145485700,0.00604194350400955
2025-08-13,NVDA,182.1732462738988,183.51994981646104,178.9112567337155,181.14576721191406,179871700,-0.008571756180303813
2025-08-14,NVDA,179.3102712094187,182.57227595462552,179.02098734413144,181.57472229003906,129554000,0.0023680104963379467
2025-08-15,NVDA,181.43506987144983,181.45500998578265,177.6044521364236,180.00856018066406,156602200,-0.008625441303846682
2025-08-18,NVDA,180.15820389652,182.49247589603021,180.14821861780752,181.5647430419922,132008000,0.008645049211916778
2025-08-19,NVDA,181.98370991508045,182.0535459787435,175.06070018553257,175.2103271484375,185229200,-0.03499807169107183
2025-08-20,NVDA,174.74148365399904,175.5694550698242,168.38707131580557,174.97091674804688,215142700,-0.0013664171757855614
2025-08-21,NVDA,174.42225404103465,176.46722675550242,173.38478976711397,174.5519256591797,140040900,-0.0023946327575714577
2025-08-22,NVDA,172.1877371490149,178.15310374912357,170.78118284108405,177.55458068847656,172789400,0.017202073354147362
2025-08-25,NVDA,177.91369740024777,181.46498591558236,176.13805314258047,179.3701171875,163012800,0.010225230416380127
2025-08-26,NVDA,179.61950918930867,181.94381103857447,178.37256711704984,181.32533264160156,168688200,0.010900452565673069
2025-08-27,NVDA,181.53480649120215,182.04356858750407,178.6618623689453,181.15574645996094,235518900,-0.0009352591784613784
2025-08-28,NVDA,180.3776517699909,184.01871637210735,175.9784366795831,179.72923278808594,281787800,-0.00787451516030313
2025-08-29,NVDA,177.674269227683,177.71416467354967,172.72639675993378,173.75387573242188,243257900,-0.03324643945211436
2025-09-02,NVDA,169.5841376854209,171.95832048388473,166.8109394751057,170.3622283935547,231164900,-0.019519837037133336
2025-09-03,NVDA,170.64153226145447,171.9882358353705,168.46687251736884,170.20260620117188,164424900,-0.0009369576454122397
2025-09-04,NVDA,170.15273668191406,171.43957421789176,168.99557077235426,171.2400665283203,141670100,0.0060954432502766664
2025-09-05,NVDA,167.61894341349083,168.61649709218636,163.66863936987482,166.61141967773438,224441400,-0.02703016265075109
2025-09-08,NVDA,167.140134281122,170.54179623040895,166.94062657490792,167.8982696533203,163769100,0.007723660107302521
2025-09-09,NVDA,168.6763418810487,170.5617176578999,166.3320999523285,170.34225463867188,157548400,0.014556344090966178
2025-09-10,NVDA,176.2078799889887,178.85139113084074,175.04074401948455,176.8961944580078,226852000,0.03847512663982333
2025-09-11,NVDA,179.25053151190707,179.84910351407555,176.05818301908454,176.7465362548828,151159300,-0.0008460227399664788
2025-09-12,NVDA,177.3451207317183,178.1731387966239,176.02826832324598,177.39500427246094,124911000,0.003668914997253303
2025-09-15,NVDA,175.25011923668302,178.4225264520066,174.0928881658194,177.3251495361328,147061600,-0.00039378074154128306
2025-09-16,NVDA,176.5769489507663,177.0757538913052,173.96321593348455,174.46202087402344,140737800,-0.01614620751539797
2025-09-17,NVDA,172.22736966160153,172.78602876073558,168.00748411706098,169.8829803466797,211843800,-0.026246632386828783
2025-09-18,NVDA,173.56417834624654,176.67673180432445,172.54662713675344,175.81878662109375,191763300,0.034940558861758175
2025-09-19,NVDA,175.34988368438943,177.65435995090164,174.76128231706025,176.2477264404297,237182100,0.0024396700010240746
2025-09-22,NVDA,174.8810364137678,184.1089289332547,174.29245016588177,183.17117309570312,269637000,0.03928247356775705
2025-09-23,NVDA,181.53508786527138,181.98400930831284,175.78885990523673,178.0035400390625,192559600,-0.02821204324514892
2025-09-24,NVDA,179.34032288959435,179.35029350783142,174.9807575937583,176.54701232910156,143564100,-0.008182577209651543
2025-09-25,NVDA,174.06298508983102,179.82916955782613,172.71622074990066,177.26531982421875,191586700,0.004068647130534231
2025-09-26,NVDA,177.74415791919978,179.3403398828169,174.51189629291883,177.7641143798828,148573700,0.002813830455718369
2025-09-29,NVDA,179.99874009736317,183.56021461148362,179.8890176259668,181.4153594970703,193063500,0.020539832406133218
2025-09-30,NVDA,181.64480411708308,186.9022123120565,181.04623211551163,186.13404846191406,236981000,0.026010415975390222
2025-10-01,NVDA,184.7972757932568,187.69033860903804,183.46046686832446,186.79249572753906,173844900,0.003537489626782131
2025-10-02,NVDA,189.146847340247,190.59337868298996,187.6105195355423,188.43853759765625,136805800,0.008812141321341782
2025-10-03,NVDA,188.7378093314507,189.90501102540352,184.93691825112066,187.1715545654297,137596900,-0.006723587692724298
2025-10-06,NVDA,185.05665991394912,186.78252099752746,182.8918479831437,185.0965576171875,157678100,-0.011086069958973543
2025-10-07,NVDA,185.78489078203316,188.6081286768816,183.56022492696124,184.5977325439453,140088000,-0.0026949451662621193
2025-10-08,NVDA,186.12408236678675,189.14683908131633,186.09414006589398,188.6580047607422,130168900,0.021995244258107505
2025-10-09,NVDA,191.77054228398893,194.83321191134357,190.60334055524348,192.1097412109375,182997200,0.018296262883585657
2025-10-10,NVDA,193.04749823427522,195.15245586263575,181.61489659616785,182.7222442626953,268774400,-0.04886528340035956
2025-10-13,NVDA,187.52074924115996,189.6556339904095,185.51555866051012,187.8699188232422,153482800,0.028172128584115885
2025-10-14,NVDA,184.32839277968645,184.35831986008523,179.2705030798172,179.59971618652344,205641400,-0.044020898547892484
2025-10-15,NVDA,184.35831474003746,184.42813951825556,176.86625456034105,179.4001922607422,214450500,-0.0011109367543433724
2025-10-16,NVDA,181.79443681084305,182.84193018690272,179.34032512988762,181.3754425048828,179723300,0.011010301712886639
2025-10-17,NVDA,179.74934657743225,183.65999082680747,179.3203816221287,182.78208923339844,173135200,0.007755442021748715
2025-10-20,NVDA,182.69231029505525,184.75735492260156,181.2956472677441,182.20347595214844,128544700,-0.0031655906969700887
2025-10-21,NVDA,182.35311411361405,182.35311411361405,179.37027013728058,180.72702026367188,124240200,-0.008103334367036585
2025-10-22,NVDA,180.7070509305708,183.00155667206866,176.33751483638122,179.84910583496094,162249600,-0.00485768219622118
2025-10-23,NVDA,179.988777912505,182.59254038327154,179.3602787988416,181.72462463378906,111363700,0.01042829092822517
2025-10-24,NVDA,183.40060514170608,187.02193404421294,183.06142142022418,185.8148193359375,131296700,0.022507652501090547
2025-10-27,NVDA,189.5359184602369,191.54110896467577,187.9796341631504,191.03233337402344,153452700,0.028079106159197842
2025-10-28,NVDA,192.58859211843296,202.66444286407344,191.45131745385083,200.5495147705078,297986200,0.04981974113173093
2025-10-29,NVDA,207.482921843539,211.6828666070652,204.29057291407037,206.545166015625,308829600,0.029896114443249244
2025-10-30,NVDA,204.65966800141675,205.66726375798942,200.9286166610889,202.4050750732422,178864400,-0.020044482387303164
2025-10-31,NVDA,205.95656932325562,207.4729406961805,201.5870481318289,202.00604248046875,179802200,-0.001971455471800998
2025-11-03,NVDA,207.58267267525224,210.83487551397138,205.06869143040765,206.3855438232422,180267300,0.021680051195482886
2025-11-04,NVDA,202.51479915904252,203.48248192945988,197.4569099225941,198.21510314941406,188919300,-0.03958824112615977
2025-11-05,NVDA,198.29492759193732,202.43500266122365,194.18476438007542,194.74343872070312,171350300,-0.017514631193840002
2025-11-06,NVDA,195.9505570232203,197.14768599494536,185.93455918559198,187.6304931640625,223029800,-0.036524699385851234
2025-11-07,NVDA,184.45805485831954,187.86989393508227,178.48238160939712,187.70028686523438,264942300,0.0003719741924403941
2025-11-10,NVDA,194.6436788693004,199.46213677715232,193.32682642239038,198.5742645263672,198897100,0.05793266405042918
2025-11-11,NVDA,194.69355355890158,194.9529266552934,190.84277869998112,192.69833374023438,176483300,-0.029590595740832226
2025-11-12,NVDA,195.2522010776849,195.42179292552225,190.67317551912151,193.3367919921875,154935300,0.0033132525827326287
2025-11-13,NVDA,190.59337913278358,190.9824463944715,183.41059072037282,186.41339111328125,207423100,-0.035810053573176126
2025-11-14,NVDA,182.42294356130517,190.55345800755302,180.14839424900484,189.71546936035156,186591900,0.017713739487007496
2025-11-17,NVDA,185.52552307898492,188.54828000089623,183.87947275520656,186.15402221679688,173628900,-0.01877257113277342
2025-11-18,NVDA,182.94172058465782,184.3583249108488,179.22062444838815,180.92654418945312,213598900,-0.028081466976070946
2025-11-19,NVDA,184.3483273978252,187.41099710874653,182.39302051116815,186.07420349121094,247246400,0.02845165326524768
2025-11-20,NVDA,195.4816571057099,195.53154064523628,179.42014682895694,180.208251953125,343504800,-0.03152479724769053
2025-11-21,NVDA,180.80682891210233,184.11888595894638,172.51667761994415,178.4524688720703,346926200,-0.009743078144453632
2025-11-24,NVDA,179.0610093294625,183.06141961318156,176.0581937395723,182.1136932373047,256618300,0.020516524026680916
2025-11-25,NVDA,174.49195573568102,177.73418799379976,169.1447659257062,177.39500427246094,320600300,-0.025910676352574047
2025-11-26,NVDA,181.1958831941039,182.4728225932506,177.81398638784032,179.8291473388672,183852000,0.013721598736048168
2025-11-28,NVDA,178.5821404669205,178.86147001761242,176.07814512953246,176.5769500732422,121332800,-0.01808492846544285
2025-12-01,NVDA,174.3423041351479,179.8690716163194,173.2648835948944,179.48997497558594,188131000,0.016497197970264388
2025-12-02,NVDA,181.32557695606172,185.2162648499111,179.56978894419797,181.02630615234375,182632200,0.008559426101467649
2025-12-03,NVDA,180.64722628696225,182.01394715864362,178.68193330759738,179.16078186035156,165138000,-0.010305266298823113
2025-12-04,NVDA,181.19598816136636,184.08922700452197,179.53987513877786,182.95188903808594,167364900,0.021160362989983916
2025-12-05,NVDA,183.46070200471706,184.22890867632069,180.48766317737477,181.98416137695312,143971100,-0.005289519918164731
2025-12-08,NVDA,182.213626289633,187.56111397793046,181.9741810893209,185.11683654785156,204378100,0.01721399899417375
2025-12-09,NVDA,185.12679644575,185.2864265695677,182.89203560496765,184.53817749023438,144719700,-0.0031259126312241925
2025-12-10,NVDA,184.53819180758595,185.0469957406681,181.61502392815055,183.35096740722656,162785400,-0.006433411769608655
2025-12-11,NVDA,179.85912243695617,180.89670300875093,176.20766331092784,180.50759887695312,182136600,-0.01550779126219859
2025-12-12,NVDA,180.68718311570447,182.39319766595756,174.21232912082112,174.6114044189453,204274900,-0.03266452212921567
2025-12-15,NVDA,177.52457493122958,178.00345003705766,174.62136510726435,175.87841796875,164775600,0.007256190132717499
2025-12-16,NVDA,175.84850127733236,178.0733061224419,174.4916756985292,177.3050994873047,148588100,0.008111748644499261
2025-12-17,NVDA,175.68888113429998,175.71880987812392,169.91239000563186,170.54092407226562,222775500,-0.03814992030459552
2025-12-18,NVDA,174.1225483861358,175.7387615308714,171.41888356310693,173.73345947265625,176096000,0.01872005454267267
2025-12-19,NVDA,176.25756723043006,181.02640724251643,175.9283357789888,180.56748962402344,324925900,0.03933629234179148
2025-12-22,NVDA,183.49062822521734,183.73007341419415,181.9243013805983,183.26116943359375,129064400,0.014917856005967955
2025-12-23,NVDA,182.54285710968043,188.88801027625055,182.47301321780614,188.76829528808594,174873600,0.03005069689074391
2025-12-24,NVDA,187.50124372172942,188.4689804086018,186.154389299292,188.169677734375,65528500,-0.003171176350336591
2025-12-26,NVDA,189.47662851874142,192.240166195598,187.5611125998212,190.085205078125,139740300,0.010179787555644415
2025-12-29,NVDA,187.2717899684254,188.31932652162573,185.47598909796272,187.7805938720703,120006100,-0.012124095639676424
2025-12-30,NVDA,187.8005508490403,188.5487999407664,186.49359631469858,187.1021728515625,97687300,-0.0036128388270515455
2025-12-31,NVDA,189.12744593978846,190.11512498868174,186.05463453876877,186.06460571289062,120100500,-0.005545457451715641
2026-01-02,NVDA,189.39681300359115,192.47959571470966,187.8204997023152,188.4091339111328,148240500,0.012600613583971798
2026-01-05,NVDA,191.31233377676458,193.1779786425506,185.7154296257417,187.6808319091797,183529700,-0.00386553447189375
2026-01-06,NVDA,190.07522846701318,191.72137039337454,186.3838692947835,186.80288696289062,176862600,-0.004677861544826856
2026-01-07,NVDA,188.12978540958392,190.9232365533545,186.12446806753155,188.66851806640625,153543200,0.009987164191344933
2026-01-08,NVDA,188.66850725549676,189.10748247384038,183.2811201033086,184.60800170898438,172457000,-0.021521960309205834
2026-01-09,NVDA,184.64792389684447,185.9049768874807,183.2412119543349,184.42843627929688,131327500,-0.0009726849758688871
2026-01-12,NVDA,182.79226917353867,186.6831584288149,182.59273912358015,184.5082550048828,137968500,0.00043278968903170956
2026-01-13,NVDA,184.5681140987238,187.6708543554723,182.97184323887342,185.376220703125,160128900,0.004704210650191332
2026-01-14,NVDA,183.88970125566945,184.02937380837906,180.37791464347094,182.7124481201172,159586100,-0.014369548439946755
2026-01-15,NVDA,186.06459276572707,189.25711892672572,185.89499147845774,186.61331176757812,206188600,0.021349742108958347
2026-01-16,NVDA,188.63857958929228,189.99540517049002,185.6455833269296,185.79522705078125,187967200,-0.004383849732090828
2026-01-20,NVDA,181.4753422141945,181.95423259865512,177.1953640623503,177.654296875,223345300,-0.043816680896523685
2026-01-21,NVDA,178.6320081827799,184.94723253133864,177.9835164834521,182.8920440673828,200381000,0.029482806126936323
2026-01-22,NVDA,184.31869154642928,185.7353746560278,183.5005985718231,184.40847778320312,139636600,0.008291414334357983
2026-01-23,NVDA,187.06227125943187,189.15737478680413,186.38386606278428,187.23187255859375,142748100,0.015310547591580459
2026-01-26,NVDA,186.7230748442759,188.6784906596197,185.55580805974404,186.03468322753906,124799600,-0.00639415348837058
2026-01-27,NVDA,186.80288446054914,189.55643562401056,185.2664711415707,188.07989501953125,143711600,0.010993712336374806
2026-01-28,NVDA,190.82345963399504,191.9009400606663,189.39679023846315,191.0728759765625,148552700,0.015913348721937837
2026-01-29,NVDA,190.89331059974717,193.0283141326731,185.62563804704834,192.06057739257812,171764400,0.005169239280915949
2026-01-30,NVDA,190.76362243793778,194.0359639826301,189.0276790286862,190.68380737304688,179489500,-0.007168415497976421
2026-02-02,NVDA,186.7629659025267,189.8557348322644,184.44839001538193,185.1766815185547,165794100,-0.028880930847569264
2026-02-03,NVDA,185.8052108647954,185.8351396091497,175.81857039871747,179.91897583007812,204019600,-0.02839291451472381
2026-02-04,NVDA,179.04105715530034,179.16077214377114,171.50867959294058,173.78335571289062,207014100,-0.0341021289659974
2026-02-05,NVDA,174.52161198787914,176.40721432559468,170.63072277473634,171.47874450683594,206312900,-0.013261403525100302
2026-02-06,NVDA,176.27751351666032,186.56344202919422,174.19239634754115,184.97715759277344,231346200,0.07871770419569057
2026-02-09,NVDA,183.82983865020864,193.20790343822367,183.52056478242866,189.59634399414062,196387400,0.024971658454912005
2026-02-10,NVDA,190.93321971968697,192.0306425866914,187.6808205923615,188.09983825683594,136764800,-0.007893114950312197
2026-02-11,NVDA,192.0007297023972,192.80883635229745,188.32932783046314,189.60633850097656,144192700,0.00800904593061702
2026-02-12,NVDA,192.5793648877844,193.1580126884611,186.07458174632154,186.5035858154297,189932500,-0.01636418228460701
2026-02-13,NVDA,187.04230481693136,187.0622623874058,181.16605622339495,182.38320922851562,161888000,-0.02209274727292232
2026-02-17,NVDA,181.3256935584433,186.71308084037668,178.76168607280786,184.53817749023438,162276900,0.011815606660472211
2026-02-18,NVDA,188.3093443160685,189.92555739322245,186.3239846890322,187.5411376953125,164749100,0.016272839831405816
2026-02-19,NVDA,186.62329889395997,187.9900957055448,185.22657333636724,187.46133422851562,126554500,-0.00042552512892679584
2026-02-20,NVDA,186.13446388219373,189.88568076730476,185.50592973146237,189.3768768310547,178422300,0.010218334412386065
2026-02-23,NVDA,190.9531547742145,193.49720463285962,189.13741163084848,191.10281372070312,171584800,0.009113767839714404
2026-02-24,NVDA,191.04296985904048,193.31764595479845,186.96250644177093,192.39979553222656,175123600,0.006786827395534711
2026-02-25,NVDA,193.9960453222018,197.16862939564908,193.33758246616242,195.10345458984375,250637100,0.014052296937936859
2026-02-26,NVDA,193.81646526905493,193.8364076167612,183.88969739169633,184.45835876464844,360807900,-0.05456128825383422
2026-02-27,NVDA,180.82687141264745,182.16373952566906,175.96824531148394,176.77635192871094,311636500,-0.04164629289442512
2026-03-02,NVDA,174.60143816018197,183.0317240302905,174.23230678711255,182.0540008544922,209095300,0.02985494874285899
2026-03-03,NVDA,178.0732983803544,180.47766036606842,176.50695643346228,179.62965393066406,178099400,-0.01331663634113589
2026-03-04,NVDA,180.01876499488523,184.26881453838726,179.63964723402094,182.61268615722656,177731200,0.01660656891157819
2026-03-05,NVDA,180.74703993972415,183.63029235671348,177.46472744924466,182.91197204589844,198779700,0.0016389107184711094
2026-03-06,NVDA,179.4201653790109,182.33334690173646,176.40722643712078,177.40489196777344,189021900,-0.030107816435017698
2026-03-09,NVDA,176.4171820751478,182.48298979408452,175.1501427003192,182.2235870361328,177213600,0.027162131860685834
2026-03-10,NVDA,181.97416098047233,186.00473767957752,181.58507208744064,184.33863830566406,179118500,0.011606901740507825
2026-03-11,NVDA,185.4860219488843,187.1921136401388,184.02934488988058,185.60574340820312,145280400,0.0068737900756215
2026-03-12,NVDA,183.63027948516628,184.51824924312825,181.33552155955923,182.72235107421875,155762700,-0.015535038307747384
2026-03-13,NVDA,184.49827615888313,185.6656060713691,179.5296376335348,179.83892822265625,160988400,-0.015780351087926303
2026-03-16,NVDA,182.55273992235968,188.44926587891726,180.9962999229416,182.8021697998047,217307400,0.01647719771483347
2026-03-17,NVDA,184.63795767039014,184.97717862722422,181.26566108165355,181.5150909423828,182497800,-0.007040829213523114
2026-03-18,NVDA,182.06384475172882,182.96180140975886,179.91875397930713,179.98858642578125,156683100,-0.008409793966310586
2026-03-19,NVDA,177.60403750119184,179.56954607641802,175.38909905828712,178.1527862548828,170968500,-0.01019953657814543
2026-03-20,NVDA,177.59405294207926,177.85345450506617,171.32837633709812,172.30613708496094,241323500,-0.03281817417975763
2026-03-23,NVDA,176.85574153065542,177.96321071223454,174.36144294367455,175.23944091796875,182836300,0.017023791970691482
2026-03-24,NVDA,174.4312942297872,175.81812366395545,173.58322660302642,174.80044555664062,147667800,-0.0025051173356209766
2026-03-25,NVDA,176.69612335614488,180.8067226806179,176.44669348987364,178.2725067138672,162602100,0.019862999468737152
2026-03-26,NVDA,175.66847416549638,176.10745794358192,170.74970926821888,170.8494873046875,186152200,-0.04163861015929882
2026-03-27,NVDA,169.61229451028825,170.58008352629554,166.62910808502988,167.13795471191406,196212700,-0.021723990228629808
2026-03-30,NVDA,168.3950875250076,169.0635577295173,163.89537828689438,164.79331970214844,185627000,-0.014028142284060685
2026-03-31,NVDA,166.58922503111532,174.22177306603788,166.57925331681818,174.0022735595703,226181300,0.055881839591958915
2026-04-01,NVDA,175.59862725595661,176.96549806235143,174.3514779146501,175.3491973876953,168132000,0.007740840395765725
2026-04-02,NVDA,171.7873183615289,177.0852211444685,170.9791680862979,176.98544311523438,143143200,0.009331355671513775
2026-04-06,NVDA,176.75597747742694,177.3845303646084,175.35916114415525,177.23487854003906,107564300,0.0014093555967893412
2026-04-07,NVDA,175.32922705160684,177.8235255680002,173.26395579650787,177.69383239746094,132534900,0.0025895233556876285
2026-04-08,NVDA,184.079243714486,184.83750503722598,179.8888249511496,181.66476440429688,147732700,0.02234704465123949
2026-04-09,NVDA,181.42529878487736,183.6601958045732,180.20807985372045,183.49058532714844,116428500,0.010050495641456214
2026-04-10,NVDA,183.88967366981893,189.56669990817062,183.87970195572368,188.1998291015625,160459500,0.025664770571296014
2026-04-13,NVDA,185.605746824658,189.2274732756209,185.3164148846483,188.87826538085938,133648200,0.0036048719201053903
2026-04-14,NVDA,190.40477641072036,196.0618438720703,190.33494396561244,196.0618438720703,161307000,0.038032848706683
2026-04-15,NVDA,196.09178511161633,199.94298301571828,195.2936216855987,198.41647338867188,185338400,0.012009626504063453
2026-04-16,NVDA,196.97974400923295,199.39423847906178,195.36344336942167,197.8976593017578,134012900,-0.0026147732496876186
2026-04-17,NVDA,199.44410763257105,201.2400056483541,198.8155547450397,201.2200469970703,160324400,0.01678841329925218
2026-04-20,NVDA,199.52392392325544,201.70893187328167,197.38880498867078,201.59918212890625,119381400,0.00188418170800575
2026-04-21,NVDA,201.66904795828867,202.28762917830338,198.54618104306965,199.42417907714844,107945300,-0.010788749382758311
2026-04-22,NVDA,200.53164182940822,202.03819274902344,198.54617460274403,202.03819274902344,107501000,0.013107807107300529
2026-04-23,NVDA,201.99828375930824,203.3651545152774,196.77022843278436,199.18470764160156,113561800,-0.01412349352662512
2026-04-24,NVDA,199.50398270942756,210.46890943516505,199.35431566144254,207.79502868652344,214134400,0.04322782178848117
2026-04-27,NVDA,209.17187844164343,216.33551207209098,206.90706623150768,216.1160125732422,187172400,0.040044191332756496
2026-04-28,NVDA,209.01225288404052,214.2402930542568,207.72518626919629,212.68385314941406,180275400,-0.015881097300298186
2026-04-29,NVDA,212.2149257168926,212.23488436877426,207.10660696252424,208.77279663085938,123711800,-0.01838906179589994
2026-04-30,NVDA,209.45124259423534,209.82040915320695,198.24685712515335,199.11488342285156,225239200,-0.04626040060709824
2026-05-01,NVDA,200.8209691272831,202.5370477944956,196.67045257290908,197.99742126464844,128647000,-0.005612147816343893
2026-05-04,NVDA,199.04502180842945,201.2699318245734,194.29588290907526,198.02734375,125368100,0.00015112563163932613
2026-05-05,NVDA,198.84548202478717,199.7833407086998,195.58293528206713,196.05186462402344,113406600,-0.009975789648880573
2026-05-06,NVDA,199.43413852494058,207.7950323152332,198.15705885791613,207.3560333251953,188362800,0.05765907262779835
2026-05-07,NVDA,207.86487247229027,213.7115092245668,206.02907228582575,211.01766967773438,168307900,0.017658692123978526
2026-05-08,NVDA,212.5441790763045,217.30330524675068,212.40449895841255,214.709228515625,136421400,0.017494074517685476
2026-05-11,NVDA,213.55186573785767,221.79303819063418,213.40221390900197,218.93955993652344,160685800,0.019702606404692125
2026-05-12,NVDA,218.05159434962442,223.23973257586303,214.42986778297353,220.27650451660156,159176600,0.006106455043874748
2026-05-13,NVDA,224.41703053540263,227.32039781394542,221.0647077692387,225.3149871826172,150405400,0.02287344570440064
2026-05-14,NVDA,229.32582552778115,236.00055597235212,228.77707677625682,235.202392578125,180782900,0.043882590852662995
2026-05-15,NVDA,229.23602944473367,230.9720668751014,223.7286287034134,224.80616760253906,180977600,-0.04420118716323318
2026-05-18,NVDA,229.34577348371204,229.4754818886306,217.8719993892805,221.81300354003906,146280900,-0.013314421461033787
2026-05-19,NVDA,219.11914008419038,223.96805720569674,217.41304835521052,220.1068878173828,140948200,-0.00769168486710603
2026-05-20,NVDA,222.6710257508039,225.61431038954527,219.9971448577806,222.9603729248047,184201600,0.012964088201498525
2026-05-21,NVDA,221.78305837384474,226.8814055684356,217.43300079554024,219.0093994140625,203381800,-0.017720518937572316
2026-05-22,NVDA,220.39621757095847,220.50596731800164,214.3101381389001,214.83892822265625,169275700,-0.019042430153974776
2026-05-26,NVDA,216.04617181279934,217.68243116855118,211.5165320236786,214.37001037597656,187202600,-0.0021826484173934624
2026-05-27,NVDA,213.63168066177133,213.66161102691768,208.30386252985457,212.1151580810547,167601200,-0.010518506254522997
2026-05-28,NVDA,210.79815519844968,215.02849096688144,210.73829446983814,213.76138305664062,143996000,0.007760996387428776
2026-05-29,NVDA,214.09065053210412,217.36316924965476,210.64852132770383,210.6584930419922,289410600,-0.014515671494445104
2026-06-01,NVDA,215.23801892090273,224.35717434911126,215.20808855445495,223.8483428955078,212850700,0.06261247606516585
2026-06-02,NVDA,226.66188583823322,231.75026086454594,220.84519513709748,222.3118438720703,193362900,-0.006864017859425142
2026-06-03,NVDA,221.2143597561905,222.31185725112735,214.02079575535723,214.26025390625,160907000,-0.0362175484022057
2026-06-04,NVDA,213.67091279390368,221.35231998810906,210.73419644348996,218.4156036376953,169022200,0.019393936372648524
2026-06-05,NVDA,214.2902104723603,214.62982678346356,204.10161444712602,204.87075805664062,219655500,-0.06201409311178463
2026-06-08,NVDA,209.94507132882276,210.23475572682116,205.76975069388217,208.40679931640625,138372800,0.017259863209897475
2026-06-09,NVDA,210.3845825512031,211.16370951624515,199.11719156565087,207.95730590820312,180962500,-0.0021568077897530236
2026-06-10,NVDA,204.20149632565034,206.98838641050182,199.696542748819,200.19598388671875,161746600,-0.03732170883628583
2026-06-11,NVDA,201.26479475008583,205.43013200106668,199.31696212361035,204.64100646972656,158643200,0.022203355415576276
2026-06-12,NVDA,204.6310298517525,206.83856645475237,203.21261880599855,204.96066284179688,112001800,0.001562034792462752
2026-06-15,NVDA,208.68648640498938,212.47225882321928,208.10713284720606,212.21253967285156,149936700,0.035381798294886524
2026-06-16,NVDA,210.94395209283806,211.25361840198772,207.05830064217733,207.1781768798828,125694100,-0.02372321070531347
2026-06-17,NVDA,208.29691745433288,208.9761653200819,202.8530121596522,204.42124938964844,128363500,-0.013307036154839746
2026-06-18,NVDA,207.09826842291386,211.1537281092123,206.26919428756833,210.4545135498047,241272000,0.02951387968799768
2026-06-22,NVDA,211.2036686200953,213.7508214450341,207.48782537372824,208.41677856445312,122041400,-0.009682543514892727
2026-06-23,NVDA,201.94403040148535,203.54224815949766,199.77645766483005,199.81640625,153496200,-0.041265258841880814
2026-06-24,NVDA,199.89631590195674,201.44458647582786,196.36027935647695,198.77757263183594,151810700,-0.005198940555783627
2026-06-25,NVDA,199.85637045714446,200.5755669254449,191.9152592982058,195.52122497558594,149550000,-0.016381866490950747
2026-06-26,NVDA,192.90414096411192,195.33143282930595,191.0062707295152,192.31480407714844,179304100,-0.01639934947644628
2026-06-29,NVDA,193.63333194293918,195.96071419295149,189.58785574691487,194.7520751953125,148835700,0.012673341139074923
2026-06-30,NVDA,197.0195429632178,200.4057532237791,194.89191886651452,199.86634826660156,166476700,0.02626042914387461
2026-07-01,NVDA,195.98069896251877,199.62662840490702,193.23377271109229,197.35916137695312,146147600,-0.012544317296997454
2026-07-02,NVDA,196.9196593659626,199.8363939026278,192.1350197738411,194.61224365234375,142068700,-0.01391836946126257
2026-07-06,NVDA,194.20269428466304,197.32920075051607,193.77318221313826,195.33143615722656,108999000,0.003695515201847188
2026-07-07,NVDA,192.15498377986222,198.18824142626735,190.92636281467173,196.7098846435547,124154600,0.007056972054506172
2026-07-08,NVDA,194.9618356993413,204.93069180759116,194.84197470333905,203.891845703125,147419100,0.03651042281166639
2026-07-09,NVDA,204.23147485952867,204.36131918975943,198.73762239526957,202.5533447265625,132037400,-0.006564759723208469
2026-07-10,NVDA,201.7742207048944,210.7641612313501,201.69430829342895,210.72421264648438,148421000,0.040339338414540515
2026-07-13,NVDA,208.3069001369788,210.33464515051216,202.77309911383117,203.30250549316406,121411000,-0.035220001821865354
2026-07-14,NVDA,207.96729575339148,212.31243993744155,203.57221964678251,211.5632781982422,124379600,0.04063291145890924
2026-07-15,NVDA,211.7230919717581,213.57101502024952,205.80969553973085,212.26248168945312,124797200,0.00330493787563535
2026-07-16,NVDA,209.93509060438328,210.84407715298516,205.61992700554663,207.16818237304688,122986100,-0.023999998849817294
2026-07-17,NVDA,202.41350482950477,206.41901728963356,197.74872640584337,202.58331298828125,144281900,-0.0221311464542836
2026-07-20,NVDA,205.63989694335598,207.50781723343968,202.05391309694542,203.05279541015625,88701500,0.002317478251045113
2026-07-21,NVDA,207.30802440628602,208.4167843613107,203.78197113093626,207.0583038330078,108685600,0.019726438214064723
2026-07-22,NVDA,205.57996827489498,214.15038042761168,204.72092886821054,211.82298278808594,137645600,0.023011291345846452
2026-07-23,NVDA,209.22588688656515,210.63429930291466,205.72979894313582,208.5266571044922,110505300,-0.01556169986942113
2026-07-24,NVDA,207.21812923496972,211.6731509810223,204.5810805834776,206.6088104248047,114836800,-0.009197129548412897
2026-07-27,NVDA,207.96729627325774,208.51668459839084,195.22156333884286,196.2903594970703,154353700,-0.049941969592287916
2026-07-28,NVDA,194.78204700134697,198.47790843456414,192.52457850774027,196.789794921875,134111500,0.002544370625660486
2026-07-29,NVDA,195.63110696844683,196.84974460884015,189.79762268066406,189.79762268066406,147680800,-0.03553117296548236
2026-07-30,NVDA,193.23377181769484,197.02952748682713,191.3059363552755,194.82199096679688,129010200,0.0264722403535389
2026-07-31,NVDA,198.2182038580375,201.77422236802423,194.73209918257555,200.52561950683594,139961200,0.029276102311320384
2026-08-03,NVDA,197.46904862701152,208.50670133078404,196.62999113475112,206.40904235839844,128406900,0.029340005860757135
2026-08-04,NVDA,211.06382570110384,212.82185300096492,208.8163406042335,211.70310974121094,134922000,0.02564842761888375
2026-08-05,NVDA,216.6176127852948,221.9716224388697,216.15812022814887,218.9749755859375,158187400,0.03434935770955749
2026-08-06,NVDA,221.28239358061882,223.38005249670454,216.75745800384053,218.7452392578125,113940600,-0.00104914421161717
2026-08-07,NVDA,221.29237770419127,224.50877992471257,220.41337164588714,223.70968627929688,105669400,0.022695108877927694
2026-08-10,NVDA,223.15029107269072,223.88946943306019,216.5277120448001,217.3068389892578,115846600,-0.028621234049048927
2026-08-11,NVDA,221.92167541427946,221.9516406634887,215.95834695389817,217.25689697265625,101273100,-0.00022982257177850407
2026-08-12,NVDA,220.7929293559802,224.84840415873398,219.95387191061064,223.8395233154297,108783600,0.030298814143524755
2026-08-13,NVDA,224.80845001468583,226.97602279610956,223.45996804263754,225.04818725585938,98867200,0.0053996895745995754
2026-08-14,NVDA,226.51654155338588,227.23573802273873,224.24907448357243,224.90834045410156,75680900,-0.0006214082568850587
2026-08-17,NVDA,225.72741618855906,227.66525027466162,224.60867289832842,224.7584991455078,93678700,-0.000666232778611997
2026-08-18,NVDA,220.20359791537197,221.39227027986857,218.44557057093272,219.49440002441406,103128200,-0.02342113486745523
2026-08-19,NVDA,221.4222404106533,222.62089613745684,216.51772459764655,217.31683349609375,96797300,-0.009920829543159648
2026-08-20,NVDA,218.1159423024499,219.6142657707553,215.41896310784705,216.60763549804688,92457000,-0.0032634287304743603
2026-08-21,NVDA,218.17587248780362,218.49552214328025,214.26025565862156,214.48001098632812,98869300,-0.00982248158901089
2026-08-24,NVDA,215.28910206110334,215.34903256074918,207.01835779182306,208.24697875976562,135187300,-0.029061133472992107
2026-08-25,NVDA,210.79412790131315,214.48998931653267,209.87515802586688,212.81187438964844,122309000,0.021920585148795357
2026-08-26,NVDA,212.40232405945306,213.3612577394914,208.99613188036045,209.4256591796875,179900000,-0.01591177757196449
2026-08-27,NVDA,222.61090164325523,230.21239627098788,220.6530857022795,227.7251739501953,298909800,0.08737952570943941
2026-08-28,NVDA,227.10587153371227,229.00374173344596,216.56766062888835,217.3068389892578,195116400,-0.04574959711400217
2026-08-31,NVDA,218.62536478578363,221.05265670783686,215.96834944345454,220.53323364257812,124702700,0.014847184139841207
2026-09-01,NVDA,216.50774446342592,220.1636574397174,214.8595947199138,217.1969757080078,109756200,-0.015128141366563597
2026-09-02,NVDA,218.5454508199983,227.6952163087265,218.23579974693772,224.1591796875,157104700,0.03205479246106968
2026-09-03,NVDA,225.76737972053164,230.14247379152744,224.49879494304554,228.1946563720703,134681600,0.01800272774996836
2026-09-04,NVDA,230.83170360414334,234.49759976142684,229.37334400327853,230.10252380371094,135352400,0.008360701613143284
2026-09-08,NVDA,232.84944771666764,233.44878317831424,224.59868561283858,225.47769165039062,122965600,-0.020099006637865124
2026-09-09,NVDA,225.0281992525124,225.92718720955042,223.21024142511232,223.4199981689453,82955500,-0.009125929338658634
2026-09-10,NVDA,220.52999877929688,220.99000549316406,217.1999969482422,218.36000061035156,105768000,-0.0226479169280428
2026-09-11,NVDA,221.24000549316406,222.0,218.14999389648438,218.2899932861328,89060100,-0.00032060507429509943
2026-09-14,NVDA,211.24000549316406,212.77000427246094,208.92999267578125,210.9600067138672,132267200,-0.03357912317427003
2026-09-15,NVDA,213.3800048828125,213.94000244140625,211.16000366210938,212.1699981689453,88059700,0.005735643802473378
2026-09-16,NVDA,214.13999938964844,216.75999450683594,212.5,213.89999389648438,96563600,0.008153818836165172
2026-09-17,NVDA,218.3800048828125,219.91000366210938,217.14999389648438,219.33999633789062,94191300,0.025432457207263504
2026-09-18,NVDA,219.35000610351562,222.72999572753906,218.02999877929688,222.27000427246094,190287400,0.013358292985729214
2026-09-21,NVDA,222.94000244140625,228.5,221.55999755859375,227.3800048828125,109806100,0.022990059441793553
2026-09-22,NVDA,226.85000610351562,229.97999572753906,226.5,228.8699951171875,95746700,0.006552863938686704
2026-09-23,NVDA,228.02999877929688,228.9499969482422,224.02000427246094,225.50999450683594,89547300,-0.014680826154739757
2026-09-24,NVDA,222.0800018310547,224.94000244140625,221.08999633789062,224.5800018310547,77469900,-0.004123953254555501
2026-09-25,NVDA,225.1300048828125,226.94000244140625,223.1300048828125,225.07000732421875,89947700,0.0021818750074313886
2026-09-28,NVDA,229.75,233.2100067138672,228.0399932861328,228.86000061035156,142344300,0.0168391752023771
2026-09-29,NVDA,230.97000122070312,232.82000732421875,227.02999877929688,227.2100067138672,101494900,-0.007209621131189281
2026-09-30,NVDA,229.27000427246094,232.3699951171875,228.1699981689453,228.3800048828125,121732200,0.00514941302923666
2026-10-01,NVDA,229.97999572753906,232.2899932861328,228.16000366210938,230.86000061035156,98369800,0.010859075551783226
2026-10-02,NVDA,236.05499267578125,237.8699951171875,234.22999572753906,235.39010620117188,75023611,0.019622739230891195
