return,vol,sharpe,w_AAPL,w_MSFT,w_NVDA,w_JPM,w_GOOGL
0.28181708474300554,0.2656018344387515,0.8727992607161875,0.07982511088235236,0.512038389408036,0.22398576258681618,0.15529660367057369,0.028854133452221646
0.40875053115348325,0.32343439878217556,1.1091910214382985,0.03862363100469525,0.013627600535516132,0.45803500712174317,0.20931053128551969,0.28040323005252576
0.3158528377324663,0.30485774464865445,0.8720553845166673,0.003617174745493152,0.6092981371808732,0.31067513539839897,0.04150978725580583,0.03489976541942879
0.3460945920933097,0.2791111153963873,1.0608484426455138,0.09130535365891998,0.16347231116827193,0.33524562803005736,0.2548551368318312,0.15512157031091953
0.2737276982650072,0.2417549617338236,0.9254316712280565,0.3774412659073136,0.05991806412233186,0.13780201381663426,0.18197712503584343,0.24286153111787692
0.29616508309521267,0.24910372919119364,0.9882031228295042,0.44866959884451435,0.06497982308287199,0.2106410988618471,0.26183344455350954,0.013876034657257036
0.2212560363959828,0.22444039380380945,0.7630357151559946,0.12415030171770237,0.024816076552493415,0.008928196833663,0.3947088669249881,0.44739655797115313
0.22070096501173764,0.21621461825584593,0.7894977980154323,0.4290390313871077,0.09433014179493782,0.02668682267093413,0.2993195064285131,0.15062449771850714
0.19703657698737911,0.20942197201546128,0.702106734896583,0.0366773356108662,0.19262589915227982,0.009861347951237208,0.6764472124215057,0.08438820486411104
0.3030827074559851,0.25088008597850175,1.0087795787732314,0.34056969898335854,0.11711665616833913,0.23016303081695685,0.24806942440548072,0.06408118962586479
0.3144041019585922,0.25960783227738377,1.0184750577019717,0.3188801661563586,0.13623639546197752,0.2560945796647069,0.2056130143723326,0.08317584434462444
0.24733960307927427,0.2637351799733849,0.7482490697645607,0.7725469084043958,0.02807707500377312,0.06610062970155195,0.014024669853168314,0.11925071703711078
0.4312300649755628,0.34351034730385505,1.1098066418312065,0.1471558964473492,0.09465732261740889,0.5276348536605178,0.13193488743778023,0.09861703983694381
0.3282774112706356,0.3040087251762291,0.9153599493215944,0.11231135792220576,0.021804361966739755,0.23261383624743365,0.011121346188133076,0.6221490976754877
0.21343480589569616,0.21265828583138505,0.7685325086523185,0.3199884749253099,0.047915407280351784,0.001197654701978078,0.36549741287646903,0.2654010502158912
0.20348361174910018,0.22793812200492122,0.6733564811321313,0.38123220229584165,0.43073849983564316,0.022462086588681755,0.1296093960770576,0.03595781520277582
0.25131329875574265,0.2521715805832075,0.7983187411133214,0.5226362610008194,0.2565968400568992,0.10560822372417089,0.017259241636898476,0.09789943358121207
0.27481857102297497,0.23444060397983374,0.9589574809417978,0.0710287134264614,0.23618961924636322,0.18327912650584524,0.3940934258527535,0.11540911496857661
0.3247281750615812,0.2783798069716831,0.9868825546298575,0.02495213593630262,0.2447027135180663,0.28021263795055373,0.16139881009591894,0.2887337024991584
0.31091519976498727,0.2812873294513878,0.9275753738139093,0.3214084353096104,0.34919781726174637,0.2633406402060097,0.012155365281990824,0.05389774194064276
0.25008688308985383,0.2556248104293843,0.7827365534423637,0.007076304202977673,0.22419294561766095,0.08362875210436845,0.1574284385308182,0.5276735595441746
0.4337889402736808,0.3537232619455291,1.0849977413495118,0.11184660028967981,0.20606397930421358,0.5495028582939838,0.10134073662090003,0.031245825491222737
0.40240668719578837,0.31405987862942863,1.1221003100864297,0.058713551220377254,0.030169883362152393,0.455607088916232,0.28330320063983727,0.17220627586140125
0.21319900782845155,0.21002909728715805,0.7770304683323044,0.2976712500394967,0.23621491053985277,0.0299620645420616,0.3236863896857358,0.11246538519285325
0.22855936161990892,0.2482857721309709,0.7191687227479099,0.35278141438065436,0.4848900068874387,0.0819621959592603,0.024968336915346508,0.055398045857300286
0.3692515018223715,0.32052437116121407,0.9960287907773404,0.1124441137506244,0.34392420405967256,0.39792312563899834,0.0014082134719687472,0.14430034307873582
0.24173226511778612,0.26847199370196717,0.7141611401397405,0.12881590402881613,0.05988514792382685,0.03044248980449204,0.09821024662476782,0.6826462116180972
0.3032423414566797,0.2839589612925922,0.8918272566708612,0.06142266546380802,0.11508618098177147,0.19102344327425885,0.0711132947712196,0.5613544155089422
0.27310927808612123,0.2598754687056943,0.8585238121832489,0.6626426653989869,0.05856380619671727,0.13883942948821695,0.07226669141270448,0.06768740750337426
0.33900590250668305,0.30815535482052064,0.937857797976638,0.018279737291889912,0.4574214943180085,0.33973480916811855,0.025704866751947567,0.15885909247003552
0.23597292878012588,0.25400339664041577,0.7321670939833991,0.30881545762163354,0.03540280219981119,0.02023522944903641,0.08690669879244789,0.548639811937071
0.34600607439391634,0.29872309552438403,0.9909045494935764,0.06298359915280446,0.25342879507528626,0.3258635885017926,0.06166285251293118,0.2960611647571856
0.3229248037041848,0.27109394886903637,1.0067535806047552,0.13790662132491166,0.30091435299178537,0.3019171201973198,0.23080097051946075,0.028460934966522352
0.24457017521850125,0.2518034267523915,0.7727066217007046,0.541261983102295,0.11607923428309257,0.06194892240136535,0.012492818106003709,0.2682170421072435
0.31818380233322285,0.2729665963011465,0.9824784642782918,0.35827642113910396,0.005294749061554012,0.22715883162805067,0.08129513211243533,0.32797486605885606
0.23400991382489553,0.21791004106350706,0.8444306325988357,0.040227096532403,0.24652463327824686,0.10265634339403885,0.5795311593342181,0.031060767461093344
0.40283524884438554,0.31168872706547307,1.1320115814463487,0.07556160851679446,0.021817924410442918,0.468476412797136,0.3801034328582761,0.054040621417350665
0.2696464806038241,0.24674037797803558,0.8901926891891877,0.233521900449247,0.3678906733260661,0.17537095195799757,0.1632803534671001,0.059936120799589085
0.3535238371860243,0.30197946660599434,1.0051141575862341,0.016030296359193025,0.3731949238587115,0.3783867604849722,0.16447079442250528,0.06791722487461786
0.32964481357096254,0.268577194122775,1.0412083367105556,0.05584003368100493,0.16826918634982324,0.2956127694311888,0.2835281610037568,0.19674984953422633
0.22542048249237706,0.21174269424473374,0.8284606140395324,0.2276729519657396,0.01947859482211083,0.03907038496023294,0.5071184365308266,0.20665963172109014
0.5430892907783454,0.4437809134949175,1.1111097295625192,0.0066673964273052415,0.0772100875732077,0.7859510151746232,0.00366176705956775,0.1265097337652962
0.30694865395969995,0.273266600213726,0.9402856176303158,0.17573524011290187,0.2600180276883,0.23310137533760497,0.05608654230317353,0.2750588145580196
0.3322060988133506,0.2770954554907761,1.0184436201363276,0.05440909094390652,0.07908212201516786,0.2757096611364212,0.2107009741005064,0.38009815180399814
0.21624806742751018,0.2236537896669028,0.7433277463132218,0.38598988746584206,0.3025234064168365,0.03542112371528062,0.16508851008322142,0.11097707231881954
0.21691487292487668,0.22465829356392758,0.7429722280757031,0.03673119347138015,0.4743809047647233,0.06558128500007902,0.29233323240990194,0.13097338435391584
0.29501363687957344,0.25352046577281645,0.9664451985471417,0.3922374308207076,0.1729688782065252,0.21301929665834093,0.16798069937633806,0.05379369493808835
0.20856785872935293,0.21152718049034824,0.7496334908912011,0.4469404688198149,0.11492109000103833,0.008583577360927365,0.36158302922569663,0.06797183459252278
0.3150336605456819,0.28083600958426475,0.9437310440994521,0.3191263252016915,0.3481397506206666,0.2786769533330162,0.052294835114609826,0.0017621357300160545
0.3318459846492423,0.2641471041905357,1.0670038784371452,0.2228503694182218,0.047261807204462845,0.28756294978799396,0.28019753455637286,0.16212733903294851
0.4480119544434981,0.3609107978167484,1.1027986883495455,0.10547686210872816,0.14706441108580376,0.5760274537502978,0.11526624721291044,0.05616502584225972
0.2770148740930961,0.26021972493230394,0.872396872113188,0.14270588159972022,0.48249712637128495,0.2088362928288536,0.1480328365498888,0.017927862650252417
0.2019163742907403,0.23982580372022674,0.633444658306915,0.1117047104726965,0.5395555642418576,0.017661600785784982,0.08548679204572185,0.24559133245393913
0.31490945156968947,0.27160442965327675,0.9753502618048833,0.29674665147453116,0.2624656283733185,0.2664689976365827,0.09792222752920457,0.07639649498636288
0.30147127491466286,0.24941765232469076,1.008233669793743,0.19504577026699216,0.19551105488702186,0.23747959174293723,0.28769116527064675,0.08427241783240204
0.2769900132866689,0.24671792588971422,0.9200385925266577,0.11327395292596208,0.260485487920615,0.17079646270226811,0.19696485815483844,0.25847923829631647
0.26615943448790025,0.256618754076463,0.8423368559551678,0.5446345127830277,0.1017758191086689,0.1161988404638987,0.024352239167676103,0.21303858847672888
0.3322461297089849,0.28695604031312155,0.9835866476307756,0.013674734934361629,0.23409079689698015,0.29225332324031317,0.12613366410822185,0.3338474808201233
0.5150588656251667,0.4083936877876935,1.1387513556941433,0.01301000903367511,0.015987263169968013,0.7263545385763256,0.18757267314631768,0.05707551607371363
0.21925601896243543,0.22051145526385083,0.7675611172213878,0.21009245289309075,0.418006418159974,0.06914913633881321,0.2773780362596903,0.025373956348431655
0.2923065232319515,0.2540068137106432,0.9539370999235465,0.013612080405563203,0.19441625917961458,0.1995469773989589,0.2602457431294903,0.33217893988637315
0.23221923874445669,0.2281488239335707,0.7986858560248937,0.5523439883928621,0.107736374813842,0.05785463843787143,0.23521230944771926,0.046852688907705255
0.21217534781720843,0.21438543494973253,0.756466258331561,0.09998824564605206,0.014134585915202611,0.004442098149388506,0.5687003009334609,0.3127347693558959
0.24176807531205258,0.24184817678476742,0.7929275211477671,0.5034567159434975,0.22235685177129727,0.08047006971052127,0.07193461775454002,0.12178174482014409
0.28689828876520157,0.27188705558788206,0.871311391610657,0.12152597461463176,0.1912362513785647,0.1646278912964241,0.05008921756948037,0.472520665140899
0.30618872517098067,0.2616616751300496,0.9790838686775631,0.3414138401331087,0.20607728588451166,0.241212619914627,0.13871519232897908,0.07258106173877363
0.185090293242608,0.24527253436044844,0.5507762766624393,0.2153586740974447,0.6941089887994817,0.00709587946740386,0.06038678285922081,0.023049674776448925
0.3177366642921329,0.28712906003202937,0.932461048220848,0.010559653741463407,0.4911929083499738,0.3088655911152511,0.16323582834115502,0.026146018452156694
0.23534924244518635,0.22376998641273085,0.8283025146335772,0.26166871322117874,0.24810498978638995,0.07356494324767578,0.22004309000885114,0.1966182637359045
0.21251585915730253,0.22704772204482412,0.7157784173902366,0.2762133390415523,0.2910506459938605,0.013385169912286329,0.13551487741715956,0.28383596763514135
0.3051512874870342,0.28468954520511763,0.8962439674530329,0.17632339249864862,0.4893995046076379,0.2709930023848652,0.04483536218860314,0.018448738320244955
0.27389189054584706,0.2285597556650959,0.9795770471242166,0.18329327659271172,0.00478894243229578,0.1570847608855438,0.5021265288880783,0.15270649120137053
0.2615735939238147,0.2554274369220765,0.8283119326306346,0.08526527809357448,0.17890014337696952,0.10637856289191872,0.13689880124999385,0.49255721438754346
0.3449280400544484,0.3142844641757151,0.9384111328186919,0.07642524942151974,0.508912988077569,0.3692727664974232,0.034129609741076754,0.011259386262411351
0.2266904788230268,0.2258758171752617,0.782246107762519,0.07343384061865468,0.012712975553767296,0.06858067316492723,0.7942200784877592,0.05105243217489156
0.19016224114408548,0.20867870216264742,0.6716652906669932,0.08961305099046701,0.43470813287273086,0.005492852564003359,0.3929535168035692,0.07723244676922952
0.27537374868475956,0.237482684666764,0.9490112889746227,0.021915268539113804,0.20793873771565274,0.1727774033974411,0.36587846916967953,0.23149012117811293
0.23150924907160952,0.22305604095774195,0.8137383246481835,0.3136904430923112,0.06388231960744976,0.03766093800602962,0.2677570572740833,0.31700924202012626
0.2368345070306807,0.23540588385684683,0.7936696567206326,0.6152721419501558,0.07029702816289528,0.06146689234705645,0.19790610007032614,0.05505783746956621
0.2348793733170227,0.22712824303057452,0.8139867189134001,0.33461421629016724,0.24497497547646926,0.07022219765650042,0.17416393343306288,0.17602467714380024
0.24426208123232762,0.23268993163734608,0.8348538325890724,0.020620748185507208,0.4411557023278964,0.13332695472688166,0.3318137720679073,0.07308282269180748
0.20336378444340025,0.20958245195594347,0.7317587088619376,0.433024702319345,0.09450906455979775,0.00208898807143981,0.4520260284380692,0.018351216611348243
0.35134924706569465,0.3028524707627785,0.9950364489571515,0.04667671788052895,0.3636748032113014,0.3650068526501058,0.10338765512128463,0.12125397113677926
0.2578297580938851,0.23293677706957405,0.8922153071252036,0.15444154609639202,0.09007296417521429,0.10343080493433764,0.28975208539952146,0.36230259939453463
0.20448398668445925,0.22381611911115976,0.6902272602078929,0.39560986727803465,0.39324750680918735,0.024126406273308955,0.17206117782668695,0.01495504181278214
0.4290706547217589,0.345618795636849,1.0967883098581788,0.19340212016192757,0.14128262158498364,0.5303036991545798,0.10481608809879088,0.030195470999718203
0.3369429062228796,0.30982797304268633,0.9261362148967299,0.05621186782517598,0.5221763540381335,0.3507714958063438,0.038835888339642174,0.03200439399070452
0.376325904978796,0.29374163896578565,1.1109283182586371,0.27958950619966444,0.01749647584638786,0.3995530782752764,0.28370996734584547,0.019650972332825766
0.21872474232929498,0.25526328263759146,0.6609832036393614,0.012643920375816613,0.6154758479410418,0.06686617529016009,0.06604149361793048,0.238972562775051
0.2570386204078935,0.2566289425800159,0.8067625511231636,0.32084488867145017,0.46551247618643443,0.1526598892898279,0.05147418613719862,0.009508559715088825
0.2424916314554514,0.21661643021481708,0.8886289524047586,0.28025228572557825,0.1525850196140389,0.1030536645438402,0.4421031271157382,0.022005903000804603
0.3932240324173901,0.3201608203118647,1.0720363349989541,0.45031945989346034,0.007578444075033376,0.4196895118962589,0.03846132690484514,0.08395125723040198
0.3035236876762589,0.27599726024783455,0.9185732041274784,0.018678846801785855,0.15650611147685295,0.20476650685861728,0.13080722827927815,0.4892413065834658
0.35861413844580864,0.311682786514043,0.9901545795885776,0.07350080182314606,0.05264140698650782,0.31752054158840376,0.0395952967297008,0.5167419528722416
0.18772266131208548,0.21820743352686955,0.6311547644646425,0.001873668260959621,0.5366426844311004,0.006759730438725749,0.3397900715514978,0.11493384531771647
0.2442768356557344,0.22503682989922177,0.8633112888354203,0.4925003823210842,0.0076169179839015375,0.08019277029835274,0.34612093013857126,0.07356899925809036
0.25843024521065167,0.23373475907388444,0.8917383363796828,0.21327776917452315,0.2556641635773777,0.13023361999474858,0.21221331925725181,0.18861112799609875
0.2323119356670267,0.21783715389491798,0.8369184613703307,0.29278302122256855,0.005884354620809626,0.04172974779823684,0.38004777995305583,0.27955509640532933
0.2532044639122809,0.2471301012077608,0.8222570335187462,0.22257552475495188,0.35423703539841095,0.11889479305538636,0.07627022750528704,0.22802241928596376
0.21790918541925675,0.2253051241071682,0.745252404199158,0.04666624821747673,0.09379670776028197,0.008662252079236396,0.39231231129976335,0.4585624806432416
0.2374871163165444,0.21787011474350698,0.8605453599603061,0.23162532382684814,0.14851972647429013,0.07161850937879465,0.32502913968034913,0.22320730063971805
0.28182119426931035,0.24277076357579605,0.9548974961185263,0.02061223576384968,0.2808675603649724,0.20080976347354196,0.3474680235459883,0.15024241685164771
0.3848753210108208,0.3012894490386871,1.1114737740710632,0.1521184271861435,0.08670305639191758,0.4319956772506021,0.3217765503677392,0.0074062888035978155
0.30139885310129266,0.25030311578413317,1.0043776415396461,0.003994142265411793,0.07060503306980968,0.2486767421209568,0.6523579422216165,0.02436614032220541
0.3848066180229433,0.3043688930406952,1.1000027456096786,0.10542769952962286,0.056059062252619564,0.4096462768737739,0.2158203118558172,0.21304664948816646
0.2611430717302077,0.2700919088758527,0.781745268153365,0.1783415324111712,0.1511057412641429,0.09006783997821444,0.01636363512461415,0.5641212512218572
0.32830464283537314,0.29748774281521967,0.9355163348973278,0.09406153718335279,0.4586270493206604,0.3195889104156784,0.04549271616558424,0.08222978691472416
0.22025251670662715,0.23499477984543152,0.7244948880081985,0.4982901584527745,0.32599802457300886,0.048888802922952064,0.10302894558194858,0.023794068469315977
0.2272123437078736,0.2272511820214211,0.7798082374382072,0.48521404892654973,0.1467898529795615,0.040894228296390216,0.1754566479536773,0.15164522184382115
0.33957747293000545,0.2805180452494269,1.032295347247708,0.11393657665171962,0.030972442664464885,0.2860979565301653,0.18875763303936954,0.38023539111428045
0.25988835638477514,0.24803611287742666,0.8462007969319242,0.11537213324753443,0.3003704674390791,0.12612584983039446,0.12932481263435439,0.32880673684863765
0.21559678361592585,0.21281130259200054,0.7781390443035169,0.16855274319348582,0.04694248656075393,0.009527943616711273,0.45904311714387797,0.3159337094851709
0.24729885454455633,0.2540422207466329,0.7766380484499498,0.593954664804016,0.1168146489935873,0.07151489436595901,0.007146719490701822,0.21056907234573577
0.25271182103658296,0.2190775228794747,0.9252972115633454,0.1881433435923255,0.1051068537658811,0.12143018269923858,0.49496187436531014,0.09035774557724466
0.24527813677097035,0.23826741285733125,0.8195755115194798,0.1262796464284853,0.2679296410314235,0.08839795976158474,0.1703080508500357,0.34708470192847063
0.3766540538830178,0.30519263413502373,1.0703208968618132,0.44350416741009446,0.023626583245431567,0.38787992665015564,0.10062161651059573,0.04436770618372268
0.23287444651702885,0.25528707245436144,0.7163482457566351,0.09299477012843649,0.5921851413950159,0.10266430162956815,0.06031564000337251,0.15184014684360697
0.28606954542861146,0.2469286836557871,0.9560231801894955,0.34619478141430027,0.09945488567902916,0.1739306249867556,0.17272449489370403,0.20769521302621086
0.23660680648418533,0.2578701119971468,0.7236465096282659,0.03672775403613584,0.2516545598424327,0.049330654125912886,0.10422639891333611,0.5580606330821823
0.22667417116833852,0.24144546415254248,0.7317353083788635,0.2935825203588452,0.5033136931660164,0.08643595386923125,0.09759756499846854,0.019070267607438626
0.28829226940151964,0.26073527877413744,0.9139241552653138,0.1994368307612568,0.35194086248417583,0.20996060046072343,0.10010881906788457,0.13855288722595946
0.2769892152710038,0.24465134283891207,0.9278069461505564,0.19458008267204188,0.07280408727098377,0.14270873599482706,0.22053205239634244,0.36937504166580476
0.29668113494776,0.2857741988487177,0.8632029621342665,0.008375210046218249,0.3354814061863727,0.20644630546668366,0.017812096765297616,0.43188498153542765
0.2390520941986352,0.2250202694626601,0.8401558430717574,0.42675207333562387,0.010602432590710613,0.05453679658310744,0.2760571897425152,0.23205150774804292
0.2918214019048596,0.2518539144916301,0.9601653497940614,0.08070959455209782,0.09294362077091192,0.18311239321923292,0.2621988596540519,0.3810355318037055
0.4140158699169899,0.344036745028462,1.0580726482773666,0.1652387522359486,0.22288175559088583,0.4940259536232683,0.013415797232911909,0.10443774131698556
0.25094031024329894,0.24343679599061133,0.8254311326503354,0.24524227469547724,0.442747472874878,0.14068482033016777,0.14907559351832195,0.022249838581155063
0.2513903252551702,0.2390506662838534,0.8424587489584129,0.245223892413279,0.3144585411566326,0.11480685409530919,0.12968285449421768,0.19582785784056156
0.2793181566872467,0.24404643811948099,0.9396496767347878,0.017316500801558398,0.3319966891229323,0.2028893550551761,0.3388501170428364,0.10894733797749694
0.28034184020457203,0.2395446914141589,0.9615819029206718,0.3405370310730379,0.13861124042948336,0.17497813388685812,0.23964643959929682,0.10622715501132396
0.3012714751054412,0.25009333220367747,1.0047108129248494,0.024720792830133047,0.20940238455668003,0.24030326044256284,0.37196328206691265,0.15361028010371153
0.2765181880119108,0.23746647868421666,0.9538954267020361,0.048651252339086924,0.11897269079581245,0.16080415283276311,0.37008499764184644,0.3014869063904911
0.24517402164333973,0.27309534873034846,0.7146735473552593,0.07269688494766373,0.7111363279817831,0.1537201749822125,0.04471971015861053,0.01772690192973032
0.27066270285944355,0.2448749710817689,0.9011239567875626,0.14233747420732135,0.2422283288772332,0.15029707932725228,0.17717653870450845,0.28796057888368476
0.19540868290077187,0.23144122968240677,0.6282747594294572,0.04988918102545111,0.5949815238249462,0.021914201018472582,0.19478865158306982,0.1384264425480603
0.2344843160340576,0.21917749310436996,0.8417119541841285,0.3975029282857374,0.01169556893963105,0.049926814414428984,0.3434103286308712,0.1974643597293314
0.234868137471486,0.23691554127762626,0.7803124120711473,0.2860047621330556,0.05022072807078012,0.031552554994437806,0.18597526345889645,0.44624669134282996
0.23479108501459867,0.21449116940916207,0.8615323676197238,0.22204163468951144,0.23134113674638376,0.08963939651766492,0.4004671581426758,0.05651067390376418
0.34564642111553273,0.28906502593509054,1.022767870859341,0.19046671332645165,0.2698782412004939,0.3450447642432903,0.1352022604561375,0.05940802077362663
0.3376831328766754,0.28434885638868507,1.0117260063231364,0.31672228097237287,0.11435967561823981,0.29229429749833435,0.05630108378212169,0.2203226621289312
0.33391162516971995,0.2812348987375564,1.0095177605772938,0.5303798498943992,0.03711009266214674,0.2861876016706478,0.10066432359832025,0.045658132174485964
0.30379177659672074,0.2715854729754906,0.9344821496384835,0.5688619544230077,0.04810945015312493,0.2052400992520299,0.03633446253377369,0.14145403363806386
0.27321452214678704,0.24565286077938472,0.9086583459219348,0.36326742763468306,0.23032493162186923,0.16225616051832895,0.13501266434778034,0.10913881587733854
0.36239922890165255,0.30529908187642324,1.0232563654682174,0.28748948332846586,0.1924439484772908,0.3634241577473694,0.014385392512628496,0.1422570179342454
0.21938648961562718,0.22333103973620927,0.7584547576355732,0.5296101307797275,0.03800925530078979,0.013080034673931738,0.2568839957595928,0.16241658348595814
0.38132228067737856,0.31215621578690306,1.0613989532201384,0.46280333772533866,0.03778521917615117,0.3980469519074361,0.05651279343388647,0.044851697757187746
0.30502913152660194,0.2705976490289718,0.9424661760431517,0.04330647326743272,0.40667625137581537,0.2640732503008467,0.17867944454862017,0.10726458050728496
0.3447352648216418,0.28418584003879843,1.0371215708052277,0.3925146173770862,0.09326472893244966,0.3174405830346422,0.10823052403992532,0.08854954661589663
0.38129592223913034,0.30230940481095225,1.0958836111840604,0.18712888898746172,0.10804426784703088,0.414763296647529,0.2104587315337489,0.07960481498422946
0.25646742761916697,0.2237412916339006,0.9227953683086885,0.3323582255999825,0.0700382228170327,0.11341347145022905,0.34264791442034714,0.14154216571240844
0.2762628220654551,0.27827930955446273,0.8130781351574852,0.027743773556680576,0.6272561942583823,0.22051294921193812,0.09101617594229812,0.03347090703070073
0.25302134970212886,0.22389480038730655,0.9067711682045785,0.22230108041354998,0.13616288030958776,0.10726916117285468,0.3156255149121923,0.21864136319181518
0.24753496863857516,0.2223684903736467,0.88832265896421,0.07408854491206318,0.16825633015343922,0.1286684692396623,0.6136242767154672,0.015362378979368116
0.34502494026467795,0.29403645560545544,1.0033617758627484,0.12949772264326803,0.22062203610587391,0.3213473945255322,0.06426044240051498,0.26427240432481097
0.21506551238250818,0.24349223742317078,0.6779087256717634,0.027719278552640555,0.4429982053436696,0.03224342970491704,0.11970497468554173,0.377334111713231
0.34555592201883606,0.27597659034856625,1.0709456249370302,0.04058720058336969,0.06506900236509788,0.32011685861565214,0.31813101998115595,0.2560959184547244
0.24436651321835123,0.2345807458281199,0.8285697640366695,0.4109491830103061,0.2715832548205897,0.10068368846116271,0.14722760583713337,0.06955626787080806
0.24878724879799535,0.24658601036406,0.806157853417984,0.3256675724552989,0.11926902885234685,0.06977433823505748,0.08443924359358133,0.4008498168637154
0.3004773836413275,0.25546312173785624,0.9804835309980872,0.061257688178601215,0.32472315001711904,0.25942479924057904,0.34786906920180444,0.0067252933618963
0.24402752001449973,0.23755713211749196,0.8167615018964652,0.22044494775402734,0.2883241357697725,0.08925389949019039,0.12785683680653953,0.27412018017947015
0.3085576595981814,0.2523635054030899,1.0245445718674648,0.3286501470377804,0.04428131384489225,0.22974045332909424,0.2496774729025342,0.14765061288569906
0.3439515970532938,0.29813563471564614,0.9859659927390332,0.1808223852717352,0.3693328326113793,0.3522741576126421,0.08127429302539003,0.016296331478853437
0.2134760802502506,0.21689227906872424,0.7537201460198211,0.3906437769314807,0.1702496530997567,0.012415965706393996,0.23651271493910075,0.19017788932326787
0.28537799488855164,0.2658476807361162,0.885386677953346,0.281364505257404,0.3441189597977598,0.19583164902428352,0.02166071789730855,0.15702416802324418
0.270935713163663,0.24584986792253347,0.8986611017146414,0.490157965697041,0.0014014573876752826,0.12246762492805222,0.15327642900573635,0.23269652298149526
0.24398255431272192,0.22707105865425942,0.8542812785669953,0.4749045029965883,0.08000177756471617,0.0801766497662911,0.25166710742679144,0.11324996224561293
0.2415182270567833,0.24507250307067038,0.7814757863780258,0.13442126667077986,0.31825917595451897,0.08022496956973854,0.1025426466875411,0.36455194111742145
0.23013066600947968,0.2364659491652184,0.7617615417584824,0.10193907681673701,0.4625470408205016,0.08450565443272437,0.16315893788421726,0.18784929004581968
0.20667028140805238,0.21424397999447206,0.7312704021466312,0.002801206375136955,0.23149061452948952,0.04166626293417847,0.6898375779763803,0.03420433818481487
0.5172620202219586,0.41305804611111796,1.1312260458818397,0.06697814135845084,0.011158427267139262,0.7214464644409981,0.08724611640188693,0.11317085053152494
0.2119504422249534,0.21212296706235395,0.7634743397557124,0.01651541745758134,0.3297125554393819,0.05604154250778234,0.5431194613654743,0.05461102322978022
0.3542483318006473,0.2757965881325926,1.1031620581701185,0.11835435186746943,0.020829217021295428,0.357342368760843,0.4654527605995369,0.03802130175085526
0.28834724935091655,0.2504444435260805,0.9516970949531002,0.3797402968270409,0.1534805564056433,0.1888931850275924,0.14772265158886447,0.13016331015085877
0.23367057241029576,0.23211957736439254,0.791275662724307,0.1346841396002645,0.027703769432581835,0.0329754514517698,0.32497557075294214,0.4796610687624418
0.3870119347404397,0.3077246408255164,1.095173704115328,0.19741877347200193,0.13338542089534383,0.43633158087697554,0.2220008993963343,0.010863325359344454
0.3574788857991799,0.3201299563199046,0.9604814536379016,0.06101662313310144,0.4523440462911782,0.38656569960463816,0.009872083837789345,0.09020154713329293
0.2142514834994919,0.25629355925732267,0.6408724588142338,0.08432553284092464,0.35763834150874435,0.006388683389821601,0.03528071629423063,0.5163667259662789
0.251323660323841,0.26067399219803106,0.7723197033438524,0.10298421680561883,0.5538315073534298,0.14244987075217705,0.054843888240817866,0.14589051684795637
0.3169104798336691,0.2763472693789983,0.9658516996873704,0.1941287637506952,0.29334402978738877,0.2687069067220298,0.07669753616905486,0.1671227635708312
0.5319578074578278,0.435616334769481,1.1063813934178337,0.0778819222472348,0.11778827793930131,0.7695384880827996,0.004443263595290875,0.030348048135373354
0.25661422920356725,0.22505415123166508,0.9180645105758737,0.12382467492349941,0.014287525332488692,0.10637220335292727,0.46478362248074473,0.29073197391033984
0.2362743688340077,0.2419124471761069,0.7700073766704699,0.4351714826116078,0.33160384426995543,0.08155536207347501,0.058557993566287145,0.09311131747867467
0.3310121563757597,0.2725320835693227,1.0311158697184364,0.2540301459070496,0.0888395211948277,0.27858272456816463,0.14992577462084103,0.22862183370911685
0.4332370714693956,0.3392910694157512,1.1295230143525972,0.10454458386807368,0.06364728912251477,0.5410872521084473,0.2631754469543196,0.027545427946644614
0.34087602505247083,0.2734124975207034,1.0638724553198051,0.28534980675275573,0.0940126268918549,0.31644274069305534,0.22629787696171594,0.07789694870061797
0.33761791123711293,0.2694883849134302,1.0672738690741965,0.009399805586225312,0.12942257536726146,0.3226615199940954,0.41515137800592355,0.12336472104649428
0.4479536748973267,0.3694714073447927,1.0770892333921638,0.021298223421232606,0.2556487971063569,0.5904664078646037,0.10585567369752939,0.02673089791027734
0.49225735725396774,0.39553579350339596,1.1181222142672422,0.08414219451965269,0.004913348674954506,0.6503406536693296,0.03316200756727123,0.22744179556879204
0.30326606686981356,0.24860344488061215,1.0187552589685174,0.07655553000784139,0.1930936040228484,0.2519066699766922,0.4231808058053827,0.0552633901872353
0.3864354454966978,0.30113573696742624,1.1172219175470692,0.002031933515378229,0.027052937218105973,0.42318830283429026,0.38052158498682537,0.16720524144540003
0.21330698151214716,0.20598994226882003,0.7927910446182322,0.17629028167979133,0.21013310447482217,0.03704582923303153,0.4722821985139698,0.10424858609838507
0.22202977050778797,0.24803697270766847,0.6935650303656096,0.1735104120316024,0.26279790608385567,0.01727690652652607,0.06531607121962493,0.48109870413839095
0.248906368329273,0.23913527409762092,0.831773434847067,0.04065443352956323,0.4347294607873988,0.13241296688633591,0.2319659735073853,0.16023716528931684
0.23964145336662065,0.22902689001611207,0.8280313868527811,0.12403703765652332,0.3582607243548671,0.09949284675317704,0.23581186908563864,0.18239752214979393
0.29205640402436195,0.27838151383844223,0.8695132111568248,0.2001528785089667,0.5073174780000265,0.24226020189115713,0.044450429760956284,0.005819011838893184
0.21129953667454127,0.22228032942713677,0.7256581681799922,0.10652572671176228,0.3166187951817767,0.01848988484191204,0.24021697764974825,0.3181486156148009
0.21865669523043416,0.25189223899463437,0.6695589189392482,0.12057998274067899,0.43677178774754616,0.03340850492286377,0.02315099664271611,0.3860887279461949
0.2661665671163865,0.25760329948543453,0.8391451800042221,0.1550156149378313,0.2641956815393994,0.1292889206165439,0.06409711359974728,0.38740266930647826
0.23179113058285258,0.2245222313366857,0.8096798677822017,0.36096782939712657,0.266582076922434,0.07137329400031749,0.20045879461023536,0.10061800506988665
0.19780941855289247,0.2097234202165132,0.7047826055873863,0.01518115207210895,0.393979864389771,0.023254478241252922,0.474237964785362,0.09334654051150525
0.3548676279071452,0.28887470823240025,1.055362824155165,0.03407092793845722,0.12991798684282888,0.3433451795348694,0.21927444867623327,0.2733914570076112
0.3620075817184874,0.3034883733923893,1.028070954517534,0.21062357508791504,0.23086171448363574,0.3705708735404395,0.05626608220303446,0.13167775468497514
0.33204924790518026,0.308250471985196,0.9150002142372257,0.0284364600373124,0.49995022951439844,0.3279647874907003,0.004575197658672072,0.13907332529891694
0.26330602640372447,0.22888577817665973,0.9319321982473266,0.4225908162512955,0.03244937098588396,0.1367372356083554,0.4025954613277358,0.0056271158267294594
0.3158502834920707,0.2556226728958131,1.0400105768412267,0.11319962856838102,0.033417458164655744,0.24452654632822093,0.33545488676566987,0.27340148017307236
0.3243343490137729,0.28609704399238556,0.9588856465817741,0.09688888875495123,0.2985379844824424,0.28054510435640506,0.05792590087443534,0.26610212153176593
0.2612952703220248,0.2714047922935425,0.7785244635381929,0.026656667193995273,0.641155097603087,0.1847641819407556,0.09081961503362321,0.056604438228538896
0.3743778695995726,0.31057062437531097,1.0444576664391034,0.35641730472597644,0.1242192810559357,0.3858651171679054,0.02021538003624508,0.11328291701393743
0.236414058844878,0.23632958427366182,0.7887885023697105,0.1319213864950471,0.26609702310459105,0.0653002301300648,0.1672715664201343,0.3694097938501627
0.20164403425473895,0.20873853863747055,0.7264783745473505,0.2891240169524141,0.08014600509723446,0.007465170235501892,0.6167680262380688,0.006496781476780851
0.30993426621003667,0.273113271265435,0.9517452777218218,0.15484968932249757,0.05612035934779662,0.20859707156420906,0.11953530664882835,0.4608975731166683
0.25436899885828984,0.24254931162695012,0.8425874206256952,0.106777138024602,0.36035675232598957,0.12709284313504413,0.16161684508476087,0.24415642142960348
0.2635227880801223,0.2583073737394389,0.8266228911277929,0.23619191094259662,0.4726770943238672,0.1669277306727021,0.06174856341492641,0.06245470064590762
0.23122214509499436,0.2304907968256718,0.786244603215368,0.5342206440258787,0.1089467869577174,0.046747346866302046,0.17487101125213061,0.1352142108979714
0.23981495045505125,0.3001802290219866,0.6323366168167869,0.06919663085311564,0.05238977431271665,0.008468018094825714,0.003551368192167686,0.8663942085471744
0.31286127761173294,0.28871402038185096,0.9104555340404829,0.10293991371326225,0.08944478411920433,0.2099170896031476,0.04540578641601653,0.5522924261483694
0.2509602321225468,0.23258219336924013,0.864039629222641,0.2147739733329664,0.013033954845445062,0.07522339467073333,0.29403089110206315,0.40293778604879216
0.20514814281091343,0.2119566545612804,0.7319805227726756,0.09324683454362667,0.14067145168034556,0.027051355480880255,0.7000230734064868,0.03900728488866064
0.2739661056594055,0.2494484940045954,0.8978450904389086,0.49092708500159726,0.1800311391737875,0.16063600593722155,0.12339253287126929,0.045013237016124474
0.23525432800912927,0.21563618517595037,0.8591059420661206,0.07490791259803044,0.0960656755955165,0.07957754036518241,0.5832325879403842,0.16621628350088646
0.2751690576018426,0.2546635271410143,0.8841825923394214,0.004382169285289053,0.2557301499603385,0.15829739234137183,0.19325689320237183,0.38833339521062893
0.37262307783139914,0.29495222263158477,1.0938147031167726,0.05500019989392953,0.14527333857535174,0.40877330209868623,0.34283996142966555,0.04811319800236695
0.24281341494392017,0.23029296255644652,0.8372527445195386,0.4373881190371529,0.0657074151345578,0.06549984847793422,0.1990510355520428,0.23235358179831248
0.4636412747393838,0.3685323777265514,1.1224014489340282,0.2471826906434747,0.027332034899593776,0.5980330293533748,0.08793955600522906,0.0395126890983276
0.28288119419821356,0.2504688895100994,0.9297809187149503,0.21924148914697567,0.311064916835369,0.19782297265356683,0.16555119626412046,0.10631942509996795
0.3138584737505782,0.2577031183678529,1.023885451684519,0.36657107116916404,0.041678093973624555,0.24044424471269213,0.2135599218038889,0.13774666834063046
0.22472484937279116,0.23806017104969215,0.7339524650527092,0.37220621893550765,0.19835442384593788,0.02447658222354354,0.07202170251427456,0.33294107248073623
0.26353344893766184,0.2541484095964728,0.8401919542864824,0.018762340713214306,0.4514246111239715,0.16194787748368733,0.15521111925281939,0.21265405142630764
0.31613806376539483,0.2619958546806604,1.0158102084851048,0.391571766135985,0.09612329449049628,0.25486073124006364,0.18758165245076694,0.06986255568268822
0.2601949954571533,0.23312674272917255,0.9016339910060878,0.24239095056124654,0.18351341698389273,0.12347246571546865,0.21849499006744652,0.2321281766719455
0.2809634504805106,0.24768916594908963,0.9324729630200423,0.194185187242262,0.28587553856694814,0.18840717594918008,0.17962876305237013,0.15190333518923957
0.36037100154411456,0.28118387379837373,1.103800859385947,0.241664739807065,0.029869370093057478,0.36798269654595384,0.35534910151189725,0.005134092042026428
0.2528373369120895,0.22614498737608424,0.8969349233231794,0.45634346158415595,0.036024960145271116,0.10657482130656334,0.35529349724581416,0.045763259718195275
0.2649883740284679,0.2610493799623456,0.8235544327263997,0.37514531846037014,0.3929874958782936,0.1559528257507251,0.001410752319507938,0.07450360759110329
0.24994751467894835,0.26030279741163387,0.7681343292010736,0.13257132419110834,0.5489435658529447,0.1380475818838401,0.0415648682361027,0.13887265983600414
0.2078777871297576,0.21161586730693546,0.7460583610243452,0.16830012288836835,0.32802399750405653,0.02452379951130026,0.31024745891954175,0.16890462117673316
0.2620780046023102,0.2294849538607841,0.9241477536299232,0.43877988154733466,0.055683143480264034,0.13328138341823084,0.3578604410330611,0.014395150521109646
0.21689138130361607,0.23618831349358538,0.7066030441347331,0.4949912642558692,0.20820374713320705,0.01256097675559266,0.06402332407420294,0.22022068778112816
0.26339985477679,0.23600276911572413,0.9042260630092406,0.02925120465344886,0.36610473046214814,0.17807197263386113,0.406929791266956,0.019642300983585843
0.3328074665096028,0.2854292406922949,0.9908146265031111,0.1922100660636412,0.34002023934127495,0.32500032538022594,0.12971617611125896,0.013053193103598903
0.22420621988398015,0.23564459427851056,0.739275265012378,0.5614838144328292,0.009844106251406196,0.00884670459071879,0.154610391966743,0.2652149827583029
0.2522901621799372,0.27086658853459544,0.7468258203211374,0.15682291147758246,0.12254094756463475,0.06292477834759398,0.03407179013596059,0.6236395724742282
0.22586407093391492,0.21494845993292921,0.818168555330846,0.13542638747681113,0.14637872922778736,0.04356451559626228,0.3861621109752323,0.28846825672390697
0.3752905385164639,0.2912772168651593,1.116773024740381,0.08726863749995624,0.03007735324807814,0.3991731315761241,0.37181489919087657,0.11166597848496487
0.24159126104002526,0.21977248603599153,0.8717709140745166,0.42065726341029486,0.02286263029436194,0.07904872578624737,0.40144930678867147,0.07598207372042444
0.22027838224886484,0.2117544705730281,0.8041312270200248,0.15642413942424083,0.0779110465239316,0.049268799964770155,0.6354596377921427,0.0809363762949148
0.2475585858692641,0.255450881757973,0.7733721039038771,0.5858540690638524,0.06818256434267415,0.06253454052037938,0.00825297246378027,0.27517585360931396
0.23009443620343586,0.2159582148332142,0.8339318619693344,0.06808656970622518,0.29588734273561773,0.09493232262837718,0.5106995469018939,0.03039421802788603
0.2812082625919128,0.2413479616891775,0.9579872188424644,0.24464418744873997,0.18065220203533375,0.1776285990056013,0.22454495230045113,0.17253005920987383
0.2106093569721288,0.20850343035309868,0.7702959932128614,0.2114936933418775,0.030236999154809218,0.007106517200602334,0.5451023314721148,0.20606045883059615
0.23022430652004908,0.24359928073537992,0.73983923916354,0.4344971790652523,0.1792426218530081,0.03404956972761943,0.03649581355441234,0.31571481579970784
0.3384621696792858,0.2910814442216106,0.991001575008228,0.23429346049622396,0.09319162399229879,0.2816889627385587,0.027634001164302164,0.36319195160861645
0.2381255476100188,0.24236332611153127,0.7762129305134507,0.10799773000083392,0.5505506072209777,0.12807693233512507,0.2093459764343305,0.004028754008732967
0.3107710034881184,0.2552588721019508,1.0215942793321051,0.030220093370168982,0.20027156805014398,0.2627233036530096,0.36821836406002345,0.13856667086665395
0.31951243644777666,0.28752472266106177,0.9373539567429885,0.2213968116198675,0.366759801393325,0.2821943985026804,0.007537552197029672,0.12211143628709735
0.5404735335473082,0.43852294882991416,1.1184671973405516,0.01997425212454934,0.0499351628659337,0.777895648750461,0.02769978794915091,0.12449514830990516
0.3030750956329027,0.27765428901334865,0.9114755494403176,0.2831448074003834,0.35651771911918545,0.24121757393688456,0.0028877601543121586,0.11623213938923443
0.34684138293665817,0.2951846785139038,1.0056124336503338,0.5328423412798915,0.06720248655246362,0.31548193409496805,0.024673727449430277,0.05979951062324669
0.30000150940030973,0.2537983051943072,0.9850401057994038,0.1184833722983329,0.03336030903929883,0.1963982940243479,0.2739933172433315,0.3777647073946888
0.2326765343706701,0.22811558694069067,0.8008068927712749,0.08107401398984398,0.06654219024836965,0.04009525749567769,0.367299040463153,0.4449894978029557
0.19592388507281253,0.23651428333224112,0.6169770510977021,0.006615427521833892,0.5672695651224402,0.011000478746243996,0.1606362162773861,0.25447831233209595
0.3092129516546801,0.2698466437901069,0.9605935727564655,0.2917362142254864,0.17838198505475647,0.2305328807402982,0.05907982881387824,0.24026909116558062
0.25227125518918553,0.23572719722171548,0.8580734746484826,0.015376774476300582,0.4146897630246355,0.14605365362721479,0.313017045417789,0.11086276345406011
0.37476880976877375,0.31532996741944647,1.0299332233677998,0.31824212593021994,0.23055881837857645,0.4057272786432178,0.02626875906092331,0.019203017987062563
0.3610317776828774,0.3174203693369519,0.9798734036274378,0.043778657610021574,0.026809392106058427,0.31682281621050135,0.038168337938694424,0.5744207961347243
0.3770801660769693,0.295833695898177,1.1056217415799283,0.10438548338791034,0.05108124162165792,0.3961783143585702,0.2731493910597929,0.1752055695720686
0.2170595261715054,0.21377264938680993,0.7814822272666897,0.06969481359613028,0.10921762926080751,0.022302382483296097,0.4822866484402541,0.3164985262195121
0.40121733965621026,0.3289661283277996,1.067639824931272,0.41704128236179,0.08833818409089969,0.4525218180073327,0.029742456091804963,0.012356259448172579
0.3624338211074648,0.2914173745904613,1.0721180284687508,0.05318679630852204,0.11085334604938467,0.3618066547992673,0.23184367150740207,0.24230953133542388
0.2281129013627159,0.22230950032659594,0.8011933862522717,0.09429956800264616,0.07223312044783606,0.07889194960523736,0.7476105130330175,0.006964848911262998
0.25137614187529367,0.2276499494040174,0.8845868070803092,0.37238941861027475,0.15953042423873154,0.10655933160632294,0.23844551457966667,0.1230753109650041
0.2385031077245006,0.24335552844965008,0.7745996523087069,0.33631810724304323,0.37581280931389904,0.08911917627862909,0.05273744420684309,0.14601246295758574
0.28530005665659497,0.24801134569131247,0.9487471470335933,0.40807540202302633,0.039651865202509975,0.16349819572046118,0.16736288730868837,0.22141164974531435
0.4365819677405861,0.3658553827516115,1.0566523986420242,0.03306930048291749,0.2949452217714964,0.5619759170218437,0.046431270957082375,0.0635782897666601
0.33577913038779744,0.28233081192561527,1.0122137517993988,0.5350719887110436,0.03005573587701985,0.2900731228605004,0.10204415698951722,0.04275499556191901
0.27811160985064565,0.25117738315375243,0.9081693860589845,0.4350904298564032,0.1253246716234613,0.15379739568888973,0.0946499577705498,0.1911375450606959
0.47838037934613437,0.3874246787495254,1.1057126787297082,0.032291005621754146,0.08971141835084462,0.6306314075917826,0.053997447721206696,0.19336872071441197
0.20299986379585422,0.20638209591397574,0.7413427173432122,0.06422831820900597,0.24247705824466062,0.02290502149225475,0.5716361202378957,0.09875348181618307
0.25658686789801877,0.2229559905034091,0.9265813734431143,0.16064167673144164,0.04554450645270395,0.11099369852608279,0.43761876838788494,0.24520134990188652
0.2381977159981671,0.22742857885728482,0.8275024930629508,0.3676422392328328,0.1173843799402815,0.059552385867480344,0.19993822326966335,0.25548277168974204
0.21747120118735508,0.21849701604830638,0.7664690539770563,0.0646524782283987,0.06489772929040577,0.01321572421158399,0.47164292823426646,0.3855911400353451
0.30492502187128945,0.26840857488564407,0.9497648202182091,0.09132195331754746,0.26375472025201346,0.23242834066542353,0.12490177415738866,0.287593211607627
0.31359691385073885,0.2854817123299458,0.9233408042126581,0.15574234120841346,0.08020731818962058,0.21243539280794718,0.03972158494074765,0.5118933628532711
0.23483423258038064,0.24684785913925608,0.7487779445399554,0.4415666932169666,0.006425430890460891,0.02084807698672669,0.09634416463801067,0.434815634267835
0.23272451516533388,0.28394771318445966,0.6435146566812863,0.06779473767789884,0.1262542841744277,0.007574968545278176,0.02864520880734241,0.7697308007950527
0.3540636635337366,0.28828181836842537,1.054744504022595,0.35560295719303053,0.0005247699128547844,0.32135843964483474,0.10800211196462145,0.2145117212846583
0.28495505532511106,0.23959563549655352,0.9806316164239595,0.18649614288250704,0.22288681640844873,0.206358536754565,0.33800519379395977,0.04625331016051936
0.38968075908128297,0.3254916430526419,1.0435928735237798,0.010271428236333728,0.12423065596880263,0.41167362978066674,0.07609848302942596,0.37772580298477093
0.28563007813948105,0.2584328783655993,0.9117650959493644,0.47789472693311774,0.013449899205392503,0.15230124098988654,0.08000368462049948,0.2763504482511039
0.3076979624026791,0.2516920232827282,1.023862254518906,0.02693626078543867,0.16297186911725134,0.25154977903703757,0.3997220742307346,0.15882001682953803
0.38781183269587965,0.3140837183330949,1.0755471009090016,0.15085209453299162,0.21106505553832022,0.445819094074416,0.18549291008572413,0.006770845768547905
0.28662520308643513,0.26084026187217024,0.9071651799000181,0.4249702583879147,0.1859660447953105,0.17943783965751298,0.038624213870070305,0.1710016432891915
0.2323957161599471,0.2727370259433659,0.6687603765167613,0.04917542069748085,0.10346314457314013,0.01107099820340344,0.1053432459885463,0.7309471905374293
0.21925900822929995,0.22952768580494223,0.7374230591648105,0.006236853129725665,0.47709006963828327,0.0659374575215111,0.2582480416166639,0.19248757809381606
0.37257049734189635,0.30959975371901877,1.0418952000674049,0.16097336484317232,0.2579109665199915,0.40538176849311885,0.09956808305427363,0.07616581708944366
0.2945105268524779,0.2496835693399717,0.9792816063100648,0.1732282117570589,0.25942762659686064,0.2259623415854854,0.25142324751236395,0.0899585725482312
0.32771752643439317,0.2866947939988694,0.9686870227419909,0.5647046250564127,0.0424716035392214,0.26076898591088715,0.0019152388732151995,0.1301395466202635
0.36316386720916677,0.2953323279628992,1.0603778779291226,0.14099331557680347,0.15583061782337979,0.3672766106901337,0.15195955936983022,0.1839398965398528
0.27009692355556386,0.2659111370361969,0.8277085571094503,0.13579483757794097,0.23393167176191032,0.12909270858909694,0.0380596596103379,0.46312112246071385
0.2657695410216813,0.2519427702953329,0.8564228327280496,0.21380680462500964,0.1872534200640655,0.12067194784420385,0.09257410734026619,0.38569372012645475
0.209073465269155,0.2199726710679585,0.7231510373395917,0.31743755237370064,0.28287617350096644,0.011264043402529513,0.18099785303564023,0.20742437768716304
0.280784997269468,0.24800941344555733,0.9305493451365692,0.11249579325742552,0.1918706217453898,0.1686152102887383,0.20697873268827238,0.3200396420201738
0.4140873864549523,0.34366625755067887,1.0594213963564987,0.2664634172547573,0.2012552289841096,0.49472839598988444,0.0029245129960164835,0.03462844477523202
0.37056928097502506,0.31890393884229956,1.005222080789504,0.0012185378017854863,0.16735398768477758,0.36645963207052784,0.04478726142559206,0.4201805810173171
0.2318811308586744,0.268134879284194,0.6783195507582588,0.015569579816399882,0.6824799126376607,0.10852697533630673,0.026786046909884488,0.16663748529974814
0.25113751287790853,0.22108577798396833,0.9097713779332006,0.08731820587127657,0.09865716051137056,0.1080283462056793,0.47804654713717015,0.2279497402745034
0.35803322250535174,0.301680579755241,1.0210575130665183,0.10883912660517459,0.27503445431754775,0.36749821038772734,0.09289121455574856,0.15573699413380185
0.4152932779641145,0.33813713432911846,1.0803110361980066,0.05376013570024127,0.08266072417013426,0.47272474436021455,0.0828067246658292,0.30804767110358056
0.2898760332139337,0.2769719310669447,0.8660662193814693,0.21371927481755476,0.019566705466786936,0.1450204516418776,0.05132190225279978,0.570371665820981
0.2836817604697345,0.2711234164307731,0.8619017993578628,0.15934311031381693,0.39544899521551286,0.19268013312148002,0.010702892911270263,0.24182486843791987
0.294450161335991,0.24629628077297797,0.9925044770014672,0.37476220938335736,0.11404809660415582,0.21194250593895197,0.26716723298479694,0.032079955088738
0.24891490366962904,0.23332593711658836,0.8525194675216721,0.04076288575804811,0.16149000256251114,0.09054836589223986,0.31330915956239047,0.3938895862248104
0.3699658342919947,0.3092719052815714,1.0345777577199817,0.10203461438284389,0.06325446876847511,0.3548532123565643,0.07518536602239159,0.40467233846972506
0.21078608630536522,0.21362226205508078,0.7526654046192425,0.16543811049995802,0.33053972854784125,0.030138200862322273,0.29347975047287833,0.18040420961700016
0.3259805346699135,0.25713653904115824,1.0732840058399442,0.19066673354898078,0.03970206780476425,0.2881760415669193,0.4287269000379634,0.05272825704137217
0.3640115179313758,0.2873015810980231,1.0929682904329012,0.03496985117663372,0.008314910117830478,0.35701174351417025,0.32470172836883354,0.27500176682253213
0.28293325697996113,0.2806908735339428,0.8298568957632799,0.0390721256335245,0.07340480307877549,0.13363399267808165,0.10167197789420382,0.6522171007154146
0.2645785657462839,0.251920065629546,0.8517724271389577,0.039904716695710246,0.32315081238185434,0.1409257297407661,0.15205608940539062,0.3439626517762787
0.1974811437436872,0.24992063957538044,0.5901119010989259,0.1581714111269679,0.6357840178524298,0.018434504426674988,0.014747972549214929,0.17286209404471253
0.23773561925494088,0.2668928926367363,0.7034118346136135,0.2397401567723841,0.08894527547083145,0.022970261691680302,0.024857883468814918,0.6234864225962894
0.27456649593554855,0.23723111351017281,0.9466148542354619,0.1553658564499099,0.28489557961652917,0.18745787871742592,0.3198052799382547,0.05247540527788029
0.414043706779383,0.3313453197484809,1.098683714789522,0.21180953713554124,0.02025665044338905,0.4662109976892275,0.07702483528050791,0.22469797945133416
0.2739149871518705,0.25207126687669573,0.888300320485959,0.4482450454894926,0.2224044268166469,0.16090398132500022,0.08285882787973982,0.08558771848912053
0.23934480638312017,0.2512226912091528,0.7536930898709431,0.11704862291802079,0.5433710018173538,0.11463012892382357,0.08626653376681337,0.13868371257398854
0.27214908326009263,0.2325294652577905,0.9553588531836609,0.1285673065456502,0.012741602717780492,0.16972157974422214,0.649376881343017,0.03959262964933024
0.32980874926461345,0.2816681531658879,0.9933986008699417,0.4090529930691467,0.07834300188051266,0.2680569246893364,0.035510840134089915,0.20903624022691428
0.2818833904226285,0.2465105393225392,0.9406631905471099,0.19770070823143154,0.05982528449911378,0.15316724756761826,0.22231227929245131,0.36699448040938504
0.21571249247394284,0.21575268774151582,0.7680668742003157,0.031644753642679914,0.06031483608273278,0.01956887396533836,0.578746474200417,0.3097250621088319
0.26089650066382836,0.2420960246135719,0.8711274834043908,0.17533937323906237,0.4167328154996214,0.16620049990784677,0.2206466813683237,0.0210806299851459
0.3354795283088674,0.26771740942222555,1.0663465215989323,0.23265094835023348,0.02258366951546682,0.2890925959352932,0.2517885406312168,0.20388424556778972
0.29787588666826553,0.2517217250763844,0.9847218653576609,0.029665343597472315,0.29089469523486666,0.24592278913147975,0.35963755970697747,0.07387961232920372
0.24078401879151615,0.24003455514392166,0.7948189737811894,0.5490442983942432,0.16030489236654766,0.07242548737959711,0.10047596932872341,0.11774935253088867
0.3323256364245678,0.2928537714402853,0.9640498568144128,0.09465237140085087,0.07477164957039939,0.25970291471061574,0.07086131841067442,0.5000117459074597
0.38908899114224105,0.31893659315710843,1.0631862207645943,0.28746242130657007,0.03525518654625481,0.4022164601116262,0.018651820341127206,0.2564141116944216
0.3114814051213656,0.2651530242078605,0.9861528296821662,0.0613506732298647,0.2693974684200197,0.2593900003599019,0.20997174658641665,0.19989011140379706
0.31790031513236894,0.2830953112342335,0.9463255112364183,0.1551961348310511,0.03603827609389022,0.22029425118154222,0.08139662833596512,0.5070747095575513
0.2459552840847246,0.24291996718837658,0.8066660240109765,0.06039596747834316,0.5279794116841164,0.145637608547883,0.24577425829206134,0.02021275399759594
0.23916778575008035,0.23550363610140745,0.803247834647551,0.2610039691539205,0.337461947983871,0.08797622479691494,0.12282492439449409,0.19073293367079946
0.308745485146236,0.27669444005592164,0.9351307713083862,0.09535107772231012,0.34646803018192146,0.25234921486132844,0.07852405414656083,0.2273076230878792
0.21648240365322952,0.22228849254175734,0.7489474679934477,0.01627125562660132,0.006026392100442364,0.03346506136353064,0.7604643806855947,0.1837729102238309
0.24046140095853077,0.24039255754833447,0.792293251092999,0.6027982940245274,0.10114743812996548,0.06672197630961858,0.12596445507161902,0.10336783646426943
0.23268993797532644,0.22764499842462704,0.802521202923836,0.03288494399658687,0.30152373246830616,0.07167284967900495,0.28460666990540345,0.3093118039506985
0.47076879789319054,0.3689068761294055,1.1405826920547637,0.06809845073501915,0.02614530034909128,0.6267036111434547,0.2543065675867087,0.024746070185726127
0.25429787672998266,0.2280359283167004,0.8959021424301618,0.4833236159802592,0.005456445783742866,0.10887380928426436,0.3772849794926556,0.025061149459078152
0.3057652536874845,0.28947706625765984,0.8835423717464067,0.0795481660390262,0.0670886111943906,0.18734066048043646,0.05522433979231407,0.6107982224938326
0.47151627708237276,0.37490929062027634,1.1243153680854014,0.007047376776825916,0.0780350605278114,0.6259799538811983,0.18428597144004846,0.104651637374116
0.30791493427034644,0.2659965966044175,0.9696174220375839,0.13116808760789947,0.3507951814674201,0.2685959207818488,0.19919072548059183,0.05025008466223981
0.23382016651601445,0.23650086792403913,0.7772494373046234,0.5464166974192338,0.14996488276409112,0.05432968324169663,0.11508442752754756,0.13420430904743105
0.3271206022496531,0.2872603094548434,0.9647020250572271,0.34487620143919456,0.2595650741989639,0.28779128094042894,0.002176609235118733,0.1055908341862938
0.25378405463987685,0.2215312681679412,0.9198884488188354,0.2572006960782898,0.007591986653517412,0.1178641124285645,0.5595702435762842,0.057772961263344094
0.2332665611903998,0.2768114966401266,0.6620626795304624,0.1526243076426364,0.048259368899030826,0.0024285801700318073,0.05496871736854193,0.7417190259197591
0.23881638424364773,0.25326536003301175,0.7455278693424024,0.25248816118130246,0.500923347544539,0.1044745498362754,0.01814830025570026,0.1239656411821827
0.19922672076622033,0.2264084413818654,0.6591040504295126,0.17809404420872718,0.5468369238010495,0.03034701575416005,0.1969297919058533,0.04779222433020999
0.278001570347805,0.255817697932617,0.8912658201148428,0.1172210711522833,0.39922262329710984,0.19298773613105977,0.14077003068908098,0.1497985387304662
0.30699711678911534,0.25190054561193614,1.0202324737518857,0.06809913793962875,0.17016911417109373,0.24646590817144007,0.3441208477640569,0.17114499195378047
0.2690790049486836,0.2627339440656273,0.8338435512312817,0.08912586372977173,0.27405550664308614,0.13537086737679302,0.06913318116130886,0.4323145810890402
0.2455137207231537,0.243184615051163,0.8039724087069409,0.007729703552926383,0.4577291159053087,0.12209319477101153,0.20000975067314108,0.21243823509761225
0.2901099633540518,0.26571288521136804,0.9036444098789198,0.44929932514179016,0.20173244899343293,0.18963837417671087,0.01374392545825371,0.14558592622981217
0.27742238763560984,0.24656233732681587,0.9223727763991942,0.04785004984663376,0.3932426649604598,0.21110968969983024,0.33528027246912223,0.012517323023954152
0.19536632530096915,0.26532684908343773,0.5478764241279463,0.05869971437503946,0.8346916727457667,0.04956422835075733,0.048973611716158466,0.008070772812278014
0.2387078949819735,0.24405145464311134,0.773229953732218,0.5509301516702872,0.23505030604434657,0.07658437930514092,0.06181225587697103,0.07562290710325423
0.22756133059912742,0.24133705736530017,0.7357400166289484,0.4849620842430615,0.35241595024887407,0.06665500638669941,0.062256751861361474,0.033710207260003504
0.23750380080750463,0.2544931156219161,0.736773567918697,0.3672369826053561,0.491657175118623,0.10474190316372735,0.007199644280467392,0.029164294831825924
0.30445938260492905,0.26117629827034594,0.9742820626913697,0.511917705986102,0.052148260039135294,0.2183543728229836,0.14592645271750837,0.07165320843427073
0.3160810812836715,0.25533243737965916,1.0420966643107314,0.06001796886205274,0.033728493629919046,0.24878575066455041,0.388350082320273,0.2691177045232049
0.4435991154540493,0.34492849911162793,1.1411034938190778,0.12177478146608904,0.006906297392309649,0.557158507742475,0.2583266376881173,0.055833775711009025
0.25510211207820216,0.23680485848173102,0.8661229055569625,0.44673828505407365,0.10521526268877199,0.09976371815905297,0.15749250436836565,0.19079022972973583
0.2410677864561222,0.2171579444742702,0.8798563042152977,0.23717572422885114,0.030426616910447145,0.0916498531150271,0.5842795653204826,0.056468240425192044
0.2653560472730531,0.25582058868188556,0.8418245317262156,0.08579954158544106,0.10428509194898446,0.10667897127651917,0.1749560479881469,0.5282803472009084
0.23206682995663602,0.21752364985290606,0.8369978624381916,0.07165867928784704,0.03371264041848331,0.057250866068921,0.5672611864937539,0.2701166277309948
0.3070206623022304,0.26220993111730306,0.9802094878978815,0.040127634953003824,0.201689478737618,0.23546252543000554,0.22333175408517067,0.299388606794202
0.24899015996056376,0.22690232382903788,0.8769859938080454,0.0532035966473856,0.2574694030361025,0.11296653568395858,0.33772707868686275,0.23863338594569056
0.23217176497639816,0.2505143825229817,0.7271908428638266,0.19389337184324815,0.13817254449931468,0.025279400850356543,0.10192473063827166,0.540729952168809
0.24126779629635492,0.25460264796331117,0.751240404710626,0.6253440927012472,0.009960515344284179,0.04064733012499754,0.03187909108978074,0.29216897073969034
0.26395709901752895,0.2286251657561016,0.9358422915077486,0.2933231285255807,0.041378316641071285,0.1214457201585032,0.31648054255204267,0.22737229212280216
0.2912017831337361,0.25905464186013055,0.9310845827806723,0.2189114366899703,0.25002010514791945,0.19891017159808957,0.0989435364038643,0.23321475016015647
0.2664891807163361,0.23965989375792093,0.9033183538627892,0.1995426437263312,0.35310047417768087,0.17284940109227329,0.24469577892650457,0.029811702077210088
0.24660821843677858,0.26465104192295325,0.7428960680004286,0.08827700487015365,0.0013368908683633128,0.04039201645184131,0.18484800470300738,0.6851460831066344
0.4187718241759307,0.3438974641575432,1.0723307456753803,0.03198391362954984,0.15718830807085607,0.4929497700202315,0.06987952782274921,0.24799848045661366
0.23262638468220836,0.237588756557606,0.7686659391136996,0.2963536384064846,0.21474732118342327,0.04673483210587135,0.09852504672165828,0.3436391615825625
0.3896540627354002,0.3229768398117728,1.0516359715865284,0.22136892091007565,0.0014366232239429093,0.39214947509463877,0.009849918120133912,0.3751950626512086
0.2234221624895932,0.2604805489835246,0.6657777832791736,0.05125740878026213,0.7185891738139373,0.1039362120834206,0.08969422930398427,0.03652297601839576
0.4618079601268789,0.38146764330677535,1.0795357544799782,0.03998668898469817,0.2294448656738879,0.614935789316201,0.05036318106009262,0.06526947496512014
0.2671544820611849,0.25296401718519684,0.8584402021976292,0.23791969460036677,0.4038342535111079,0.16706007639331416,0.0923146111287311,0.09887136436647997
0.32064017285494906,0.27390432050056956,0.988082890990346,0.284609946700497,0.0007712890084698138,0.23125938793811715,0.10510585581984191,0.37825352053307426
0.2920056198633157,0.24997435003766988,0.9681218086049496,0.03567592433082309,0.3243000672954017,0.2397094246661762,0.37580549606711083,0.024509087640488293
0.2845385255047288,0.24615682398939712,0.952801233391081,0.1899076551955408,0.18047169958061082,0.18006046799244746,0.20251460985104777,0.24704556738035324
0.373333945373286,0.2998012500630289,1.0784943201714794,0.3663380553457333,0.07047202139655274,0.3906647722338352,0.15455465895032375,0.017970492073554896
0.3480990727559997,0.28348394358282364,1.0515554037680659,0.01260187910897015,0.08497121828811847,0.3209500344446381,0.2568851027450736,0.3245917654131997
0.23490336442171122,0.2287136301860111,0.8084492571401657,0.2990978244023886,0.2382668510646466,0.06551457839103442,0.16336256274205302,0.23375818339987744
0.2721222034635737,0.28007761211176097,0.7930737547667288,0.010319803216116807,0.027725176483089333,0.10143216631673814,0.14800306266285432,0.7125197913212015
0.24566062574495873,0.23372821902631497,0.8371288095209836,0.3959136471860612,0.1505928572785803,0.08005077192448413,0.14800000861975332,0.22544271499112103
0.41216739365363947,0.33398526697523123,1.0843813469188097,0.03299278619058054,0.13817801505112215,0.4797449745211924,0.12685220815332854,0.22223201608377643
0.3028011253837547,0.2559265535245282,0.9877877926392115,0.448998855810366,0.10332299465466178,0.2278941079435643,0.20633394418627607,0.01345009740513181
0.22798620231614156,0.23910218632487265,0.7443938721426342,0.007628471667020873,0.5550962102814497,0.09934666697424539,0.22738972652510214,0.11053892455218198
0.24596820432657937,0.22575114007705482,0.8680718257267283,0.37204327001862436,0.03953231577185492,0.073955295987873,0.27150536255620644,0.24296375566544123
0.26697683471469824,0.25359159187064356,0.8556152556721107,0.06346885066455209,0.500164384407727,0.1888887479239645,0.20331908457844852,0.044158932425307926
0.27763270369591014,0.25896422028547117,0.8790121795396195,0.0212555586199333,0.32925315730426424,0.1735373192668395,0.14523795772636486,0.330716007082598
0.31879621867538915,0.2779698929543624,0.9669975975402508,0.35350016516910193,0.04217917858341892,0.2296423843238176,0.035447444057035545,0.33923082786662606
0.192017950337853,0.2499522013529936,0.5681804343754865,0.22913514216222158,0.671974856249761,0.015302368561675299,0.012581626850140963,0.07100600617620109
0.49006411963662017,0.39369739350672606,1.1177724996269298,0.08525920259797685,0.07970920329376913,0.6651772213424507,0.08066890295467892,0.08918546981112424
0.3607291572758142,0.30237492233267715,1.0276287295212452,0.3346157953312039,0.14031008264832834,0.35215540882492824,0.015878127205450992,0.15704058599008858
0.5122541760826166,0.4132697504591695,1.1185289404052008,0.01012137356512634,0.01915306856948461,0.7013083033526821,0.044386948210840334,0.22503030630186635
0.43754575915672667,0.35814685700739396,1.082086165421035,0.12118730246385757,0.09766185306745773,0.5266228475261234,0.005050136223879737,0.24947786071868144
0.3675031460788658,0.30812085472504835,1.0304500367629765,0.4417703573429305,0.10970452994640957,0.3688779872720962,0.007168760338298797,0.07247836510026495
0.4485562053389644,0.3688620234238764,1.0805021390910852,0.04334878771401847,0.18880370339983907,0.5724448263740203,0.04264509270880577,0.15275758980331652
0.24182118253506696,0.2186891961942017,0.8771406446833558,0.03565949857583938,0.13457712941404248,0.10070971904183115,0.5775696477579566,0.15148400521033026
0.26784789434071565,0.23699837937511667,0.9191957131314811,0.34144313485327416,0.09619147523220081,0.13020719283616888,0.2027117392772192,0.22944645780113693
0.274207157053735,0.26017016816520117,0.8617711962709322,0.3422519756105093,0.14829024656216763,0.13340208826648658,0.02194506822588823,0.3541106213349483
0.35993009977542473,0.28578380879384946,1.0844914590630053,0.3715719063862409,0.020291069891435403,0.35633023592351326,0.22711615240509408,0.0246906353937164
0.22012220298716373,0.21337654791837327,0.7972863215138508,0.0978140055959654,0.10578450710917378,0.028919521828595904,0.46481395217818866,0.3026680132880764
0.2623947561403903,0.23041213540244604,0.9218036878544357,0.2698291057744574,0.15140977598142713,0.12949150884156937,0.2568716360823666,0.19239797332017955
0.4218014969712629,0.3427975035068157,1.0846096986347233,0.02078855464628055,0.23229809791928885,0.5308900269451226,0.1987724240262596,0.017250896463048514
0.26311446917290465,0.25212434506111653,0.8452752514686528,0.5827466165626268,0.08491485371503113,0.11300962140177984,0.06796668600661374,0.1513622223139484
0.22659983364264694,0.21842481866935734,0.8085154183416153,0.21436308925548758,0.11110203374797205,0.034764579511069586,0.31879013816619234,0.32098015931927854
0.23720490386536477,0.214216454932554,0.8739053399250126,0.23788884759751008,0.03174528898963052,0.06981796418478427,0.48853557713723494,0.1720123220908402
0.2725456364753644,0.23386549692342284,0.9515967058117811,0.007077817673041205,0.01732691953664496,0.1602195048963451,0.6165547485423516,0.19882100935161706
0.3175996327288245,0.2516260601034697,1.0634813922643243,0.16903069132910803,0.027353114216955722,0.2624324905205468,0.4237048817790756,0.11747882215431386
0.2044031974654899,0.23360354091728608,0.6609625729952472,0.24341561161601033,0.5436479321994673,0.037116012153824054,0.12068831171508647,0.05513213231561179
0.2805246239867594,0.23692800909582643,0.9729732878206176,0.28386675215400076,0.15538806765524613,0.18151985639050994,0.2883256673589033,0.09089965644133996
0.22496633638653354,0.22481592043900592,0.7782648846437149,0.39994429302355006,0.1234924719284783,0.0278809768834117,0.19304959418910317,0.2556326639754567
0.3248164977689807,0.29396149926111353,0.9348724185301316,0.04175300466461593,0.21332573564570437,0.25934370082727437,0.03553819029963842,0.45003936856276705
0.22859843242990435,0.2173138652662069,0.8218455468136991,0.03901165557820147,0.058051977150768104,0.05237972868121713,0.577318577559737,0.27323806103007625
0.32406293661365576,0.2988725815178456,0.9169892240425926,0.042000804927990985,0.14774217009363105,0.24317195308530332,0.022185405329256287,0.5448996665638184
0.3588618663984313,0.30292109161699887,1.019611624762477,0.15606243506153278,0.06746533542377627,0.32745210755955256,0.051861094680941515,0.397159027274197
0.2148075461830152,0.20659117730217244,0.7977472626624221,0.22113982310445196,0.20199801944847479,0.03640285483772496,0.4285784860979582,0.11188081651139012
0.33394201727515704,0.2768186145588413,1.0257331058739243,0.05841537332865632,0.004186943543653256,0.27074121912772486,0.2473374400252663,0.4193190239746992
0.31951012659217953,0.2784068384275867,0.968044205071776,0.38308590257022307,0.01434420852975494,0.2279647613939901,0.035979973241101526,0.3386251542649304
0.31966564657913216,0.27269799094621555,0.9888802100940983,0.36059721375799714,0.16415265140169227,0.2612737879449943,0.07960012993186694,0.13437621696344937
0.25236270166515334,0.24029775903356265,0.8421331205044202,0.32994186712130547,0.11767095174296606,0.08475712318704261,0.13045807409392687,0.33717198385475916
0.34365276133643297,0.2696356937589723,1.0890722858040063,0.11038681714242085,0.051605968352673316,0.33656786015873147,0.4727614984589564,0.02867785588721809
0.2843027401904352,0.2573529877143879,0.910433340103539,0.09674139952013736,0.05400822357114837,0.1508311403074871,0.21109521842374496,0.4873240181774823
0.23832676660787985,0.21557085648125537,0.8736188633376585,0.21332797033629072,0.1964993062131926,0.08800528531739421,0.37306744869369374,0.12909998943942863
0.21643134683398368,0.22989995950144484,0.7239294308485414,0.5924266704992761,0.1539953034610334,0.020672045313869486,0.17268736334856558,0.06021861737725543
0.22732941005802249,0.2129436090308271,0.832752909867096,0.3204860306952658,0.019953559295535488,0.0531362698739334,0.5351876025948487,0.07123653754041667
0.296702435865934,0.24748791611813564,0.9968261874578688,0.3574968820427947,0.06453324672558615,0.20289872952289909,0.233436060483731,0.1416350812249893
0.22704083081198842,0.24084799702598125,0.7350728799828478,0.17698210641231787,0.11614916476166864,0.016397926440087418,0.17602894424371132,0.5144418581422147
0.27266913619626193,0.24177778855155235,0.9209660553611357,0.31176925874992983,0.2293910887187859,0.16259292759223784,0.17384913909079472,0.12239758584825172
0.2862269286606008,0.26658925596024147,0.886108210961927,0.06375051524832796,0.5026694843791178,0.23489595147310333,0.17380781503468665,0.024876233864764334
0.3944002872315819,0.31520642162293466,1.0926182450799506,0.13230210180778684,0.13773981755591988,0.44642433023696865,0.1766461799222812,0.10688757047704331
0.26221311188952423,0.26235147762105887,0.8088885712168368,0.6466996315330389,0.02016310074805994,0.09435673325712358,0.007377190916244445,0.2314033435455331
0.330136682956309,0.28224018053170424,0.9925471363735932,0.3315175001945744,0.04353450849919579,0.25895474633005366,0.04579547340523226,0.3201977715709439
0.20140249390450424,0.20380476851272575,0.7428800366614117,0.18345849132969635,0.2138121549820254,0.0023772611640806075,0.4306555618025427,0.16969653072165475
0.21757017890273486,0.21453839411627856,0.781073148202614,0.07827703590336602,0.38082770486663714,0.07119923979521228,0.4439750354874683,0.025720983947316135
0.21684454350930166,0.23366882052424515,0.7140214220064937,0.5099266493975959,0.3261827011233145,0.04255930014371107,0.1160986608308232,0.0052326885045552475
0.355983894860802,0.2897125311608606,1.0561638243079892,0.24212411450173676,0.13721724612702388,0.3491607931103061,0.13501731880391013,0.13648052745702308
0.35770755204015076,0.27997573859510255,1.0990507734141695,0.2012453572757475,0.0073041613098424425,0.3452154039516812,0.2830941579579204,0.16314091950480852
0.21199372842422076,0.24985609605191553,0.6483481131097215,0.24383321548893358,0.6040834378585668,0.05556399764061443,0.022299552475736072,0.07421979653614934
0.24557544481017962,0.21862734635742198,0.8945607586090532,0.16120449996000963,0.003593999802419084,0.08904201725686474,0.5489856433944341,0.1971738395862725
0.4156680089631458,0.32337691806811786,1.130779559492615,0.20366351221073412,0.01817151610366768,0.4919161917376551,0.2525090818161434,0.0337396981317999
0.2638214181354896,0.243837388937829,0.8769016887316139,0.013161890863118185,0.3210140866807151,0.1477319904842803,0.2360751100495038,0.28201692192238254
0.2832017800812366,0.25135466018331587,0.9277798148288153,0.2743747177242211,0.2357347881837003,0.18209759835124292,0.123318856831318,0.1844740389095177
0.36215702297155294,0.29711586231680837,1.0506238897427378,0.24141104299228483,0.14957163590169556,0.3621895094125225,0.09513502781172106,0.1516927838817761
0.33257667382761,0.28316753670135847,0.9979133806062961,0.24362662507420849,0.2187104188013765,0.2961218334670643,0.06618488354081237,0.1753562391165383
0.2740552910591415,0.2624413806338577,0.8537346150138185,0.020662676330766964,0.09111275108102027,0.1255503350905869,0.19828018285053675,0.564394054647089
0.26742558909901043,0.2391906489625762,0.9090053898094858,0.22588548077863516,0.3349187415502914,0.17367596680046518,0.24741452049428772,0.018105290376320655
0.37330081580987046,0.3163966199977836,1.0218213323901348,0.1858047486408211,0.28431166789558404,0.40482935088448013,0.02957351558094931,0.09548071699816543
0.2133047061246682,0.25019123990012554,0.6527195204350807,0.06278712610957676,0.6894992965075143,0.07797603012782833,0.12744975179997423,0.042287795455106386
0.2457038931073376,0.22391736992316075,0.8740004992667391,0.42175146571952143,0.14725083385138082,0.10365899352433647,0.32487106340010524,0.0024676435046561266
0.23031343642845836,0.25046986403616206,0.7199007238748103,0.00937685741922059,0.30136911012204276,0.045598220850680236,0.1393301466555464,0.50432566495251
0.2683072905558655,0.2581287061236841,0.8457303871165034,0.2607580383329595,0.1364092525195013,0.1155260135628278,0.055836264687234585,0.4314704308974769
0.4089569187131176,0.3292732000478255,1.0901492094132796,0.24075018754874786,0.043366285185420315,0.4568324678011407,0.05751772686572988,0.20153333259896117
0.24572929591496684,0.2532303391628404,0.7729298810009596,0.0736879868973743,0.21575601328700317,0.07079917954968151,0.12608037028729083,0.5136764499786501
0.3114681647787407,0.2588569563497539,1.0100874570488987,0.06906268249636996,0.15736004098888015,0.24584099389295389,0.26840437678223444,0.2593319058395617
0.2719374597226992,0.25312283629442645,0.8767974591772781,0.3567566198322546,0.1875159515362782,0.1402390457867531,0.055444689031301744,0.26004369381341236
0.19968905080085325,0.22468522595986382,0.6662167045535635,0.5267587214817188,0.29228733518871824,0.00026594521499111374,0.17177593840004984,0.008912059714522047
0.35604597790875,0.2769759898591198,1.1049549026412586,0.11604521941386288,0.023908146626116376,0.36067769754456674,0.45200101448921737,0.047367921926236706
0.2946282727848163,0.2657018878127137,0.9206869954843843,0.2175476279752831,0.27370115944786855,0.2068944183796066,0.057952656213495525,0.24390413798374624
0.2366250399306683,0.2576546198721716,0.7243225059316123,0.28805534650089853,0.01525261422459737,0.017307390848653566,0.09073326484756344,0.5886513835782872
0.247789304029662,0.22961749993757377,0.8613860184151255,0.30679068739400794,0.31538587347814034,0.12481450400171595,0.25018010892926856,0.0028288261968671263
0.2500517128074043,0.2294273035653668,0.8719612256193692,0.13025630981474473,0.3150729625169442,0.12218523566278268,0.2666144130580106,0.16587107894751799
0.18751429704057265,0.23393718743754321,0.5878257259858969,0.03732957491942505,0.6762902842534152,0.019978211663860428,0.22185364681095177,0.044548282352347555
0.2676877452486769,0.24341145640488393,0.8943200474778848,0.004833979656128578,0.2250558764519783,0.1435190084140734,0.27320501878771114,0.3533861166901087
0.34793551909849335,0.2958639853494759,1.0070016421450234,0.01643992212105052,0.048245928019490035,0.3006455033138487,0.15450440329668316,0.48016424324892765
0.2886206285560653,0.2604792767173891,0.9160829666114297,0.1826536410931481,0.32302452467698,0.2038975293236769,0.09717137031580943,0.19325293459038553
0.36468832780316957,0.30096050948605924,1.045613354192392,0.07260619246153607,0.08243977557271198,0.35069643776879234,0.13329483730399969,0.36096275689296
0.3486271843801054,0.295022594429471,1.0122180131918546,0.24310140198522548,0.2741163959289687,0.34946250109260607,0.07930838919353143,0.05401131179966835
0.2945303981904672,0.24622815785261473,0.9931049329331224,0.18791248090575766,0.09988234362413334,0.19786637596027606,0.2632752730738187,0.25106352643601415
0.2946892039537237,0.2850003873667303,0.8585574434285408,0.13120008832644292,0.051037001446839834,0.15741265436616322,0.04301049871936419,0.6173397571411898
0.21818052120076226,0.21797075767500673,0.7715737789539574,0.1590301430503834,0.06286095798824155,0.009657774552554522,0.3888851426345109,0.3795659817743095
0.31043905959372947,0.27004076854733894,0.9644434838292714,0.16517482432600414,0.029515496575514583,0.20903277785171606,0.14788054903972905,0.4483963522070362
0.215119750592666,0.2120109314573885,0.7788265890707289,0.1397435813808419,0.06808057624518964,0.036895348272707074,0.6644335779481513,0.0908469161531102
0.32324876762226035,0.2814244879767936,0.9709487954892987,0.42950863803943506,0.05581180163799933,0.24493937011204292,0.01028897571219562,0.25945121449832714
0.21950327279898083,0.2560151394599047,0.6620830047651429,0.7604944938509579,0.11090291864199552,0.009098503704730577,0.007192721027793228,0.11231136277452258
0.4429913190839935,0.3456650701799613,1.1369135992809254,0.06800265269263975,0.009214425957259128,0.5504159293631614,0.23922360288964614,0.13314338909729356
0.38237920359228794,0.3120314420768393,1.0652106126870313,0.28373177606536626,0.015207069531205092,0.38452949657194596,0.04641729542880248,0.2701143624026803
0.3812502639059504,0.32047515359101214,1.0336222955015395,0.08881185059687847,0.16853010251006303,0.39767758364856926,0.03271492534108159,0.3122655379034077
0.27454226629411727,0.2333974829442158,0.962059502363121,0.21055854345055322,0.20779278196421333,0.17755463400904284,0.3326597618677637,0.07143427870842672
0.31521480674357555,0.254651755808999,1.0414803773923291,0.14950594767689523,0.14458637274284838,0.26593278938586545,0.3323827930997076,0.10759209709468345
0.27969043820682093,0.25971217757021825,0.8844038056117706,0.2656391449359055,0.22151003696280067,0.15970636804415142,0.043811048230071516,0.30933340182707086
0.24845352547881744,0.2611579662145844,0.7598984183992116,0.05413417397081158,0.583137967018232,0.14017436052990753,0.07330190727507602,0.14925159120597273
0.34665432862682005,0.2833068052718926,1.0471133171055234,0.05157814182947354,0.2020141874918566,0.338646023509723,0.2309606136317578,0.176801033537189
0.2484874499198417,0.24312655855640258,0.8163955887764309,0.5089837256985658,0.21223879468953682,0.09763565255286345,0.08423238676849565,0.0969094402905382
0.21521257616592865,0.22040991882273386,0.7495696067054132,0.10234611735597297,0.22890747077883894,0.0183302656681613,0.29385382435617746,0.3565623218408494
0.3193960749608198,0.2816225468161156,0.9565856072479914,0.03219197718029053,0.41416503159295837,0.2991799376897905,0.1595170518333489,0.0949460017036115
0.3422885735714404,0.29020682633297684,1.0071733227807502,0.37380802028113413,0.02565592740200543,0.2864195550509574,0.0244308644820609,0.28968563278384224
0.39899173018895007,0.341100604978978,1.0231343043512293,0.05302821538245829,0.34454020952787456,0.47386318865798915,0.0264782740815216,0.10209011235015615
0.31651158845051586,0.27001919027228,0.987009805420766,0.49694831387275534,0.08283208757245034,0.24978501781900092,0.11142614819065479,0.05900843254513852
0.4018060142800296,0.3206055581367104,1.0973172652546932,0.10507989035946633,0.07092778019951708,0.4479063835865507,0.1525580602593486,0.22352788559511724
0.30537965280808194,0.24695331780888855,1.0341211653844407,0.08453898729707642,0.10737589121620424,0.2502525082965246,0.49254402843045,0.06528858475974476
0.24599818863657183,0.2183019103869581,0.8978308448567807,0.23736042646866728,0.19531608745559118,0.11509805450227487,0.42200793282882365,0.030217498744642968
0.24007621080738042,0.23183196452591748,0.8198878493570759,0.017190788475280196,0.28583432855533586,0.08591892754517029,0.2788850039925991,0.33217095143161446
0.24985487022803385,0.24934173034448753,0.8015299723472551,0.014305906353151253,0.4768159199979759,0.13193534376562824,0.15843119970520028,0.21851163017804434
0.2654655754570691,0.23889895949510556,0.9019108995386121,0.4558902840592847,0.003372802105863796,0.113213487338297,0.20338015665094172,0.22414326984561272
0.26315956808520935,0.250573190326975,0.8506878481574812,0.3140233198772526,0.038440754483135664,0.09473849676904773,0.11829459276747355,0.4345028361030904
0.364684989188995,0.3265287154574778,0.9637283776041279,0.03314851701534239,0.024001970106763557,0.32024547607181203,0.0009030898345507505,0.6217009469715313
0.23734459753231424,0.2517051447785193,0.7443018206765807,0.24582727864763868,0.383685389187134,0.07595776798691754,0.0031379908369061015,0.2913915733414037
0.21752899211416019,0.21832997680636362,0.7673201571524979,0.2914354276334478,0.21880811155628901,0.025003709676059277,0.22711241703187357,0.2376403341023303
0.3432042965028657,0.28532080649486874,1.0276302668033386,0.1974716597068372,0.267012969745786,0.3437140782027739,0.1747508585170929,0.017050433827510075
0.3263498157701991,0.26229241590827607,1.0535943817256193,0.3587389454404963,0.04336267868332691,0.28082919197203493,0.28043404942658084,0.036635134477561004
0.3339099654474867,0.26462095997172397,1.0728929616075153,0.0821198548168298,0.022523453592925673,0.316152102937907,0.5648345934013976,0.014369995250939831
0.2438056838492641,0.252735194944138,0.7668329845872909,0.6240467345694442,0.14866012383403177,0.07159129146482814,0.01608076015725112,0.13962108997444458
0.2097497913134001,0.2392562322588916,0.6676933336496745,0.45824843783520586,0.35558549229544684,0.014923111034851767,0.02192102145326401,0.14932193738123145
0.24598928259075684,0.23967618149715916,0.8177253215838631,0.06704869394121614,0.05066755960272487,0.06320370541773436,0.3117086725561387,0.5073713684821859
0.2255232498173997,0.2410292783076317,0.7282237703644242,0.12436365769422611,0.566459156231295,0.0928751563862596,0.15494927462502536,0.06135275506319384
0.2458803477365107,0.2550880459380202,0.7678930896828641,0.14019391914777504,0.5293150084945518,0.12677544517032255,0.060694303451914594,0.143021323735436
0.259133176240726,0.25547590640637313,0.8186023456476871,0.029121152256896037,0.4873939747749554,0.15527410742749748,0.1324762021979673,0.19573456334268388
0.35107218028947157,0.29197573636447044,1.0311547940190693,0.26273470798052717,0.01996321573139291,0.3076008050950625,0.07423871126282053,0.3354625599301969
0.26508834893108235,0.24467232530403527,0.8790873616940894,0.3423055586708533,0.3225961869690003,0.15919284727575567,0.14538213431655264,0.03052327276783808
0.30716808068740276,0.26560682247775796,0.9682284449185719,0.5019938082778116,0.10645161076627913,0.2308130335609163,0.11244070520983145,0.048300842185161674
0.4175684977767293,0.3312015382406697,1.1098031118129448,0.35314164400510567,0.019865736364976867,0.49105887952518223,0.13588583863962136,4.7901465113689e-05
0.261037006194398,0.224505893542045,0.9400065310752096,0.30081205195738797,0.020169530618775848,0.13584985331829852,0.5159560633298824,0.027212500775655388
0.24238022721644778,0.22351891361806,0.8606888075036874,0.47535712098133265,0.0009949951700208698,0.07369219848830383,0.3511142555218586,0.09884142983848401
0.2405617820046922,0.21869043349364878,0.8713768543068278,0.03472257732101293,0.14431560553904435,0.10185866060649554,0.5976391750606057,0.12146398147284136
0.22833321086398953,0.21607205913062713,0.8253413772309058,0.2151591670178516,0.3076728469579961,0.07867874270566597,0.3329668915215364,0.06552235179695
0.300564457622888,0.263671969930117,0.9502885638139582,0.5782195618443488,0.016258038669710543,0.2019192850162124,0.11835000537715601,0.08525310909257244
0.20893482776766129,0.23832706726138544,0.6668769502095595,0.274113424898109,0.3330364843940054,0.0011967225764016657,0.049990598878300936,0.34166276925318295
0.25508005646372833,0.2310267796251694,0.8876895431623189,0.10830613479705362,0.33374714223838187,0.14122717754545677,0.29709626118553534,0.11962328423357231
0.4137086689740513,0.32113266255183287,1.1325807411924236,0.11526372471592626,0.03626314626509678,0.4958615840675197,0.33652667687034393,0.016084868081113455
0.24175745175239363,0.253743746492345,0.755713015209928,0.08173584199481566,0.5753277018673628,0.12707190054988615,0.10381067333861238,0.1120538822493228
0.29385734156920357,0.28366122933722465,0.8596780819817252,0.08779023601863883,0.17234600989872984,0.17300305558981707,0.020148388074553072,0.5467123104182612
0.3496971943286679,0.30280101260800013,0.9897496436600417,0.09840595312668246,0.3154623737238123,0.34696505675862116,0.04352029250981728,0.1956463238810667
0.2155866209315473,0.22369957925716577,0.7402187410517584,0.12601726866112362,0.41826894870415476,0.04791066592665955,0.223297480939546,0.18450563576851597
0.34177591096980403,0.267827909146019,1.0894156322249773,0.10695296757562572,0.04488493831314666,0.32225319368760935,0.4100119960361957,0.11589690438742267
0.3217741639567942,0.283662697934441,0.9580891880948181,0.19837235581892626,0.09634237503929988,0.2393489556937606,0.04257386733515044,0.4233624461128629
0.22771310600262998,0.24508469987957496,0.7251089361757435,0.19922386347878962,0.26958828267216534,0.03518703756573169,0.06951516609589087,0.4264856501874225
0.1891653122520883,0.23135462235767415,0.6015238028697727,0.10315208051411508,0.5977843555243667,0.004903045595201997,0.15785759541205754,0.1363029229542586
0.3294182498133392,0.26605716102497345,1.0502188655133085,0.010364045282069018,0.07052607899648033,0.28347788622236103,0.36055767419165424,0.27507431530743537
0.2221579980852076,0.25274770511718125,0.6811456428670246,0.13505167351174407,0.16130734814732936,0.0017792445601331978,0.11128516373778931,0.5905765700430041
0.23648107266953994,0.22302794561086922,0.836133212628453,0.14056736149710455,0.21735182305321302,0.07177989675619473,0.2856039421125053,0.2846969765809823
0.2020719798353795,0.2532359208785981,0.6005150426833924,0.12099280744424755,0.6126691255314514,0.02203480506453755,0.002807379383350412,0.24149588257641294
0.27162636707240745,0.2656591182678479,0.8342509322377375,0.6724737790456072,0.05232667214943563,0.12612037370317228,0.007235269312962834,0.14184390578882197
0.2599141023553377,0.24286456839283693,0.8643257587735014,0.4774214644389374,0.23485322071404735,0.13769993666877683,0.14958943744650227,0.0004359407317362718
0.4217579305905178,0.33516972806683654,1.1091632073538134,0.05124298730554359,0.14949957385667303,0.5258398674899466,0.2699843412618266,0.003433230086010146
0.30330235383346654,0.2646339846597991,0.9571799863842131,0.3546151499848698,0.2369127465358023,0.2349083987765429,0.09491578707561452,0.07864791762717059
0.2872939916442613,0.25408681450151277,0.93390911334696,0.22099489268169725,0.041615989862581526,0.15866581402932683,0.1734181352217014,0.4053051682046929
0.21571931724076482,0.21540371450408138,0.7693428946770778,0.16983367607550506,0.07924355218577286,0.007353640937251703,0.3906185008378787,0.35295062996359144
0.21848674835086504,0.22127824833004153,0.7614248107186894,0.14730133584000693,0.4547039805005964,0.07530959580999468,0.3151556821369315,0.007529405712470425
0.2655338336800772,0.25821977529591694,0.8346914307127635,0.2215909489658497,0.12432006902068468,0.10609642043072798,0.0738746938340867,0.47411786774865106
0.21905003475677548,0.21207296952998306,0.79713145494893,0.2912338135932039,0.1654226616548819,0.03045230472432151,0.3193022741257291,0.19358894590186376
0.24245891226506233,0.2554317229176515,0.7534651924463943,0.10168078336139856,0.23206146328820287,0.062291741531489093,0.08763192275334596,0.5163340890655636
0.40865712801995874,0.3237736498414675,1.1077403247471547,0.07659225271780748,0.14168094751022592,0.49288442801307214,0.27450993477643776,0.014332436982456821
0.4290915568462586,0.33225797125504397,1.1409554913439979,0.08379075300738544,0.004139555132215104,0.5241142125825842,0.31213794704557946,0.0758175322322356
0.2328822729250783,0.23587351668373582,0.7753404260737364,0.5252542279338432,0.12504224990684845,0.04590765502377171,0.11510519658100143,0.18869067055453517
0.41194419959307577,0.3294195071708406,1.098733352804658,0.02297374375263116,0.09304410565954377,0.4765218051443036,0.1783287321453394,0.229131613298182
0.2575710565422568,0.22415729493412462,0.9260062520082509,0.3505545061890045,0.02775195179740887,0.11202846709839238,0.3645823675147759,0.14508270740041834
0.38438478038538293,0.3144369810955956,1.0634397367010808,0.005466695643903556,0.19785577400244125,0.4236669493803954,0.16800886848511068,0.20500171248814905
0.21611427473608788,0.23149103993290318,0.7175840360138149,0.02305111293687848,0.2691394030426859,0.018247412361830372,0.25167236636177504,0.4378897052968303
0.24056159921670334,0.25685120287906865,0.7419143733051702,0.17941800181058706,0.5727881819980869,0.1215850723688082,0.04334393778033606,0.082864806042182
0.26755726476929576,0.23037587736059412,0.9443578349514689,0.14678621209108259,0.012372874409461753,0.15876105262090806,0.6477027417694393,0.03437711910910826
0.3115218489532996,0.25649741807780957,1.0195886216443935,0.14573235636083023,0.22093713231541898,0.2665371852253505,0.29851534546031866,0.0682779806380816
0.2206828517875455,0.23464692841700943,0.7274028811671109,0.5190877509708491,0.1941532048914803,0.024179856355099894,0.08884922339270643,0.17372996438986416
0.34088437778906067,0.2967008880920319,0.9803960468727447,0.0831774504443078,0.2995705487589366,0.3215407181538621,0.05198114416385478,0.2437301384790389
0.21121029812714792,0.24364765369014976,0.6616533986088017,0.5613771578262314,0.2626524424268294,0.004628915434282047,0.0034514811118312623,0.16789000320082587
0.3088603540726509,0.27291206878679214,0.9485119336180076,0.5777270768245754,0.05755462404897034,0.22301995935565821,0.05566571422912248,0.08603262554167351
0.20869933787809813,0.22830134643523584,0.6951309764750675,0.4857329700080059,0.3364603764889646,0.025847375182202575,0.1443274758574331,0.00763180246339369
0.21859878273997094,0.23049640652737066,0.7314594846837683,0.24140659959910563,0.3998631585435284,0.04644227198441062,0.1255271459120145,0.18676082396094076
0.19088538873599634,0.22619206590860882,0.6228573410391857,0.2663473724442811,0.5283810857502199,0.004856948482499063,0.15128858562295044,0.04912600770004942
0.32816078925879305,0.2643075437670009,1.0524133564042517,0.06016177609867871,0.169438756203756,0.30256889383394897,0.36392519283803654,0.10390538102557974
0.2268474523234608,0.2272866614916537,0.7780810856335926,0.12430291523813923,0.4358333161244089,0.08131706407020912,0.2336052762699852,0.12494142829725746
0.22127485659942195,0.21187775300706188,0.8083664007599389,0.2564705735954771,0.06597094336347131,0.051030099024430724,0.600768168062796,0.025760215953824796
0.224798251515326,0.2439764016000724,0.7164555685260756,0.5762211662665312,0.20393132966329744,0.03244853932490194,0.02997699110616933,0.15742197363910002
0.39795594763986014,0.31659052845634467,1.0990725128021022,0.29652165414962844,0.04883271041695495,0.44205167295495973,0.1281850990282554,0.08440886345020146
0.3649298909838464,0.3012105269340615,1.04554742554794,0.22929138528502488,0.19213868102701676,0.3757690052649347,0.0877242939762495,0.1150766344467741
0.30280072659773555,0.2702434834223444,0.9354554026475865,0.23726558170804923,0.3093427691644276,0.23574384000616505,0.057464344306591295,0.16018346481476683
0.23408966637147735,0.21657126351437705,0.8500188962477774,0.24278873686763003,0.2583019009990886,0.08594971590423199,0.33566041100118366,0.0772992352278657
0.21758915734601417,0.2614755924814667,0.6409361415172731,0.1485640337153958,0.7122644860168672,0.08557503516877127,0.027224715288042343,0.02637172981092323
0.24277097986520307,0.22720398109567957,0.8484489529434075,0.3752508283485126,0.09387134126026936,0.06991538021915311,0.22109110321431885,0.239871346957746
0.34132617977013047,0.28170964471575194,1.0341363358861275,0.09414036396689565,0.2758140411808326,0.34381537402827717,0.2478988343291942,0.03833138649480048
0.24109675140431372,0.2380178845837168,0.8028671952048217,0.5512465018458949,0.20463378395416398,0.08769718252835645,0.14630524913015217,0.010117282541432732
0.19387155285912114,0.22861797895744213,0.6293098798056613,0.04774727081046473,0.5062188054465036,4.060510160761574e-06,0.18804745865630762,0.25798240457656335
0.20147435283618906,0.2598250575236124,0.5829859301481087,0.012076357222793122,0.7769856653592719,0.05510005874152443,0.0779585254249503,0.07787939325146011
0.3061012511107465,0.25070831309692326,1.0215108065113834,0.05006951305151806,0.0002819636756626642,0.24984657959102294,0.6512474811987428,0.048554462483053604
0.3535020465051713,0.29564969778548866,1.0265596372277708,0.2076364242391917,0.25852023443500466,0.3601199211169985,0.10484213981138533,0.0688812803974197
0.3797918402652182,0.3222496180072659,1.0234049067446287,0.09833431943972525,0.31162562471465,0.42411238568165033,0.050087119097839035,0.11584055106613547
0.38039625961232537,0.3077612333076353,1.0735473602747891,0.23085693750032946,0.1633847293504384,0.4165753580325449,0.13952090690341998,0.049662068213267165
0.21550638756790658,0.2233511348620087,0.7410143121509551,0.21898865040197824,0.26524097959115045,0.020032771315151708,0.1928023163165729,0.30293528237514655
0.25508244940777974,0.22742790098088037,0.9017470966546924,0.032344457909658134,0.26796645824275517,0.1548309236481411,0.5372010114033164,0.007657148796129057
0.24194825262773567,0.22826249582643432,0.840910163243325,0.07243691457526044,0.21618239893030908,0.08264338535565917,0.29443065896434345,0.33430664217442796
0.284370084609016,0.2760328910760637,0.8490657895708267,0.022996452562492317,0.15334815363253185,0.15118820212533035,0.09799318829331737,0.574474003386328
0.28681765291107686,0.2593303810614775,0.9131890060152124,0.23869141904915855,0.16226743007704292,0.17017119893911303,0.08412346156056193,0.34474649037412364
0.3403552438677833,0.290562770713561,0.9992857762015828,0.18430328416268013,0.20286364887890332,0.30738984544834885,0.04976997293807709,0.2556732485719907
0.23214287650406304,0.2186141495313283,0.8331705742494093,0.031791881802078516,0.062005728852656844,0.05984604757714238,0.5621654585645948,0.28419088320352764
0.2495000991893172,0.21898670276316595,0.9110146719962102,0.17362225513456253,0.18664686521502113,0.11868757491833277,0.42248095689478166,0.0985623478373019
0.3698685890995002,0.28822740545226455,1.1097785396138398,0.11940139455082667,0.044375767454641626,0.3846658691240683,0.3306062604912269,0.12095070837923644
0.2128847234073018,0.24406060103927307,0.667394584433934,0.0038690916956529656,0.27693209300946864,0.0017413003152918997,0.18444335876786147,0.533014156211725
0.32093603392848846,0.2556418013100977,1.059826806649037,0.1264218322650516,0.058822821175614284,0.2680060843684254,0.3731199164817568,0.1736293457091519
0.2594891402642947,0.2402151995862535,0.8720894457349854,0.45983355642226836,0.007149044695054039,0.0947051376891086,0.17079897704455219,0.2675132841490168
0.29259205139660005,0.27075704438548565,0.8959768782643891,0.060635728030770955,0.4940201293695003,0.24695294973685544,0.15503920586056547,0.04335198700230781
0.2560726566050708,0.2527036100138346,0.8154717559982189,0.4057834898687087,0.034636366199880794,0.07504801188941837,0.06933943195447148,0.4151927000875207
0.22536626729782255,0.22344520666548018,0.784828951647029,0.23139736847030068,0.3300347696928609,0.05973143713355813,0.20313924607860437,0.17569717862467596
0.1917581033627233,0.21863238916969932,0.6483856481698725,0.33493914669240665,0.442913983222129,0.0022902806272254643,0.20988983126667568,0.009966758191563082
0.26889111578169556,0.24455409841200534,0.8950621445440885,0.2737306729964524,0.11663557038139746,0.12600368044396346,0.14971236215934597,0.3339177140188409
0.26583991809578955,0.2666355516332116,0.8094941457495608,0.10569138882604749,0.343009046696994,0.13477226743675605,0.01840679357384739,0.39812050346635525
0.39340942964218456,0.3202334015249851,1.0723723009743293,0.13341223311111022,0.22477000065267563,0.4585084288679899,0.1602173896388404,0.02309194772938381
0.2604331124249832,0.2483984777927346,0.8471594282496773,0.07205619357816045,0.4447661470825551,0.15794926082187305,0.17128623190097392,0.15394216661643756
0.43243668965842413,0.35653989515301737,1.0726336515421158,0.08579500601302566,0.20951784371336965,0.5374879776083786,0.041329522965243254,0.12586964969998293
0.5058740523633052,0.4121694927382252,1.1060354062954325,0.05753652837667627,0.10063713307038266,0.6992937900661966,0.012433838396465568,0.13009871009027896
0.19885350820403472,0.24567366448588357,0.6058993279378866,0.03466114592147828,0.618849226984368,0.021085415570468332,0.09062512027069715,0.2347790912529881
0.26600108778357634,0.2395000093994036,0.9018834209035911,0.40535369410962496,0.1826654961718548,0.14144326320319597,0.16850664196431617,0.10203090455100813
0.2615794011841727,0.2520326817112994,0.8394919252041073,0.0880393337909197,0.25273847879888295,0.11978429822866232,0.12982710498044947,0.4096107842010856
0.22609738645512276,0.25020858934553497,0.7038023231565981,0.4570689130099608,0.12228644871414124,0.010584980555326239,0.010385299362729474,0.3996743583578425
0.32867434492474457,0.2660911043128946,1.0472892193985313,0.10419443681777348,0.02852392402258323,0.2698995238079217,0.2886017308914896,0.3087803844602319
0.49476813281707793,0.39642470657158774,1.121948570419791,0.06106892290480133,0.002988307163482145,0.6580405819976055,0.056695257495676644,0.2212069304384344
0.2506983724440014,0.24221299115082348,0.8286028403779079,0.3252902697481828,0.24977349007180907,0.09954736642495066,0.08387793194159496,0.24151094181346242
0.21382261498707772,0.24446234758223515,0.6701343442346235,0.24764862999395865,0.3611892397136351,0.013788127211743897,0.020719096048461172,0.3566549070322012
0.2168508286956946,0.22678545741986084,0.7357210228290528,0.22999902333116692,0.36996273729658197,0.03904598552524503,0.1527297699204186,0.2082624839265876
0.20594705652415213,0.21074799967790153,0.739969331915345,0.40046922259857404,0.18428761649119096,0.005451146245355689,0.3072573715041294,0.10253464316074994
0.21959740096825742,0.2261947909821862,0.749784733025147,0.09484860087183011,0.5009811102068361,0.08072667691832212,0.29032330652189353,0.033120305481118155
0.1944230019767179,0.25245245435138725,0.5720800074920099,0.20027912309643905,0.6769412682396705,0.019283516427997492,0.0014991589867989713,0.10199693324909409
0.41429994385327157,0.3438631029433072,1.0594330730311994,0.02022713983259247,0.28714477118742915,0.5118815562704003,0.11844910715739757,0.062297425552180506
0.2016691980478231,0.217097265106406,0.6986232552192003,0.15382556354214585,0.3469548735495508,0.002455112692191473,0.24030901049179626,0.2564554397243156
0.39592687608921356,0.3235920303408147,1.0690216187490011,0.3546884411114293,0.09680818175095328,0.43738125540097955,0.03348305447645644,0.07763906726018151
0.20258381566627062,0.23427171501528443,0.6513113017348923,0.5271892676924957,0.33703924076185215,0.003475647404787209,0.0716980063064565,0.06059783783440848
0.22911221580678912,0.23740812824280239,0.7544485402943205,0.1215353848765563,0.10945857823029187,0.02484714233783832,0.23637250899764833,0.5077863855576651
0.2102549586908098,0.20865013002489086,0.7680558774235714,0.13361925162802202,0.15998327868773113,0.012117049589348597,0.43324522082286654,0.26103519927203167
0.3620122508051586,0.3006551850734383,1.037774388387635,0.23113289577761287,0.24474388899964555,0.38145971791056743,0.11107304424223205,0.03159045306994217
0.32340855828742615,0.27482702074406323,0.9948387081707004,0.2148464536773086,0.3042346874685658,0.29995130010115695,0.16508297246351214,0.01588458628945649
0.26319043606616754,0.25477014179545365,0.8367952169109791,0.09344546130905085,0.5108146034952927,0.17692641133687434,0.15572292322247533,0.06309060063630685
0.2710586526331902,0.24385308968032487,0.9065238948704046,0.0769974185941835,0.378153840561188,0.18395914221681842,0.2593990627706504,0.10149053585715967
0.3533726832257525,0.28515107200442547,1.0639016051850727,0.2729483888727866,0.07833261417624907,0.33533993552541247,0.1530606930892287,0.16031836833632332
0.19330552356406092,0.21358437966739696,0.6709550754002825,0.17597787155693148,0.4623720168798055,0.011108379269054095,0.2924607251501617,0.058081007144047264
0.2943055018975895,0.2405676340627335,1.0155377004451118,0.3405124374646562,0.012856492357059691,0.20782675578497606,0.40525704862224027,0.03354726577106779
0.19756840049555977,0.21794481972559163,0.6770906538699066,0.12559067868940607,0.4868996231605517,0.02070652343211806,0.26880730852322,0.09799586619470416
0.2488906783507373,0.24584299291101072,0.8090150384018916,0.5955136917745468,0.16859227157460208,0.0971809618849123,0.097827057599942,0.040886017165996956
0.34801687913676316,0.28189393668118295,1.0571950665040908,0.03275606122257918,0.17406714432534065,0.34045534903439983,0.2683962531039147,0.18432519231376562
0.2977593054288864,0.26463683993296055,0.9362237906545828,0.06358382224673083,0.18547487424350614,0.20147000147833907,0.1562844382741908,0.39318686375723305
0.24859848007917115,0.22428420955548412,0.885476870943254,0.15443968831782912,0.0888955011042273,0.08792811757837223,0.3551315792750041,0.31360511372456723
0.38854049517676625,0.3325243095605022,1.0180924685603157,0.05485956558810566,0.3655001186856468,0.4553825155587812,0.05899827630220103,0.0652595238652654
0.3357189357240427,0.30399720075656506,0.939873574536105,0.11300961472903766,0.45434039015621713,0.33527748025919146,0.01735985553937161,0.08001265931618212
0.22463011886789377,0.21172329820320634,0.8248035069824411,0.1676228500201134,0.14545504610494908,0.04481609561207909,0.40712597823858765,0.23498003002427095
0.29036403310033504,0.2599195887582965,0.9247630555612086,0.2724725896454824,0.2930970068890767,0.2066072112769274,0.08661320648906469,0.14120998569944893
0.21847150045200725,0.2153687987420751,0.7822465530569641,0.05951363823017107,0.3812701590032999,0.0672605226274189,0.40314137737438244,0.08881430276472756
0.21492748072579604,0.2239326489117466,0.7365048443239516,0.04320491898994637,0.06241742302576911,0.0006889460361398476,0.4382431706757245,0.45544554127242026
0.24491107289342565,0.25239198356898956,0.7722554026370179,0.6093741307332912,0.14822457919199936,0.07349232535909958,0.016268327328838136,0.15264063738677175
0.27055921629870927,0.26283833779012367,0.8391440082642196,0.6729234784730377,0.08398653294443682,0.13287109660174584,0.03381736230329573,0.07640152967748386
0.2502179846041763,0.2513013368155236,0.7967247096307858,0.2923364305882081,0.3735712447439381,0.11236894166586044,0.023737114097046322,0.19798626890494705
0.45729568712087926,0.3614810969971105,1.1267413165013578,0.04849859782324047,0.045054566924381055,0.5844164876499667,0.1740999378338518,0.14793040976855992
0.2866578325219039,0.24375267103586798,0.9708932891532497,0.125590707846672,0.1309182339645171,0.1819120378339963,0.27856850122573873,0.28301051912907593
0.2532343664476437,0.22351862795630378,0.9092502414938521,0.04228263842044689,0.1556364388018052,0.11918015492238293,0.4588655818211619,0.22403518603420314
0.382859206041258,0.3114127103496041,1.0688684018952765,0.32363971241677275,0.052188972415718474,0.39604963525939013,0.0530604107549674,0.1750612691531512
0.23613430096359586,0.2542531975432466,0.7320824389315134,0.035673905904331026,0.27262241085966465,0.053462239192460806,0.11511090581169298,0.5231305382318505
0.29201930228185846,0.2836065040711617,0.8533630181525446,0.07437318236346378,0.23067536246476822,0.17685020355858275,0.005951807758878943,0.5121494438543063
0.30234154054567247,0.2575399625412128,0.9798150859996788,0.019369054608065737,0.17405921669237376,0.22267705289132272,0.2680193534500971,0.31587532235814064
0.3517949476100095,0.29137712715431335,1.0357537345413488,0.0701521551929892,0.0024089617492994036,0.3087414520692198,0.18426640281329987,0.43443102817519164
0.2519515542716691,0.24601678891383347,0.8208852540645181,0.27720751653024334,0.2982969377006032,0.10682044418207548,0.0653224877606303,0.2523526138264477
0.354536585490298,0.27638832875792946,1.1018431453269568,0.10905735941113802,0.036823673032010784,0.3508416030006534,0.3891782723042251,0.11409909225197264
0.34363599638844194,0.27263835145193666,1.0770164755790308,0.0165907125999325,0.1034284101781532,0.3429674329946144,0.4890666912817418,0.04794675294555812
0.24151627889076588,0.256167052017213,0.7476226055718401,0.010067779782334942,0.3047594566729046,0.07164629883981301,0.11333428461623592,0.5001921800887116
0.21997500317175858,0.24640088118140469,0.6898311497783158,0.020935019344018514,0.3176033477204984,0.023400175639685585,0.14307091965910912,0.4949905376366884
0.22300477213466208,0.26591537188056197,0.6506008694088155,0.071974167493898,0.7437523029773829,0.10371814348186341,0.04906620304026587,0.03148918300658986
0.22270438142731996,0.22248348916330504,0.7762570700271303,0.2100918968951036,0.22687678398981592,0.03465403322809065,0.22458651210436367,0.30379077378262603
0.3390427593089789,0.2955914884903535,0.9778453391374012,0.3341012484663397,0.27848114456439277,0.32129643602578,0.0021874697169028913,0.06393370122658466
0.2105582246258017,0.2127425568561236,0.7547066604750182,0.22277609793389308,0.13600127367900758,0.0010951263388763628,0.3355010498910851,0.30462645215713785
0.34837143619949373,0.28257683735352823,1.0558948815263478,0.16850836258376542,0.014577553261368349,0.3083249532902798,0.18575785215951854,0.3228312787050678
0.2669153339496119,0.2561602399127868,0.846795482481839,0.27804558894816167,0.32419442522853525,0.14564302672833718,0.030173237338320807,0.22194372175664515
0.22967438901882953,0.24989619343508082,0.7189961021375308,0.19617208602405478,0.2745221178773242,0.03769957477534199,0.043914992248698444,0.44769122907458053
0.2839667279288761,0.25538084209152545,0.9161483140737129,0.19340583057908586,0.3332412019970993,0.19836893241077705,0.1268537597194173,0.14813027529362044
0.29691596688104044,0.2663935747302157,0.9268840929481847,0.4509463651580579,0.1772850510552165,0.2051845332610935,0.03489010598704695,0.13169394453858513
0.2489916638629493,0.23673652114527202,0.84056174729728,0.5132726293108206,0.1287082993826846,0.09203586192566061,0.15339980735137124,0.11258340202946297
0.44954279658496626,0.3595359983651343,1.111273414628157,0.05908931144603291,0.1350793076294741,0.5822505400773765,0.17274668128183682,0.05083415956527964
0.24472064838008845,0.2249110549651701,0.8657673514992095,0.017579068062019025,0.26144979012130815,0.10591073942453204,0.37860233539923394,0.23645806699290678
0.3043179856842598,0.27484347933539455,0.9253193355695833,0.25693044057595843,0.0512594977140561,0.1903893664033615,0.04951993630212424,0.4519007590044996
0.26124732096272474,0.25140106808965706,0.8402801251718934,0.32464367962635227,0.12589983689978998,0.10077975611169855,0.06799009641932592,0.3806866309428333
0.24045024816657645,0.23384795609181458,0.814419126638853,0.05834187671593526,0.21383158805702365,0.07265982788167472,0.2563796701590283,0.39878703718633807
0.22750897473151077,0.24369741708102877,0.7283990813595267,0.3392526109384895,0.3224562816464922,0.04686119192812574,0.020856864821154918,0.2705730506657376
0.2022598608012227,0.21901549295563963,0.695201324556807,0.3300177747104374,0.40675702782862977,0.022731629355199675,0.21588564613263928,0.02460792197309385
0.2989323212904777,0.2706596714247608,0.919724464232482,0.4862783953601332,0.0641735677134445,0.1875045390190961,0.009147907518010194,0.25289559038931614
0.32892037934714,0.29188869749810403,0.955571016410979,0.05154824768330891,0.30152590148400676,0.28941219044431965,0.05199073774431515,0.30552292264404945
0.28624695552292573,0.26457213219666725,0.89293968174741,0.539101592571829,0.16917909798608088,0.18063185622967626,0.027757420058622938,0.08333003315379103
0.5427340486532712,0.4379462627954622,1.1251016175091715,0.00795740649241636,0.011398150303002823,0.777832531381996,0.04519891761948346,0.1576129942031014
0.4594439717349741,0.37776809523101273,1.0838500574925232,0.16504004809008155,0.19604897216590286,0.6070148197674624,0.0277596911356127,0.004136468840940329
0.2286697753500657,0.24758672863080608,0.7216452042407034,0.198379062308016,0.05219456040694786,0.008495106782085095,0.1674042153665928,0.5735270551363582
0.38112468534671357,0.3107901690556677,1.0654284411660513,0.32737175414788955,0.14703922344883802,0.4164261565117673,0.10348437522145963,0.005678490670045437
0.3214263926421855,0.28353361275635575,0.95729881901313,0.252956288665343,0.17106457061395883,0.2514398602435482,0.006950569744813453,0.3175887107323367
0.27731415993408964,0.23290962762245743,0.9759757990878851,0.1708122453861469,0.1464878305432627,0.1731919301532957,0.35322279205064366,0.156285201866651
0.25968788551586597,0.26202455811276004,0.8002604298854635,0.09915576022512528,0.5330203843351794,0.16115254960634437,0.06656886076241551,0.1401024450709355
0.2699357493971756,0.2370624236297107,0.9277545805433643,0.07102155122919748,0.03743925234110275,0.13086198331620982,0.37937196918745025,0.3813052439260396
0.21961837063329456,0.2184387158942088,0.7765032400000088,0.038708781250465694,0.06939471538630677,0.02199957690527818,0.5026556391859286,0.36724128727202093
0.30341179684268815,0.2629760117111182,0.9636308467597554,0.21440312142272885,0.33369588075991524,0.2567752625020409,0.18391421940836483,0.011211515906950178
0.29418262847537874,0.27244493958286103,0.8962641363397883,0.09829499966624175,0.1820368173434853,0.1834106580330902,0.0756824003480796,0.46057512460910305
0.3220928581929217,0.26515425034152684,1.0261681939567544,0.04267779254152907,0.16168511365240673,0.2735751175408389,0.2783362367601318,0.24372573950509344
0.3679921389807467,0.2871454608243064,1.1074252682521566,0.1231530830757403,0.06496419239641739,0.38647746136195715,0.3498009692634918,0.07560429390239326
0.29614237997755605,0.24224172464909127,1.0161023264432056,0.24758288928620492,0.12311418011717204,0.22338675065909286,0.36820812982738094,0.0377080501101493
0.27753563851322427,0.25198717428568607,0.9029651574855938,0.003518405954367199,0.274850209521759,0.1712439797620136,0.21892033750806855,0.33146706725379177
0.24021934695316127,0.2443925528718366,0.7783352836160904,0.2381385845267265,0.4755384656912829,0.1126060600937959,0.09833004690952092,0.07538684277867379
0.22799247276114834,0.21377578143658885,0.8326128973311473,0.03506705235963571,0.17863409965696447,0.0681633239955126,0.5342320678529895,0.1839034561348977
0.22480567891491982,0.24383401636090038,0.7169043988357586,0.455404550302378,0.2221847167599069,0.027058989809866877,0.016349324770738968,0.27900241835710937
0.3446102176622338,0.2764696833140521,1.0656149134716346,0.013868132677927936,0.14652807425800318,0.3340677746156613,0.33664949170869485,0.16888652673971263
0.35701220479305923,0.3112022988806227,0.9865357868414373,0.03985533481902121,0.3338736744048794,0.364884401504487,0.0367792858140108,0.22460730345760163
0.45587269016982984,0.37667257374524366,1.0775212172584012,0.03323110998007172,0.15973043198483347,0.5799458445517984,0.0030008396792098923,0.22409177380408649
0.22224074956135592,0.22865000863935156,0.7532943059408773,0.1359081353592706,0.5057089654285895,0.08723317857139361,0.2621649287746466,0.00898479186609976
0.4150375095276279,0.326473076524698,1.1181243899602622,0.0524055968965079,0.008901489748046679,0.4751418249296592,0.21790881806403894,0.2456422703617472
0.2737267551917494,0.2708861776378139,0.8259068703419832,0.7582284544654316,0.024258507929231298,0.13285215831560276,0.020096463068292787,0.0645644162214418
0.2846305700278914,0.26554768773009785,0.883572257900319,0.17413090564939507,0.42319122748246063,0.20901945918991408,0.0711436462923196,0.12251476138591053
0.25424455764837395,0.23339913774732718,0.875087027397182,0.017294318840008694,0.3923888207188076,0.15459627494590358,0.37283063751907025,0.06288994797620974
0.24535190732854767,0.250828066399533,0.7788279443073975,0.11087185661058878,0.544074478114626,0.13420619757572583,0.12091562434950702,0.08993184334955236
0.28597327723213284,0.23826309064509352,0.990389558841191,0.06743437728054862,0.14387527719094087,0.2131404461975817,0.5441820499627829,0.03136784936814592
0.22249445008961655,0.24869129516385688,0.6936087166861389,0.05287361659387433,0.3703515347684124,0.03554615593285697,0.09384726410497927,0.447381428599877
0.35164617696971945,0.2904618269668502,1.038505404030753,0.07991838287730356,0.04100166138561686,0.31462700584034137,0.17098289761919577,0.3934700522775425
0.3151287421001502,0.262047801128364,1.0117571716248708,0.46464661652637296,0.042084820277742525,0.24796998919405702,0.2009130432495534,0.044385530752273895
0.3211039178933723,0.27768280840026244,0.9763078940868133,0.3665931167484916,0.11982013931637034,0.25076626751102404,0.03217636271139222,0.2306441137127219
0.19933956073399373,0.22926422947172015,0.6513862240006125,0.11061453633094487,0.5223500495813057,0.01773285049965156,0.16392738279559324,0.18537518079250462
0.2810129524134442,0.2435390634974443,0.948566316614207,0.1918848473828849,0.12693042452809372,0.16353245540284464,0.22306758373977173,0.29458468894640516
0.28558381831227314,0.23773434238000662,0.9909540874650076,0.03868770764316613,0.07931107150971273,0.18828042971388784,0.46747555992458356,0.2262452312086498
0.2918270529151521,0.23899778036820482,1.0118380703895595,0.13716585677571366,0.06413337591340532,0.19854246424817815,0.3997724999258451,0.20038580313685772
0.22847855799015235,0.21685795595121607,0.8230205675751298,0.12185000791783264,0.3362710147165185,0.08279165025210454,0.3626813597764802,0.09640596733706412
0.4212762283741553,0.34707827020418264,1.069719023768723,0.14240849441565123,0.21660234677318935,0.5145055686909198,0.048207805875463174,0.07827578424477642
0.27793366410817416,0.2490104163674216,0.9153579494114491,0.5406517865384668,0.03448813365832861,0.14989612206573094,0.15475224838663165,0.12021170935084208
0.3100166389535642,0.26387699599360637,0.9853706192708981,0.2835616891308835,0.07155067161190133,0.22041195130791885,0.12754165209018586,0.29693403585911043
0.24049443930950157,0.23972481976758228,0.7946379498551276,0.08569607715727523,0.4762008016526456,0.11533283915160607,0.18384746195665014,0.1389228200818231
0.22619639080395634,0.22840756948837826,0.7714122224522926,0.024013443605918398,0.207770102225811,0.04001448762865707,0.3114687566686994,0.4167332098709141
0.26272623997791816,0.22325250912285768,0.9528503881712397,0.2401499218777769,0.043758846604946805,0.13307008628961373,0.45317764024705587,0.1298435049806067
0.37100144504807486,0.2960001304173233,1.0844638635648667,0.020001180687744688,0.17877058636458418,0.40976624728307015,0.34916492616725203,0.042297059497349236
0.22916806736154144,0.21177633128221485,0.8460249843632461,0.28126349906240616,0.06272181467442928,0.06198103714766138,0.5217105674551148,0.07232308166038832
0.38742369173413543,0.3013763875112196,1.119608919997337,0.0621993340239893,0.0001330715103598072,0.4164321914129444,0.32027368353779045,0.20096171951491604
0.3065192986618674,0.26190106414190045,0.9794511507707462,0.5145020180179614,0.061165038578707656,0.22736326334831858,0.160452301960996,0.03651737809401643
0.18822456711081684,0.24076661143999295,0.5741018918034945,0.17434193285650648,0.6638167119949888,0.010705726956962898,0.09022348107811705,0.060912147113424846
0.24784936854246037,0.2501930803303763,0.790786732715402,0.05082821490752806,0.4467446402787722,0.11795861041579993,0.11733796634312682,0.26713056805477303
0.25420432954391686,0.28526776205809884,0.7158338820715667,0.016731536931525053,0.06659965498986352,0.05604098240030032,0.09058763893995,0.7700401867383612
0.39543534193256025,0.3244682866742355,1.0646197367182932,0.37143164464974116,0.12841281406204452,0.44493990740776096,0.04738407545021199,0.007831558430241442
0.2834445128686169,0.2608194104262664,0.8950427136043682,0.0483659145710458,0.08799840163516386,0.15109849767053188,0.20191571965775212,0.5106214664655064
0.22036994204316232,0.24477697269032256,0.6960211173896016,0.3104373641835386,0.3028836796479944,0.02244264829927484,0.015470898779796958,0.34876540908939513
0.2163347930227926,0.25189282585751216,0.6603395410589539,0.1801455622453945,0.5709805087341094,0.05472834180242906,0.007901286477316279,0.18624430074075066
0.425057656939742,0.3460360454764874,1.083868752526322,0.10165252944313997,0.019079188991656802,0.48348029234457207,0.044363604997731725,0.3514243842228994
0.26918160134085456,0.22728602577519358,0.9643426189238972,0.106009651898806,0.06121957248062663,0.15345330823227335,0.5194067408166055,0.15991072657168845
0.3609028279471012,0.2970440794545282,1.0466555284253511,0.31526649353011976,0.030426022666140074,0.336237951399968,0.06135924730044831,0.2567102851033238
0.2350002310386712,0.2639603911588694,0.700863603915958,0.20551858759695255,0.6521536470524167,0.12069774618971862,0.016865014753383874,0.004765004407528103
0.34337125503349897,0.28888703115865294,1.0155224132314316,0.3746589481599275,0.15892760237996012,0.3189174478335035,0.05707092445241033,0.09042507717419847
0.24912770144389595,0.23462718755792145,0.8486983265515132,0.004128140033586657,0.439861241147426,0.14886097445548477,0.3654769331648549,0.04167271119864773
0.23512801016315504,0.22979543792527732,0.8056209115141494,0.129728222097573,0.15571716076530528,0.05242896343182522,0.25861343927255537,0.40351221443274105
0.23684167101502157,0.24970064680902482,0.7482626633239007,0.2894660188842101,0.17991376772176026,0.043520922925944484,0.04429255746843881,0.4428067329996463
0.2836973178693011,0.27435905419955864,0.8517937144487978,0.0012786155863676943,0.1557130484955884,0.15151472944434072,0.12055333997084706,0.5709402665028561
0.22128763065804202,0.2121700014077952,0.8073131428642619,0.21252093719115453,0.2362192252920633,0.046751980681762166,0.33250682059944314,0.17200103623557692
0.4048560975154867,0.342685473311206,1.0355154366092083,0.07468812620992316,0.3194508888517927,0.4866375196198589,0.03648064429510094,0.08274282102332407
0.23269983406497446,0.25244735440982674,0.7237145918684372,0.6799149707215121,0.016432287351403292,0.024959121837121193,0.04576271480388719,0.23293090528607616
0.22968874889888483,0.254890095018113,0.7049656005115293,0.03148896004031462,0.6650992715001031,0.11428948417570008,0.13443058725413223,0.05469169702975005
0.3124239936654684,0.25837362383533397,1.015676406012387,0.11842036002674497,0.20170110223762444,0.25871921813971455,0.2607416359210632,0.16041768367485273
0.30885426023379864,0.280388851586907,0.9231974052062706,0.4246975247119699,0.3076900227820894,0.25601178156421306,0.010351866833576327,0.001248804108151193
0.26299759770336945,0.2590845508203159,0.8221161664366883,0.05269982386469407,0.24035211350806793,0.11687732699083998,0.11360702959249412,0.47646370604390403
0.220274924767432,0.22542932163753435,0.7553361893233012,0.3461672161671043,0.3675660361143074,0.057720835253094724,0.17998034336001914,0.04856556910547454
0.27854243440151244,0.26379899498105563,0.866350663761721,0.06662902856294953,0.06431077997043885,0.1319239050075367,0.17708299420515095,0.5600532922539239
0.2969562148361691,0.27261123200144455,0.9058915622187588,0.03951329243210181,0.41080383963508826,0.234562856857845,0.10507225545181549,0.21004775562314945
0.30645835227449025,0.2772583716439428,0.9249796525669419,0.1669758939323855,0.42449296153106864,0.2663831820945097,0.0841040627697071,0.058043899672329174
0.22644391910204115,0.2261161848620749,0.780324147117852,0.1333067531626482,0.3920748489032122,0.07102299194489332,0.22249036092611407,0.1811050450631322
0.25180105310882334,0.23847000367436366,0.8462324401369464,0.31201750166524667,0.20015198915360471,0.09728064955831643,0.12450732388397635,0.26604253573885583
0.21311015247575255,0.21631649708752532,0.7540347346219989,0.119085881770044,0.0923934572303488,0.002538032625399593,0.40904597927891406,0.3769366490952936
0.2723067422218334,0.28971966821812123,0.7673167085586516,0.019487543777633884,0.15192022515719036,0.1101516358331553,0.022321806713057397,0.696118788518963
0.3483901460319289,0.27314211990574017,1.0924354915854857,0.09329699928203992,0.026868010126463684,0.3487734380882588,0.5183297916219994,0.012731760881238162
0.2258637602785579,0.2376802194628268,0.7399175273231476,0.3616519297028486,0.2556387837308515,0.03666656924204897,0.06370694905100864,0.28233576827324225
0.26874281727198795,0.23460134621862966,0.9324022252972802,0.03798125006389456,0.30102382625404833,0.18454639240268841,0.4439593604078816,0.032489170871487186
0.25113916146908016,0.264781215184634,0.7596428671453308,0.7612091387280311,0.12281726861666378,0.09293098839180844,0.011244118273930062,0.011798485989566667
0.23605587731069166,0.21923633504223644,0.8486543860297954,0.35793401149610504,0.18611304794555478,0.07806629953742635,0.2892914702964396,0.08859517072447406
0.34176897195803224,0.2700551941475036,1.0804049626931767,0.15933619993184145,0.08227712356088916,0.3207013400916674,0.3177328919714907,0.11995244444411123
0.42502723394084513,0.34144471785276137,1.0983541824845722,0.1370235998013962,0.14281191827380513,0.5196303737307721,0.12615168562234264,0.0743824225716838
0.2757576975397156,0.23407593998993625,0.9644634880006109,0.02554940387090686,0.18150891322079785,0.18999071604714038,0.5307552566685008,0.07219571019265396
0.346666752157888,0.2969987212684066,0.9988822540746949,0.09656037924710731,0.3326564776824606,0.34931765901468254,0.09774110294488352,0.12372438111086599
0.20020297119993355,0.21076893798410312,0.7126428241113134,0.05125947471801154,0.38247302693498886,0.01791391388611513,0.3850077841478896,0.16334580031299487
0.338586774121162,0.27023223787885675,1.067921341977464,0.3549274198532542,0.015539982767985258,0.3020983073077725,0.24515532780315547,0.08227896226783246
0.23780312569906537,0.24094486566566198,0.7794443977057526,0.15791051226466019,0.5241008977674958,0.12208962060091182,0.18541808003390722,0.010480889333024991
0.28041755784558337,0.23305645032261219,0.9886770245003909,0.09856770093551745,0.02255023571529413,0.1729593658719856,0.5083085311884361,0.19761416628876682
0.3117005488855698,0.2787352828285952,0.938885620183575,0.022028503258196736,0.12073441048532473,0.22052102517320576,0.14229042548800253,0.4944256355952701
0.25878700658240184,0.24822561459467782,0.8411178956020537,0.48075373553734324,0.2698968430378485,0.1333461552014398,0.08408590014812735,0.03191736607524099
0.3459109950723029,0.2762176059169474,1.0712966470402212,0.13512796452470127,0.16431413869749084,0.34725275228411034,0.33089810582913337,0.022407038664564043
0.22436219655244932,0.21483529502228327,0.8116087095203051,0.18814911691567993,0.07505031969433741,0.06380658327907712,0.6569759479513835,0.01601803215952211
0.4358473045394459,0.3418347171728916,1.1287540005607266,0.13861527686473502,0.04698608685413429,0.5395158329663975,0.20774380787425878,0.06713899544047443
0.3884273332802519,0.32480683860261883,1.041934137643872,0.09174788942861468,0.1728262078129066,0.4170503678315002,0.032733291388899834,0.2856422435380786
0.25462600214862297,0.24086920920433944,0.8495315894653441,0.3525180930025153,0.32134603152600666,0.13063726790783525,0.12866589908088216,0.06683270848276077
0.3052065029036877,0.2629352858708674,0.9706057597344488,0.27055674471605673,0.14687130733899098,0.21929730816899554,0.10842509526417236,0.25484954451178443
0.33830076215798166,0.27933081553761296,1.032112270187966,0.27500542901080954,0.025025374677823196,0.28281116426603714,0.12283484124050768,0.29432319080482233
0.401353910382531,0.3300368913605857,1.0645898067154411,0.09980257670009712,0.08425660691955532,0.4360254951296988,0.05114610351514783,0.32876921773550083
0.2529870964728524,0.2260253432012018,0.8980722851603355,0.22080543589513615,0.24084568287446284,0.12308400933419275,0.2840021214559836,0.13126275044022473
0.21400100760800908,0.22408650855100773,0.731864710055395,0.005291498922690579,0.04193075064905424,0.0008452760884449653,0.5062787132271638,0.4456537611126464
0.24243938833398743,0.2327641724837107,0.8267569114291192,0.10097278059668813,0.26174205867703665,0.08522146357788635,0.22331634890864024,0.3287473482397486
0.2901582925663863,0.27119122632404585,0.8855680761567916,0.29561096829358946,0.051522916470771514,0.15413470021272097,0.031159792645606095,0.4675716223773121
0.3303797430049419,0.2729090575062301,1.0273742673364412,0.007859454977877961,0.27851012500633276,0.324330562288296,0.35068395051630646,0.038615907211186684
0.30519760640425536,0.27247774768788463,0.9365814587420065,0.6086122150784954,0.04361767960361632,0.21271649929703698,0.054964914845022604,0.08008869117582866
0.24228747518167426,0.23925400497017843,0.8036959515291782,0.3538961461150007,0.24165434076480377,0.07815923349279132,0.08390469728544579,0.2423855823419586
0.19802543513720003,0.23165676496395482,0.6389860238281079,0.3224306874341807,0.5197744740883665,0.020012344337425464,0.11372681526471347,0.024055678875314013
0.35163907392299887,0.31166717093644775,0.9678243397168909,0.006781302415960528,0.4392925054236458,0.37385959343709557,0.07212427905987664,0.10794231966342162
0.4610529279553021,0.38828521128023386,1.0586365795390449,0.004059161243084166,0.30477410475381134,0.6219996884940899,0.024625203999660224,0.04454184150935433
0.23611416213818565,0.25448679079255876,0.731331325915041,0.38452037996262284,0.49485183237177904,0.10315852681294986,0.009849483844179432,0.007619777008468848
0.20278614201017883,0.20800658947451608,0.734525489774916,0.3761956331065376,0.2200447806902346,0.012818068638152654,0.38592957984912024,0.005011937715954997
0.2149020055913645,0.21761736917527838,0.7577612311751886,0.4621842701575227,0.10923352823827917,0.01226674843668846,0.2649696088672598,0.1513458443002499
0.22966779668378448,0.23106199416396367,0.7775739897591751,0.5778841492725592,0.12466806703622672,0.0510785728931221,0.19610889322298583,0.05026031757510605
0.29427399804763615,0.2693748192177214,0.9068182347445121,0.5557855286546046,0.11124475490020498,0.18910792367834472,0.012295029988641251,0.13156676277820442
0.22847164769631043,0.24140709342884256,0.7392974463234525,0.3169804031476496,0.29073587953289354,0.045083521380891264,0.04548680465959545,0.3017133912789702
0.26691358200465093,0.25425220422746786,0.8531433686631414,0.4578725359994516,0.017218829457437704,0.10273367708660901,0.07072896258891942,0.35144599486758227
0.4555322807462342,0.37293171484954557,1.0874169843930837,0.03557736012826192,0.09673334737451703,0.5695193895407603,0.02147854811755546,0.2766913548389052
0.289405301490182,0.24085298242276112,0.9939893584957232,0.24081825086723577,0.16797709461919638,0.2070766018747716,0.3115086845821977,0.07261936805659865
0.3382270026134193,0.2982334285950396,0.9664476714472956,0.20004589590073213,0.3858844179907632,0.33657246841054655,0.03939465891632562,0.038102558781632295
0.2855238192543202,0.2374450692054955,0.9919086550939806,0.12578896982566465,0.18048385137632306,0.2115271835372254,0.45869101998805173,0.02350897527273533
0.38298947225918967,0.3216461871221636,1.035266344173133,0.011889132149495827,0.16759348334266952,0.4024679236035423,0.07242734685066836,0.3456221140536239
0.3723434231768632,0.323192599315151,0.9973725384179984,0.05626172371916372,0.40621157283347953,0.422681167670381,0.06597314794972375,0.04887238782725219
0.3081437646480888,0.2496439934084538,1.0340475695953482,0.11066009489278986,0.05746325493973165,0.2330623541026626,0.3652999235071243,0.2335143725576917
0.22350964534907308,0.2152088383160359,0.8062384737855087,0.4139804443557069,0.12039669620125676,0.04045833221917609,0.31876254891727807,0.10640197830658205
0.20256618993201003,0.21548693871356858,0.7080066701156555,0.16890946651774397,0.04791521667795291,0.012862544691635707,0.744526429897649,0.025786342215018573
0.2572425039991218,0.24561842812196835,0.8437579606046907,0.3790819533665942,0.3217715292672749,0.13425161042304892,0.09157986026366016,0.07331504667942182
0.2703302166878877,0.23829017983275894,0.9246298644892702,0.44895937791851387,0.07629779742869197,0.1407859605234528,0.21569178271822873,0.11826508141111247
0.28988091765375745,0.23737036912410175,1.0105765034571066,0.14244675509537363,0.10239435457161336,0.2121546706261357,0.485522795480038,0.05748142422683939
0.3033345405514962,0.26157395319631677,0.9685006379873126,0.3427114488014481,0.1469420951343888,0.21799614073414866,0.1021789098144352,0.19017140551557907
0.21695136803438858,0.24072380222796436,0.6935390953832077,0.0018574443215968637,0.1939933494896419,0.004658850095171897,0.2509283925060078,0.5485619635875815
0.363609251987182,0.3091140031526617,1.0145423655631036,0.08037828342206824,0.05450153398072982,0.3346176517163609,0.06733482533647019,0.46316770554437087
0.4451841803999231,0.3538238182144188,1.1168953588094506,0.01526234634153719,0.018932895945734232,0.5443272577205897,0.15756320176172997,0.2639142982304089
0.2895431413737215,0.2527688808600846,0.9476765516334111,0.08723591371776644,0.2511066320838715,0.20070577910261958,0.2056453945271314,0.255306280568611
0.23969489496446328,0.21477851442277476,0.8832116912358546,0.24755340833875494,0.16199147193102378,0.09331383419059586,0.42299608425579704,0.07414520128382839
0.3083345974826054,0.24881382923397302,1.0382646265199331,0.2912281369654359,0.06564270197639935,0.24253480197678523,0.3396181602555371,0.06097619882584254
0.32594833862466055,0.26271153657406215,1.0503853093899695,0.020115089474203623,0.045681327750406876,0.30308340922754295,0.6161382164055235,0.014981957142322932
0.2533229205989601,0.21944313781894084,0.9265403448920728,0.24353598556251993,0.0767496154145871,0.11968829626579292,0.4858667496776092,0.0741593530794909
0.2448515375501203,0.23328232329567536,0.8352606181101614,0.5949053911817722,0.013090079603705217,0.08087743332744181,0.28428781211005877,0.02683928377702202
0.3238563030709616,0.2769432859740678,0.9888533751874553,0.3451992171430232,0.19225774471931953,0.27478039760485273,0.06639339321275604,0.12136924732004849
0.19379437954530712,0.21305673930732538,0.6749111997714833,0.1439327989985058,0.44377761570492935,0.006830379416670201,0.29189673652144665,0.11356246935844799
0.22392440896806745,0.2428678817577927,0.7161276645938667,0.3181874137063855,0.26596025024015535,0.02757326797166513,0.036106016220027314,0.3521730518617668
0.24224095880943125,0.2589918566252581,0.7422664222512201,0.08615210827269394,0.5149159889222307,0.10782640301482892,0.03195218050745081,0.25915331928279567
0.2890128204262886,0.24179768454912132,0.9884826683596015,0.05631463847520037,0.12089776723218026,0.19409895126088575,0.3738737607245057,0.2548148823072278
0.42480647355861906,0.34850757072394106,1.0754614965179905,0.203793677135988,0.20562939221639834,0.5270178269460289,0.06335809448699184,0.00020100921459281282
0.34008106013649225,0.2726797936173711,1.0638157535924313,0.08936123258326818,0.06919385673384393,0.30526069373495857,0.2827689463809193,0.25341527056700996
0.24224563702604063,0.23080973241779046,0.8329182440108519,0.004525121054736884,0.3605376762398231,0.10800171744844282,0.30222854515584985,0.22470694010114736
0.22792267197484728,0.23250659422079867,0.7652371003545988,0.08477672662913338,0.02919801482043624,0.020035236842999342,0.3597689304255974,0.5062210912818338
0.26518751340343194,0.2340857588370555,0.9192678549625977,0.2336090327289752,0.024309802250102295,0.11448932025791776,0.29065116575363636,0.3369406790093684
0.4613515332077088,0.36124016830909667,1.1387203564132273,0.05974588812043881,1.4588160567986834e-05,0.5913611215788614,0.20941633216597116,0.1394620699741607
0.32109279198821955,0.25836430490080625,1.0492656564624907,0.0019402800167364986,0.11616241317228132,0.28470708449974097,0.4725166802718943,0.12467354203934672
0.32952622918948693,0.27230770972044704,1.0265086856205814,0.23926198585765057,0.0294377646421137,0.263605435894872,0.15829522628645995,0.3093995873189039
0.23340778689687144,0.2192087921216025,0.8366807969779285,0.3654992901195486,0.20408005529309683,0.07409479175791393,0.2808517386179905,0.07547412421145018
0.22470186191951022,0.2499363799744313,0.6989853255351716,0.024400374511241996,0.5476099234555301,0.07359614829467466,0.09513450086887984,0.25925905286967366
0.29299080877474853,0.2690110071112182,0.9032745960253141,0.6209043359464784,0.10013840354466731,0.19178297070653455,0.04536353729827224,0.04181075250404772
0.3432684995198895,0.2932309394647908,1.000128090354883,0.15618399135789535,0.33831228778751915,0.34740964223196386,0.11476785590664959,0.043326222715971974
0.29800609757759683,0.24754219977071504,1.0018740150459657,0.22794543675053672,0.03128248705167613,0.1967785778893555,0.26929423474130365,0.2746992635671279
0.24511330219018101,0.23031280788361755,0.8471665296563808,0.2177230775303394,0.32068265007042945,0.10776149416509369,0.20372574338337615,0.15010703485076138
0.28709399732271657,0.252450963968843,0.9391685165122929,0.09778140654068454,0.012318626055572775,0.15848619015862628,0.27701731854873474,0.4543964586963817
0.21169779934891494,0.2110914772136408,0.7660081850924958,0.33432288691534745,0.03850424667780596,0.02364591741320853,0.5833744851510428,0.020152463842595218
0.33125744613475855,0.29218131937244946,0.9626126911153892,0.2646390546640589,0.35805419734242677,0.31687032918140223,0.03656811728562341,0.023868301526488705
0.3158287807430646,0.2818814933793992,0.9430515553047378,0.03642743597101398,0.28786375439487005,0.2568600077035516,0.0870017883255674,0.3318470136049968
0.28521789620816607,0.24076712049617596,0.9769519015861718,0.4390241739559065,0.010870341532730265,0.17646578008416874,0.2992129504370132,0.07442675399018114
0.36099220087102424,0.288890822433776,1.0765042594674832,0.05994482177705803,0.15497663102388792,0.371910609441887,0.27057647662743134,0.14259146112973578
0.3261691037323905,0.269027038463094,1.026547760069389,0.36125418217773986,0.1251420636105447,0.28244446358633907,0.17307808503805552,0.05808120558732095
0.2348205420056813,0.21394011842918229,0.863889126371873,0.24634211622815363,0.16554250536961704,0.09043707174208214,0.49337034853654965,0.004307958123597465
0.3832619005859438,0.2968246410805113,1.1227568552691323,0.10822585520586706,0.016702576488510323,0.4148861489847253,0.3453906811510735,0.11479473816982375
0.3516675018922402,0.28563957239958987,1.0561124264330868,0.26945805225938624,0.1206314751623206,0.33781878938237425,0.14489660699236698,0.12719507620355192
0.23174986124694363,0.24403874294497385,0.7447582259015522,0.3634601403037621,0.038467834537272455,0.017091739994211198,0.11697651681971678,0.4640037683450375
0.30265556944286454,0.24371467449536724,1.0366859113675047,0.25864342709344873,0.034905617274155795,0.2258912840395886,0.3842842526365548,0.09627541895625207
0.21150935767557003,0.25589826442746344,0.6311467490290511,0.12306587754682026,0.6990750315119467,0.0689155559109761,0.05023391156596654,0.05870962346429037
0.24710940148574725,0.25317882016026066,0.7785382733080839,0.027969216016854453,0.49108415471689054,0.1225114982728497,0.111992737748758,0.24644239324464742
0.21786788357154943,0.228751357639018,0.7338443159601002,0.09419659292984545,0.16867663575357134,0.010238121029589445,0.2713133781736154,0.4555752721133783
0.2041279604491847,0.23404336974374468,0.6585444425020038,0.17819121611662558,0.5264995134526359,0.027965153885055053,0.11052340743282035,0.15682070911286303
0.281644594442931,0.25678729302651776,0.9020874503280413,0.35865678510650745,0.21119394383542775,0.16978028813822274,0.05580302791155644,0.2045659550082857
0.2365458822299069,0.2595979309296847,0.7185954123819083,0.0682389833962235,0.5095587902141766,0.09004055966895912,0.023197963494513606,0.30896370322612726
0.2661179530648385,0.2552912517349084,0.8465544807984763,0.15412257845368382,0.35019518151015916,0.146608293916066,0.07222795993711759,0.2768459861829734
0.2820323566511193,0.23244165575451814,0.9982391318713068,0.1694963159431414,0.018015307228186776,0.181978672289333,0.5204328716909925,0.11007683284834635
0.2497282134046586,0.23486064014630892,0.8504116027284766,0.16398916173575534,0.07226338561271355,0.07662894586272789,0.26457079525547983,0.42254771153332343
0.2845128660506777,0.2654837816471185,0.883341590946571,0.01210486457673028,0.40415142481075667,0.2026401878779086,0.12722559659544225,0.2538779261391623
0.2920083571461189,0.24706252854634378,0.9795429463546641,0.01665018280301835,0.12905583631500828,0.19810668734468248,0.3514041912084892,0.3047831023288017
0.211777516651389,0.22942905460479285,0.7051309038868759,0.03643642475696715,0.31761960845408715,0.01491230740321853,0.23365168993306046,0.3973799694526667
0.2023442316051132,0.22805611918071628,0.6680120320928224,0.07057952150284595,0.46345993975049604,0.014884129148247873,0.18819144614038938,0.2628849634580206
0.26737797269461955,0.2552733094602367,0.8515499452498774,0.12330547782892234,0.3898910724585494,0.15827619898510262,0.0931330088703222,0.23539424185710353
0.41225646414398265,0.33405298386716226,1.0844281645094829,0.3397233239641499,0.0025213594585038737,0.45727827713382724,0.010177678197591902,0.19029936124592703
0.3033171034330156,0.24494819530221615,1.0341660330278162,0.12837442070877936,0.055323474489752306,0.22616340706184918,0.40299405859504256,0.18714463914457666
0.44470957020608654,0.36421178469998494,1.0837364049909142,0.013940609658943198,0.22731694857064497,0.5781185585365316,0.1200592944189432,0.06056458881493699
0.3557011007174388,0.2775522290094125,1.101418287320156,0.11714619605277295,0.00993630708791763,0.34426594329558496,0.3509106202496971,0.17774093331402743
0.259776349051893,0.23182659929727925,0.9048847271528561,0.07778812934855676,0.2872363109506893,0.14447543582822905,0.3122310116665259,0.178269112205999
0.2345409657894362,0.212165039593305,0.8697991249792103,0.22142415016984468,0.13171315844864814,0.07715956889240899,0.4572917627940541,0.11241135969504411
0.33599743175760705,0.2683305659246922,1.0658399305797803,0.28918276735300363,0.0775286706813821,0.30582540543171743,0.2638529876089012,0.06361016892499563
0.37509466782707096,0.30816248230380994,1.0549456423010248,0.01791369600095362,0.2703689795341897,0.42064198716132617,0.21608568455898736,0.07498965274454324
0.3293889536200112,0.2788747147439226,1.0018439781339115,0.5114832885187878,0.03888902393460382,0.2715816306318901,0.08307668299697048,0.09496937391774787
0.21880837558330343,0.22388567345545254,0.7539936476412901,0.11349400109479335,0.24550856315599331,0.02636539029604296,0.2546689244957128,0.3599631209574575
0.41302435554836187,0.3367902120284472,1.0778946138663281,0.17231984832603728,0.1259319900047971,0.4768774605956465,0.04098313304218973,0.18388756803132936
0.31460424343651877,0.27720934629547533,0.9545285791139204,0.016299126555679874,0.018784005122031516,0.21706922974319717,0.21242556340073998,0.5354220751783513
0.18431131220945038,0.25475944482303536,0.52720837220676,0.19303861404775466,0.7600981446639307,0.011807204301733782,0.024396935249331907,0.010659101737249179
0.3103546434969031,0.2964586693324293,0.8782156517236421,0.04109364828916363,0.1562857050399725,0.20801840489403078,0.009356933891607355,0.5852453078852257
0.22414510002425883,0.24747153117787488,0.7036975089433164,0.7099887010187378,0.13530852473933974,0.030891897677493983,0.07160370899649743,0.052207167567931055
0.24714836898625908,0.2815030514835125,0.7003418540129253,0.021411276674688503,0.11895512871409569,0.04591723485294465,0.07215392922532035,0.7415624305329508
0.20396901658646494,0.2363544562189185,0.6514326789077092,0.2068944115458568,0.5339293298556013,0.027597702236847665,0.0863984577278134,0.14518009863388082
0.38044995316511687,0.2958521334053315,1.1169429449825352,0.029044304112212888,0.0015260543637042215,0.4036687851005498,0.3733889334800602,0.19237192294347277
0.20594901697166293,0.21588895804073707,0.7223575415201929,0.3661117749147812,0.29222727483016275,0.013224967076877992,0.22235532067805777,0.10608066250012009
0.251625888454312,0.2484856858997524,0.8114185238648104,0.017736733637268482,0.5375354904232478,0.15658196102705238,0.2232891477066504,0.06485666720578105
0.24153387983624908,0.26102771999738356,0.7337683516454457,0.18733244859881776,0.10141622643292181,0.03825447089729636,0.07398899894044793,0.5990078551305162
0.24965271070905964,0.21919437060179597,0.9108478021625971,0.21764543917289444,0.15224608597701422,0.1239435834535708,0.49164310279293494,0.014521788603585703
0.28399455655448985,0.2399099388896224,0.9753433210707704,0.04417475151047474,0.057768779192791095,0.20457958494606307,0.6565478397581798,0.036929044592491224
0.22142915532896498,0.23266666896247334,0.7368015199315664,0.40342389811879525,0.3453999487858989,0.04949638650601678,0.09915098156415642,0.1025287850251328
0.3106575989258263,0.2715967463194795,0.9597228334216291,0.5205894204668425,0.027144917741775132,0.21837319324737334,0.05533414219762038,0.17855832634638852
0.3211015354618047,0.2659840608008851,1.0192397794270482,0.07964878720952381,0.12626967559133428,0.2613462896323384,0.23839766210071478,0.2943375854660886
0.22112538016789593,0.23434765605312988,0.7302201483470327,0.022573643875759324,0.4325423677730245,0.055382792546420284,0.19740748477382564,0.2920937110309702
0.5034951852930603,0.4092235572269865,1.108184456354543,0.0629943875099701,0.08960967627450714,0.6920969653341741,0.01775631399227862,0.13754265688906986
0.22468670377412472,0.21875047788523364,0.7985660441197904,0.08519465758180313,0.024117507081674445,0.02920757427552405,0.5037673092380746,0.3577129518229239
0.20384994621503796,0.23976812136746126,0.6416613907536617,0.2661375759037468,0.5345536482050192,0.026169166962988707,0.04920173393113138,0.12393787499711394
0.26341167133450893,0.23207988369866733,0.9195612645670005,0.19426036857006704,0.15921016214850853,0.13010299402245257,0.2646465986477486,0.2517798766112232
0.3240164713861573,0.2658207753961616,1.030831660835318,0.06519440204462908,0.23626996759617125,0.2985009813652565,0.3127123292425038,0.08732231975143918
0.2571496649019429,0.22449539022932244,0.9227346035494945,0.32556685536939894,0.006128360743295164,0.1052314157333552,0.36380522587364983,0.1992681422803009
0.2711953543228487,0.23784144819524072,0.9300118040875387,0.057687535745077546,0.2262867078255291,0.15970013840815245,0.30319785285342565,0.2531277651678154
0.23021990833064346,0.23174645965168533,0.7776598123721664,0.3621697942018134,0.2575401320750231,0.05495745673848422,0.11647295212373034,0.20885966486094903
0.26371899301561,0.2569696307973674,0.8316896917057778,0.34283758896284516,0.2702639144819929,0.12743343271372676,0.0024311871794870724,0.25703387666194816
0.21604603475608422,0.24332611783386965,0.6824011998146938,0.062235094808983114,0.24545326073194676,0.004484726776820616,0.1626541573361879,0.5251727603460615
0.218665945194018,0.21605490616068387,0.7806624167496485,0.07077756485180928,0.23560824158438784,0.03540594558061544,0.3628870888622014,0.29532115912098594
0.4565490746384242,0.37378248785316737,1.0876621774697175,0.13876392864885997,0.19543483761758265,0.6017885464461279,0.057959278296014105,0.006053408991415395
0.33522299989843013,0.27763967084870245,1.0273135644720606,0.2595124950903668,0.11291375397903997,0.2903697689271483,0.11921408580971136,0.21798989619373368
0.3884012438464677,0.318651236396871,1.0619800119808687,0.10326462033935836,0.2548274076500954,0.44912729290496417,0.15611069507559822,0.03666998402998367
0.27664296648869713,0.2497887942496924,0.9073384063103394,0.15701298055082114,0.11106522840318869,0.14218520630244408,0.1835026079610067,0.4062339767825395
0.36138457555224773,0.3049293221153372,1.0211696710310756,0.3443149714129581,0.21589663933738754,0.3710668357829854,0.033042835321210814,0.03567871814545808
0.2514337972526341,0.2417144911951769,0.8333542447398514,0.09409292725788476,0.36430778812742276,0.12017214656565982,0.16622863720382272,0.25519850084521
0.3000045775184396,0.2530696094785808,0.9878885814600327,0.3070612716545731,0.0025657243510375247,0.19263435028517364,0.20315063948480763,0.294588014224408
0.2232945097543661,0.2174747567254433,0.7968488497869493,0.4758118769738516,0.003585865825632722,0.02943310867640324,0.3830387947143856,0.10813035380972677
0.26035616009567675,0.2482039465499691,0.8475133575417475,0.0720972193369216,0.09431982057322576,0.0985485789551468,0.23276940786910214,0.5022649732656036
0.4326458975160091,0.3513513986645931,1.0890689462753225,0.3149523984093208,0.08373422206379169,0.523846203501994,0.012482458348574487,0.06498471767631897
0.24527077301745312,0.2534188929397897,0.7705454425761692,0.4617761733222785,0.06002898176056213,0.05056229895149262,0.0301482559460722,0.39748429001959446
0.22920477144501875,0.22080158786254622,0.8116099760866646,0.14044486072344833,0.22762487224085534,0.055348090159770755,0.28746506166578906,0.2891171152101366
0.21797497115485232,0.21258947754686283,0.7901377485526029,0.06321387606277094,0.08917736877758362,0.03968706940858932,0.6329810634637467,0.17494062228730936
0.301904107927678,0.25244211126225385,0.9978688051217536,0.3766218002500017,0.049940852524433664,0.2103542354423859,0.2005560008969657,0.16252711088621297
0.2241197786648467,0.2294787196464225,0.7587622021472314,0.5240969824228165,0.07776204114783214,0.02178071254168446,0.17318207752156636,0.20317818636610052
0.32246198220489525,0.26809744473364194,1.0162796682959419,0.31445790484917135,0.08513663002564435,0.2579789131845554,0.13751139020948874,0.20491516173114013
0.22822958849101765,0.2307837344194217,0.7722796796723412,0.29597519123708455,0.39053865770325,0.07547754151100354,0.1484486312752841,0.08955997827337785
0.3745634940015149,0.31582336684827056,1.0276740991031337,0.03687759134300049,0.25474610613673965,0.39964087476744936,0.0770085341709394,0.231726893581871
0.20824665354573307,0.2064975307619728,0.7663367836012629,0.285931483938353,0.23544068522700262,0.02539664404071231,0.3937688123671298,0.05946237442680226
0.39740258423707064,0.31953511959802633,1.0872125251024096,0.2680478995495104,0.04170177576527559,0.4307428914411988,0.07466771635592606,0.1848397168880892
0.3452581343753811,0.2992413585815152,0.9866889248698254,0.059224115567528685,0.2570741966837484,0.3236954190219295,0.05596566509851762,0.3040406036282758
0.22256254597033212,0.2313935526478409,0.7457534749594168,0.2552843755941368,0.18973085703984627,0.020805207761576835,0.15373572198078958,0.38044383762365047
0.2829145926660161,0.23900260755546385,0.9745274122666845,0.28708077869998405,0.10080402159213507,0.17371551786167339,0.2596280767728565,0.17877160507335113
0.3608138482709865,0.28372700801685913,1.0954679656457587,0.030084889252885633,0.08806971870286193,0.3817686520317305,0.46530455317173913,0.03477218684078271
0.27567757419606453,0.24243389027541237,0.9308829468507388,0.400945917039926,0.05250724672070523,0.14296650205431985,0.18352454189361195,0.22005579229143696
0.34228696374923306,0.29003523678774906,1.0077636324000585,0.4410646938526533,0.05680334783774371,0.29597085814663954,0.02137147734132367,0.18478962282163972
0.22122247872339978,0.20996426121833084,0.8154839196436127,0.26950325058681923,0.2252664344781329,0.05784584724615963,0.41058984411114535,0.03679462357774279
0.256463057839892,0.22829766188985615,0.9043590553262065,0.012704944517842933,0.2913006197934839,0.14871257147858585,0.4358436644189413,0.11143819979114608
0.2798350787789224,0.2714619044925543,0.8466568419924511,0.04310121650917871,0.42352945925475366,0.18621928242877323,0.049059329690700745,0.29809071211659366
0.2538316234926154,0.22891741252397302,0.890415548757216,0.12350317187063874,0.16000513898904872,0.10662924066380448,0.3045000687380163,0.30536237973849173
0.3554816796691691,0.2830040868903304,1.0794249758928365,0.22556984430240626,0.02033065789793591,0.3332054904879628,0.20292977534041107,0.21796423197128412
0.31559873802076455,0.2918098647003382,0.910177379690402,0.10019310701664431,0.4697460486190016,0.28712873310871234,0.026538874751498177,0.1163932365041437
0.3946627368420158,0.31163638395577936,1.1059772048020005,0.285683062614186,0.006350576372295913,0.42755063599242055,0.149326676496396,0.1310890485247015
0.4434477486199844,0.3583714763032402,1.0978768530313057,0.059546691772198436,0.05399651480709159,0.5376231898959885,0.06685757691699472,0.28197602660772686
0.23101646910794463,0.26677323155805166,0.678540601884017,0.09666623610233738,0.029024598717360024,0.002085182843443692,0.15210012656938612,0.7201238557674727
0.2741430760021096,0.2357854415039276,0.9506230519256886,0.17446676893926477,0.16736351662393306,0.15972247094509204,0.27840390538464865,0.22004333810706156
0.2638683905399065,0.2663897209244766,0.8028402514845524,0.2738137188205002,0.09097834255672729,0.09156410600426843,0.01923962947944506,0.5244042031390591
0.3692267535913939,0.28851247411850245,1.1064573709221182,0.09942438193833705,0.026336523867232956,0.37610234499799466,0.31273350827369073,0.18540324092274466
0.21689300813492013,0.214036888769674,0.77973946030637,0.10826968959307322,0.30346606746334676,0.042990682545673974,0.33875736033486187,0.20651620006304416
0.23879816875738785,0.21630439670092466,0.8728355578385744,0.15225383066433085,0.17176802362301588,0.08316773586831729,0.3911240196718658,0.20168639017247017
0.4477909882272719,0.36380396388732206,1.0934212590121102,0.03925582012902566,0.09196735798664193,0.5536707460516339,0.05797202958372327,0.2571340462489751
0.27433930081614233,0.23037918755251183,0.9737828455750033,0.2824046198351845,0.037565925393950324,0.15247285763264692,0.3620474567788912,0.1655091403593271
0.32296490107013254,0.28168316227697415,0.9690494059482722,3.8734209610749736e-05,0.42051826196355885,0.31680200796657465,0.23130412487467367,0.03133687098558204
0.31953356053066434,0.2557294401361394,1.0539793947352178,0.02733805452143997,0.014921422448804544,0.27444511795531223,0.5632692438152693,0.12002616125917395
0.27442807994651836,0.25303653058118286,0.8869394447949644,0.04672624783187098,0.26455624515895043,0.15801194245993827,0.17301654821039095,0.3576890163388494
0.20106183406906297,0.21658264932859547,0.6974789279628516,0.1849142896068224,0.017087870040864653,0.0052831285665475005,0.7540939842126934,0.03862072757307204
0.23134454941432017,0.25859456151087407,0.701269772862932,0.022823365995068377,0.08685234020187571,0.01639026965928566,0.2051080473665688,0.6688259767772015
0.3149817076089784,0.27310415203185273,0.9702588028689987,0.0866332175759463,0.12189941965777545,0.23365019434270387,0.14759003062869572,0.4102271377948787
0.30122516089830065,0.27596459633604736,0.9103528649464114,0.23270189159144908,0.0011530011526767992,0.17425440169704243,0.07148807581843321,0.5204026297403983
0.26836305836005886,0.2728119138474864,0.800416137552311,0.08851003314355606,0.5811855513879328,0.18833828331040633,0.03832132661763966,0.10364480554046514
0.20955703971745826,0.22954755971177976,0.6950936002883163,0.5669851136175728,0.22801830948483992,0.011986891481660364,0.14339479388907259,0.049614891526854304
0.23548142413498196,0.21791502942167137,0.851163981792511,0.002406805624783591,0.17746625230031074,0.09190581584441838,0.5868788684942028,0.1413422577362843
0.2756364613654473,0.25817121743721333,0.8739799254358073,0.6587360530683324,0.00022418361514046933,0.13789752829564086,0.10343820956947843,0.09970402545140783
0.385324102370041,0.3112752618878912,1.0772590803917186,0.03578785504714118,0.10498635129473458,0.4109296695495533,0.1745283219041415,0.27376780220442953
0.36224224486229784,0.30810794115545187,1.01341836140718,0.07887717749526234,0.3479815694855442,0.3930609989469066,0.11325736034389748,0.0668228937283894
0.18517168496410916,0.25300222117607635,0.5342707440897789,0.028604534728012436,0.7765485171096747,0.01573168687473434,0.08948261971333374,0.08963264157424494
0.4179733962381044,0.34085273535610006,1.0795670917930893,0.11948661753478353,0.05551867843327194,0.4728703739285883,0.040424355469004,0.31169997463435234
0.4446478938679623,0.36276965602768646,1.0878745984141598,0.029124243498945292,0.016112928307514027,0.5290352134431864,0.04645307719864474,0.3792745375517095
0.43121226749720903,0.3487545088461156,1.0930676387768656,0.12634817444330354,0.013018650973837314,0.49969321281567863,0.045556911970482165,0.3153830497966984
0.2007109332432593,0.23293062450393806,0.6470206893757385,0.042937195426541445,0.44673957574234513,0.00309252723531957,0.1665011552247626,0.34072954637103126
0.27646237065775636,0.24130478668201033,0.9384910004134598,0.29499390849418383,0.25921860271886277,0.18505455200340712,0.23672819571548837,0.024004741068057965
0.2942333795299499,0.2532924100863941,0.9642348913915174,0.13730839552733598,0.14006252646136844,0.19437959038481173,0.2052463849966271,0.32300310262985676
0.22730801391752598,0.239604749933005,0.7400020824591433,0.06689599577392834,0.4512766172076547,0.07042558043318392,0.14265858348293883,0.26874322310229415
0.2947367779158464,0.2665106822728168,0.9183000689830463,0.32253479960942105,0.27253494637052417,0.2101492433952088,0.034311005171711415,0.1604700054531346
0.35788751000837066,0.3112883354128696,0.989074998907401,0.06268887807197562,0.3245759632098586,0.3655555232818208,0.0278309796651318,0.21934865577121318
0.22264405719422198,0.24861343797326554,0.6944276970772076,0.45400392018974556,0.44752358102867534,0.06329550867565928,0.0064198316711694065,0.028757158434750324
0.19476792844517596,0.22317986504897294,0.6486603458309698,0.09651153741971653,0.5722179778435702,0.029503241654042972,0.27946711126750867,0.02230013181516163
0.301205089335886,0.26748071260296014,0.9391521612579479,0.5405152564888337,0.06532536691434536,0.20287475332674962,0.0570079371581309,0.13427668611194046
0.3628493266325099,0.2872667589758017,1.0890550920263742,0.027216424127996706,0.020149214871781347,0.3550753590293753,0.3187066298994365,0.2788523720714101
0.20248071654763278,0.22915287524546532,0.6654104443782239,0.28142972328651333,0.47335267757640187,0.020501585663566392,0.11682971982580057,0.10788629364771793
0.23297582300112402,0.23058945216753182,0.7935134121754419,0.24027569923130654,0.10471103675162689,0.038259279778520255,0.21597027077343586,0.4007837134651105
0.276393623590145,0.24212410833763473,0.9350313157351765,0.32752573155810505,0.09651160459902267,0.14898679862237896,0.18444129962023767,0.2425345656002556
0.3079543603842889,0.26981614616640387,0.9560375242525352,0.19326667663388158,0.17246742018112884,0.22359484888483436,0.08452068821508675,0.3261503660850684
0.445738429685139,0.36653152688092683,1.0796845582500205,0.08180109680226691,0.2268658882787972,0.5784413872682251,0.07118588034580853,0.041705747304902265
0.3168655909978799,0.2786222917056214,0.957804163350422,0.43728362937107684,0.08535822498978074,0.23406450781221771,0.005218558599296763,0.23807507922762788
0.4012190536147576,0.319277599636492,1.1000428906213027,0.17729610171312885,0.026763714261241855,0.43916411503381225,0.12855580948157322,0.22822025951024402
0.2806981814966704,0.29965321736843875,0.7698838795146837,0.027029468648277787,0.051215135826532934,0.11382436568531358,0.0302574744304159,0.7776735554094598
0.23781170069794075,0.2720336964910904,0.6903986642849296,0.0016083584622072402,0.1753770974172215,0.034877857554643475,0.09750428595982193,0.6906324006061059
0.20272187947604128,0.23010659920173923,0.6637005631557173,0.029754862072091333,0.5696262657613178,0.03887167076536768,0.22827653816795923,0.13347066323326384
0.2851951395211645,0.26214826960921694,0.89718364295049,0.5226198898398576,0.19551233189602826,0.18518469003875482,0.05266202303021536,0.044021065195143996
0.2467131881655527,0.22710994839857696,0.8661583939965587,0.4787927900300302,0.07660908250878935,0.08973991726406118,0.27507137334965037,0.07978683684746883
0.2527524090247885,0.22813255348171904,0.8887482559170833,0.40691901658632684,0.17937635342715122,0.12187847475159239,0.2850110041031718,0.006815151131757828
0.23803440902809722,0.2385606802016023,0.7882036925330425,0.05874453960248984,0.12367092454685268,0.0508969096820406,0.2693049785243067,0.4973826476443104
0.4607183908140486,0.3679103697242643,1.116354483625638,0.10043852653379849,0.07629737755375297,0.5936894240198838,0.10722968462780388,0.12234498726476094
0.2521315170040253,0.23874282807904113,0.8466495878866995,0.06387151718158929,0.35419075484531887,0.12404259977484634,0.21169693808240633,0.24619819011583916
0.37723967733432645,0.3115528653146737,1.050350402021849,0.085286746365934,0.11592978962976855,0.38471577830139686,0.09202812216340879,0.32203956353949187
0.2778305451972043,0.24197906169292302,0.9415299968652928,0.3268245368623987,0.11271843519151178,0.15628797481631354,0.18884270470609638,0.2153263484236795
0.2885713839579967,0.23692762465949296,1.0069378119198473,0.180292105258384,0.018876708070669202,0.1843608085504347,0.4017927645411136,0.2146776135793984
0.31415418321163047,0.2740068060396387,0.9640424156961164,0.3126354134865462,0.09988351624724504,0.22781300252530914,0.046666278202392907,0.31300178953850666
0.25118984552721263,0.21971051085984625,0.9157042361780863,0.23191241944041288,0.06708714112099615,0.10146262560739283,0.4058510008810636,0.19368681295013462
0.250550302988825,0.23169392121791013,0.8655829291274575,0.028217598193429536,0.3964481158160383,0.1455832402797467,0.3651677432671057,0.06458330244367957
0.25067297504912167,0.23777411718575037,0.8439647570738531,0.12417712959407987,0.4397109213671192,0.143442160836573,0.23668666598901805,0.055983122213209884
0.3090094493326384,0.2801854450354034,0.9244214998388327,0.59469103811166,0.13238206500031158,0.23173317912700742,0.0009483067977083679,0.04024541096331271
0.27121430993015977,0.23894897977546345,0.925780516568982,0.48660268060273437,0.03568362664040889,0.13996253641080392,0.23489678052361387,0.10285437582243902
0.27922883877830396,0.2469753514404256,0.9281446000233656,0.032163840701745904,0.2520050332276944,0.17741985620422457,0.2542485195341451,0.2841627503321902
0.23589926737463984,0.23690254148455137,0.7847077798731109,0.6082386195498289,0.13990182713753532,0.06861465577814099,0.171607559826003,0.011637337708491803
0.2437799729043476,0.22314814365404528,0.8683915973093274,0.4214658087891332,0.023532543784563802,0.07353570972603568,0.3130947689344292,0.16837116876583821
0.36402516773570326,0.3056761828558762,1.027313167816426,0.0905864782450118,0.11613737956946352,0.349092925291498,0.07524013054102274,0.368943086353004
0.386300492559736,0.3316676294016938,1.0139683910859782,0.02177936998416842,0.35401181443345386,0.4440026480557663,0.047369816167372396,0.13283635135923902
0.28723969944842265,0.25079750194368744,0.945941237890364,0.053194800707949935,0.3605371203023903,0.2253564984651479,0.2965911707981107,0.06432040972640117
0.2719034763771958,0.25782131351211257,0.860687091204237,0.06914906924724246,0.012317411110574878,0.1129669847208625,0.23842641293150477,0.5671401219898154
0.36498992265339975,0.29679001631289237,1.061322501904242,0.1269056463936913,0.06598468938716145,0.3532419551665498,0.14663055617190715,0.3072371528806901
0.20929048412688359,0.206211955076256,0.7724599869487628,0.2966327471151522,0.11852018388194749,0.021468362443669647,0.512226664174206,0.05115204238502461
0.31220613390772683,0.2585223902045889,1.0142492249906196,0.11818348762177043,0.24914691827439425,0.27233984926230725,0.3007450023158671,0.0595847425256611
0.38082377155386554,0.3098205823658396,1.067791458616604,0.05428774483808615,0.10914413669367268,0.39788821405410807,0.1478323025886856,0.29084760182544744
0.22666919240465971,0.21949181141801186,0.8049010633394498,0.31086490833205216,0.1938706288185507,0.04614619137780448,0.23777737412032046,0.21134089735127234
0.30007631665171824,0.2597417147067831,0.9627884259331394,0.2645305717812515,0.19296747590384095,0.21569131894794188,0.11674841869918813,0.21006221466777744
0.2232858245571093,0.2563132953241075,0.6760703705907639,0.0808216059258477,0.6006362894710843,0.07547048518391924,0.03260667463680003,0.21046494478234853
0.24776265720054752,0.2249009270145923,0.879332334578221,0.3338429332021488,0.17899246370234081,0.1007289144074664,0.2539417958830848,0.13249389280495916
0.2420637323933222,0.2435710208170983,0.7885327726960843,0.3511660886421087,0.3327388722540416,0.09073358105380205,0.051655753018173066,0.1737057050318747
0.23799623204260387,0.22438381690440776,0.8378332922409204,0.010287627958531427,0.17710433766081363,0.11275635084215715,0.6965303723367399,0.003321311201757864
0.2630109533721693,0.2719476424564373,0.7832792792321818,0.12382274804168564,0.20765208527341578,0.10210416975334823,0.013735233502272555,0.5526857634292779
0.23728341726736368,0.22641153924812296,0.8271814143806557,0.2299755498798935,0.300108233213041,0.08507450952767145,0.20818383335254026,0.17665787402685376
0.516741357882743,0.4138331033936808,1.1278492562706623,0.0311639212456576,0.04492664856227739,0.7273314210264811,0.10976573002600185,0.0868122791395821
0.19755587880095254,0.2157245537303095,0.6840013167227186,0.21845929667743405,0.4550058614810409,0.01987159804693577,0.26721838762677136,0.039444856167817975
0.5774953180385658,0.46825484191006167,1.126513323144414,0.01803185737486308,0.02630611593087047,0.8722884627084464,0.06094322335642222,0.0224303406293978
0.22396707391208948,0.23893197027391777,0.7281029563044625,0.17316598064778488,0.5584646634110173,0.09149091547617866,0.16463176454423384,0.012246675920785205
0.31737727228480345,0.2714273730495343,0.9850785102503582,0.193101768826795,0.2791544986430452,0.274052373168232,0.13089306177052046,0.1227982975914073
0.22979628300248128,0.24882052664564744,0.7225942546875741,0.020428967236711195,0.0827988689895393,0.018988828658115083,0.2636322310488902,0.6141511040667441
0.2506660461103396,0.23731317816026518,0.8455748124312903,0.44011870346437526,0.25122547909600507,0.11517361493745462,0.15136971446125239,0.0421124880409126
0.271528061190761,0.2298390644275019,0.9638399013786343,0.24837760038257836,0.1516092213906288,0.16398688111018356,0.3534681505788368,0.0825581465377725
0.20750542536933478,0.24150889980705462,0.6521723443532242,0.062438886818619616,0.4217418110223685,0.009439103294027567,0.10844419250737138,0.3979360063576129
0.24457688507406816,0.24686500252336882,0.7881914531633502,0.21658634608487956,0.18166177400101072,0.0660281375830329,0.09662460903744118,0.43909913329363554
0.23560514742020278,0.2736431823080074,0.6782743346819045,0.16453664741405574,0.14522898269963666,0.02106779686479282,0.0032453196547357712,0.665921253366779
0.22249477320800157,0.23775059493033254,0.7255282505541037,0.08883722037826955,0.17354085974497585,0.015596135096599824,0.21575631029950837,0.5062694744806464
0.3041822640375528,0.24454986733616532,1.0393882720375656,0.22328744685001511,0.03511378152138685,0.22703183072044905,0.3787091923094308,0.1358577485987183
0.3517345600909784,0.287908169793836,1.0480236122060835,0.322136938293974,0.15903279903618892,0.34892299427144596,0.14851010688672237,0.021397161511668816
0.39337997206860437,0.30884415871250287,1.1118227830504324,0.06680161350969918,0.040625227793292154,0.4316835635487982,0.2575303522987879,0.20335924284942267
0.4149138779089075,0.325887887309329,1.1197528110719117,0.12464732040328344,0.07080656523975473,0.4917006660108593,0.223756990405627,0.08908845794047551
0.28672638331887534,0.2418490826894635,0.978818611534013,0.43838640250436706,0.01882513032561975,0.18051436725067804,0.2890583994152492,0.07321570050408613
0.23082745764989274,0.25190742569586644,0.7178329783267676,0.6689132971059645,0.037566800711075925,0.022367092282154215,0.0364444308738225,0.234708379026983
0.20848904077866182,0.24209670674564954,0.6546517832032007,0.27247621188659354,0.40968195202100594,0.01043811952122692,0.017224667134797044,0.2901790494363766
0.2137128532095863,0.23283640004956865,0.7031239667626427,0.23661310415283948,0.30196194049012504,0.012650620932543015,0.10781525817481229,0.34095907624968
0.20787705720060914,0.2090236484666296,0.7553071547586828,0.07512642683781566,0.27074335966652063,0.02196037028357784,0.4191741953246214,0.21299564788746445
0.22723508478495896,0.21397954297887878,0.828280509050593,0.376996607124088,0.15007519493402469,0.06003705610219805,0.37003677406623103,0.04285436777345833
0.29848489535754535,0.24634010591101207,1.0087066189997826,0.06796892962057544,0.20314834445607552,0.24403243463912552,0.44626942425417454,0.03858086703004886
0.20668355608011482,0.226348170850707,0.6922236459487846,0.41772707556978217,0.35035162787411606,0.01721606138171281,0.1279065432438981,0.08679869193049074
0.24470220144189858,0.24990352345829284,0.7791094689162837,0.034633399322221814,0.38833133890108595,0.09818358234819761,0.1206268536400449,0.3582248257884497
0.23996733877510473,0.22094086191306225,0.8598107979222728,0.09667470118194536,0.33046405219251124,0.11638947377902328,0.4157929818531895,0.04067879099333061
0.2416605923528498,0.22915853295722857,0.8363668150582131,0.5360557772420869,0.044855416623002825,0.07173810730285377,0.25642338875280224,0.09092731007925428
0.3831595930107684,0.3148660504141894,1.0580994444225245,0.2927570106939904,0.18371467981278852,0.42372690473647373,0.08098178451520772,0.018819620241539648
0.23922661827185562,0.22931665843526905,0.8251760668546024,0.16720548906007524,0.3015361952179648,0.08625679491576775,0.20547734131188877,0.2395241794943032
0.4264011917112281,0.3544118788840837,1.0620445141296642,0.01418384250811991,0.2100787472599754,0.5176650741238074,0.03949364468685039,0.21857869142124706
0.3352914946789979,0.2768656063520314,1.0304331348266245,0.2681566271621911,0.1333808248013784,0.2963235486089033,0.12977202553427086,0.17236697389325628
0.3625671825139807,0.3231716859344752,0.9671861617770419,0.0026688518563783245,0.4255384744664252,0.39155293862017465,0.014160286306483964,0.1660794487505378
0.244688256268185,0.22510069459830215,0.8648940715869894,0.4402669340547723,0.06219931836486771,0.07940645651164342,0.27422142350684464,0.143905867561872
0.34880865279068984,0.2938081721187141,1.0170195424991628,0.1524244809496758,0.2792779963847417,0.3490356054461423,0.10665008790736998,0.11261182931207013
0.2696705365709691,0.27185292411202316,0.8080491953084489,0.06814246194578703,0.475248301877806,0.16685896616431192,0.012137038363814006,0.2776132316482811
0.30563010384305755,0.27283912370930763,0.9369261283635218,0.15723939283915553,0.017099792295834852,0.1915379552193927,0.12959568387552922,0.5045271757700877
0.27017634309004274,0.27963832361895735,0.7873611178919128,0.03552917739539605,0.2727374742987619,0.12703355451284717,0.00874536769481794,0.5559544260981771
0.26908555983309035,0.22615770112340206,0.968729159983578,0.1791907110258106,0.08569973439195823,0.15801256921628817,0.4864162288415538,0.09068075652438928
0.2587310444699854,0.22459589142936018,0.9293627017911653,0.0748844686096477,0.04835132149352465,0.12372415152689044,0.5298353130774598,0.2232047452924775
0.2417296039300923,0.22252841434489457,0.861596055023034,0.06331140775514578,0.044581461459977524,0.0992378928441311,0.6898164170836965,0.10305282085704913
0.21934009919721262,0.22233888222062936,0.7616306131699202,0.5453446859825773,0.08168479758401175,0.024286606817814926,0.2728042629856086,0.0758796466299873
0.19481658487016776,0.24702439206016477,0.5862440695123602,0.18236150518248084,0.6071091620250602,0.007590579049364105,0.014995182888856883,0.18794357085423788
0.2382207838713115,0.27871485306322097,0.675316660747238,0.15866888733369858,0.09763864898261476,0.01924754774734154,0.010587232693235091,0.71385768324311
0.36663983488391705,0.30066631248587106,1.0531270772105426,0.06296676371319279,0.2750276100232284,0.406113658686331,0.24390633270095013,0.011985634876297764
0.31357813846578525,0.24959262068019494,1.0560333785008416,0.26470569814858935,0.0018283193445811964,0.24824568999300506,0.3871148134290493,0.09810547908477511
0.24493761649899815,0.22588127270609903,0.8630092002033183,0.12103907884187451,0.10229760833273484,0.07781118539542395,0.3447260108206008,0.35412611660936577
0.339863826136783,0.2696908171762251,1.0748005036722337,0.051388161006287396,0.11989328306682098,0.32852909068752345,0.41087131218644146,0.08931815305292666
0.47564946031801353,0.3837658563324771,1.1091384324436888,0.11726830377898667,0.06353486072139938,0.6205954997627011,0.029969386859776827,0.16863194887713595
0.2214819033859769,0.2297931270392029,0.7462447010293826,0.04174438792257186,0.04112526636331462,0.0652644796541691,0.844758534767856,0.007107331292088437
0.2464379413769637,0.22927307567901484,0.8567859125856507,0.3583131468473685,0.035739200628952625,0.06960772109875402,0.24012582433957028,0.2962141070853545
0.2382578575568026,0.27818571174596846,0.6767344604985122,0.06610676564269853,0.08398500323876129,0.020083877919064436,0.07975101631345424,0.7500733368860215
0.25942407400227135,0.2285921770566763,0.9161471608468366,0.4414280875324756,0.06217639082234236,0.12898606293324236,0.36646366306221156,0.0009457956497280499
0.21376157274687654,0.24708935429690604,0.6627625589652005,0.2045257305267472,0.3641942510703316,0.011768746240462901,0.021637792607596247,0.39787347955486213
0.2658256378057112,0.24334747573605908,0.88690312958003,0.2694839318479341,0.004996373868384863,0.10410072376454227,0.20887033734508684,0.412548633174052
0.202654572529716,0.24246612086217859,0.6295913506880706,0.1539524197156324,0.6276909949255118,0.03950359763581552,0.09004107815378692,0.08881190956925324
0.4334966944233932,0.3377054508028364,1.1355952162208103,0.07320436262152327,0.026074967045457687,0.5335863421626542,0.27007534455965865,0.09705898361070611
0.29547210228997617,0.2428018756792396,1.0109975534713915,0.23835882484729212,0.06647528947138137,0.20235330921126302,0.30614761277373853,0.18666496369632515
0.23303410862918175,0.2340261033901515,0.7821097987690733,0.6011519984045104,0.1225958126100156,0.06013751945344788,0.19187103284474788,0.02424363668727828
0.2699884876764576,0.22816503612182426,0.9641638851230434,0.13257233443479433,0.11639345023766837,0.15441021561973986,0.4158030045762264,0.18082099513157118
0.23799214394984966,0.21725694238973542,0.865298672999881,0.32980271674431727,0.17934654100665398,0.08739131638915723,0.3466419986224648,0.056817427237406806
0.2678161799741215,0.2705485415770774,0.8050909411835331,0.10987278708459525,0.3036327525935535,0.13069614506235164,0.0039472491962490135,0.4518510660632507
0.4049335061527486,0.32652282086932316,1.0870097998289547,0.0947381229724322,0.07807464986771386,0.4514977355844332,0.11210513335789729,0.2635843582175235
0.3741915857832366,0.3055556152930381,1.0609904369531091,0.029117072646154176,0.1632682633229862,0.3925603631493612,0.1696266987887004,0.24542760209279807
0.295287477014594,0.27132809351192094,0.9040253585234335,0.12595268181359273,0.026259582917528466,0.1657512788168045,0.1358013538380161,0.5462351026140582
0.3696318853320353,0.3269706510557593,0.977555276903209,0.03695616895871758,0.44964872179388915,0.41928040952890283,0.03759321259170174,0.05652148712678864
0.22907405975169315,0.2435889195973358,0.7351486268246978,0.30616024105686335,0.4607598811584153,0.07941358778776457,0.052464990886303846,0.10120129911065286
0.4022455419970606,0.33094999126934677,1.0643467330095266,0.39854099928311754,0.10938589375533549,0.4566052827846944,0.018159920668546017,0.01730790350830663
0.27201281823595075,0.2335846762127956,0.9504596869774844,0.2063766078230966,0.1843585983873027,0.16031544355263813,0.28547182749538275,0.16347752274157995
0.4984542050594333,0.39996251202337557,1.1212405952516462,0.03963728983280139,0.0687430478605132,0.6841084934014312,0.09830247044347186,0.10920869846178226
0.20616893066394726,0.23301702349465053,0.6702039547232158,0.11258065930560193,0.536471488661587,0.03623116752915228,0.14980686017341183,0.16490982433024692
0.37299107813469295,0.30877191257891795,1.0460507092015399,0.29863346129173435,0.029630925281768822,0.36091011886352586,0.021162153092194335,0.28966334147077666
0.3682016610206545,0.30930344511306,1.0287685638429986,0.25325381476320136,0.044600739573871916,0.3468607787825944,0.005801939442820829,0.3494827274375115
0.21096422104653825,0.2167227897463211,0.7427194031368389,0.1487907735762832,0.05919196713007596,0.03464432645861936,0.7391741518827137,0.018198780952307897
0.36107229175583855,0.2878359749034627,1.0807276326740225,0.08744240683796096,0.16835308822511696,0.3813412241313195,0.309980141665129,0.05288313914047353
0.2572210938674532,0.24504258411559582,0.8456533978179858,0.13146865700927207,0.10483289832547146,0.09231318942015747,0.20351046016095847,0.4678747950841405
0.23805916496131596,0.22508837145450034,0.8354903620568889,0.030496172261558062,0.05681036864465956,0.0616638311891388,0.4662591477586319,0.3847704801460117
0.22353168762146752,0.23464728339454355,0.7395427090016028,0.6079021349847838,0.1044384794697326,0.026603075493540053,0.14389165688925734,0.11716465316268615
0.32587487292477474,0.2669963697324961,1.0332532730732409,0.10893544204651653,0.23234996936437194,0.3019307561062306,0.28790939009300937,0.0688744423898716
0.21000723893601828,0.21019855913147273,0.7612194850295746,0.4122511937240461,0.1330707439706152,0.022288149590956666,0.42888698257435354,0.003502930140028524
0.3306685428575296,0.2623399777114221,1.0698656960559372,0.13411141519156483,0.10182346594594545,0.30126125030175854,0.37041217628544865,0.09239169227528252
0.26214203811014675,0.2312612588340217,0.9173263138829622,0.3281220018667244,0.06840686565857605,0.11620169007337938,0.2552025713744242,0.23206687102689608
0.27036554953074676,0.2500599627113486,0.881250829366559,0.47937097371788007,0.027973440525225483,0.11904888896166022,0.10316432581230467,0.2704423709829297
0.3027615939124567,0.27628264602114794,0.9148659807359352,0.050486034810496905,0.41376308652501875,0.24939917909619302,0.09534807744097133,0.19100362212732003
0.3819859643643883,0.3096196602724041,1.0722379970067348,0.07646241597143097,0.1630174016444695,0.4138623790171196,0.15859076482592066,0.18806703854105922
0.2655025946226488,0.22896096212057807,0.9412198159315838,0.3486585549506134,0.025037959040062594,0.12637188009348518,0.32287414777119133,0.1770574581446475
0.27846167307921926,0.25567540440704295,0.8935614030182637,0.09060706664368211,0.3168235909459835,0.1760628773328427,0.13484697824762398,0.2816594868298679
0.3284190162607925,0.2869517507279968,0.9702642188257897,0.023314955544503538,0.4282699115293921,0.32968223953374887,0.20043081619955494,0.018302077192800425
0.3127480272518099,0.27832352330658433,0.9440381615260834,0.259683551580649,0.2865062202157792,0.253509472553118,0.02100994628964185,0.17929080936081204
0.29541646054565407,0.25616665595327087,0.9580343688072431,0.35500182912729966,0.1700672338315088,0.2052945671503859,0.12108239312818987,0.14855397676261584
0.2070443038938261,0.2244385003796398,0.6997208751091467,0.0170152065757465,0.49553604642964555,0.04132288058644155,0.2777149033421601,0.16841096306600625
0.3329930189330585,0.26170627327000967,1.08133830877293,0.20365484289482058,0.03698976102263904,0.30390657210771,0.409377202384459,0.046071621590371384
0.4470492923878251,0.352555600781846,1.12620333220436,0.029416926710118287,0.041991936313164085,0.5598524142493516,0.20058510876228072,0.16815361396508544
0.3470744480646045,0.2804243343513876,1.05937471065672,0.01902539193557299,0.17678208395709955,0.3413985347740905,0.2969552369047763,0.16583875242846052
0.23376504250767544,0.21451696254333827,0.8566457418049163,0.11316945433851089,0.1724096252274778,0.07311953018450064,0.4304855243079216,0.21081586594158905
0.40300134576889385,0.3243566581740587,1.0883123156962102,0.04708707008295261,0.076020265294654,0.4478410613972753,0.14736863269575923,0.2816829705293589
0.3579167139015105,0.2935802190421649,1.0488333134504764,0.3074018522372606,0.02960929608497901,0.33032948182263844,0.07981466807662245,0.25284470177849966
0.20543140853747732,0.25455813167162794,0.6105929813233348,0.04262685715831532,0.6198002540939861,0.031273493933663056,0.03345927079132576,0.2728401240227096
0.2828438769302132,0.25760212826315915,0.9038895699353321,0.0031242137761289803,0.14936689731691108,0.1617839428462963,0.22664268702419502,0.4590822590364687
0.3121776323518205,0.2645314049549018,0.9911021052359262,0.48939595401160013,0.008896940522531692,0.22735927523897395,0.13698131706691674,0.1373665131599775
0.40932363547427986,0.32361929854707483,1.1103282069008358,0.01667298569859308,0.12748737836153784,0.4909095412339436,0.2947427383981084,0.07018735630781721
0.3870781242287542,0.30614669791596893,1.10103465601081,0.010027636644601245,0.11065605944091592,0.43067926929819633,0.29737280722594184,0.15126422739034479
0.2569901159470389,0.22545751999291908,0.9180892079072804,0.011543548656201308,0.11338001962645229,0.1289310878692882,0.5374505904333485,0.20869475341470972
0.20067272777616665,0.2101222482362559,0.7170717477130466,0.07141660571262776,0.1424864293179612,0.013068186463816234,0.6876680528554838,0.08536072565011112
0.31780631361857137,0.2615660828388218,1.0238571863447403,0.1419505430605358,0.09588381782574286,0.25062092751431675,0.23709549064485816,0.2744492209545463
0.22330017732189433,0.21066284922396383,0.822642330910716,0.16161214899129744,0.19637206690752276,0.06927851132315037,0.5517129221206762,0.021024350657353023
0.3460531751081198,0.2953254063731064,1.0024642943658357,0.1428423596459173,0.31970559043453806,0.34747111106998385,0.09351511992262045,0.09646581892694063
0.3955644601746713,0.33291336257845194,1.0380011709299837,0.021412576155849107,0.2970187435426073,0.4603243155657145,0.07501257852787073,0.14623178620795846
0.21725820336029245,0.22813614892371695,0.7331508143245612,0.3500792938068613,0.4020914456165383,0.05343760888061496,0.15338684753853202,0.04100480415745342
0.31493623952945293,0.27553259745455355,0.9615422711396303,0.018775800923379972,0.4229524759055758,0.30013645824437085,0.2493990698330997,0.008736195093573696
0.252421513601536,0.2343161143816052,0.8638821710395643,0.4965454377606268,0.15417561245491923,0.11212787234701362,0.21152374374887437,0.02562733368856609
0.2326553084241253,0.24008807118199066,0.7607846051029733,0.48644156515986325,0.3005977217080226,0.07108484053233617,0.07178041606911449,0.07009545653066335
0.4698256290886429,0.3969209281146458,1.0577059543894378,0.02061092195825771,0.3112251928763905,0.6443194645292976,0.006199310810443491,0.01764510982561069
0.23880320266313462,0.2408160498835208,0.7840141998610806,0.1979849687675746,0.39856193116082045,0.09210270542888316,0.10015025773922588,0.21120013690349596
0.37274454315590133,0.2928431181446274,1.1021073167118323,0.09083855446339759,0.007643731026992105,0.3766453294567997,0.27848700873045595,0.2463853763223547
0.22784913550859687,0.23239727448077527,0.765280642408348,0.41290806478964365,0.3430723555532984,0.07032125257671537,0.132577214841702,0.041121112238640616
0.31049459369381527,0.2525367952929627,1.0315114412995576,0.018540658263892538,0.15030256078757576,0.26074153278856155,0.4384831847628341,0.13193206339713592
0.3989029978963388,0.3149509286531278,1.1078011402868548,0.05328265948918202,0.029240690641175678,0.43886517006060793,0.22640350673769746,0.2522079730713369
0.33830664587966536,0.2918501498811077,0.9878584814745311,0.25480085788342305,0.20355927611848712,0.3013339930167625,0.00969340574078394,0.23061246724054343
0.28794553180486193,0.2677573338008129,0.8886611187347413,0.2794449620728669,0.04950025092668215,0.15022046836428385,0.0553822834691024,0.46545203516706474
0.2197462400161767,0.2147593962135441,0.7904019242417271,0.013478598960499332,0.3437587257570272,0.0722108481652351,0.4938504365606219,0.07670139055661658
0.47677563666974987,0.38959820644203147,1.095425054871884,0.07049370416369602,0.17912363198790093,0.6469826277011068,0.06248621000488584,0.040913826142410396
0.39121275832790475,0.32132621570861375,1.0618889516233079,0.24779787883728918,0.12093063334982176,0.42284359785282194,0.027611147494216132,0.1808167424658507
0.34122820816527377,0.27944974609057366,1.0421487664221478,0.06811263705341722,0.04380614978438054,0.2955131774026195,0.23138988558322598,0.36117815017635674
0.23272405240538832,0.21969531228952102,0.8317157544289753,0.06201532576846586,0.09950918873989577,0.08708737524977339,0.6934965137455615,0.057891596496303446
0.3037504409729585,0.2840698443474838,0.8932677861524874,0.07978700331318522,0.10000372797846321,0.18992656486539658,0.06642109451998755,0.5638616093229674
0.21168174697355557,0.23444670879293833,0.6896311225949081,0.05043249768614387,0.3693368169462238,0.017838016880339237,0.17453573307951753,0.38785693540777566
0.22141188189419359,0.2209803896786897,0.7756882053807137,0.02231295003167174,0.41677897315684803,0.07280866683364336,0.351734537222158,0.13636487275567893
0.3374454962991888,0.28301810968687247,1.0156434746073837,0.30353178618611243,0.17642032481263875,0.3061367590252846,0.08255990707845648,0.1313512228975079
0.46615657871467875,0.3836352758473919,1.0847714089781038,0.04352447745852061,0.21646254181756755,0.6250274491518908,0.060012945441360314,0.05497258613066058
0.23994370766580686,0.26593931532091947,0.7142370334998956,0.2509304153232603,0.05344288093001939,0.024992385860080735,0.04441799847493899,0.6262163194117004
0.3017974727656758,0.25634660396272174,0.9822539829795933,0.33601489591830086,0.08523317007440154,0.20800340820260724,0.15028452195515213,0.22046400384953843
0.24808982734608004,0.25012476728997923,0.7919640645439439,0.37076156457134574,0.32005468561903516,0.0999356726800436,0.012851960767010824,0.1963961163625647
0.27734502719284154,0.23105875898091485,0.983927327384373,0.2259969547886208,0.08594592390790577,0.18214236552509766,0.48769485738088647,0.018219898397489404
0.34594299062596773,0.27276021476511825,1.0849932453705275,0.10137596285246704,0.09662343078086173,0.33677299418501705,0.3652649622770231,0.09996264990463115
0.21556306980845716,0.22809548947282077,0.7258498192625821,0.047146297624351324,0.2705537629980465,0.019115105005432568,0.2562122663201658,0.4069725680520037
0.2774376570819529,0.2472963055333254,0.9196969465089871,0.16149690987073742,0.3332796913985163,0.18818452578759454,0.19269066244300287,0.12434821050014898
0.3343405537833905,0.293348351331618,0.9692931713870634,0.15469173876948172,0.29641118905022296,0.30442237432448577,0.02069410156705435,0.2237805962887551
0.23295019471699666,0.2543477000610729,0.7192917202438529,0.30096874597431067,0.06560071239890723,0.01567705354323897,0.07021425885965826,0.5475392292238848
0.2251809790315249,0.21688508700476755,0.8077133446601338,0.2587282889510611,0.3293798626456817,0.07668978729039927,0.32784316551188997,0.00735889560096808
0.2119508188187219,0.20719598408047005,0.7816310703967314,0.13021051660063523,0.27273036634231346,0.04370732618561012,0.47920785856951686,0.0741439323019244
0.35130811618606683,0.29800363812542985,1.0110887171761511,0.4042612002609971,0.19881832159674853,0.3468907994019865,0.043501922029829214,0.006527756710438629
0.26082583455630304,0.22606629259758446,0.9325841200553918,0.200145324224026,0.026168702270815348,0.14266886670901194,0.6112337807168967,0.019783326079250013
0.38116225535164894,0.30168305400924206,1.0977158012378905,0.03883342548543106,0.1370319542746747,0.4241453731394196,0.31190177656294155,0.08808747053753305
0.3824175986634071,0.2959425558001682,1.123250415151068,0.17544923457192796,0.016146014220301687,0.4196190613378824,0.3689969489120799,0.019788740957808117
0.2500844724326342,0.22023816394065898,0.9084913752120864,0.12077685822579329,0.035818102737556715,0.10761319707901965,0.5744660156066556,0.16132582635097478
0.4866160153943039,0.38763501787936544,1.1263585467146358,0.01535684967176467,0.06950657610058478,0.661011561122875,0.16483358207435256,0.08929143103042311
0.29244353540775375,0.29320643306029154,0.8268697684334249,0.02765857786359286,0.6500469985561881,0.2610760856805442,0.050188696876396606,0.011029641023278377
0.28707719998453457,0.2395610803915055,0.9896315361288586,0.013295648965943086,0.029255167589657925,0.19828340064664088,0.6025486478386121,0.15661713495914595
0.305676513971905,0.252613426971356,1.0121255906199171,0.35723204880490766,0.11393100752210145,0.23794121404845403,0.25401459653257846,0.036881133091958285
0.21312803636494584,0.22755114825199085,0.7168851382120793,0.16299693689366007,0.36883787132492174,0.026664951007796575,0.16318152005053244,0.2783187207230891
0.28745656425491983,0.26181032074263877,0.9069793871431875,0.5538720184330117,0.06387979176642951,0.1680837352430906,0.05616454429731472,0.15799991026015356
0.2380045752531117,0.23420501807186003,0.8027350430016283,0.16356449548798088,0.3934677204888421,0.095661586480472,0.1675803726635704,0.17972582487913466
0.24684824857675794,0.28161772985385397,0.6989909643789568,0.18764982451098183,0.0541350809301415,0.034120591737491456,0.005839759173811547,0.7182547436475737
0.40497941003213866,0.3250488968501833,1.0920800331026828,0.09207322382713903,0.0810924322382697,0.4545285767034809,0.13161655367026362,0.24068921356084663
0.29357595784268004,0.26037327420306555,0.9354875556571707,0.022698007722653502,0.41116083727615144,0.24416176403369436,0.2551476024595251,0.06683178850797558
0.22523247435271498,0.25256910526134996,0.6938001153046425,0.5737642531831355,0.062023979928720135,0.00345629682823781,0.008055474137700063,0.35269999592220647
0.2127379787676411,0.2292207901524458,0.7099616865442722,0.19227861462974083,0.23092728151110578,0.002370244053367336,0.17382440900605117,0.40059945079973475
0.22273408856325017,0.21392585803685352,0.8074483849142391,0.12353193654089037,0.27840028269744743,0.056055294314863356,0.35442862647895806,0.1875838599678408
0.31374005082255746,0.25135881880036187,1.049257201642204,0.06221150304890166,0.0710014881757655,0.25993483322307226,0.46564949539700334,0.14120268015525725
0.2944366465902234,0.2691313854865874,0.9082428128859216,0.06376199054209652,0.4305042078853586,0.2361001130834489,0.12682836410885553,0.1428053243802404
0.2193853535784139,0.21651698908784842,0.782318996269103,0.02948411565454632,0.12719348057206922,0.0573380659961745,0.7015524800057733,0.08443185777143682
0.37330419622731276,0.29624697423357244,1.0913333277537796,0.107323757051815,0.13459547832067886,0.40102334552772323,0.2602861318181135,0.09677128728166931
0.2855325804623911,0.2586840481125905,0.9105029172880315,0.34598340659007565,0.24072260432615475,0.1849482445670169,0.05826283425194794,0.17008291026480502
0.2159099482659841,0.21322477940653264,0.7780988153804653,0.04054900298828998,0.35403888453224225,0.05872459016445122,0.43723193238155,0.10945558993346631
0.2217479611562575,0.22462274260372006,0.7646062868142236,0.40006890345068974,0.3137215512409321,0.05551658421206692,0.1888554106610624,0.0418375504352488
0.3874530645260072,0.3174826114864617,1.0629025096714537,0.27856797621507234,0.1691219403812194,0.42982644914413703,0.07113214569501237,0.051351488564558734
0.286447080903205,0.2684477531608409,0.88079366699537,0.09239455769903548,0.46276219745794833,0.21960023520180824,0.09619315279065602,0.12904985685055198
0.2571324352831989,0.2727274943511649,0.7594849788650001,0.013379501563158636,0.6344888065810143,0.16696862923363817,0.05110771106771457,0.13405535155447443
0.19586542962543704,0.23759128636661989,0.6139342559910068,0.0231418031619001,0.6739031313434165,0.03834162135272143,0.20840373437210472,0.05620970976985705
0.27732046835643265,0.2509397640152323,0.9058766323803271,0.17891765247449384,0.21224304428367544,0.1583674941972784,0.13489470901989384,0.3155771000246584
0.21735153849730002,0.22204500755183998,0.7536829597856601,0.014400917399652657,0.070666974208155,0.05018976596022457,0.7779927984776184,0.08674954395434929
0.2309365741399399,0.23738590414239924,0.7622043726379077,0.3978892210310914,0.348193958520324,0.07190059375645959,0.08238540618479484,0.09963082050733016
0.22156306092106723,0.23431749626185602,0.7321820336000046,0.0840335482943214,0.04236985338233905,0.0031495434602014723,0.3356640868097134,0.5347829680534246
0.21677076800960243,0.22739601168145684,0.7333935488860726,0.11221818103711244,0.11097167461082573,0.0019111513935955924,0.3061830759348879,0.4687159170235783
0.4303970378135408,0.33612505416242705,1.1317128345622223,0.05471865071684156,0.06004070931785385,0.5387917791277902,0.33060726594214745,0.015841594895367173
0.2535831954249756,0.22922676831178024,0.8881301120472728,0.19730870943883166,0.07482722801077675,0.09315806264089989,0.29738977931346494,0.33731622059602695
0.22557479671539127,0.22977681564995212,0.7641101484445081,0.08366751227141912,0.48103700483412076,0.08534195331271373,0.2417478139905563,0.10820571559118991
0.2062485703084976,0.21016795565541221,0.7434462110136336,0.2461410867704391,0.2575034885082854,0.009883210787509956,0.297828423186236,0.1886437907475296
0.32886019556352875,0.2606081678971348,1.0700362840262099,0.2765527352982867,0.03958506119391347,0.28863535679076235,0.3349898531147258,0.06023699360231175
0.23210785214243312,0.23838871513358567,0.7639113791119916,0.622801332042123,0.010471395968686173,0.03325145983242966,0.15790888054882118,0.17556693160793996
0.5174290794013625,0.4159560980476059,1.1237461876273913,0.23119819026856459,0.0038191793880741967,0.7203518463992055,0.010178535613192848,0.03445224833096286
0.3888427832896892,0.3158183316380132,1.0729041013302112,0.0022159520217256757,0.1313669110687158,0.4226931112510799,0.1721520981414546,0.27157192751702397
0.3098518705448633,0.2652643877729976,0.9795957637827882,0.006145219719301228,0.3589270484969895,0.2828403060008917,0.3176373113391388,0.034450114443678896
0.3521310145928372,0.28726317790580036,1.0517568481816082,0.2794239355172199,0.169489210917809,0.35099118979909444,0.1608995485331774,0.03919611523269928
0.40498385387594976,0.3174354114216198,1.1182868738121277,0.23673856658984346,0.04287012141193389,0.46647675994669235,0.2151632701618087,0.038751281889721545
0.21420353515607363,0.22985966715228015,0.7143642779543838,0.6114251595058656,0.13622273642766242,0.014113636915999463,0.18379999045712292,0.05443847669334941
0.39619900436809796,0.32463468695432096,1.0664264118418476,0.1916431365348051,0.20043542003382722,0.4544513950236783,0.08203220180765852,0.07143784660003086
0.31266395442422806,0.25777482364681586,1.0189666729599278,0.4351426135016773,0.04415953839159426,0.24601417531524158,0.24555641987872392,0.029127252912763055
0.3718296565540739,0.3259664131788452,0.9873092550105718,0.11768652398165345,0.41730835324646864,0.4216020617610512,0.022724618627502302,0.020678442383324537
0.19810006586875245,0.21958566693891432,0.674452335315455,0.07814335958659728,0.532719146164636,0.0353855512094482,0.32640369281482123,0.02734825022449723
0.36876667204924873,0.3035395316863624,1.050165262752728,0.2292331600857422,0.10339380161380318,0.3653843655828019,0.06252309721669563,0.2394655755009571
0.36448019048999847,0.31451614050910515,0.999885697379319,0.046838814657809764,0.21793752343206205,0.360550233132295,0.023629697133937082,0.3510437316438962
0.3020841836022262,0.2702255516881205,0.9328658301460994,0.30267852088572134,0.04570192356468838,0.18752440689840003,0.05895795208805289,0.40513719656313746
0.2646914477376928,0.2401670163667204,0.8939256147058599,0.2130463730558443,0.016748499323530935,0.10566903629131216,0.2524325948724384,0.41210349645687416
0.24709291546051024,0.25215865511861363,0.7816226469315484,0.10480054796503646,0.43652633713549216,0.11158486835557586,0.07289512475303472,0.2741931217908607
0.26098702519980416,0.23068110167369285,0.9146263983872129,0.12019294823450097,0.1129843459269592,0.11926342951477853,0.33196135444798247,0.3155979218757789
0.3082466353897817,0.25093181487483646,1.0291506300968407,0.189830892594259,0.14894300201756386,0.2487676115352058,0.31243766536098583,0.10002082849198556
0.26417654888318143,0.25428143807499604,0.8422814913450886,0.5198727243750316,0.21933847226854153,0.13379195021973359,0.037178302603695854,0.08981855053299724
0.2300637031001711,0.24031156807767257,0.749292697561574,0.6603910373847114,0.08062285840430976,0.04096767255906033,0.1367609723646852,0.08125745928723357
0.3386497874152565,0.2733677462406868,1.0559028685158585,0.014580285663617309,0.15899165993030415,0.3199808654304793,0.32683244906501135,0.1796147399105879
0.2231899040263427,0.25716473535692974,0.6734589942356022,0.11831096058872018,0.6718842203149131,0.09453151292302532,0.05960229177900381,0.055671014394337776
0.21602233199627735,0.21608013577137794,0.7683368552301175,0.17364950277868213,0.4043283189895115,0.065440944411342,0.3505163372025518,0.006064896617912557
0.24100235594949498,0.23199919555436593,0.8232888717268683,0.1546300278759945,0.4259622480454695,0.11780414741689095,0.23626772808523533,0.06533584857640963
0.3670281522990721,0.30580515398164043,1.0366998337709687,0.24114012123194892,0.009557341918455748,0.3407158954996639,0.03931701511899788,0.36926962623093357
0.22617626565832397,0.21343447177644267,0.825434917761813,0.09448107766569243,0.27878117724209506,0.08357893432742555,0.5137277784115808,0.029431032353206026
0.2341128814035223,0.2755681804686891,0.6681209749630065,0.048461422500993195,0.16740632325682783,0.02106819930249373,0.05375588253925226,0.7093081724004331
0.34884368951365463,0.28894893448315345,1.0342439574944273,0.47523850746943275,0.059814271586426555,0.32537434597035036,0.0997375447748934,0.03983533019889704
0.4416995240568012,0.3590126790472668,1.0910464919965428,0.14723441261782402,0.13066255794457732,0.5492518432437685,0.03740980378329108,0.13544138241053916
0.2009758014165116,0.22298737387133383,0.6770598657465975,0.00572988613185502,0.012938444066139941,0.00042106866214003646,0.807073183520079,0.17383741761978605
0.25572954278360477,0.24869489736763503,0.8272366862416304,0.4962386846289162,0.22891717414304041,0.11457910867440402,0.05267198481934661,0.10759304773429283
0.3083906852395555,0.28994538122333313,0.8911702064345962,0.17097512128319278,0.5119037643265398,0.2812829367708864,0.029241676980871135,0.006596500638509931
0.4035803280281764,0.3244624196874379,1.089742005773083,0.018066450760179178,0.08844158969215687,0.452843846566643,0.16977159380759926,0.2708765191734216
0.2198483137986585,0.21390599305022354,0.7940325157639664,0.13064949410368978,0.09337902744034467,0.02386785675011449,0.4341246449293606,0.3179789767764905
0.27035577175614883,0.2596714915194325,0.8485943931186553,0.033627980312918894,0.13117127835718684,0.12207963948092823,0.17923861116058123,0.5338824906883848
0.21109287303030497,0.23901091129348576,0.6739979867801773,0.4405233104314586,0.39481466266291854,0.026236222184547492,0.033014612800335914,0.10541119192073937
0.326856843609203,0.2968924684273342,0.9325155504137181,0.007125493770268503,0.2935824149421767,0.2773664307866084,0.03156914806785656,0.3903565124330899
0.27902902301681237,0.23942613275694338,0.9565748750129721,0.10694391120556258,0.22789438926259395,0.18208291788184783,0.29616206600246114,0.18691671564753456
0.5266945884733172,0.4288948281734345,1.1114486749664272,0.11744706102857373,0.09154624949213933,0.7541057882636439,0.010068987514801436,0.02683191370084157
0.2026487434318432,0.2083555623258081,0.7326357968458962,0.014987036730819456,0.27147119728373265,0.015478257352215793,0.4999808270592258,0.19808268157400621
0.2350976553262382,0.23697072138050299,0.781099260904167,0.3165939844163382,0.34870475798175965,0.07920830098350748,0.09314199576852691,0.1623509608498678
0.2076867142416941,0.21605679792845014,0.7298391707809814,0.18783140784557964,0.04921784765933213,0.025806201635773785,0.7325065676713095,0.004637975188004773
0.23618709837117022,0.24706132400780123,0.7536068185455492,0.42374265580249,0.4050277052863425,0.09208488534051601,0.03805301605996867,0.04109173751068284
0.28807823368359264,0.2381406833795987,0.9997377613303204,0.1552263793075727,0.13367551618266496,0.1982370124825495,0.35997564633194673,0.15288544569526613
0.5050534652108276,0.4078972589511901,1.1156080489015503,0.06504106741628665,0.10709607236079505,0.7088071255644044,0.09015408171752738,0.028901652940986587
0.4028382728404668,0.31896546444034013,1.106195849320428,0.22492867938556374,0.09535111692241259,0.4676848585243612,0.19449020255178245,0.01754514261588012
0.25265509361394506,0.25153205889718333,0.8056829594703183,0.6980569811799857,0.07069940828970765,0.09720211183149681,0.12161467039939748,0.012426828299412393
0.2893260357159328,0.2612617060099852,0.9160394738706404,0.21151437200579587,0.04056781875428526,0.15795533988101057,0.13312092894453365,0.4568415404143745
0.27863652716536097,0.2502191930319553,0.9137449625463463,0.5643639136826906,0.05782538422519763,0.158528544610862,0.16227706571813016,0.05700509176311957
0.2230303298593465,0.23222813149506702,0.7450877236336116,0.44369801412505755,0.34026966401238157,0.058502608116267736,0.1265511936635154,0.03097852008277779
0.452786921420592,0.35429576616433245,1.1368663130842156,0.13380014250415004,0.01749806413940486,0.5766271837689336,0.2051773796213801,0.06689722996613146
0.2642048197003739,0.26340339989716977,0.8132196463067579,0.1814385304627669,0.5087675926809312,0.16958989227088306,0.04026608859589626,0.09993789598952248
0.2653911551545622,0.23410541364089643,0.9200605479587893,0.22596493176991023,0.12605985039845186,0.12831297680034068,0.2459252508623699,0.2737369901689272
0.2703356721993381,0.23846948268484647,0.9239575216025715,0.40882005043038466,0.016146725621432455,0.12727955314358266,0.21858194653194093,0.2291717242726594
0.3709726980676491,0.28959625211601225,1.1083454834873603,0.22896983556664718,0.044768784111171744,0.3917372664303345,0.3124243123164964,0.02209980157535014
0.3169216440611071,0.2786595277286406,0.957877328784667,0.35499155429292467,0.10886300727149219,0.23449050787571465,0.010392622379075728,0.2912623081807927
0.29200748491545786,0.24192205077115345,1.000353147404431,0.1626998421966513,0.19699374635305777,0.22199126455921883,0.3688547573633076,0.049460389527764555
0.20823558824996324,0.21048770976368264,0.7517569003321688,0.01659949801420846,0.24662694642081207,0.022023329434248288,0.47573225937567826,0.239017966755053
0.19480276380525138,0.24603253230004377,0.5885512881225814,0.11279239294924069,0.6469428792776853,0.016629082829755403,0.05860582010301242,0.1650298248403062
0.19654924154193715,0.23037129081643504,0.6361436836272748,0.08926764390939614,0.546280849570877,0.014065583099245584,0.16519354006723264,0.18519238335324872
0.2519768481534994,0.21933492430814652,0.920860409214811,0.2726558381719619,0.07611792925583274,0.11689640634375241,0.4784291374287287,0.05590068879972423
0.31423464441199056,0.2591304999880621,1.019697196679525,0.31885597602072546,0.1503704651288912,0.26114166377362036,0.22734492953107246,0.04228696554569056
0.22614146615472222,0.2121967506524785,0.8300855956234447,0.11320766646382067,0.2722296428543434,0.07614869752824079,0.45741594915756295,0.08099804399603219
0.42680439147457566,0.34929252136134914,1.0787645552959464,0.025303552200541504,0.08102963290643508,0.49769961105807753,0.06327266012541376,0.33269454370953205
0.21623402637487468,0.21756497813709982,0.764066109344682,0.4942136951504926,0.09998432436106594,0.020162668585453392,0.29906418835131987,0.08657512355166816
0.2642970076648264,0.22793776993032186,0.9401557615060229,0.3207221684730495,0.1227391205241713,0.13943884111804583,0.3159274009624276,0.10117246892230596
0.2658838895496138,0.24595881172389658,0.877723745843903,0.1494933052835772,0.12050762277122593,0.11691028231737274,0.19061071188934556,0.4224780777384787
0.3619630780147903,0.30136547063771507,1.0351653006386226,0.15264554105296488,0.2525224720803457,0.3776143697402292,0.10671774962253053,0.1104998675039298
0.26334302170282675,0.2412211995944042,0.8844289890836604,0.4569633102935961,0.2168512558712673,0.14519351656707505,0.17597619681781074,0.005015720450250902
0.3124872892001339,0.26612010926591523,0.9863489456854563,0.3214647862345602,0.23789093654865556,0.26352477689889636,0.1487385007296688,0.02838099958821905
0.2295335725734488,0.2554597779864121,0.7027860667090934,0.048457649994328514,0.6790407963665809,0.11850550972746988,0.14178312362785275,0.01221292028376795
0.2980086619944442,0.264500024196408,0.9376508102331291,0.012501215621081257,0.4123373387261548,0.25217743482260874,0.23203877344706764,0.0909452373830876
0.24443833916110494,0.22984427830377313,0.8459568391088073,0.5029274418771831,0.06784465300424983,0.07758017854815684,0.22743119351397134,0.12421653305643883
0.29381804398109485,0.2450510647257796,0.9949683110087094,0.061085543223329326,0.22266004616287455,0.22616123275548697,0.3739007541359258,0.11619242372238328
0.4680621755909854,0.3729956190723483,1.1208232864255057,0.01176299902297364,0.04955852070678841,0.6063803971716631,0.14057608484565562,0.19172199825291905
0.22249395911681774,0.25119016781641623,0.6867066518419063,0.0017780405507786575,0.17581412437297214,0.009209412613004847,0.20276591956616394,0.6104325028970804
0.23729154299990038,0.21850697365331953,0.8571421766019002,0.38970528957417216,0.08771867011202812,0.0691240271152658,0.32716767486695947,0.12628433833157449
0.25452070844102626,0.23436149731422742,0.872671965253784,0.030348187318380532,0.28350725789644254,0.12426703480070483,0.2869732584507769,0.27490426153369507
0.23764859012551248,0.23799580082976118,0.7884533654429384,0.21996489303854927,0.111228579463371,0.045234734801012984,0.17660653500762524,0.4469652576894415
0.3714177374401426,0.28947357415505326,1.1103526060309008,0.15777578744216053,0.059750393168732936,0.39657256521217943,0.35192137207134677,0.03397988210558026
0.2891730254825738,0.24360684508752986,0.9817992815293718,0.0045731036728471315,0.15375625890431543,0.19991061410095626,0.3909288439810866,0.25083117934079446
0.2111228582394188,0.22823409591847485,0.7059543736925785,0.35297405955735167,0.29046905409586815,0.010861215680367893,0.10894846626748109,0.23674720439893115
0.3416641633081889,0.2871127599863879,1.0158523199108838,0.2290728809087474,0.18848201471967557,0.31398406534682255,0.07591996409984243,0.19254107492491207
0.2982197451863385,0.278819713952799,0.8902517747663972,0.01172906480532217,0.06786224701606292,0.1763006465838005,0.15027717502249016,0.5938308665723243
0.2594790938445351,0.2538382415871415,0.8252463952427037,0.08262708478492391,0.1749928070515945,0.10145730135320122,0.14742257906613973,0.4935002277441408
0.20662335496736572,0.21106487225407816,0.7420626336097454,0.2040467803871197,0.37896784533559186,0.040279554565928966,0.36579738413646756,0.010908435574891972
0.24697447507626222,0.24597136630371425,0.8008024593929648,0.3369056267226016,0.061266930550563016,0.057987640072404596,0.11016509594614202,0.4336747067082888
0.4642440265019021,0.3729335461574282,1.1107716931612137,0.015535824722054194,0.13778387381758866,0.6161965575116858,0.16001169008542787,0.07047205386324343
0.3916063591750248,0.3080691607964315,1.1088625628475495,0.09790327374245479,0.08621997847292658,0.4372700747225466,0.2540772155260919,0.12452945753598009
0.21866186264818546,0.25023743651913416,0.674007314789963,0.7402429674259046,0.10403572330726253,0.009971774175771385,0.05055199322601762,0.09519754186504405
0.29908450355570193,0.28454103090702854,0.8753904586684662,0.029523805549951918,0.5099909559045469,0.25187774460601686,0.054034780889083964,0.1545727130504005
0.30790237068668225,0.27305081592167946,0.944521516319723,0.15106048153344306,0.33505328045799665,0.25220799291614765,0.08556727522275076,0.17611096986966185
0.2276702843937389,0.2402713200113408,0.7394568955851778,0.3126932698118894,0.3046162876301277,0.046145252868945254,0.05105082846624415,0.28549436122279354
0.4342535047179424,0.35442640959329347,1.0841559610607903,0.12255739509523486,0.008320974387375423,0.5021849373565541,0.012925272776171367,0.3540114203846642
0.2384213359846662,0.26221593211582866,0.7185731792278542,0.13421578283638333,0.6007330669305708,0.11468983127413117,0.011383737948073304,0.13897758101084134
0.21723703552088292,0.24717241393250644,0.6766007292648326,0.168450836677734,0.5274917841223293,0.051531998859491904,0.035357836828701306,0.2171675435117435
0.30007790667466694,0.28227105464877394,0.8859495246008682,0.09841014561235242,0.4430663366745248,0.24127586572182613,0.019449724306006836,0.19779792768528995
0.40600612353857035,0.3369051025224409,1.0566955527628352,0.048011592279973224,0.1804981383602039,0.46295999135412164,0.04861034150353132,0.25991993650216993
0.2094541446903529,0.21227392545751694,0.7511716021959794,0.011221680420393034,0.1522042737692125,0.014415931233871457,0.5356739734935161,0.286484141083007
0.25145248015001703,0.22114159490440458,0.9109660271605675,0.12509548111658297,0.20250889811969128,0.12159293222936475,0.40485578386797166,0.1459469046663893
0.2183550696571965,0.23098622515689485,0.7288532878652966,0.5978463272240647,0.16832379115910237,0.028786379323038756,0.1736742654937427,0.03136923680005146
0.35464485142206104,0.30341008101287753,1.0040696420008903,0.32553281465021,0.2388764505189608,0.35334154024103587,0.0036617677466089624,0.07858742684318427
0.22899101364021993,0.24493616673686805,0.7307659625150735,0.11318425709255855,0.5033095165851933,0.08102132168672749,0.09247775369224924,0.21000715094327152
0.2691268122442195,0.274768242323927,0.7974968664169303,0.1702647230493284,0.06531323794004634,0.09729019955074648,0.045152333391911256,0.6219795060679675
0.22540281930785125,0.2603361490013299,0.6737551430360722,0.058374978197857905,0.19388142188625093,0.010916225519170666,0.10455816576540942,0.6322692086313111
0.470154657107824,0.38043356617798707,1.1044100585784098,0.21392284897483188,0.07947857477282227,0.6126964116664478,0.009542378668883595,0.08435978591701458
0.3251245147241448,0.2659210498338821,1.034609764424486,0.1901553126237625,0.17028846003044804,0.2845717889200231,0.22238467591402036,0.132599762511746
0.33484967890623607,0.2770758899567232,1.0280565333588825,0.009326021028454447,0.26496397770785124,0.32403598869442546,0.278444764553524,0.12322924801574488
0.2639833103564133,0.23043467332266496,0.9286072589292337,0.035115411217665496,0.24719556271597293,0.1720246649828838,0.5232502675085056,0.02241409357497207
0.489936411122829,0.39439807471553917,1.1154628770440487,0.10918003696105844,0.10160293510269879,0.6714368312779767,0.08833018588333717,0.029450010774928682
0.29171900606662693,0.26766353989333436,0.9030703478066289,0.6133046348793991,0.002355337972120998,0.16901306651956163,0.042617447335006185,0.17270951329391215
0.3840003851017746,0.33479771367128136,0.997618476659343,0.1389331776580803,0.3983421184316758,0.4476866697418926,0.0015699552294423348,0.013468078938909032
0.385481647364021,0.31737295566660595,1.0570580806401095,0.056101685317595275,0.21544098179747453,0.42669792840387116,0.11994375100500154,0.1818156534760577
0.4328812995124235,0.36040880484190524,1.0623527904108112,0.0333641044825981,0.26110164667003294,0.5464941286302887,0.049964251993390926,0.10907586822368934
0.3281872626579974,0.29153645806448003,0.9542108884250418,0.038363781823552864,0.3489184479988726,0.2976722855236629,0.06645685320809218,0.2485886314458195
0.32275945749060647,0.2919556640664647,0.9342495832809459,0.1173407132350601,0.21290716377603347,0.25424939237098476,0.002462075473540441,0.41304065514438126
0.2243475124030943,0.2352232255401816,0.7412002450128451,0.19909188368120573,0.07275151813149619,0.008674291606288685,0.22427478285052377,0.4952075237304856
0.24263325466491126,0.21649644512123747,0.8897756014286383,0.14476866680807857,0.206033072071585,0.10706595915188276,0.45345294563556254,0.08867935633289097
0.29864416513944475,0.26395387437557916,0.9419985432214181,0.1262009096449737,0.34220390546842433,0.23535809805290722,0.140001874390291,0.15623521244340377
0.21212745181677015,0.21512965260959266,0.7536267076626184,0.2642259098463559,0.0018820472147016857,0.026161579108938966,0.6817878690438347,0.02594259478616888
0.2204188586050405,0.2379223049506807,0.7162794536660484,0.22834578701602767,0.47016263893344507,0.0587464889495899,0.08613657200127137,0.156608513099666
0.2766154962946233,0.2640426342863879,0.8582534290611186,0.28376701622096856,0.37829522671393123,0.17885200140995564,0.012044438447353123,0.14704131720779132
0.2252515615508806,0.2508591367526305,0.6986054557131571,0.17664531585417564,0.21278531539225926,0.016855969386561975,0.07091703736661217,0.5227963620003909
0.2531784936599824,0.22404887898459386,0.9068489634083527,0.12717134927919022,0.07546542397925636,0.10184018360321091,0.4049923654917649,0.2905306776465776
0.23499042327511852,0.2178392529216832,0.8492061040148058,0.0767889607390173,0.030194672047559264,0.07013696509509575,0.6124103106932639,0.21046909142506373
0.24450601266099997,0.21886184961718824,0.888715931996421,0.168984544516685,0.20109025145185896,0.10100907782300889,0.36472233086638023,0.16419379534206688
0.2782187246121088,0.23704230942780194,0.9627763295211202,0.029852812765415373,0.03322981526843656,0.18509403241815456,0.6631679923544341,0.08865534719355943
0.2305089793632548,0.24972328509734276,0.7228359954214599,0.5208640947269861,0.3693719237494232,0.07282683937351243,0.009466843491783611,0.027470298658294676
0.2672436431312892,0.24170200147540497,0.8988077955713387,0.32759741009138416,0.05596538622859203,0.11660267375975207,0.17502186921957935,0.3248126607006924
0.28934280624915515,0.26021275845311614,0.9197965836570569,0.03171195554410618,0.13761690554037687,0.17515185096882227,0.20539325252906418,0.4501260354176306
0.3004151551354434,0.26621731069326304,0.9406418932087143,0.037429010259804475,0.32775996636824045,0.23458746529740823,0.16128644730383124,0.23893711077071544
0.3460303971404789,0.2792857095979623,1.0599554039718715,0.15003354479819295,0.04208425171105912,0.3096146867196026,0.21012294093814637,0.2881445758329989
0.2776130672518673,0.276467872635229,0.8232893937451439,0.0946471343610054,0.5446608502728909,0.20311381929979103,0.020483660547323524,0.13709453551898906
0.2427350136312335,0.21926894682739725,0.8789890972703465,0.22636601098609677,0.2533759528767519,0.10939576182602215,0.3609220423105299,0.04994023200059925
0.32073817597766907,0.2764533541710972,0.9793267901901057,0.0644736635093867,0.2791228972332148,0.2763402853995714,0.14116181405769226,0.23890133980013473
0.23859779749342036,0.26572249218599064,0.7097547367627902,0.0314916289423102,0.6783326932979,0.13095309091557703,0.0665371806307762,0.09268540621343667
0.3061618241051222,0.26509721946919784,0.9662938925501864,0.3159124975506306,0.16884638987897826,0.2255958319074664,0.08463598753858885,0.20500929312433588
0.24851789257398013,0.23446042492012917,0.8467010696649844,0.15526186904904668,0.10660425131713677,0.07783199990543985,0.25085587432788525,0.40944600540049136
0.3746683685284309,0.3095480277628374,1.0488465097803112,0.40556345285274886,0.11573690412828752,0.3913583100964827,0.04728843096004467,0.0400529019624363
0.23211502383372723,0.26097110326971706,0.6978359732246254,0.16551411903185742,0.6434784681672506,0.11038425115239359,0.02550263846228138,0.055120523186217005
0.23247907684082342,0.22730614861807116,0.8027898847005324,0.40656937546842387,0.20867237873761743,0.060649127029794955,0.16833427145320273,0.15577484731096114
0.3891090096526238,0.314979588338308,1.0766063015118277,0.21816497333283097,0.05436601026484177,0.4091210843271446,0.07579109121096314,0.2425568408642194
0.29566044808406466,0.2485861398882453,0.9882306720499546,0.00915532958691208,0.2625963417797482,0.24409811156419137,0.44161929932518906,0.042530917743959104
0.2989603656227644,0.24450464597595825,1.018223455955288,0.28976875406666563,0.04558655417356969,0.20976622279733947,0.30171296083865085,0.15316550812377439
0.23742219511880053,0.21711609671802984,0.8632349141860588,0.2768518605058169,0.22228409356733175,0.090063338766985,0.3392271553611244,0.07157355179874182
0.254801647257894,0.24544543015502057,0.8344080683374043,0.23093481896042758,0.3730903961919163,0.12990932496412214,0.09835148568728475,0.16771397419624895
0.24400616956585605,0.23852219937024532,0.8133673514585977,0.1988190804777098,0.3102287318069196,0.09192467520234016,0.12641098229303482,0.2726165302199955
0.31285428059697784,0.26042294033910607,1.0093361216746337,0.019638538218120838,0.049985989683084875,0.233603328756745,0.3285772809883948,0.36819486235365456
0.3483833089528974,0.2822361236410167,1.0572116180720321,0.2959414261043111,0.051639879979756116,0.3177582370088131,0.1447459805430296,0.18991447636409015
0.37161113268616497,0.2984814737629751,1.0774911039924615,0.3095052265514049,0.01642753683598895,0.3677096518549028,0.11673259270011453,0.18962499205758895
0.21333563268887534,0.2152634936149024,0.7587707044329408,0.017065241944239758,0.07476661912323733,0.017074959094052815,0.5919660977450539,0.29912708209341626
0.4826497929552768,0.38515308787360486,1.1233190296977675,0.1473735016383592,0.06059867299288994,0.6488386638006216,0.10116215985567151,0.042027001712457615
0.205807077894094,0.24749473566880598,0.629536937313256,0.12232899344795727,0.4251507006833267,0.0005668391431682628,0.04017169548913214,0.41178177123641574
0.29979132871045117,0.2437624725755436,1.0247325032077659,0.049640118295697706,0.031795059502405396,0.22338868622311123,0.5236452784015232,0.17153085757726239
0.20669971673427592,0.2102519708613271,0.7452948768676614,0.4385545678089972,0.09560756388067182,0.006472400875856576,0.4152918496837091,0.04407361775076529
0.2846719702883985,0.27319056742311076,0.859004659282194,0.2104962583395444,0.5070295452393961,0.22541138652103007,0.05617484784888849,0.0008879620511408816
0.22599426246127657,0.2166505674153622,0.8123415717802419,0.05560572245646698,0.1688593371316878,0.07910126625033627,0.6649504362816125,0.03148323787989651
0.2547804596375505,0.2617863054917054,0.7822428268465668,0.12696239646437543,0.0671407602860853,0.06912640185362691,0.12950732123023834,0.6072631201656741
0.2044731860599661,0.21749314150390556,0.7102439414494924,0.2669509884190191,0.41733022141560827,0.029877330080297613,0.24087147393860076,0.04496998614647436
0.3011315905243329,0.28719407398265084,0.8744316588492824,0.03059924786976186,0.521463350705112,0.2583511571084575,0.04600250722971287,0.14358373708695588
0.2279224287417413,0.21795846996635823,0.816313441589141,0.04929575226161654,0.19431219586332732,0.08793521383116096,0.6602610696594325,0.008195768384462577
0.2981912409631456,0.26626584835833633,0.9321181912489723,0.12594966451078768,0.18886544110481723,0.20088421326365413,0.10905452908015001,0.375246152040591
0.27338066002997313,0.2423981521439372,0.9215444014495978,0.22566768377641067,0.3033231825399748,0.1776336003971648,0.20650287759402278,0.08687265569242698
0.27306745593182896,0.24899896073519107,0.8958569757608744,0.4816729741194497,0.09966363210837766,0.1400589898979787,0.10502026746492456,0.17358413640926934
0.21938130565883568,0.2613507797235316,0.6480994846773165,0.0697259055027433,0.6759356764688621,0.07779383740225217,0.02139570068045295,0.15514887994568952
0.2765283024838067,0.2391755527147208,0.9471214758893054,0.03638853435029991,0.07250237160397781,0.15329215662522971,0.3863730594934439,0.35144387792704873
0.2559434563964124,0.24428268888665988,0.8430538297045037,0.3743530889132709,0.31315755902721926,0.1293743008859364,0.09453049379762936,0.08858455737594415
0.21248023454326614,0.2114819103575958,0.7682937716447119,0.3924588261183451,0.014112159113427794,0.003405400737447015,0.41890228550977937,0.17112132852100084
0.38998163738306985,0.3055283354488489,1.1127663065476592,0.022250805011611276,0.04260904535119383,0.427595972741881,0.31130721846683596,0.19623695842847788
0.3806976815903626,0.29754094257856245,1.1114358875267913,0.07558176188091348,0.08435794472917119,0.4247168025701554,0.387507440837747,0.02783604998201285
0.2375770526446944,0.22171895012785975,0.8460127225774946,0.4417108958954568,0.05823074321019608,0.06366609053145007,0.2987829579801231,0.13760931238277407
0.2524665274871059,0.22725568061029053,0.8909195446441037,0.32140517419943754,0.01117344543155189,0.0858738038089301,0.3005316365909721,0.28101593996910834
0.3056157710472978,0.297480279703523,0.8592696339470015,0.032682720766162056,0.0876849649419328,0.1853245480582559,0.03333611788016265,0.6609716483534867
0.23751870963919328,0.25690656995255,0.7299101368790509,0.46764399101544246,0.034693412142790654,0.02452925756828196,0.016956742031132954,0.456176597242352
0.3028896059523428,0.25028418350764786,1.0104098565405966,0.09206399603315003,0.23030117855668494,0.254860334647498,0.3909299741167617,0.03184451664590517
0.3370615247028791,0.2888996611113711,0.9936374573738824,0.037443891290657075,0.39033019956534204,0.34805478210481766,0.22131848168521415,0.0028526453539690385
0.22708090162683325,0.21249960558264921,0.8333234367249672,0.07742628833777722,0.1933116518642465,0.06292445406959343,0.46988419487677174,0.19645341085161094
0.404489568099351,0.34902776083327114,1.0156486327994092,0.011521090210476,0.3700675194459055,0.4885758604713241,0.0124899159194211,0.11734561395287325
0.23996426491902315,0.2569848829900119,0.7392040446457171,0.07100628934767786,0.0980086274765626,0.03889724779443915,0.1694994546044187,0.6225883807769017
0.3236602194673074,0.281746453182699,0.9712996077712892,0.1702842467563795,0.021076299492555607,0.23561024265313354,0.10126144680969712,0.4717677642882344
0.23517008550519705,0.2128689869418171,0.8698781732625479,0.20592982618535416,0.07734927969188671,0.07657447920840715,0.5286951393336752,0.11145127558067673
0.2546534916491948,0.2538329240851857,0.8062527443465672,0.26166484477307383,0.04138079436708006,0.06967325979188133,0.11244049152280922,0.5148406095451556
0.26243903644109956,0.2574368853432665,0.8252082298068253,0.6338808624528492,0.0547310554418144,0.10473150309319744,0.03821095910868739,0.16844561990345133
0.3648602068280865,0.31210540441734563,1.008826513004104,0.09148221809432712,0.3423869552392386,0.39412866504893634,0.0717028081814796,0.10029935343601847
0.20235294038612048,0.23101893835273637,0.6594824713179878,0.46748947450689454,0.33912884320188,0.0007558220261628381,0.07959526400700061,0.11303059625806178
0.2103833498930227,0.20658559079777544,0.7763530325308137,0.14049585158814434,0.11983128637682726,0.020733841414930072,0.5550232211047242,0.16391579951537416
0.3568801023607335,0.2802106802308773,1.0951763227150446,0.011941877785812266,0.0583328056422884,0.35959823851038786,0.4235738851202269,0.14655319294128466
0.19919016095807368,0.25584975153989425,0.5831163018925609,0.10426762367707623,0.7384510979225833,0.04338538931795552,0.047005798287607876,0.06689009079477712
0.4295971116771071,0.34066022172429977,1.1142983168264342,0.041497919998756114,0.10437280256087904,0.5289078997763992,0.20904966614062698,0.11617171152333855
0.23882261796248244,0.2362880182682472,0.7991205789712139,0.5675129828976813,0.010348513156751503,0.04917657615971467,0.17382662172742186,0.19913530605843083
0.32336011551898813,0.265212785148263,1.0307199759097982,0.010572029347812973,0.1351334113584335,0.27435344330127215,0.3136841521432154,0.26625696384926606
0.2892915887702723,0.29379677236625074,0.8144799782618728,0.09360687574429441,0.023780435765815504,0.13491951545569217,0.03338231549000153,0.7143108575441964
0.38060733250165335,0.3025046790155943,1.092899896879315,0.1821022529058416,0.10780111563938853,0.41063361921566127,0.1946354279892631,0.1048275842498455
0.2851916326692296,0.2675449134259662,0.8790734596952475,0.29364276928191974,0.3546873549523329,0.19641648279661156,0.008452371569351835,0.14680102139978415
0.22977826154574335,0.21540914193401958,0.834589748288445,0.35943108229574516,0.036609328739836695,0.06476512064175582,0.5341240796445043,0.005070388678158002
0.27681081799194995,0.265168526438029,0.8553459229821402,0.3212206287365519,0.1475964829199335,0.13609315362858745,0.0016372578474009958,0.3934524768675261
0.2889430198809165,0.26136164954538155,0.9142237214087815,0.06665741585593236,0.11630238779492622,0.1690348299776768,0.18125135731458128,0.4667540090568833
0.4332406887501686,0.34285495452691017,1.117792476643614,0.13243834424279952,0.08918459759453501,0.5369497438087498,0.1795598689229145,0.06186744543100105
0.23748276933185364,0.23317880164969854,0.8040300747985941,0.032578274082258156,0.4454430565278949,0.10835673712956112,0.26027498237816604,0.15334694988211975
0.21210899977907377,0.22633055567622704,0.7162488480387765,0.08769652388058467,0.36394788344901724,0.024751317607957218,0.21085834391829192,0.31274593114414906
0.3373131172841366,0.2771687894592924,1.0365998200758246,0.10955486116455733,0.2641394720456235,0.3365967469083401,0.2821373689332185,0.007571550948260482
0.36631291168027263,0.29406307661344533,1.0756634777921317,0.029302042799588753,0.10442678776719928,0.3707207736421209,0.24458467957842245,0.25096571621266855
0.34987119225189434,0.29764177849560997,1.0074902581470675,0.20510069444721288,0.3185785084388065,0.3611920363950203,0.09721084986658111,0.017917910852379263
0.24450250199451057,0.25697380653607044,0.7568962168414974,0.4726806753588537,0.04433946437884889,0.044177598951105776,0.014018160124880186,0.4247841011863113
0.38457256869199935,0.3167903794740645,1.0561323524011583,0.14977503539251977,0.19000565461632413,0.41908887469685524,0.07326858922863766,0.16786184606566337
0.3970562497704634,0.30951991389503364,1.1212727653063361,0.010112689420798012,0.05283359654662059,0.4547037312287499,0.3720104792352051,0.11033950356862636
0.1954260437531054,0.22191081020191475,0.6553355540488699,0.2709556528977227,0.4369474452572511,0.00013810273612180536,0.15818025884687031,0.133778540262034
0.23851350643982788,0.2528691494988515,0.7454982421281253,0.09095174424605308,0.5171481687768957,0.10348288585709779,0.06706441765710927,0.22135278346284423
0.228536458284591,0.23875571266435916,0.7477787915197492,0.47987441423700083,0.06603406605555737,0.01955382579357957,0.10535382035869859,0.3291838735551636
0.36766170932787584,0.2987255873587519,1.0633896886321386,0.09750483796251345,0.20683805250948553,0.3910622889442856,0.19175811837723686,0.11283670220647857
0.5282072397001597,0.4218757316607003,1.1335263059994285,0.12305950185422627,0.007401464261238829,0.7521098391225942,0.08753955166520587,0.029889643096734846
0.3081152228743532,0.2532210748717116,1.0193275698127462,0.2900256618141442,0.08828954515252212,0.23264421455088288,0.23327561409430278,0.15576496438814802
0.2704460187065714,0.2415838481684129,0.91250313453445,0.39551026109274623,0.06731893854482524,0.1301929451365169,0.16871815649329883,0.23825969873261293
0.2968883485534668,0.27394795888710877,0.9012235373332605,0.258222589601664,0.0846293777754073,0.17501762398036383,0.02750795997350685,0.4546224486690581
0.20071768125035974,0.2351412626669372,0.6409665387560747,0.17832834006709267,0.48278328392174036,0.007587850502600753,0.0847917493149961,0.24650877619357003
0.3736640259959591,0.3034606207634987,1.066576695129764,0.3075113001799703,0.10940576910386592,0.3880624077081076,0.09656321579797984,0.09845730721007627
0.2232062502012203,0.22319978490705425,0.7760144136041509,0.018896043782183354,0.2404209615316356,0.042022215168389464,0.3405577405361923,0.35810303898159923
0.2805777745518843,0.24301883878480882,0.9488061736483691,0.44966839148109866,0.11506633106949674,0.17709892929589643,0.23616531527231854,0.02200103288118968
0.3597770962378604,0.29507543277449144,1.049823407272962,0.456573724910275,0.01734472656215621,0.34207058396315726,0.08360907541036812,0.10040188915404333
0.3591624936046635,0.3046872102342897,1.0146881234920644,0.16370831373214767,0.20414785097708618,0.35176613111040483,0.02787688109921319,0.2525008230811481
0.3102020423288259,0.26636851400016404,0.9768498476838208,0.047747073754118116,0.20202851875453984,0.24019873075425363,0.1926219372075665,0.3174037395295219
0.25930984676166424,0.24487110470689444,0.8547756053626815,0.09898168309278049,0.3506786799170637,0.13725419519476612,0.16025657786846267,0.252828863926927
0.35330079609379145,0.30690283336566254,0.9882632648504115,0.007399052574957808,0.42380145234065997,0.3848945493216847,0.1480858051526253,0.03581914061007207
0.30020777858242687,0.29301946736467066,0.8538947286769739,0.021627799250620527,0.5822950573821098,0.26515741367962015,0.03083752315694618,0.10008220653070324
0.21314324310572932,0.24500576477041777,0.6658751203613613,0.17188205161053352,0.345666499835832,0.008547980226408944,0.05170147337891161,0.4222019949483139
0.4949292691626458,0.39250998316786745,1.13354892421261,0.0019663843838161315,0.048027474880030466,0.6822632387335181,0.20295719172978888,0.06478571027284637
0.24201495096500572,0.22500037464594974,0.8533983610789609,0.022741565604410274,0.009378723450599572,0.09206096214351399,0.69946754293947,0.17635120586200603
0.23791062040790126,0.24924844722160286,0.7539088909181162,0.24300788761965322,0.47766300777324294,0.0999980113595948,0.04048982925193,0.13884126399557897
0.2079400926804164,0.21871755398959858,0.7221189602729714,0.39036745733391365,0.26683618491585287,0.011137033566947063,0.1929069182803311,0.13875240590295523
0.26379688140485297,0.22815701541084515,0.93706030042454,0.4021933106946228,0.022078213884376877,0.1290397458600038,0.3575234678070902,0.08916526175390632
0.26220278235383954,0.273257021279377,0.7765684532471141,0.1511514891547087,0.016790148985998753,0.07489647312704766,0.0901508390362416,0.6670110496960032
0.37017655973976227,0.31008511002843037,1.0325441286439283,0.11432120607006914,0.2125944845155312,0.3828731321262156,0.06089366437134121,0.22931751291684283
0.26861479735980615,0.2439269682493985,0.8962305354293078,0.24028718151748507,0.36116744357927816,0.17629086180108022,0.19807313522315903,0.024181377878997403
0.3067779241376276,0.2725282565006353,0.9422066079853597,0.3851952551530371,0.01879629805389844,0.19694325832666418,0.040656641371505216,0.35840854709489517
0.2272376089377004,0.23025864165834153,0.7697327130101206,0.2848206533104075,0.31365257652728895,0.055328735272654556,0.1309647058225085,0.2152333290671405
0.39505363939049115,0.30623829167059363,1.1267488383250563,0.19902960871000946,0.01486660443179638,0.4442027277208493,0.2992136114555001,0.04268744768184469
0.2718937513629871,0.24909526031653226,0.8907987694387303,0.39981858671947423,0.16879672381504843,0.14315975651423365,0.08723341252446803,0.2009915204267757
0.2910647799832039,0.24574286944197307,0.9809634783324861,0.24819735504756243,0.1003495524035285,0.18812995045599018,0.2278630141553385,0.23546012793758045
0.2659158683702042,0.27107234268142405,0.7965248916004607,0.016615445800867476,0.6115980125595247,0.19084693606157954,0.09476869888878768,0.08617090668924059
0.22936957740635872,0.2266100260326496,0.791534163543653,0.13741652505036575,0.45383627885836547,0.09901520902695787,0.28852150027414714,0.021210486790163623
0.26643727140402296,0.2751999656890835,0.7864727412377308,0.08244317328806257,0.6109314907616575,0.1876966600325431,0.030151172368291557,0.0887775035494453
0.3590908061871414,0.2838184057342227,1.0890442619023963,0.06583943314059042,0.13037290705606067,0.3747489528556345,0.364976530983392,0.06406217596432244
0.24681799126830878,0.23678309071069165,0.8312164127834054,0.4596854848130918,0.1616120347345456,0.08602091648628288,0.1254594776964356,0.16722208626964397
0.2905157778986299,0.2681944953923802,0.8967961014514667,0.20217966871271006,0.16414183676233687,0.17319275121005076,0.047810982779168516,0.4126747605357338
0.29268772194392895,0.2473794289527315,0.9810343688290306,0.09739876000909078,0.017536611315196102,0.18136523044059968,0.3363434969731678,0.3673559012619456
0.30398365441403336,0.29372206740886664,0.8647074312618239,0.11031723232437472,0.03488722027962313,0.17504057544158996,0.028621553956851665,0.6511334179975607
0.291929635882392,0.2675960550706958,0.9040852108917563,0.0658011654718333,0.0945289885075906,0.16933141256958095,0.15674537475086953,0.5135930587001257
0.27142067521572805,0.22941831608719906,0.9651394840312959,0.3079881831196826,0.09463997077166536,0.1571284496077935,0.35961710278754044,0.08062629371331793
0.27460163731215775,0.23563861920090362,0.9531614048402829,0.11474188295840512,0.10118749184697091,0.15214869949344914,0.33673835236752186,0.295183573333653
0.23356554946538938,0.24729699687210513,0.7422878230920216,0.49025504829853267,0.047118937225886524,0.023682434251259623,0.06042752867648777,0.3785160515478334
0.20603951555892416,0.2102242323559931,0.7422527546428962,0.3909186559764216,0.21431666241829186,0.01273613011224605,0.3218702965506762,0.06015825494236435
0.2070494911806853,0.2123493828539408,0.7395806339060935,0.005086567471066518,0.3176294862883993,0.025647418869801937,0.4268730607028146,0.22476346666791755
0.36604080021912566,0.2952181364354769,1.0705331455413472,0.12156892718632806,0.18002207952043692,0.38496882093739565,0.20554349153310822,0.10789668082273124
0.2036424526333372,0.2262035473509831,0.6792221184530838,0.32336634919592366,0.445864440796139,0.024099217089342245,0.1434201831879253,0.06324980973066978
0.3791274941783574,0.3239934368630962,1.015846176900894,0.009660420201136324,0.2213004076174611,0.3980240109943568,0.03563491878168746,0.3353802424053583
0.21190207157805913,0.21219200750084719,0.7629979728497207,0.25892933737602386,0.3313959640250116,0.041572963354856364,0.31596066354979735,0.05214107169431067
0.21738215821204723,0.21045549375365594,0.795332805177197,0.29093110591386456,0.018760669716754344,0.01624321891973178,0.4612735997527334,0.21279140569691596
0.3682403847799765,0.3199597118097037,0.994626426496003,0.09095325884400803,0.06488258497507458,0.3404970469533314,0.0001233643084777285,0.5035437449191081
0.3163406807844783,0.2572754057641932,1.0352356844734467,0.043799773457243264,0.11275977227441047,0.25895141808668665,0.3518749152480045,0.23261412093365502
0.26895287386900435,0.2803817382078157,0.7809098954466108,0.07267891783725244,0.6243239918566064,0.19283716566266212,0.004456444851886151,0.10570347979159289
0.22030512104860278,0.2172482598568501,0.7839193794271162,0.42530599855597945,0.0733738143442912,0.020315227565878738,0.2905049959909983,0.19049996354285234
0.2363704919214508,0.21610965123875697,0.862388564569703,0.37401585298538437,0.02438182553936069,0.06703851047142628,0.4314084542658545,0.10315535673797392
0.22820616622069556,0.21457350529827746,0.8305133756983284,0.10570449466623809,0.11864808498159361,0.050248786123517436,0.4468488973548143,0.27854973687383655
0.23112493137197834,0.2254591691045135,0.8033602363185165,0.5502522427824053,0.03486781118257483,0.04817522646087718,0.2914745695542687,0.07523015001987415
0.2644964241925417,0.2545031144585676,0.8428047124250856,0.6233344754182255,0.028098067003250352,0.10881370643945323,0.07370689848510587,0.16604685265396504
0.2332844675702344,0.22026796896394807,0.8320976873411546,0.04250300115050205,0.1731050234500204,0.09880909095211897,0.6728363630730837,0.012746521374275007
0.2211293534229497,0.22023956148457663,0.7770145938786475,0.39634062817535,0.28949818106077624,0.057133767833228946,0.2518979789745413,0.005129443956103535
0.23900587024074404,0.24832623041058632,0.761119233873276,0.6766452605156101,0.14850923707006766,0.07176647500324342,0.08943306332875127,0.013645964082327624
0.27242997433427396,0.2568887189522608,0.8658611995165483,0.49343408260167015,0.004354581594064588,0.11558075353596589,0.06352032518165956,0.3231102570866397
0.28687239830160455,0.24174814775692796,0.9798312851595212,0.0946156948620389,0.254488479930069,0.22064327414050436,0.40665130243945896,0.023601248627928766
0.41357339287273187,0.33683681455679787,1.0793754636087312,0.07535253266577001,0.0844851598244293,0.4687404954196904,0.07334053557183474,0.2980812765182755
0.3902955466105919,0.327120459965382,1.0402759480302888,0.038869088061276084,0.3171635325033573,0.45711652902741834,0.11719865514086283,0.06965219526708537
0.26628204341990175,0.23019933920999983,0.9395424164210915,0.10860935993092452,0.020798530121927544,0.12734966929255342,0.4325654446216721,0.31067699603292226
0.29660516357527217,0.25877209466578943,0.9529820589572027,0.48357455139535827,0.08464073568933682,0.19853994463429275,0.11271407068173718,0.12053069759927476
0.26624410033837687,0.25200079918815604,0.858108787888877,0.05560107512382911,0.10826679945099334,0.11352624643839064,0.2187823234504451,0.5038235555363418
0.3451713678802902,0.2693813456265578,1.0957379665386517,0.19030539557945095,0.020540860112745897,0.3266987395414122,0.3745817288412376,0.08787327592515333
0.3142325940991389,0.28608109648633795,0.9236282905248078,0.1318250336297314,0.3869725542810317,0.2688619698895941,0.020251085052708274,0.19208935714693468
0.2685742610465875,0.2274186248652271,0.9611097647614353,0.23669222908528537,0.11743800847341174,0.15102799211334675,0.36782577492824337,0.1270159953997128
0.3008656181554332,0.2808273021559114,0.8933092196860409,0.10303965617207078,0.1499325235617766,0.1908930606216683,0.04622892527971138,0.509905834364773
0.20985186821956003,0.21364611802097963,0.7482086250865692,0.3413727127706834,0.3053597013985814,0.031902238156981955,0.28211935637099705,0.03924599130275625
0.28474294922334786,0.245272955684017,0.9570682123053353,0.03519529687107461,0.32174454762363747,0.22133818938606534,0.38159337677688854,0.040128589342334126
0.4721188526940996,0.3749540458552757,1.1257882328786193,0.07949272525519244,0.027084775955107103,0.6133526157262269,0.11611355578510278,0.16395632727837087
0.5205668692508632,0.4171368486043251,1.1280875109099247,0.07709681527828682,0.019492819912284458,0.7293923402686862,0.06604581617505287,0.10797220836568973
0.39478869560288665,0.30913769357734927,1.1153240215160536,0.27388297851546056,0.00652647327976326,0.4337767371787788,0.2007256667694278,0.08508814425656958
0.4472014490562507,0.3499244534096381,1.135106292761049,0.016134749227453442,0.04499641812655235,0.5719618601276989,0.29394350300348976,0.07296346951480562
0.3130002755539405,0.27537380927434674,0.9550664104439982,0.022166884906596192,0.3832712053811064,0.27755702749080335,0.1693554344530988,0.14764944776839528
0.4561953929463471,0.37543478210726,1.0819333005493852,0.040844619121118406,0.18509621552021235,0.5898216631710237,0.03229645625297474,0.15194104593467084
0.23452128689996693,0.21315744928075328,0.865657229069817,0.143560378324094,0.15392893333176777,0.07626479201246734,0.4535255494505981,0.17272034688107274
0.25282468894547155,0.25703367739691474,0.7890977205771641,0.29142148652595234,0.13512361671522832,0.07459087796003581,0.0333912562703655,0.46547276252841807
0.26637574173100326,0.2482375129387385,0.8716480404974156,0.07149123781312623,0.38337230355045515,0.1619702538956583,0.1758972562549819,0.2072689484857784
0.26520405013109,0.23296428493349014,0.9237641305942215,0.14688659272497046,0.03398146762170254,0.11872895826033031,0.3492217520218391,0.35118122937115775
0.25501988961166705,0.24356297670878274,0.8417530955733067,0.23611527014118322,0.43161818500192883,0.15054417193683953,0.1653947379568023,0.016327634963246098
0.24660616616708686,0.2509792845956983,0.7833561502249045,0.7030514650510642,0.0732653924090589,0.079938026407853,0.10154557087025932,0.042199545261764615
0.23298130208840476,0.2160796758324598,0.8468232904527387,0.3787849865589366,0.029020240045984934,0.05353489305787825,0.3844862896623294,0.15417359067487077
0.23468781602758262,0.2194390664995963,0.8416359902256619,0.34991323230093124,0.23173923491252008,0.08407732103831117,0.2991294714947261,0.035140740253511334
0.24539498541253485,0.2388874678628949,0.8179373625605101,0.16595969586110826,0.12407515792913439,0.06731213479692424,0.19998213151121144,0.4426708799016217
0.23790895288323533,0.259676690650103,0.7236265696886521,0.7725506744266532,0.10606575132978738,0.058785072543199604,0.02891764030645,0.03368086139390995
0.43941067200174777,0.35186587541064746,1.1067020112344894,0.14544918891533787,0.10197225752063424,0.546093384459376,0.10233090118024993,0.1041542679244019
0.28826209157386673,0.25643423162455703,0.9291352798900268,0.10278305786532252,0.38492744562032255,0.2235349564849989,0.2023471001427435,0.08640743988661248
0.3859690198043592,0.30632602399699144,1.096769433496316,0.3395846366792545,0.007799485421120923,0.408001030530744,0.14334817187402904,0.10126667549485156
0.1981931249017979,0.20286076242010037,0.7305164544088013,0.15465502186713986,0.2476426285999927,0.0028901136627899017,0.4616563267810337,0.13315590908904387
0.3149659857399217,0.254911534775494,1.0394429030968837,0.1787007807885628,0.06330166094026354,0.24628213206852853,0.291787095991298,0.21992833021134706
0.3967172869190136,0.3180565256001576,1.090112162499337,0.15139733661280877,0.07285093285904223,0.43408017676203176,0.12195556816183423,0.21971598560428302
0.262421859643966,0.2522255580433485,0.8421900670647277,0.030082588181863608,0.13152063870522207,0.10669546152102162,0.21891487933120424,0.5127864322606883
0.45464338267777704,0.36741475046419997,1.101325905306038,0.02399047916521927,0.022157212044913895,0.5585362369364648,0.07038506031269832,0.3249310115407037
0.2130641178771133,0.24288237408223648,0.6713707344687849,0.2139776250957184,0.48905217733921547,0.03652820893765385,0.0379987142981079,0.2224432743293042
0.2422373721402859,0.23955528876804877,0.8024760093124941,0.3923721831170321,0.07190022823646093,0.05309628363429244,0.12514294798612932,0.35748835702608517
0.1888432561438146,0.24736647199239797,0.5612856707115971,0.21859559499692618,0.6508877051047697,0.002751443599639822,0.014433970190902385,0.11333128610776189
0.23322953031596544,0.21802889463077818,0.8403910437020569,0.4369734102585993,0.08541414913129732,0.06953889702436378,0.3933127196611693,0.014760823924570267
0.29381416296087237,0.24327749406224267,1.0022059948483866,0.12360266759444258,0.18895604045803813,0.22030592753695327,0.3496424339950341,0.11749293041553192
0.2855435615168002,0.2426937752462172,0.9705381247534554,0.2404057383612712,0.22313698403213827,0.2010464534642773,0.2592828885680812,0.07612793557423209
0.2599390790991963,0.2591829935514971,0.8100032962135051,0.029495225869372428,0.04235367220842156,0.08482119260121357,0.23128106205807153,0.6120488472629209
0.2418882568613539,0.23719249896423145,0.808997998247367,0.28662219739605005,0.3691238161559957,0.1025433818681185,0.12302124236126381,0.11868936221857185
0.2614710302560387,0.2367257598879233,0.8933165125593373,0.036216406863483326,0.01073906587882772,0.15195295052663746,0.7700634444302346,0.031028132300816965
0.22385495193295457,0.21977829587395376,0.7910469559408317,0.00988213688113958,0.3125265739154674,0.06017703184935304,0.36582605416013725,0.2515882031939029
0.2887036909315724,0.2557486770641108,0.9333525931464913,0.4740607358802766,0.08557868643467625,0.1765262790018473,0.10175659489552591,0.16207770378767403
0.2956156891278801,0.25853116769193313,0.9500428568077209,0.1518918517986024,0.053173867138102016,0.1803721653265556,0.19129691083550454,0.4232652049012354
0.21361317188148082,0.21242889003251944,0.7702020749458056,0.29494494481555156,0.2417285482402619,0.026688636056905645,0.28278711668333345,0.15385075420394753
0.19598067194484262,0.2141600875224274,0.6816427544163901,0.3410737507772341,0.3834351446259604,0.00861869964979711,0.261035115396027,0.005837289550981229
0.21526192463838328,0.20924849108863616,0.7897878917959773,0.16462121692541562,0.28118778493542546,0.057669078654230904,0.4935033849089194,0.003018534576008794
0.2914476175130571,0.24222059087870165,0.9968088040622788,0.030700931341380244,0.1445565841472515,0.20835836333445712,0.4131227502629945,0.2032613709139167
0.21464408044981925,0.2381171754918833,0.6914414305045857,0.44392869334542284,0.1998106986737882,0.0005121405188059058,0.05101053189529462,0.3047379355666885
0.3501196150461007,0.2833891943126327,1.0590369042618157,0.29654378001383785,0.14251482626608936,0.3460028791660641,0.1946108264292126,0.020327688124795965
0.28593014132686256,0.24587038122398552,0.9595712185923383,0.037320451500130185,0.32076958867968997,0.22591585831513158,0.39410360107853687,0.021890500426511476
0.2047971121301944,0.2113434055754895,0.7324435399755237,0.4144582903223808,0.021044247107227187,0.0010612783940124977,0.5338814156710134,0.029554768505366195
0.27938378658296276,0.2308906857160036,0.9934735386645509,0.2252738566315251,0.03971799806849053,0.17733885013984177,0.47882521808295897,0.07884407707718352
0.35125477751909756,0.2854372288726674,1.0554151562811251,0.3766844477982216,0.07066826617540843,0.3328347116488131,0.1392583350298557,0.08055423934770115
0.47528569413828753,0.3772732821451618,1.1272616277519811,0.10202725448204879,0.05351092961899243,0.6305807239490476,0.1374575963872423,0.07642349556266878
0.2905918937831292,0.23834258835338457,1.009437278688984,0.0919546226758941,0.05972972360560602,0.21085270880562781,0.5483882344247276,0.08907471048814447
0.2217197625320336,0.21855220784619056,0.7857150665477787,0.40502747290574054,0.17124363242210416,0.03510840887494198,0.240775537610933,0.1478449481862801
0.23187331228866845,0.2192310501981715,0.8295965016099045,0.1394638478010924,0.29236592101665615,0.07700202798087241,0.3069539932959887,0.18421420990539028
0.22331909743874342,0.21092498057504602,0.8217096759531399,0.09314232106967475,0.12838820043801427,0.054709842263650936,0.5708863917373516,0.15287324449130846
0.47430481791176904,0.39520444715057523,1.0736337128061375,0.029915662167066204,0.26384569991722445,0.6514234381123255,0.03868611973207702,0.016129080071306694
0.3226346501462939,0.2698005492360412,1.010504429728841,0.2896845727752391,0.19598823073665936,0.27946308237476675,0.14765772942565644,0.08720638468767831
0.23835714021447543,0.23511836835383448,0.8011162272571273,0.3441034574921714,0.21284347699588985,0.06577307751363985,0.11340074849512442,0.26387923950317443
0.2222385397305441,0.22286270075867043,0.7728459681418591,0.022183671946557893,0.047203675850132513,0.022507968359254813,0.4950378364826283,0.4130668473614265
0.29243387553581957,0.2563708592707557,0.945637410684741,0.2571665677281151,0.23149695981826238,0.20336197534754935,0.11909154782010657,0.18888294928596644
0.3735271676879167,0.3081657445949924,1.0498479255477051,0.010712914880549065,0.26605006156643474,0.412045415242849,0.1900288345673824,0.12116277374278474
0.29704981208395775,0.2455804464973532,1.005983235259817,0.06496894780729687,0.2058349163743758,0.23598540537236481,0.40942274786104826,0.08378798258491439
0.3612739425211749,0.2938429158361155,1.0593209015621843,0.2482415782714742,0.1392861078927816,0.3624162289607429,0.12683107917887693,0.12322500569612466
0.4482566273290828,0.3725250326187879,1.069073464753244,0.15075457339622061,0.24184105092851887,0.5844492841925937,0.013356116194316023,0.009598975288350776
0.2840476819638645,0.2551613969670538,0.9172534903235559,0.5293395532829845,0.14405569297572174,0.18213334133625866,0.12570229350294562,0.018769118902089436
0.24053855408924438,0.24353986444365952,0.7823711100624494,0.27088099081826433,0.25491266710497124,0.06923730151122293,0.06777164775578175,0.3371973928097598
0.22757563476890327,0.24601168454524877,0.7218178888419501,0.012214936380788705,0.34632386966580037,0.04823680996647676,0.1461891617602557,0.4470352222266784
0.3453051403414481,0.28458048734446545,1.0376858339693587,0.31622830538174557,0.14929252801860893,0.3262981275588131,0.11760069480183005,0.0905803442390022
0.2591689611800535,0.25788424599744836,0.8110963132743019,0.6620829273760196,0.1611444493297113,0.12001794789637064,0.05090827044158713,0.005846404956311304
0.33663752763150645,0.2867585331771631,0.9995780228601536,0.0064605826919139275,0.1654275889739743,0.2939823179289122,0.15785181122826994,0.37627769917692966
0.27099232638198545,0.23713703910188405,0.9319182158086989,0.023783103509809573,0.3196173169775468,0.18928948688488617,0.4147538331843787,0.052556259443378744
0.32460644082843565,0.28151078584177863,0.9754739592207898,0.2885793238393579,0.023656139643599857,0.2392358997257796,0.05196145106534827,0.3965671857259144
0.20258486006245727,0.2254427848555571,0.6768229915196422,0.1122088555867465,0.37115869011425434,0.0007452195424550197,0.19164569993907732,0.3242415348174668
0.25833875379484617,0.22729245285229205,0.9166109616945218,0.0350061897335198,0.023507987846328477,0.12854586686887687,0.6311076294411486,0.1818323261101263
0.2002690947936256,0.20866135808400138,0.7201577530858941,0.2822739620137316,0.05728626307084484,0.0002974104752201098,0.6256316594936527,0.0345107049465507
0.20725094679947365,0.22455481439408406,0.7002786701491289,0.20606349336464114,0.5046624006068874,0.047996288364395574,0.22446641180638888,0.0168114058576868
0.3789860676068929,0.30490855741212425,1.0789663314113704,0.2708915549821267,0.05239340569720725,0.389671017790421,0.10488791224375545,0.18215610928648948
0.36403165090963807,0.2975128470984765,1.0555229932833585,0.23443788854658265,0.04814100599955576,0.3468112705323758,0.09236749272070131,0.2782423422007844
0.2140284841975482,0.22732195561645616,0.7215690352158571,0.07451012676390946,0.5038197511453728,0.0593194077006276,0.2395604340181271,0.12279028037196295
0.34891562101695106,0.27330716847543784,1.0936984298083445,0.22038208391547923,0.04853185932410635,0.34094735298134765,0.355207478601504,0.03493122517756273
0.26878818384354436,0.2317212775734667,0.9441868529927213,0.24608331276046316,0.02374294343734259,0.12848819983695015,0.323120426104995,0.2785651178602492
0.2840820931256518,0.2647122430587502,0.8842888807137631,0.30964194580979393,0.10490816427612225,0.15003103491090114,0.03432472705834357,0.4010941279448392
0.23683838177589336,0.23649255748119283,0.7900391613412686,0.23211541370924504,0.40850519239480254,0.0947973706576178,0.1298772692945716,0.13470475394376294
0.33869737738310385,0.2687000257722069,1.074422589106299,0.005138344994317082,0.08218035827917645,0.32038354194803054,0.44841680998201106,0.14388094479646488
0.3850068849855319,0.32896570039569295,1.0183641777321235,0.10736625463128387,0.005529950834061622,0.3733159656446326,0.0023129565329962037,0.5114748723570257
0.45238813744702033,0.36806765175516437,1.0932450475563271,0.14714091357309236,0.09164991235517143,0.5650547918845061,0.005408392498762337,0.19074598968846787
0.2748204210411351,0.23891558441083718,0.9410035833180971,0.20109715545270712,0.06253905194550238,0.14149347700940645,0.2668145385263723,0.32805577706601174
0.19964765766498566,0.26070052590346876,0.574021311028719,0.00020403881484566525,0.78594806621321,0.05114523991130429,0.0756914497511852,0.08701120530945472
0.5740522761917919,0.4647296612572075,1.1276497281755207,0.007765080578382457,0.02644649797425119,0.8648503508191979,0.07626393071714895,0.02467413991101928
0.41867146049501136,0.3539867430073853,1.0414838063224297,0.031170032050587524,0.3501122518668171,0.5310886891956347,0.08180835802359951,0.005820668863361294
0.24560893302920242,0.2175267553731945,0.8992407977290457,0.20262982155826606,0.046698345654806524,0.08760808562917159,0.4533475882749098,0.20971615888284606
0.3765323230421839,0.2929767904191858,1.1145330747018818,0.10305131119337577,0.04152274667949484,0.40086722642895284,0.33574043455510005,0.11881828114307637
0.2709835445429237,0.22956956363780656,0.9625994885435726,0.13064980952806313,0.14327107316003182,0.1584643044383297,0.3882386792059669,0.17937613366760863
0.21919277271829418,0.2336888417560438,0.7240087778556438,0.3154794025365011,0.46827698627178,0.06647100573482086,0.13355511674875864,0.016217488708139327
0.22397122477963072,0.21431917117765756,0.8117389770764798,0.06878708054334638,0.16403508569625372,0.07099987849632157,0.6431986307742221,0.05297932448985628
0.3094893192505227,0.2741513639046003,0.946518432572235,0.11623508059903215,0.1778629371930658,0.22498753312148756,0.09231007149924848,0.3886043775871661
0.22479065633037065,0.23566628046529578,0.7416871687594286,0.2192006073414737,0.15106380662527455,0.018162944049623504,0.16305840864849042,0.4485142333351379
0.27151406731576216,0.2674526716477967,0.8282365098504973,0.26785124991446596,0.5014576586679946,0.19140617984322378,0.035426193613187246,0.0038587179611285585
0.36125048654072595,0.30573971974660813,1.0180243731455143,0.08693957588155843,0.2881174013141205,0.3758521804855611,0.08437459273144099,0.16471624958731887
0.26761152940982647,0.24947413473202273,0.8722809266122035,0.320823820988068,0.31017838446419377,0.1544191317945546,0.08604400810613567,0.12853465464704802
0.20382738072594456,0.20956169058906945,0.7340434231731094,0.03441085508198391,0.13348496655787256,0.005587918346392094,0.5965874149871994,0.229928845026552
0.25151045520027376,0.25865148181588726,0.7790810003698819,0.7682626757272063,0.04573109229055171,0.09013365597018892,0.09406996751663146,0.00180260849542169
0.36531243057006024,0.28459471519815416,1.1079349465450135,0.2382931486570964,0.004239716611933409,0.3672115687821822,0.2902727491404864,0.09998281680830162
0.2543970200412198,0.22905103282002934,0.8923645421927402,0.22919948956776776,0.30993573135104513,0.14302671410162562,0.3044546011640829,0.013383463815478613
0.28350405799989675,0.23952236712361744,0.9748737072199415,0.014767652203004824,0.1624114206241247,0.21200586825293105,0.581432223430278,0.029382835489661283
0.2776475696962826,0.2511061263228594,0.9065791146950555,0.5150468352276233,0.07021138536111886,0.1491920597877825,0.11335867877204026,0.1521910408514352
0.3884401804620605,0.3162358471759149,1.0702144727880702,0.043631056666151885,0.18733912812686654,0.4327431878108245,0.15583972225115972,0.18044690514499734
0.2603267928811203,0.25208344871555055,0.8343538377977835,0.3023398551737018,0.19597092268063257,0.10791696579183688,0.047696682483089406,0.3460755738707394
0.24308175136608723,0.21719200790938037,0.8889910509352043,0.2780744821530925,0.08077366793055676,0.10131886049408824,0.5252415141348072,0.01459147528745527
0.303304544633535,0.2713646576498793,0.9334470701794709,0.6245523678479108,0.01802287132752721,0.20517355389657033,0.06479930446313127,0.0874519024648602
0.30240801812577134,0.27742938166253817,0.9098099725889794,0.6104331936790939,0.1529397576282458,0.221433959537881,0.014518177030531747,0.000674912124247595
0.22069619735859364,0.247087119003818,0.6908340590427785,0.12754650461504585,0.5184392523033162,0.058724285585450994,0.05486204195009385,0.24042791554609305
0.2339276501459132,0.2590827507735961,0.7099185476328432,0.19369194180762847,0.23106649317387037,0.03647996619113653,0.015391637699076685,0.523369961128288
0.336344138266672,0.28205882784499975,1.015192966851678,0.05137304519638616,0.3265495916713972,0.3387437159806138,0.25187674283765726,0.03145690431394559
0.2805489413953664,0.2562137457298187,0.8998304940222989,0.3582110659025522,0.30454054977862116,0.18859696280494193,0.08541395906601955,0.06323746244786525
0.3364888431070563,0.28417875109557134,1.0081290103590752,0.046203874992332784,0.2533927632598345,0.3128443008863967,0.15827127294432577,0.22928778791711013
0.4238254524179997,0.3508496436634091,1.0654861966359375,0.10150743011295384,0.23016985741653645,0.5201840255498681,0.04022413591394425,0.10791455100669727
0.29701954313857515,0.24538110188373075,1.0066771289323688,0.027851291307559208,0.17988917150865946,0.23940948003808107,0.49287866884846887,0.05997138829723144
0.2872877148791629,0.2687786711317668,0.8828368481769683,0.4769276550448379,0.01038957071496475,0.14687219141072907,0.009352619293954135,0.3564579635355143
0.39499104875510543,0.3319733541140198,1.039213070807528,0.19626909599449383,0.28784031224674367,0.4632896457419076,0.04236481010755828,0.010236135909296604
0.229077071757422,0.23179853358530228,0.7725548086417091,0.5060664797028259,0.09067532385526525,0.033104131834816745,0.1515045230488766,0.21864954155821548
0.22997759143352806,0.2654480948016918,0.6780142519688598,0.009873613789213306,0.10088169919803155,0.01046662671076856,0.17114050617858137,0.7076375541234052
0.21595756248857756,0.21765241660124726,0.7624889494915287,0.4865279536878697,0.12162094952091426,0.021157101637377284,0.2835499880169383,0.08714400713690054
0.2861074933974457,0.2579884708806494,0.9151862197232593,0.024984096394145495,0.3812647048932975,0.2120114726043969,0.19690233606678623,0.18483739004137406
0.4135233461683624,0.33374491650337684,1.089225118323815,0.09118494624679184,0.09666212685491911,0.4754407156439407,0.10119287017975565,0.23551934107459266
0.2432811673141485,0.22754764581459466,0.8494096549416011,0.2159302875638326,0.21720444588940502,0.0855893059166059,0.22271497194241444,0.25856098868774197
0.2711944548094887,0.2434604502117671,0.9085436859132113,0.4957360872901478,0.12087272272542965,0.14925832877101747,0.1762381945081285,0.05789466670527649
0.26759493872248447,0.231243631519611,0.9409770002856532,0.0871045700001267,0.0641893195748475,0.16587569952453587,0.652703058487049,0.030127352413441007
0.20770222249382822,0.20475803654947736,0.7701881945704305,0.21461440308728794,0.19583596673016723,0.016956918962626553,0.43100883630623293,0.14158387491368546
0.2248098710594536,0.22040294030052873,0.7931376542485911,0.13354502384186856,0.41730026720875196,0.08788822639048512,0.34929766048395877,0.011968822074935557
0.303708388532376,0.2669306648419493,0.9504655026525247,0.3797295056183629,0.12343866891826133,0.2102253444809601,0.05191743378419607,0.23468904719821954
0.28650893190371046,0.2582173874774055,0.915929536017033,0.24920952028967974,0.107966915655179,0.16198087145115372,0.10265177569222424,0.3781909169117634
0.3335438990815193,0.28962665987361885,0.9789979251400621,0.13947975588791697,0.3733426500991518,0.3272345779492057,0.10700255233281315,0.05294046373091239
0.22610566777709346,0.23572897730108994,0.7470683909690012,0.10605003543217102,0.35619422735229295,0.05257472093107139,0.15128601894671923,0.3338949973377454
0.24725580467763988,0.25933205217941646,0.7606302538383118,0.12666546915809257,0.29849503999720617,0.08186169727692191,0.03360860914355245,0.4593691844242269
0.35285542785671153,0.3109447763882731,0.9739846135203748,0.016305122706305034,0.04953482019847762,0.30223856809086896,0.06655114500020298,0.5653703440041453
0.21615367703663768,0.23184230497205996,0.7166667751024188,0.6419251869480659,0.05142740377549739,0.0068890229086501645,0.2010315060312527,0.09872688033653397
0.1905164518369433,0.20702948131470603,0.6787267733301416,0.029845562431841242,0.3455001001154542,0.00890082796708856,0.5738064423598273,0.041947067125788814
0.4284760000054636,0.3396677653304863,1.1142535107422338,0.02143608875959834,0.030410241018084108,0.5077458667262831,0.18597751919382727,0.2544302843022074
0.25328834656499744,0.2306735841988146,0.881281431816596,0.19187401224051795,0.15517642984729677,0.10114533389124307,0.24800320013145272,0.30380102388948943
0.38347504260219695,0.3222033829915346,1.034983057924499,0.12771247777272327,0.03799423020423487,0.37955655565876967,0.023781796006072355,0.43095494035819987
0.27366817483742456,0.24855521066090447,0.8998732082207987,0.00594343256019021,0.2605262915703925,0.16102550684614395,0.23676097582592942,0.3357437931973439
0.3173946589136355,0.2653613766410377,1.0076623143063819,0.10638027657221791,0.09966773859556254,0.24540625948685965,0.2153686012159456,0.33317712412941436
0.3175331950249543,0.2736874443736234,0.9775135853865928,0.0889045710421935,0.29067429693578606,0.27198815919397934,0.14268485849255552,0.20574811433548545
0.27580752990540125,0.27108895864051374,0.8329646881887234,0.1854378375141588,0.07533032461627208,0.11845719677112244,0.05491118637529513,0.5658634547231516
0.2761768292727096,0.26927327703528986,0.8399527489802405,0.14210407629184862,0.3954291396648752,0.17197115214437356,0.007026532164556378,0.28346909973434625
0.25079025914862385,0.2183073270928569,0.9197595968147135,0.24987371133596178,0.07372161652798423,0.1109487432681152,0.46981382522229076,0.09564210364564801
0.24044244832273173,0.23951118657567522,0.795129659894028,0.5727037021606075,0.021061519470774764,0.05151078154157663,0.14119576214108717,0.2135282346859539
0.2203159726878696,0.25104604585206497,0.6784252351388654,0.20421916799569692,0.5358378060294519,0.05936078121072224,0.005855921252547503,0.1947263235115814
0.2767643380814205,0.23802780769511617,0.9526800262424684,0.19903686022612302,0.04750506938399557,0.14656888315903766,0.2910524222713188,0.31583676495952495
0.4520558824319941,0.35689062476629674,1.1265520989666598,0.10973258323455838,0.05771268526243617,0.5768550769717498,0.1725504647782933,0.08314918975296247
0.23979871484656062,0.2505341307492264,0.7575762802415961,0.11496802053264309,0.4587670138348907,0.09686301901420138,0.06580344107649652,0.2635985055417682
0.21204987209213547,0.21123459680478676,0.767155923051253,0.11989668897827807,0.34704473759366594,0.0439342613331049,0.3725112914717643,0.11661302062318685
0.4269225018192937,0.33182440659325824,1.1359095181968202,4.7320637660800635e-05,0.02643853180548732,0.5282565007337249,0.3934381763424529,0.05181947048067395
0.40724684253378374,0.3304912032137128,1.080957190569364,0.1984224283290436,0.12351769078948781,0.4658062272818122,0.061600666919869464,0.1506529866797869
0.48576296423707155,0.3890722219710247,1.1200053348180792,0.013120271638526559,0.1008527302045873,0.6634065945056864,0.154762782137788,0.06785762151341185
0.291183859228238,0.2772421161454153,0.8699394687268059,0.021858829821162568,0.20739635448712468,0.17659377464527104,0.07988556958027734,0.5142654714661643
0.5045781605257271,0.407032849956371,1.1168095169086534,0.006234558244636427,0.10051953867415511,0.7050597979036752,0.1074696934987133,0.08071641167881999
0.20707515395075457,0.20822778361650668,0.754342918234389,0.10823331565117354,0.24594014692130312,0.015421399253255218,0.40586177804651274,0.22454336012775533
0.25893008523936484,0.2526568550816677,0.8269321850453304,0.050312196602464734,0.31318508021524877,0.12228939757599194,0.12948274359231915,0.38473058201397553
0.26066398303712934,0.2497251065788988,0.8435835143815291,0.6452861941591612,0.02655340711849098,0.1070198709769118,0.12857318195423895,0.09256734579119717
0.40895810850898134,0.31868673336120856,1.1263666507953694,0.18407683020944726,0.021897635963072405,0.47189366222140156,0.23375816434318206,0.08837370726289683
0.25754195379787076,0.24714758119800193,0.8397490794441513,0.31630396393772836,0.3030993064854204,0.12448393608855089,0.0662246170306089,0.18988817645769146
0.4761265828647099,0.3876502490649124,1.0992552794499935,0.16491115911274598,0.13061165008882494,0.6361988873209644,0.01997075855332918,0.048307544924135436
0.1996359908557542,0.23153662675785627,0.6462735203110879,0.0011242889622603623,0.027398208803416153,0.011799492314635802,0.9034223475733014,0.05625566234638632
0.4737801434223204,0.3761119089762507,1.1267394977622995,0.03693869760416821,0.06300822951352783,0.6285628838689304,0.16778739244473442,0.10370279656863912
0.2591302671417177,0.25019559436063327,0.8358671049989643,0.5609929024895025,0.1364063752693255,0.11074634263371064,0.06305460760272506,0.12879977200473638
0.24120087696261355,0.22794758000822737,0.8387931863795725,0.1368417620594463,0.40644635701281306,0.12286442314777278,0.3093526091927109,0.024494848587257086
0.4420277427653916,0.35688578650683245,1.098468354827256,0.04192734262706671,0.10332935426667689,0.545793099112186,0.09352827243806998,0.2154219315560004
0.2308991865193694,0.21368650585586654,0.8465634542285393,0.28683608299144614,0.13232800762888533,0.05875243931434542,0.35496889956954253,0.1671145704957806
0.1924381344510241,0.21797381831660897,0.6534644185758649,0.06523330754381651,0.4880509070981462,0.005447620986894122,0.27844608686516875,0.1628220775059745
0.25649585819631626,0.24795327395205552,0.8328014988672604,0.19722013185804743,0.23103325090897725,0.10497326690913013,0.09764538043829864,0.36912796988554647
0.2151872197839189,0.21103814537071885,0.7827363128771994,0.40371021598349344,0.042124439994331346,0.02022756746586543,0.4491384063259226,0.08479937023038733
0.2276901047539558,0.21685719251221108,0.8193876472137311,0.26571446881963634,0.147728340950515,0.04457601873788309,0.2950662099853062,0.24691496150665937
0.39671751254440796,0.31668814668456,1.094823144390557,0.06640102201136142,0.17595564830271346,0.46657569199739046,0.2612341362933146,0.029833501395219977
0.33845354351422857,0.2796176161078642,1.0316000384001411,0.16759296463341256,0.2560242268707316,0.33209698234310875,0.20932645876393063,0.03495936738881654
0.20314637559016094,0.221327302861996,0.6919452485518794,0.37192982569657507,0.3397031444621105,0.007426802662957021,0.15934611296347745,0.12159411421488003
0.2713498785961262,0.23012870438991334,0.9618525389213815,0.17606297288086328,0.038734702573928144,0.1421580201495482,0.3887821322015416,0.25426217219411884
0.1927975928928592,0.22704605742816025,0.6289366770354154,0.32195444726328726,0.48594381746771614,0.0013575444337835373,0.12336255250915217,0.06738163832606088
0.4061137808030984,0.32330718984971635,1.1014718879856387,0.22460951681773134,0.033159185992563275,0.45318772641981814,0.10871852758303804,0.18032504318684925
0.3985079509206631,0.3397583669905978,1.0257523722154793,0.026070523167592643,0.05904666525658843,0.41383634647912454,0.006476890199354063,0.4945695748973403
0.2557831946558272,0.23977720325681873,0.8582266865270697,0.003822397341622213,0.29125937306062877,0.12361390410392782,0.25726663865808785,0.3240376868357333
0.22676366492180092,0.21692985555156877,0.8148424958489887,0.18801036189012074,0.05123067282232862,0.032371437000274575,0.39864834334214205,0.32973918494513405
0.2753325862156262,0.24716500361027408,0.9116686542360467,0.4300977302069623,0.22616089170727016,0.1741721475159619,0.1610651853386405,0.00850404523116513
0.3088619896035075,0.28853907017941777,0.8971470984589484,0.05455782813132171,0.49786453827564375,0.27598141304532664,0.0533224562033313,0.11827376434437652
0.2165837857712428,0.24347535075826127,0.684191583470141,0.5745105216527322,0.177953500076343,0.005539812599717419,0.023671970512703963,0.21832419515850332
0.21874250269823906,0.24185557427767582,0.6976994563892283,0.5425848052178998,0.18380305820410417,0.011442103370865776,0.0326561570374744,0.2295138761696558
0.293354848335023,0.26907951949379705,0.9043975133924415,0.32715116499526314,0.17081011985573208,0.18368541584479942,0.0051066532743999785,0.3132466460298055
0.36430425018033785,0.301592320824051,1.0421493800689408,0.4608584181539277,0.08899784966267175,0.3661181345976282,0.07180525907636554,0.012220338509406676
0.29685691785715723,0.25194414490923955,0.9798081155888146,0.10765947792728714,0.09433898695888135,0.1975704405892744,0.2598693520167566,0.34056174250780047
0.2119416279960265,0.20815602281903928,0.7779819474011122,0.2670029078529905,0.13011441666719414,0.012203908536960273,0.3830141872736026,0.20766457966925242
0.28611445893541265,0.24713921668105301,0.9553904965237936,0.055620887678669226,0.31621096565297524,0.2153083020736049,0.30575645868117324,0.10710338591357756
0.22808395195235584,0.2344744395406459,0.7595026234042247,0.06344800168829066,0.5386865085435482,0.1043343841164705,0.2631440048090803,0.03038710084261046
0.35362382412604937,0.27705259508520025,1.0959068043837592,0.25526840676931384,0.019694078428495024,0.3414901758267569,0.2921474253749292,0.09139991360050505
0.3251380165956607,0.27581567788420636,0.9975430646519299,0.2250388094507034,0.15939356979011726,0.26808575462947914,0.0932630238276883,0.25421884230201197
0.2427372225252715,0.24789401659951918,0.7774984857203904,0.09892147916366144,0.45092825070135867,0.10617391044776842,0.0989696474894197,0.24500671219779188
0.23420863105894832,0.24863020813585346,0.7408940065653458,0.2532740347935967,0.11880965797475011,0.029125069220422236,0.09267171449681043,0.5061195235144204
0.20542339864593256,0.22497516567418255,0.6908469127255698,0.2931704147242889,0.3494763697391532,0.0069976966284466995,0.13226375470635726,0.21809176420175386
0.38174092563979767,0.30300573189946295,1.0948338289186854,0.37300996117886676,0.010635574840064284,0.4027648399682057,0.16732688587951958,0.04626273813334377
0.39520265028982654,0.32692712999218215,1.0559008984604044,0.22510571675456156,0.19534996995223408,0.44642678196530505,0.031302743400826664,0.10181478792707274
0.24930543967837288,0.2355559040643826,0.8461067468039278,0.49048153971379516,0.04165699070286506,0.07782821212003897,0.17686087194411465,0.21317238551918619
0.3455558563250862,0.27924880523076195,1.0583961355925897,0.30827440578281445,0.12674862562795605,0.33343801550053925,0.20588506676629198,0.025653886322398275
0.2659636166185113,0.23090298546877414,0.9353002352051307,0.04884589940151377,0.16508493391469156,0.145292953884077,0.39100704409361137,0.24976916870610624
0.2560057680480015,0.2234925039137263,0.9217569468348921,0.20963873835756455,0.07990794291026468,0.10978903745834373,0.3656621465667027,0.23500213470712433
0.31308284549476734,0.24919581296001722,1.0557273911218494,0.17182162473003998,0.04444735443516224,0.25825703011010726,0.45462167043236645,0.07085232029232402
0.2111514610488609,0.24191147937028928,0.6661588010141075,0.11680084209898753,0.6407551696858942,0.07000052815826649,0.15611876153541027,0.01632469852144155
0.4068901020950541,0.3205839274849057,1.113250139815128,0.13240482272314585,0.01334878257966625,0.4548727254946576,0.17876734940514707,0.22060631979738318
0.24746828883456926,0.2336966986190186,0.8449768011335482,0.15604824992999602,0.11416908727205423,0.07658944097188673,0.25046703225375877,0.40272618957230444
0.25765150051842395,0.25027009725609783,0.8297095929360555,0.12283651054285731,0.47651580560661966,0.15557880990842,0.13737330076247628,0.10769557317962672
0.2812899203527779,0.23545735860981493,0.9823006667464446,0.13766650848205733,0.002184758085720619,0.16205468566951814,0.41787814108022087,0.28021590668248314
0.21241559475329855,0.25099148527668913,0.6470960342509392,0.10410192867211797,0.6901164231987025,0.07543265026748121,0.10527876048791102,0.025070237373787305
0.2789087125871418,0.24616555317644556,0.9298974191692269,0.012346349262358733,0.3751890554458499,0.21242040224753575,0.3592569667027771,0.040787226341478376
0.28026236243685804,0.2644857122222577,0.8706041642179884,0.54693593431341,0.1886351646534916,0.16690574196642052,0.007475080034791165,0.09004807903188673
0.5514509501073465,0.44411325960194553,1.1291060090320026,0.07032079046767675,0.023622387269330757,0.8093726531033376,0.07014602367335819,0.026538145486296568
0.21967001138055187,0.23311302851021545,0.7278443957632192,0.03460628225570378,0.13811701533295095,0.010317530727478078,0.3092240201296539,0.5077351515542132
0.20417188912261827,0.20688563438974528,0.7452034529965417,0.11510606163912838,0.2429273564641628,0.009092596652096609,0.41582360216228575,0.21705038308232644
0.39709882951316217,0.31317494132781765,1.1083224859610799,0.13428713872882997,0.09885265891849622,0.4527771973087171,0.2296027070107784,0.08448029803317816
0.36114170239728083,0.30428036004411885,1.022549409209872,0.2077831382066088,0.14807257129746718,0.3479918805115124,0.02222562332561558,0.273926786658796
0.30978017273879777,0.27594173585067333,0.9414312479333629,0.1893672094423099,0.020669434331058917,0.20078279397140783,0.09855712975587888,0.4906234324993446
0.23271546987948252,0.21685692566503398,0.8425622991709855,0.029330200288164205,0.19775590848186325,0.09243524158096335,0.6035623549757053,0.07691629467330388
0.22622111557706173,0.23716974124488008,0.7430168564172429,0.252661914037224,0.17879229586831175,0.024319483782687307,0.12554164613821395,0.41868466017356304
0.3540567435870177,0.2945723142516037,1.0321972869701295,0.14825044748527808,0.29222593788163087,0.3738066258805831,0.17788675668470533,0.007830232067802576
0.29751097498034973,0.28573843187011555,0.866215207245407,0.07271234798475201,0.09686061243834175,0.17145707628203682,0.05488182833877577,0.6040881349560936
0.29142330028695823,0.2616195070276364,0.9228031312720701,0.18637404388485815,0.01359849332194335,0.1603541524259143,0.16191753008606172,0.47775578028122256
0.3687621507803618,0.28901336593675925,1.102932211273966,0.0004396531140432929,0.041405494515427535,0.38192586759622255,0.39093876284146883,0.18529022193283778
0.3255909532511881,0.27653817490852295,0.9965747164649214,0.5312644947230343,0.03511751925756477,0.2640142447445298,0.096420624970758,0.0731831163041133
0.2529442959232108,0.22107890603853003,0.9179722279240939,0.30583849338052566,0.026690236072860404,0.11633867211556904,0.5133080042195409,0.03782459421150391
0.2260871763330895,0.24935415213009465,0.7061730267127061,0.3684110674626492,0.4986122613209983,0.0782951574835241,0.01800361361939333,0.036677900113435136
0.22406943550436095,0.2182407470160697,0.7976028211246166,0.11045102762726162,0.07398367000569363,0.06584781650609454,0.7164353782136532,0.033282107647296874
0.2818370896394792,0.23254163962617402,0.9969702200955173,0.26200043919267063,8.13461329485458e-05,0.1797485762589912,0.4908555889560866,0.06731404945930305
0.3273311223883212,0.2703796226367403,1.0257101466589453,0.05059187215934028,0.2600026779399161,0.30739931629007444,0.2871748468066873,0.09483128680398167
0.32874166425050766,0.2921174062028733,0.9542110751761356,0.034338452710002666,0.3688459818718601,0.3034031025529316,0.07221957751654137,0.22119288534866427
0.2360287661580638,0.22683863751624955,0.8200929444603001,0.2270538650470092,0.2082931028682477,0.06430195891628368,0.2096169221957331,0.2907341509727263
0.35732976316336534,0.28849306513779277,1.0652934170759898,0.005320412676967208,0.13725397015527063,0.35536826516873216,0.266373010105679,0.23568434189335086
0.2752408958036424,0.23682702498824862,0.9510776728915077,0.43196086317240345,0.003270972095351814,0.1463753769999851,0.27828320764586767,0.14010958008639196
0.3889447248246758,0.3177333157170835,1.0667585300575761,0.07163077019796453,0.026805660614264547,0.39993904456726476,0.1164512915233682,0.385173233097138
0.3340211228657487,0.2743922728698034,1.0350915493910942,0.1689447854318822,0.21492430227272608,0.312574569217571,0.20627741665458976,0.09727892642323095
0.24810025451350187,0.24464813630670318,0.8097353918329199,0.21167244480696568,0.4771438084933266,0.13739070022686634,0.14425516111950387,0.02953788535333746
0.31040080848509194,0.2666623321490515,0.9765189045880703,0.5286612207823619,0.02051062228190142,0.22449236988139146,0.11454598363077574,0.11178980342356946
0.28828513185179183,0.24452218026656572,0.9744929134527814,0.2127879462310736,0.012985753910826332,0.16840730003487364,0.2764567776008925,0.3293622222223339
0.2636533248048056,0.23686024587967994,0.9020227265715878,0.029529543228436855,0.3596418785730905,0.16860524468920055,0.33733117237326965,0.10489216113600242
0.3440785409529091,0.29895939480438755,0.9836738569307312,0.1199318099662561,0.3860408518975689,0.3534689973372844,0.09129713009852307,0.049261210700367625
0.26107147653340435,0.26215404648027474,0.8051429278597307,0.13818647999786088,0.13573282124681085,0.09353031355371505,0.08652557129934345,0.5460248139022696
0.22450736462214485,0.24082364492707084,0.7246272045877857,0.03852171678769637,0.6021143664889095,0.10091986046912735,0.22465839302860596,0.03378566322566084
0.39088904302399147,0.33037801953713175,1.0318151416416441,0.06537111667038871,0.3038920724726086,0.44933674994617523,0.05202297733661614,0.12937708357421135
0.3019364500142731,0.26830819075775386,0.9389815842101435,0.10639330316151212,0.34624137931709037,0.24089093784190177,0.12048329201378097,0.18599108766571482
0.24847953815080392,0.22100280726160343,0.8980860497209049,0.3065832044280678,0.0015633417265993607,0.08410695311501915,0.38783239674523023,0.2199141039850834
0.25700626997983883,0.23544791503514684,0.8792019668084029,0.20791017790822341,0.2003509819040036,0.11351640772169337,0.19524773236043264,0.2829747001056471
0.3869584086613192,0.32593405122801566,1.033823889807669,0.11941944097189133,0.27596683460148363,0.4352168384483624,0.03703193350587223,0.13236495247239038
0.23478397014077837,0.2355860123794977,0.7843588346965014,0.102866440693281,0.2281929685662714,0.05640975991282014,0.20058905713582947,0.4119417736917979
0.4522488197934598,0.37978451571784905,1.0591501315769811,0.06505565517290354,0.2906475592351868,0.5989461280467843,0.013473693030670506,0.03187696451445489
0.20086371318128837,0.24510503601324649,0.6155063789596518,0.4638483514479335,0.49080829179764573,0.015879289304832445,0.0023339654408005774,0.027130102008787762
0.2465051118847547,0.2411663084719663,0.8148116257607223,0.663335634344501,0.023827570269078363,0.08383819882208322,0.22652368114789637,0.0024749154164408903
0.39280160052291896,0.31858777893204804,1.0760036109107485,0.19614712388706315,0.06859427904055418,0.4193144707664944,0.07048507706010251,0.2454590492457857
0.2170954224020992,0.22131787037368478,0.7550019441266376,0.49297124643008133,0.11005408002170601,0.015568533325188209,0.2313631626945393,0.15004297752848506
0.24799214134980602,0.233315143659162,0.8486039021926605,0.28854108623115465,0.2808533205616001,0.10644730177407523,0.16257667369690457,0.1615816177362654
0.2498849314654726,0.24260331017061676,0.8239167525162727,0.47350704164252844,0.14927483249633428,0.0869122836595659,0.08306363972813041,0.20724220247344083
0.21230137866039478,0.2057106210834158,0.7889790901685211,0.21446639472572843,0.20861988097948658,0.03437036025830162,0.4560562624874972,0.08648710154898631
0.24744572312773064,0.222130699241417,0.8888718389759438,0.09328832130772037,0.22639961152688104,0.10993523967741503,0.37288027520926953,0.19749655227871396
0.24453311623909987,0.26127529667345245,0.7445522738501817,0.15329877997663802,0.198201601784193,0.058548331773345445,0.0435585224412892,0.5463927640245343
0.21443699385734105,0.21762124407073938,0.7556109448758119,0.21597529036874574,0.20173869915296105,0.013771773521390088,0.2617149892098353,0.30679924774706785
0.23054936437294643,0.2446827880046557,0.7378915609279024,0.19500035110743935,0.292539750233888,0.046557224269127534,0.06925765863740525,0.39664501575213973
0.28582152934499194,0.27045111704662705,0.87195620384269,0.7210703737008943,0.035825548791828345,0.168812947477249,0.05909990480652378,0.015191225223504638
0.3991913651237927,0.31135658479446027,1.1215159151180594,0.14558747827372784,0.057349397603971085,0.457568941081259,0.2820813798534056,0.05741280318763652
0.21265909860840412,0.22699277863645612,0.7165827018176352,0.0029041463158979083,0.5164460491250756,0.06062580070425449,0.2915089987841018,0.1285150050706702
0.227957936597822,0.23054814028163823,0.7718905751329337,0.4861511458666447,0.20938300135104307,0.050209600502252885,0.1392518477059747,0.1150044045740845
0.2518294757804409,0.25752379008718135,0.7837313815244571,0.20825046262797361,0.40027570346477725,0.11416652453403892,0.004526736867023715,0.2727805725061866
0.24950646721018088,0.2511504696263,0.7943702733546032,0.1409557087409881,0.4987306320333342,0.13482468798674666,0.09647881005883395,0.12901016118009714
0.23216457849488073,0.2431403448574313,0.7492157609700497,0.49082582509667155,0.32895708996524514,0.07280190141719968,0.05054956313265343,0.05686562038823024
0.2790061156673121,0.2669624904329954,0.8578213190020794,0.17037682652759487,0.330733829918886,0.16978898433944598,0.017037966706667188,0.31206239250740603
0.29966393874700253,0.2644589966766489,0.944055380548327,0.2813559009662593,0.0586450112468095,0.1872027747138552,0.0954284958645453,0.3773678172085306
0.28044847548773355,0.23464841738161774,0.9821011283998833,0.2818246483241334,0.1125842158224796,0.17764105761010943,0.3245394555971901,0.10341062264608758
0.23316397300132627,0.2473979274865307,0.7403617922842074,0.08304346014142203,0.3096163324873897,0.05492525904535521,0.10870109296273271,0.4437138553631005
0.24360747376347117,0.23297900693463997,0.8310082367969999,0.45671846833952673,0.18326967009171316,0.08566307911636928,0.15591725650873609,0.11843152594365465
0.23439991567184876,0.2355402189263579,0.7828808027452065,0.0659473128131196,0.46303517129648203,0.09888898715703384,0.2061371353284668,0.16599139340489766
0.22389510974565235,0.25355678774310275,0.6858231297749301,0.7196112828908813,0.08876634781154923,0.01491627179587763,0.016840985658717347,0.15986511184297436
0.2979378157828112,0.26869930690473337,0.9227333655561565,0.32610924298058747,0.1934441632950135,0.20156174039621963,0.0197659899344225,0.259118863393757
0.24868803420775662,0.24330854558582712,0.8166093538941047,0.5794268121694974,0.13357693857638392,0.09040616450467545,0.10876655288235369,0.08782353186708938
0.25582426796289204,0.2743675462230963,0.7501771648878993,0.1957669980024903,0.04551716156659628,0.06025580625318987,0.03966744913996945,0.6587925850377541
0.26478248370068835,0.251855422900251,0.8528007109291207,0.5509892978479507,0.0748622583518834,0.1133906665365034,0.06731312864690749,0.19344464861675487
0.26324242024662114,0.2310163565202706,0.9230620007112359,0.004561499574459262,0.25629982660713485,0.17056543074166097,0.5272092435651337,0.04136399951161121
0.2106128658046537,0.2289340914423396,0.7015681447562229,0.40439566243128855,0.38946997598720845,0.03374365683420037,0.12612316954910657,0.046267535198195965
0.2955908392184725,0.2801735910627106,0.8765666966930602,0.060080419052725174,0.062431660038934786,0.16603334799821204,0.10831524627106857,0.6031393266390594
0.20062030132340822,0.2314114294600792,0.6508766730961822,0.02277688359068677,0.6133283376536682,0.04420459159628275,0.24989943027000483,0.06979075688935739
0.22879306253733858,0.23097906347726702,0.7740660986571859,0.035204471410176096,0.444842284021998,0.08422274075532978,0.24519159569628388,0.19053890811621216
0.3579914121635789,0.3040583467531758,1.0129352325052134,0.16638334514142852,0.1785384272698276,0.34352384965389193,0.023950304421095733,0.2876040735137563
0.2281505283564295,0.22367863816815703,0.7964574973069156,0.5248878931181642,0.013815268712077949,0.03518104357118385,0.2926689454028111,0.13344684919576305
0.35659003585301075,0.29614725502881645,1.0352621226328036,0.239952060204169,0.06839842139780498,0.32818729088581516,0.06282497366642563,0.30063725384578527
0.23733262783291065,0.21517974173546672,0.8705867305260075,0.17196288274610036,0.035621041344543775,0.07814717779973032,0.575911672688105,0.1383572254215206
0.36332908715966816,0.3067487494803123,1.0214518810280537,0.45913815836367344,0.13364002986624474,0.3642033816428189,0.010312610912692758,0.03270581921457012
0.40450872831752605,0.3293454103932149,1.0764040339723209,0.05538497603923141,0.12543566086995991,0.4560688128978304,0.1037126573848093,0.259397892808169
0.25135242603562535,0.22889921915100628,0.8796553644107973,0.3218073569542412,0.22981573243045295,0.1151219685068442,0.22413222213223796,0.10912271997622376
0.1984113978699753,0.26053998287105407,0.5696300285067064,0.011933045656209647,0.6721418582806298,0.018529875522687658,0.010230012214718259,0.2871652083257546
0.2591395170671143,0.24219947907817452,0.8635011019144699,0.1376830060481661,0.40261566775844904,0.1528942101622149,0.19032832272888006,0.11647879330228993
0.313193504913555,0.27890085247708823,0.9436812493614606,0.0722561026737089,0.09094747704536643,0.21918258999652518,0.12322317449462321,0.4943906557897763
0.28110412946574814,0.23941918270440457,0.9652698954831765,0.01019047732065603,0.16656815658547197,0.20903960496886984,0.6021950089297765,0.012006752195225711
0.2112890359607196,0.21166897746387553,0.7619871267543018,0.1651502890334231,0.37242108345896136,0.05367973995586717,0.4050225643978078,0.0037263231539405714
0.2695945261013879,0.25864174600694734,0.8490297080483264,0.23058866057456992,0.47303877169219954,0.187239178935522,0.10110247870813169,0.008030910089576633
0.21173610224529787,0.22018638383115857,0.7345417978675692,0.5034080748151659,0.1265789500274084,0.00586154341444226,0.23318439751883985,0.13096703422414363
0.22557910035417808,0.22499598136667928,0.7803654949198147,0.05855847326777673,0.10634641651620827,0.02939938436437185,0.3766225179740651,0.42907320787757797
0.35065390535591257,0.293962650364848,1.0227622624260593,0.1318216971497767,0.31778468878382815,0.36913624757985797,0.17885577337567454,0.002401593110862529
0.2930246569353926,0.2443821691771025,0.9944451256559307,0.2939976692479045,0.13393075048852188,0.20628182831956587,0.2591102699521005,0.1066794819919072
0.2999929703052729,0.2757877261434414,0.9064688041093162,0.3929345633397685,0.02269795908003152,0.1756699496624985,0.0006894394092585192,0.40800808850844295
0.3356978067354257,0.26637511322646873,1.0725394098379193,0.08954177857148811,0.07479288534747588,0.30382825368516525,0.3508948135963812,0.18094226879948955
0.22254453269679428,0.24130574867865107,0.7150452637022473,0.24798023555698115,0.1649037010065622,0.009801509795842782,0.10856226597518691,0.46875228766542687
0.32094777601896385,0.2787960547787883,0.9718493908887925,0.2829413235903574,0.3120265627788148,0.2895891543210996,0.0900586803260568,0.025384278983671408
0.44477914518530454,0.3675412383791615,1.0741084372634235,0.0472856487774076,0.2649743842050877,0.5850713429681579,0.10121960697983404,0.001449017069512903
0.3113738711108879,0.30137814658210066,0.8672621889646039,0.034661638351597815,0.08930511569358018,0.19852486849532486,0.017933945747991127,0.659574431711506
0.29100134160989416,0.2570961885921304,0.9373975667614044,0.06730446696845407,0.36108305736427154,0.22468833275106267,0.20865437747513388,0.13826976544107775
0.27282252189669925,0.26439158474094937,0.8427746371542822,0.1217077880802509,0.12547690576730455,0.12235054314087573,0.09963210628829626,0.5308326567232724
0.36693620443807334,0.31120235029779236,1.0184248420193298,0.2530461487636349,0.28808677662631377,0.3954233658325648,0.04663766343051191,0.016806045346974736
0.3713812440209674,0.3025579204295179,1.0622139508518815,0.14396820146955489,0.15754720608560221,0.3857634501502499,0.12805212600403484,0.1846690162905582
0.31429462265075353,0.24977343973225014,1.0581374181901393,0.20377295170866133,0.010599875622857517,0.2599024059140551,0.4790866660456487,0.0466381007087774
0.23810241574817825,0.27088022360769454,0.694411770792835,0.14966124235272987,0.14936660370414034,0.029750448143691606,0.021859327285745266,0.6493623785136928
0.2380351673399047,0.22011497161822885,0.8542588718864436,0.1674756146035354,0.08635361783034387,0.06289445268142442,0.36861871225053716,0.3146576026341592
0.4358258109089864,0.3445228225713277,1.119884621951591,0.24371506229468873,0.02176445012207023,0.5292005075433431,0.11649704418893526,0.08882293585096275
0.3393893282115848,0.26730986228827947,1.0825987703345334,0.10144411036836126,0.08082011167786714,0.3256305539381191,0.43299130673858177,0.05911391727707083
0.3608151288644852,0.3028172430751316,1.0264115930392024,0.27215980099948833,0.20754516616788696,0.36442985088563373,0.03848221489839641,0.11738296704859447
0.18880134560268702,0.21955460577158595,0.6321950984125073,0.09695358671183066,0.5249533441270866,0.001612616638209289,0.2513268177769138,0.1251536347459596
0.3410036876021282,0.28562137635136275,1.0188442171924286,0.06294190320763657,0.16726272660551417,0.30808297471086643,0.15178219767222087,0.309930197803762
0.3117539349037963,0.28519161347875366,0.9178177847200146,0.12470267427830883,0.29738897009245174,0.24296988505135067,0.004752673548823383,0.3301857970290655
0.3335469161710453,0.27477335174517015,1.0319301867162576,0.2561835349213576,0.21195523469137825,0.31520133753181245,0.20032302179562966,0.016336871059821928
0.26761457892750756,0.2668751725491692,0.8154170987464717,0.06198511711014251,0.4543732938220203,0.16099551296386813,0.04155425776178508,0.281091818342184
0.34372932752813135,0.27357499963785625,1.0736702107902927,0.20626022926875684,0.10173346437493094,0.3252845419967677,0.2634351994864609,0.10328656487308358
0.2994613390967612,0.25680514880835636,0.9714031835199864,0.3281721301481357,0.24417261874908797,0.2368153569470842,0.18816615135703962,0.002673742798652533
0.3783725397326679,0.2974940382219512,1.1037953624054786,0.16766923219750476,0.0663242532070184,0.40186149068100857,0.23956124360877393,0.12458378030569442
0.29727867253765305,0.24394058829473153,1.013684005053265,0.15034072974974474,0.11785376115663868,0.2152702164911549,0.33490792727582563,0.181627365326636
0.43526136951124955,0.35609215162833435,1.0819148014061262,0.0963381237064499,0.024071483479812816,0.5065172570745883,0.01520780469908331,0.35786533104006557
0.3022138031092743,0.2617778673257594,0.963464962434798,0.40461238711740144,0.12314290397889753,0.21327890226161642,0.09465196514292976,0.1643138414991548
0.325602420676624,0.26779979295623757,1.029136048367526,0.13037293334154743,0.11219523687716917,0.2703010885304953,0.2158581961126398,0.27127254513814825
0.2336980037825052,0.2436829856915853,0.7538400896605909,0.2749368417204178,0.3721341337761235,0.07132084774655678,0.0437006985431336,0.23790747821376823
0.45802808737092343,0.37539101082238047,1.0869415505636215,0.025902999142174532,0.036786882094263014,0.5628201558750148,0.013312647197582041,0.36117731569096556
0.2616378794595415,0.25939537662632584,0.8158891735546165,0.0770937258348015,0.4971718354543511,0.1607606026433349,0.08834755303621675,0.17662628303129566
0.2017123975056934,0.21465442022823097,0.706775091537297,0.061739837416460205,0.10659561270809109,0.015606914878297138,0.7449318893369413,0.07112574566021022
0.23883308629766822,0.21841608375718366,0.8645566894588069,0.0947863471293003,0.2742628649372615,0.1001746349150184,0.3966709735695521,0.13410517944886785
0.37207741469366173,0.29065307572509297,1.1081163132032041,0.263485222236334,0.023558500565149593,0.3878691246824793,0.2757847568691257,0.04930239564691141
0.5148423989592085,0.41621285532355834,1.1168381586816827,0.030331625079228337,0.07346300388849354,0.7211823262222151,0.057350833341736365,0.11767221146832645
0.2691860027038919,0.23111653336167112,0.9483787226978294,0.005894200326696322,0.09789139410972489,0.1638005535495504,0.5917902068057199,0.1406236452083085
0.21536543736865021,0.23101765156248627,0.7158129963238837,0.45246794090021186,0.20962067470310586,0.011018962499347914,0.10012014951438815,0.22677227238294612
0.21987300228646792,0.24204216298980955,0.7018322766088481,0.5276592318026883,0.34384280726356176,0.045478826733571016,0.04361405311951459,0.03940508108066436
0.2917800472625934,0.2616467716303342,0.9240704395320828,0.3569686352317204,0.2673017193174972,0.20813168928042677,0.06962073319339043,0.09797722297696522
0.3743729529657703,0.31232577373797166,1.0385724786130066,0.348341744988823,0.16306787953462185,0.3924335101714947,0.017282732505632645,0.07887413279942787
0.24669375650512027,0.23590749953358625,0.8337749198054507,0.4099675898950822,0.2623644030641606,0.10352766214093183,0.13712092503200746,0.08701941986781808
0.30268363221390665,0.25641194449611904,0.9854596778260897,0.2313580278755309,0.2627637033402445,0.24692179583120502,0.21974956002687723,0.03920691292614226
0.2513297446547414,0.2203327816297284,0.9137530201614673,0.1267320831253126,0.19498991141372313,0.12341892464085968,0.43210038702030895,0.12275869379979555
0.4973781508566418,0.4033578430108717,1.1091346272510278,0.02578797674308264,0.08827057787419834,0.6773781439522963,0.04438080658743249,0.16418249484299025
0.29843819079031353,0.2427711450831182,1.0233431600994225,0.1750336716075046,0.022728983057571463,0.20645289065773126,0.3736735815617707,0.22211087311542208
0.21151738830718475,0.20847779476995326,0.774746243288944,0.3594980855689475,0.05960786245841857,0.01576704472316635,0.48207124782313393,0.08305575942633364
0.23108084894186587,0.22160746619851077,0.8171243146639198,0.2032552820072675,0.371555159872419,0.0927629657388814,0.29799535938842725,0.03443123299300457
0.41025036442989793,0.33428724756322986,1.0776670873804637,0.09347580473267249,0.04243714817426232,0.45262607544473993,0.06837695249163435,0.34308401915669073
0.2699258515070249,0.24893183246051914,0.8834782170412272,0.5305587029043607,0.13870433902168874,0.14356604687461777,0.11426647473685417,0.07290443646247859
0.37853835579104805,0.29941110443418617,1.0972818005928848,0.06093217531671074,0.0871441931652015,0.40282245608683087,0.26207697939369473,0.18702419603756223
0.27343376392681773,0.23135792983249612,0.9657493222237271,0.3304823054994365,0.09478832254472756,0.16097680186101523,0.33875094094268243,0.07500162915213818
0.2624438388538104,0.24369183483239484,0.8717724949624347,0.3640646035741516,0.059952231568226426,0.10250677497072024,0.13799929923427307,0.33547709065262865
0.2809699121494112,0.266290439063078,0.8673608897189877,0.06681349048956815,0.32651504347586774,0.17521394257689185,0.07448415238469486,0.35697337107297733
0.24736415253094132,0.2343331452390864,0.842237457827717,0.206433158400673,0.2779163360434405,0.1001870364957688,0.16864405218448872,0.2468194168756291
0.4423867996310441,0.35210338574951,1.1144079140158911,0.0859171220808881,0.036600454266217476,0.5397509763429573,0.11857699233668507,0.2191544549732521
0.28961839545647067,0.25016691584076106,0.9578340711087279,0.18888003728562677,0.1565205502668917,0.18653558170364448,0.18776077099646507,0.2803030597473721
0.22322281756397103,0.21653621892452413,0.7999715632992999,0.3152886881541278,0.2764336880162873,0.05821563694760249,0.2755723157838605,0.07448967109812175
0.2616718579900819,0.25205600973641784,0.839781039981682,0.025190184961698545,0.5040247633854462,0.1735159768576238,0.20127276148070605,0.09599631331452527
0.2910809827898779,0.264768201289183,0.9105360145819261,0.2800649466512242,0.1187153183343224,0.17131812240334282,0.05372486149103247,0.376176751120078
0.214200775701284,0.2361996678411041,0.6951778433987676,0.3831249825386178,0.42917751567862533,0.042158625021723274,0.07050303286639241,0.07503584389464103
0.1888129407864545,0.25278192353822204,0.5491410890599747,0.11783105564498689,0.7211944485736805,0.012084615949157843,0.029518241940197462,0.11937163789197736
0.433455632707827,0.34082278436864916,1.1250880231442046,0.07636796978262256,0.09034048988972268,0.5476972162280692,0.28361225992966543,0.001982064169920146
0.22493897668499,0.21943614344674073,0.7972204302225597,0.15825852778706623,0.147854168073677,0.034131747185743425,0.3180932016872887,0.34166235526622446
0.20397556244586845,0.20590642132442677,0.7477938835295675,0.1738538050772968,0.17760362709564004,7.1969029884267995e-06,0.4192391646308161,0.22929620629325864
0.3501090759953563,0.27966048144795164,1.0731193568770652,0.2740630958297771,0.0018441050028337447,0.31765965512277533,0.19410937147140872,0.21232377257320498
0.4075147051380341,0.33080890862778595,1.0807287706399,0.014754472481076688,0.2022488873183022,0.4846548257310943,0.17098918156206305,0.12735263290746382
0.26975439976272336,0.25195024801709576,0.8722134686996308,0.3752873283750519,0.07540412345772654,0.11786316717994023,0.0833729973886778,0.3480723835986035
0.3155902820995764,0.25802648500024045,1.02931403378738,0.01806565624725159,0.15874992171905453,0.2651352825622729,0.35836130308734326,0.1996878363840776
0.19637305780254039,0.23376354779293443,0.6261586084935548,0.40970012767091935,0.48684789241542503,0.011367832068911508,0.08802499737290373,0.004059150471840389
0.3822164843262174,0.3018371415422878,1.1006481264323578,0.07139708342212896,0.1375286510054689,0.4318082294401716,0.3348970778494373,0.024368958282793184
0.29099599218005945,0.2788228403434196,0.8643337535878708,0.02242737451798511,0.20437189788253965,0.17445069027081558,0.07114577769682463,0.527604259631835
0.345434282603746,0.2870615046407907,1.029167191795474,0.36589557037965,0.07188454192698564,0.3083672100458982,0.0675922715035808,0.1862604061438854
0.4243516800585236,0.3381441599217169,1.1070771713022902,0.12103633669875229,0.024496192241476474,0.49268001579021475,0.11338623917796088,0.24840121609159563
0.24021010184703961,0.23570224746537316,0.8069931614673435,0.18758177134568713,0.007814439382041719,0.043435411270325686,0.2810755811164962,0.48009279688544926
0.30815620055258264,0.25847574843116006,0.9987637220106067,0.08687359636048322,0.2534451712043448,0.2556595410732261,0.2594417248548344,0.14457996650711127
0.2688817079225534,0.2557561926551488,0.8558217326048662,0.5698022091932835,0.15536227834676572,0.1383750403175214,0.05142812710267341,0.08503234503975593
0.2477145191159065,0.2559456103163777,0.7724864625398693,0.013651277816691253,0.31680343109232484,0.09017331880542817,0.11444107117024992,0.4649309011153058
0.22934369285727735,0.21299474478089445,0.8420099427418569,0.15924798649393568,0.11143071886287656,0.07441092926017312,0.5990908157375947,0.055819549645419915
0.3077880306862829,0.2614937113804305,0.9858287961320936,0.11759077972632281,0.1375077868567493,0.22612484020973284,0.19508175302023167,0.3236948401869633
0.3182404023778578,0.27805724881326416,0.9646948731698086,0.037366675489366806,0.28696331965500893,0.26826289068824766,0.12882536557241833,0.27858174859495816
0.32778098492970165,0.2800581983509457,0.9918687850073561,0.0938712072640694,0.18684494309876673,0.27594021554482595,0.12149366121364895,0.32184997287868894
0.4057358334343684,0.33682440206223074,1.0561462627302272,0.25000109162189843,0.20922191994982495,0.47539426123422157,0.014645427584278578,0.050737299609776215
0.2825438730954392,0.2750625750419342,0.8454217119867621,0.08141393666100352,0.4306878279008845,0.19229796569479704,0.013877156065182718,0.2817231136781321
0.3567145046849078,0.29473127815659433,1.0406581432526025,0.27765866941617023,0.198893858975904,0.36162387403402024,0.10907091365923545,0.052752683914670036
0.27245797149715184,0.257942620081013,0.8624320068830954,0.11783225152392066,0.13071589973292355,0.1269320560659075,0.13673353850376443,0.4877862541734839
0.27311957997965425,0.2348429708631934,0.9500798732001712,0.25828110178617586,0.23161179994237133,0.17955707659500608,0.3190327913093291,0.01151723036711772
0.3713086988262508,0.3041568541821191,1.0563914454278969,0.06226256288095338,0.13810790480905166,0.37882323087027087,0.14219565580115395,0.2786106456385701
0.4447128318933061,0.3601256448147968,1.096041999720116,0.06314622871831321,0.1227797603730298,0.5554032517734697,0.07597300000380675,0.18269775913138048
0.3715719143818767,0.3027658745843522,1.062114132985899,0.09499106498939583,0.13292148647203622,0.38036574197265655,0.14158203304894396,0.2501396735169676
0.242987018454894,0.23647863802813585,0.8160864764111705,0.023190313404234244,0.36009559082933723,0.10173021272134337,0.23031602932600173,0.28466785371908343
0.285765046146001,0.27056367630719796,0.8713846934808552,0.05719081120981679,0.5250138886425754,0.2327796074441185,0.1360866586183563,0.04892903408513285
0.22686660504468356,0.23793967244717784,0.7433254119652855,0.43459694069996163,0.21433032320754938,0.035533152773726574,0.06277862853616022,0.2527609547826023
0.24790506021676922,0.2270101492084889,0.8717894812491878,0.23926529471551244,0.2919273958049181,0.1170445851394014,0.25350286155955,0.09825986278061806
0.47011481186250376,0.383761842701901,1.0947279409142328,0.039825608167812214,0.1680664064046265,0.6259874432534774,0.06241530004917854,0.10370524212490521
0.3504870363879217,0.28023813249886126,1.072256062044457,0.2135228213639123,0.14855257472564495,0.35323000872448723,0.2732521820583921,0.011442413127563285
0.27903693792886686,0.25411648052060953,0.9013069024867568,0.5026333954190518,0.10876441869700315,0.15539133893421608,0.08206316400968017,0.151147682940049
0.5040016968304848,0.4102389440251018,1.1066762515913293,0.04049302230429569,0.14514142024467666,0.7101948697394985,0.07649734792285666,0.027673339788672646
0.2123500341815253,0.2121725274774137,0.7651793383043328,0.2343529572557567,0.27256733982002024,0.026809653613293568,0.29095647174614664,0.1753135775647829
0.25662368944916336,0.25652225524850275,0.8054805585932465,0.20381860116523606,0.4923546434139,0.15087266859776535,0.059874487067311896,0.09307959975578656
0.33043399499608334,0.2661340932770121,1.0537319422062428,0.12705968895795403,0.13687171665418577,0.2957811277015481,0.2830253584143114,0.1572621082720007
0.20803333946730412,0.21007677608654235,0.7522646834707772,0.38627170983085185,0.054188562152718604,0.013071969043861454,0.5264731164261259,0.01999464254644215
0.24355200248488734,0.21993155189341454,0.8800556392140064,0.06376844301082768,0.267541357467471,0.11856505676644075,0.47048265408217776,0.07964248867308289
0.3582276034955877,0.2951587645909103,1.0442773194378654,0.004836080007264793,0.14481545571169616,0.3494437591039645,0.19093704021569824,0.3099676649613763
0.21970584266831694,0.23261711726317846,0.7295501064795463,0.33454297146557843,0.3894876616474164,0.0494402799450728,0.09915813554449003,0.12737095139744245
0.19729873017465885,0.233965962263625,0.6295733308791625,0.2566617263854366,0.5673989159106576,0.02313226985397233,0.1118822753211229,0.04092481252881067
0.3979426858714311,0.3092309705288264,1.125187057675376,0.006132373618486655,0.007001881660411436,0.4649305785373071,0.5047398145434806,0.01719535164031414
0.32921005909752393,0.2746598508427258,1.0165667032907684,0.40448977545237824,0.12125943061732841,0.28586428975234623,0.12468808688859513,0.0636984172893519
0.34525064861201693,0.28768898986534586,1.0262841436865915,0.21046769715151664,0.10639903036422736,0.3080570184703757,0.08923437056689114,0.2858418834469891
0.3746901852715394,0.32208863863228243,1.0080771139593878,0.04988351518765277,0.32382841601337187,0.4084690535244399,0.034076764891510514,0.18374225038302483
0.246767128394282,0.2333550471343001,0.8432092247871499,0.02652762689719104,0.3290336668761765,0.11081667143525696,0.2706521040775577,0.26296993071381775
0.267604442046591,0.2541040302083408,0.8563596644578063,0.3333839683187846,0.10285147078251206,0.11294881574412285,0.06632110479822817,0.3844946403563524
0.34806966466994876,0.2878574315138822,1.0354767049172884,0.24910779886253295,0.05575405738100117,0.3084765495775312,0.09396300195053808,0.2926985922283966
0.34596033351954,0.28664155235719696,1.032510224305269,0.4502372979126648,0.05444734291632112,0.3141523368994878,0.08931958739591166,0.0918434348756147
0.24130643381064226,0.261550537308326,0.7314320046114942,0.11113136410218498,0.40884885050886943,0.08256920149821785,0.0002865448143394242,0.3971640390763884
0.28322992588155976,0.24581478910100965,0.9488034740892725,0.11088645888240897,0.06517270949977616,0.16015037910016747,0.28222449688165846,0.3815659556359889
0.27925671881841024,0.28221541061179606,0.8123465629372253,0.008135114732993562,0.6291033761373925,0.22463865478706865,0.06965221169143425,0.06847064265111108
0.23299859448506335,0.25403984197206153,0.7203539140336457,0.15225813728957913,0.25176053189906444,0.04048539968369669,0.053567644740958535,0.5019282863867012
0.40472346604237375,0.3195249296484888,1.1101589676668018,0.06836263736815286,0.11045609045166704,0.47337850754791116,0.2512562091918149,0.09654655544045394
0.33674952689623866,0.27899331555704865,1.0278007067076274,0.23750255802552933,0.0041018047167225595,0.27451685595511954,0.13772968023832066,0.3461491010643079
0.3108491349231639,0.27223734026354995,0.9581680994629126,0.33409659667555547,0.2809279866818177,0.2592144625016957,0.07753150578621731,0.04822944835471388
0.35106498019695814,0.30300040107503645,0.993612480804608,0.09356385272772987,0.1751230280915018,0.3221944243012796,0.034687367217468124,0.37443132766202053
0.30205558045794767,0.2820152702832669,0.8937657177385233,0.20824701732374284,0.4756550894507635,0.26177606436993844,0.04050752993915246,0.013814298916402741
0.29126317387950507,0.25367640295579286,0.9510666781314658,0.02228637165565188,0.06443488513712047,0.178282285425958,0.305364864478877,0.42963159330239276
0.27212512889073437,0.2574049821444456,0.8629402859268918,0.559891289163523,0.003234578152710879,0.11809664856734726,0.06017340416961401,0.25860407994680495
0.29955015229303306,0.2683795097801888,0.9298405548822353,0.2890233213751578,0.01842788698323569,0.17795477135950596,0.0820115316515766,0.4325824886305242
0.24152673795941515,0.21773261131024083,0.8796419461782614,0.11929578160648034,0.13070616998333373,0.10667067388775055,0.5971224206558601,0.04620495386657528
0.2537889442918197,0.22213167550054333,0.9174240631490723,0.12131784170526277,0.22224224046346697,0.135800118699055,0.44141845724276646,0.07922134188944881
0.39361065528777706,0.3116240322280745,1.1026449174378563,0.2871776029726148,0.04272433764619495,0.4328502328447531,0.15671053060401974,0.08053729593241743
0.21484059796892152,0.21281606827621208,0.7745683834125551,0.2069066132999198,0.19994031330175996,0.02075945427711049,0.31520077694155485,0.25719284217965493
0.36305125426883234,0.2938105375370194,1.0654868164127322,0.06208397991781473,0.18781862551527673,0.3775617846132749,0.2233814317076427,0.1491541782459909
0.4222253796076564,0.33856420703820966,1.0994233054460119,0.07311240783320702,0.17711602755947195,0.5258629795525855,0.20931139131066726,0.014597193744068369
0.20706661576272256,0.2107084792556331,0.7454214292542455,0.059328539174887514,0.21280980337038313,0.009534232875192557,0.4322527777123223,0.2860746468672143
0.22074759249324852,0.22532203118078475,0.757793597006282,0.014435480977358897,0.4798232411964143,0.07990890836947648,0.32985115149367794,0.09598121796307245
0.36473726485599584,0.3119309060329373,1.0089967321890259,0.14496820264707824,0.25080911618609547,0.37138980115088804,0.008571513725957252,0.22426136628998108
0.2893358862223374,0.24410529538001102,0.9804616726964124,0.09848723363288539,0.20230114576186947,0.20377439578171405,0.3016652793884442,0.19377194543508688
0.23405504178580339,0.27423887403535335,0.6711486197324309,0.028187419239322137,0.039062063843478496,0.008440805423800225,0.15768540043371307,0.7666243110596861
0.2802542225640557,0.2620126702705009,0.8787904124115147,0.01914924291127032,0.45542892632715276,0.2059095765393435,0.15806656465194394,0.16144568957028962
0.27788775630008045,0.23795079852049308,0.9577095673434104,0.3772198646383736,0.024334451249028586,0.15122044281845246,0.2570168761849674,0.19020836510917802
0.32946099116993377,0.26939381749765884,1.037369727953621,0.4181317373573202,0.017538603005033175,0.27434835790298767,0.17853419160698167,0.11144711012767729
0.3664983360008627,0.30380163924900105,1.0417927196944952,0.06898868120887974,0.16085237042355227,0.3676178634948763,0.11370527475319211,0.2888358101194996
0.2439949355368647,0.2502699130997706,0.7751428573019412,0.4227327695882068,0.08876985598707164,0.052163874965419445,0.043305629800646006,0.39302786965865627
0.3691717978955089,0.3213963038674662,0.9930786199306306,0.12326447325307091,0.37926529337098414,0.4069424773214199,0.015640373832396994,0.07488738222212803
0.23919162384003748,0.27412651630780654,0.690161704851643,0.0746837725324575,0.18479904202995398,0.03636431947248143,0.033502345257989175,0.6706505207071181
0.27186939362079615,0.2517485276148065,0.8813135700252136,0.3742943117515042,0.045734464169957585,0.11977782364940014,0.10087288587442406,0.35932051455471403
0.39952282712552223,0.3151918246035162,1.1089209803115656,0.23757185425778335,0.04552956396876574,0.44706430624519433,0.16829835839081633,0.10153591713744012
0.2793899492873899,0.25281313604740957,0.9073498033914379,0.19907059751504622,0.291192670584086,0.17769441717474124,0.11710263004395678,0.21493968468216978
0.22783080207180076,0.2638737266289027,0.6739238663267605,0.006931868952870343,0.530153639753671,0.06712649313086218,0.01607638406277026,0.3797116140998262
0.2595908983791698,0.2517592984431355,0.8325050938545963,0.2746152937955564,0.3104724073586363,0.12563189559188198,0.04245475391257248,0.24682564934135293
0.34964937049996814,0.3062192951972884,0.9785450335744276,0.15057295555882338,0.03538628156704894,0.292537605061596,0.013796635891799311,0.5077065219207324
0.36276870846317294,0.29343788072204097,1.0658770697687907,0.26529789370775764,0.15698081204730677,0.376506445733697,0.1727306730629392,0.02848417544829931
0.27769446143349286,0.23020833119728326,0.9890800226442019,0.19499160052601816,0.024784405857409122,0.16494446451592779,0.45208969150131606,0.1631898375993289
0.42797372628448893,0.3560853119518004,1.0614695793339866,0.10283505944874394,0.23206740116907046,0.527703230205723,0.012505010649673014,0.12488929852678962
0.206458773393456,0.21335456301171504,0.7333275238405144,0.05934343015404669,0.4094707778867841,0.03849456681257677,0.3765525298629538,0.11613869528363858
0.1774953064927955,0.24344135930767158,0.5237208125003175,0.061735258223288285,0.7666846372084236,0.005204662977570382,0.1602895304506848,0.006085911140032906
0.27496238497712205,0.25532138827575046,0.8810949466331419,0.2802403381674158,0.2948209975766697,0.1645796864163799,0.0601096262578417,0.2002493515816928
0.2668519159794829,0.24155309910675335,0.8977401522952356,0.24722007019193262,0.33797850149728337,0.16767776933441034,0.197501116139573,0.04962254283680069
0.2859216029307586,0.25667302012742216,0.9191523238930146,0.18927459450062398,0.09868498266470825,0.16022199707884982,0.14234329335127735,0.4094751324045407
0.21190186320756524,0.23064741776413844,0.7019452668363585,0.12400074799683512,0.434689431768013,0.032626015328388075,0.1538659214841504,0.2548178834226134
0.28381407886390325,0.26161072747521136,0.8937480550603877,0.45015566060381684,0.16130280020545534,0.16688164692038324,0.021942165147877127,0.19971772712246721
0.24227235173882655,0.2277994103663562,0.8440423591510022,0.30934150015265693,0.011033406765182918,0.05610511918540712,0.2776190649160785,0.34590090898067444
0.26889238238482677,0.2574536916397884,0.8502204065929109,0.20400930737935122,0.40213112903910675,0.1648533876086961,0.05851109700802099,0.17049507896482485
0.19249770951033326,0.23176091441444918,0.6148478912864058,0.17337724043278988,0.5911406488903246,0.01423687486467975,0.14152137168449594,0.07972386412770978
0.25400003419104017,0.22130614914744748,0.9218001170637291,0.19551330302496542,0.006683416620355186,0.10340322459429904,0.47206350790283746,0.2223365478575428
0.26320090033791144,0.2545934034146909,0.8374172208642898,0.1674152763215306,0.09398324578771249,0.09892412865220386,0.13503174914354404,0.5046456000950091
0.23922473105208053,0.22539549697241706,0.8395231208866477,0.4934602952739427,0.08336937635124908,0.0721635150536741,0.27062845412042663,0.08037835920070759
0.336260395288564,0.27850973609561924,1.0278290421785605,0.1658701385986549,0.054240898617955904,0.28105632778147854,0.15683497816356218,0.3419976568383484
0.31299256437704837,0.2517625095428105,1.044605747117119,0.3003949823329967,0.04792134288352738,0.2489326245904676,0.31865588984671406,0.08409516034629433
0.3443260757740405,0.28274690092202653,1.0409524377252404,0.09308188177190911,0.001294762230778139,0.29449773267059065,0.21346596392063436,0.3976596594060877
0.22801145833561443,0.25244777587275197,0.7051417178075767,0.061589724987125574,0.5806153172603328,0.08813222205017589,0.07590993284672531,0.19375280285564064
0.271992543108533,0.2604065441249124,0.852484502087041,0.2555160988922092,0.08957191474964642,0.11734178171713623,0.06878389297812298,0.46878631166288526
0.3131487267785442,0.2556431261507284,1.029359680977264,0.3048014024449184,0.12865539581704757,0.2596024677517263,0.2760846086741168,0.030856125312190927
0.21966424618409863,0.24501476585339274,0.6924653932311129,0.5966350757525551,0.3031139685698243,0.04030195990494483,0.03629121398333024,0.02365778178934562
0.2550350118220872,0.2333566055149355,0.8786338461242503,0.029428162732371182,0.2724634510004828,0.1253135572703728,0.3018218445479247,0.27097298444884843
0.2079928636480912,0.22984747954864632,0.6873813189439504,0.26547464411043903,0.33174849227932285,0.005300477855909721,0.10690154502600488,0.2905748407283234
0.44310849300999927,0.3445034158557111,1.141087359129831,0.0027507689825192923,0.009824522201236032,0.5595315731508752,0.3375412563627136,0.09035187930265583
0.2416545574358399,0.25854355554275027,0.7412853785255141,0.19942513827135655,0.2692514356954593,0.06274513031551258,0.00628477186031472,0.4622935238573567
0.30137718748994224,0.24266805276712536,1.0358890864434247,0.14467180489310227,0.03847093179989271,0.23132477869329546,0.4999120938121748,0.08562039080153476
0.5258109430062541,0.4248651898424649,1.1199103960074472,0.048630710761317406,0.04305592616301197,0.7415515691030391,0.0340561750824577,0.13270561889017377
0.34418320783631356,0.2724966590351868,1.0795846410664671,0.2276515441708593,0.013944018070340876,0.310297156789248,0.25860772588806624,0.18949955508148547
0.279272758597771,0.23679231391768096,0.9682440903781866,0.033790028050371984,0.1406510494734308,0.20019333408854526,0.5975273144738511,0.02783827391380081
0.23827881047239885,0.23804028274169853,0.790953565942044,0.34703682856439905,0.09883988963491074,0.0461422962235868,0.1307121421006738,0.3772688434764297
0.48447044319605465,0.39091092985971515,1.1114307889829829,0.07631949379114235,0.09413579998029717,0.6507240203859836,0.06217570986155622,0.11664497598102055
0.29096355262276286,0.238389816881772,1.0107963325558798,0.07969186039070396,0.08746940619156657,0.20856779863639036,0.487217684838065,0.1370532499432741
0.24896684201490368,0.23422188582701944,0.8494801470510199,0.582532772096334,0.037211838512293434,0.09445986539413179,0.2777450967593515,0.008050427237889514
0.2079686834571109,0.23052286504038885,0.6852625375336799,0.1412274543844793,0.3529862055808785,0.007303350882976914,0.14886871521099157,0.3496142739406736
0.26354430317609956,0.257512085922165,0.8292593429601007,0.11073006205406673,0.3382224714922248,0.13483055277486405,0.06967666612270158,0.34654024755614277
0.22824143544530762,0.2190599574544831,0.8136650692189746,0.3994103219103903,0.058005889601435635,0.03645099267598026,0.2927995957613032,0.21333320005089051
0.245826771027147,0.21663565212710784,0.9039452606455031,0.1743555688624251,0.15013218334639336,0.10975049724797288,0.48046918915264303,0.0852925613905656
0.2281148486305767,0.2387546463682633,0.7460162612117139,0.017591831343260395,0.25822155834963284,0.04252603683996154,0.2201280221518413,0.46153255131530396
0.2763083434047675,0.24811954281537998,0.9120939883931607,0.33099984696839424,0.2514130738420869,0.17111047485958833,0.12570482747418463,0.12077177685574585
0.31084758476456675,0.27572015459207055,0.9460591850838477,0.2278340162253399,0.3133650774198926,0.25557720610064477,0.049808285747210815,0.1534154145069118
0.267879876101595,0.232037848627084,0.9389842105102314,0.2830916106109673,0.11654022418572788,0.13883322571755286,0.2661509780765634,0.19538396140918865
0.1972844837559392,0.20854429559690424,0.7062503595908743,0.06197640401609025,0.26575510283943155,0.02088320326498564,0.6364915545412175,0.014893735338274849
0.2201291608971987,0.2309038968727124,0.7367964040510921,0.0027498005827810055,0.402980780233773,0.051293608125591854,0.23882256639833122,0.304153244659523
0.2033269247543095,0.23304192974812074,0.6579370713245903,0.23189737946898542,0.5657259417348193,0.04121999767069478,0.14664079495940738,0.014515886166093112
0.23805062380184971,0.23373074382470932,0.8045609264944699,0.11711374382503732,0.42242283273971404,0.1027807544010453,0.20054349438419491,0.15713917465000857
0.20059477003121304,0.23332053550359103,0.6454415583530805,0.1376190726599518,0.47820606173076957,0.0076010321198820875,0.11308647751945038,0.2634873559699463
0.37336148269321767,0.29564119255918847,1.093763287497494,0.30789558045774534,0.03835019311997596,0.385559165355371,0.18925048260954466,0.0789445784573629
0.3496924507079123,0.2801470310336245,1.069768434104668,0.23181739967240558,0.09040050797814406,0.3319267850788784,0.2010766371601383,0.14477867011043372
0.21962914342242731,0.21832456153685678,0.7769585896719692,0.001485279644130102,0.16459199405287372,0.06485900328774756,0.7125001158799159,0.05656360713533263
0.2602451047914032,0.25220594069772767,0.8336247124463453,0.13373352888108975,0.2886956847856738,0.12131274467545204,0.0934870837481894,0.3627709579095949
0.28347238623708115,0.23878555334125795,0.977749210411471,0.03445288839417025,0.022168850883626245,0.17223879706300677,0.4717795622861269,0.2993599013730699
0.23472156526129076,0.21612326690679287,0.8547046687988263,0.11830871087357017,0.17952708316413574,0.09789306687996038,0.5921174703849943,0.012153668697339417
0.3208773817063306,0.2881582394282647,0.9400299718785726,0.20266791315900248,0.4018978765177816,0.2950480320868608,0.03683747117109952,0.06354870706525562
0.341053847799524,0.2728391744501063,1.0667597436699787,0.2255215119708704,0.015725927978282213,0.29842209298811595,0.22669901686250632,0.23363145020022522
0.30205169113756364,0.25427888584903857,0.9912411339068192,0.024398132393583145,0.29218963978754303,0.2630553515055434,0.4105434964045076,0.00981337990882297
0.23884176561098766,0.2567371940296323,0.7355450242600678,0.0059019299744801565,0.11783210421660767,0.04066254479895926,0.20630223255305621,0.6293011884568968
0.18012002102613056,0.24563264715107425,0.5297342292863105,0.1927970975023485,0.7234902408425294,9.35034408216559e-05,0.07162731725229649,0.011991840962004167
0.19822195209740293,0.22615406972053828,0.6554025416414696,0.08996611444068943,0.5401888762521084,0.023068517460382486,0.210925518158591,0.1358509736882287
0.2467999354818575,0.2621061805718202,0.7508404992683183,0.7422875796052133,0.034795582139146575,0.06343931602642777,0.007983307162270872,0.1514942150669415
0.2732200496163491,0.2514241896452207,0.8878224880880801,0.06503516384032808,0.407494849748673,0.18555967229305054,0.19024168781576767,0.1516686263021807
0.4721049851513404,0.3759167142641643,1.122868361885922,0.0078083020335049935,0.04772057717014975,0.616855474523393,0.14613913104528659,0.18147651522766586
0.2634641245296007,0.2652265437981586,0.8048369573900951,0.7031341039067688,0.04412464765492295,0.10470870961663593,0.001268619845506169,0.1467639189761662
0.2959887036338291,0.24624614221761623,0.9989545477485711,0.021512738827571026,0.11978441108203837,0.2115337415201657,0.3883568395259383,0.25881226904428656
0.21464705027698774,0.23025312889974128,0.7150697628464354,0.6515750047605292,0.012938784603224803,0.002861822624292248,0.25285548093737314,0.07976890707458059
0.26400630540887904,0.23118637429010228,0.9256873639980834,0.12683972745974628,0.17432048013374468,0.1364148820455283,0.3107578215023731,0.2516670888586076
0.26962537227868705,0.2531038003218017,0.8677284655522777,0.2569064710158173,0.39946614154155957,0.17510652806605925,0.10351358221563041,0.06500727716093356
0.3268014223433027,0.27324377878469946,1.013020034982778,0.09422153057374189,0.2967161199575731,0.3097401426116109,0.2408991844203962,0.058423022436677935
0.27709787758734167,0.24152681167657372,0.9402594933909296,0.22918356872076448,0.21849467380268586,0.17110177804405394,0.20632046834528722,0.17489951108720844
0.20553765005541813,0.20849851274111436,0.7459892543624235,0.22300099492455075,0.3363355102593221,0.0310681369285552,0.3705178922484644,0.03907746563910763
0.3666353165053722,0.3310529375576013,0.9564491976461604,0.009076944350270951,0.49142526141269804,0.4141953800749956,0.008206586804281196,0.07709582735775422
0.315498470280308,0.2538727258452669,1.0457935936061398,0.030958294617735662,0.09978028578252934,0.2663277889163512,0.4518474384517625,0.15108619223162134
0.2335896834701453,0.22060178261226365,0.8322221212184313,0.07062734560292978,0.1495040459569626,0.06046657740339076,0.389021858421365,0.33038017261535196
0.2683024474062722,0.26841647723691353,0.8132974907259177,0.24886175899498697,0.11963616946601811,0.10578566493758965,0.010353620964351721,0.5153627856370536
0.2768736392114157,0.2308397343144354,0.9828188369961589,0.17250551671179387,0.11333690381667325,0.18358486771591478,0.4922142221374531,0.038358489618165036
0.3565433086546284,0.302519709139267,1.0133002888532765,0.24643308355634985,0.28795427201723806,0.3706235542952295,0.0640442188254839,0.03094487130569877
0.2376483688570801,0.21773587803604166,0.8618164840340129,0.17663901749653263,0.15285292627536787,0.07316230623087493,0.35288605977758725,0.24445969021963745
0.2897840906465833,0.24454540585242632,0.9805299339431619,0.33815175418034277,0.005496901994072429,0.1738946762171317,0.24244945037037588,0.24000721723807728
0.3612802572698135,0.30070457291685126,1.035169682490617,0.3012576552536434,0.18109263724105876,0.3645336194716955,0.05609220448181495,0.09702388355178725
0.38593909475135485,0.31636611159392725,1.0618681408663346,0.020158439942581808,0.009925744343292756,0.39038688116070697,0.15106019351294767,0.42846874104047084
0.4769056748989505,0.3883291635557737,1.0993397224919892,0.049150304369295225,0.007298605129712809,0.605448729534019,0.002082816709191892,0.3360195442577811
0.3326143497435139,0.286846429234958,0.9852461838108587,0.023552904640512504,0.347199520667512,0.31865759442412667,0.15141170277433413,0.15917827749351474
0.28324107326327363,0.2576929316985974,0.9051124209183854,0.0005558964906593682,0.4352078626815271,0.21830727850970927,0.23413691530586456,0.1117920470122397
0.22089103499500218,0.23602580402966533,0.7240353896793565,0.10729049298194984,0.5686889989059022,0.0874547836117127,0.20990476434006883,0.026660960160366547
0.23997085977972782,0.23614637198973865,0.8044623263912888,0.48878242735860217,0.029075989702720132,0.04882292056104702,0.15652461196095244,0.2767940504166782
0.22581876969492115,0.24907394408601044,0.7058898526704473,0.1408006781685751,0.03850493096439011,0.0001375366474441455,0.20631699641493687,0.6142398578046538
0.3786399380269046,0.3070714468358287,1.0702393251255535,0.2819038424549099,0.10468941849380804,0.39748429067064994,0.08954481011810382,0.12637763826252824
0.36806112157854265,0.29557021733289146,1.076093269641983,0.16783413574531067,0.15362517135856593,0.38631166224441754,0.19365276580131544,0.09857626485039049
0.4374422869673962,0.34377160647600136,1.1270339948638064,0.18276746054478327,0.023550267705959634,0.5356205767111033,0.15993550446371674,0.0981261905744371
0.3033104199615912,0.26658891120659683,0.9501911344140069,0.1621026993350031,0.17469335182486254,0.21315987979634535,0.10701560157771663,0.34302846746607235
0.2614394652116298,0.25669082024728973,0.8237126088417738,0.27978811426959865,0.1673084290469524,0.10254798116976246,0.036774048174142815,0.4135814273395436
0.2821185836750922,0.29926138934200336,0.7756382612052278,0.06371538417009054,0.04503732911716433,0.11607288230060789,0.011637653177573785,0.7635367512345634
0.32845864491786125,0.27273876804508995,1.0209719979076304,0.25451198329539154,0.2333813832913614,0.3057526135263277,0.19701139226520117,0.009342627621718147
0.24759457001159524,0.22366630021429723,0.88343469634128,0.214403987746295,0.28496465101129176,0.12199142399403572,0.3203800646835085,0.05825987256486897
0.25744777369330185,0.2321044122640795,0.8937691949486757,0.0552279371664729,0.03887423070706102,0.1027288140619679,0.41457407793932705,0.38859494012517126
0.37312947624061144,0.3125104030157906,1.0339799031403263,0.15527434559700504,0.2861759777360099,0.4105091082572232,0.08880984048955996,0.05923072792020176
0.3782819362860175,0.310549248825118,1.057101047669529,0.352545037181773,0.09467991550496663,0.3925824937525658,0.04059566644027083,0.11959688712042378
0.36852329337185225,0.2959072731324862,1.0764294165532058,0.1368251027919256,0.1644956842213314,0.3897316096834497,0.20925519659188194,0.09969240671141123
0.42727965219262876,0.331495977972978,1.1381123068207568,0.13052696230652847,0.015578652636801213,0.521596827389203,0.2899372790667751,0.04236027860069207
0.3706951074623647,0.31876281521084815,1.0060618496239546,0.06856514354239132,0.03937632373681104,0.34516100861265436,0.03601583301743515,0.5108816910907081
0.443870977770791,0.3485197382372101,1.13012531159057,0.005362806270096314,0.07422831695063109,0.5727504536126673,0.32805202509348375,0.019606398073121555
0.33625864054231164,0.2757742596184285,1.038017982310567,0.2714795585574873,0.10715385848720954,0.29590157365037434,0.14482626610857505,0.1806387431963536
0.2731850367299189,0.26351474137213465,0.8469546544826414,0.7261314030536195,0.03812224577901763,0.14101366309230662,0.08892915478987978,0.0058035332851765565
0.3683958704841355,0.29316507252060836,1.0860634513743228,0.005146445703812929,0.04482449103842587,0.3697434625225553,0.29565703872041893,0.284628562014787
0.4398119580927689,0.35653476914651705,1.0933350456279811,0.006832188309385161,0.13370186982287802,0.5455689240834594,0.1069549279833783,0.20694208980089918
0.24848591481015006,0.2229149050103102,0.8904111405245411,0.24305989820714996,0.2460838252543089,0.1176460335882733,0.3134553763113207,0.07975486663894694
0.2544401908269644,0.25688295917636295,0.7958495630946311,0.4943431046780849,0.06186103694481773,0.0740354870967858,0.01229033950856446,0.3574700317717471
0.23358509381908493,0.21994724241050928,0.8346778609592292,0.1042721539160175,0.05027863076590229,0.05094993308600165,0.44762312967886553,0.346876152553213
0.26753304348317847,0.2578709502331619,0.8435732806913276,0.15003568136235995,0.1781337060152058,0.11964994556988691,0.09247759393524738,0.4597030731173
0.27843841961428184,0.24227535244552542,0.9428875752668454,0.05592990282509475,0.22585516131972896,0.17602129072602624,0.28727287966554516,0.2549207654636049
0.35695240607059814,0.28909201817386115,1.0617809789753367,0.3511611070345862,0.07234257514633033,0.3454608982045895,0.13324654715692172,0.09778887245757238
0.25590200687732106,0.2418014058282066,0.8515335391540647,0.015414548274239746,0.33073528912513345,0.1282350966528764,0.22656157119014622,0.29905349475760434
0.26730985845199495,0.24426025330478007,0.8896652464404134,0.30269031689998904,0.16922308579527537,0.13064061811999866,0.12549956076728136,0.2719464184174556
0.3715572165885917,0.32156103942628245,0.9999881116266525,0.136978204498451,0.37943446747344584,0.41669049502831973,0.03751609487188366,0.02938073812789969
0.2024385932778366,0.20561228376550358,0.7413885517252926,0.26022764310629903,0.09370977663642484,0.0049009059803996795,0.5738788688060683,0.06728280547080809
0.30976404319864115,0.2745266217451467,0.9462253297962112,0.4533758464789825,0.2163038383554107,0.24615014707182614,0.03850340638887534,0.04566676170490561
0.2917965082752454,0.2475805119683875,0.9766378878242217,0.39781058414148973,0.10199590254721883,0.196830330002303,0.2094409658171166,0.09392221749187175
0.2249866138064203,0.25825196346451307,0.6775809618596202,0.0768614222701244,0.5200476426969922,0.06123551872326671,0.009662821772049808,0.33219259453756694
0.2275809360627676,0.2381740110877342,0.74559325449389,0.49914957714567365,0.05384913081701901,0.016906966310647868,0.11309125950222922,0.31700306622443025
0.2423453546803463,0.2295697289541628,0.8378515562857639,0.4074641166184967,0.25898489125799645,0.1005975081426322,0.20751837453537128,0.025435109445503267
0.434288943033619,0.3571653362327167,1.07594131918566,0.18622078727411306,0.21165722871653814,0.5496276494982055,0.04944095287416267,0.0030533816369807576
0.3617110784191698,0.30742940398552765,1.0139273419462627,0.192526474791758,0.2994494704764608,0.3813912952783182,0.0525612813389739,0.07407147811448903
0.37157039766885863,0.3028491831180937,1.0618169557467974,0.13460084590257665,0.07517603834293449,0.3689314054251437,0.12024395265776484,0.3010477576715805
0.2294661524574199,0.21542724635028906,0.8330708185611966,0.17887649568545633,0.3053129945600865,0.08326004192209732,0.366474790850255,0.06607567698210493
0.32521512326561586,0.26789631708411166,1.0273195475815604,0.3333890350245153,0.10163952098650272,0.27239232092623517,0.16164844538789802,0.13093067767484876
0.2750777043718679,0.23215790914004503,0.9695026338133236,0.36679691907835116,0.018759458688417826,0.166471347601838,0.4458104847017001,0.002161789929692867
0.22983544199368947,0.25229785231919216,0.7127902213221078,0.25088425266484876,0.06092165684895567,0.0086356318863814,0.1077416378066605,0.5718168207931537
0.2694481308754829,0.23415359178835937,0.9371973720302013,0.003157162536270258,0.23647792967221293,0.1856557815949852,0.5513026694239809,0.023406456772550634
0.26450219746795134,0.22790731507576062,0.9411817141395696,0.14347397743246726,0.14291757026697874,0.13866701345039914,0.3577520087134068,0.217189430136748
0.30291429562243705,0.26692270542451263,0.947518852771267,0.01986271620806845,0.2950400159817528,0.23505047014988553,0.17198548342496214,0.27806131423533126
0.4344102163983085,0.3575299883220119,1.0751831425454772,0.06401455105742551,0.07476211912320538,0.5117456794085048,0.012254279009920871,0.3372233714009434
0.374038168864127,0.3086792446697362,1.0497569061075802,0.14822568288734178,0.2214116733482671,0.4016143704594996,0.10125356361984636,0.12749470968504523
0.40277202694625586,0.3150808192454444,1.119623935824067,0.0962252113927025,0.08576944325711343,0.4744162832642116,0.32250881266813136,0.021080249417841056
0.21479019486459827,0.21005603365635797,0.7845058863397729,0.06031988092720362,0.29435167183618255,0.05475448200014037,0.5088007218984882,0.08177324333798518
0.2677558831201275,0.22797276436248165,0.9551837638547511,0.253120988401908,0.0024821835986397586,0.1303993884448576,0.38732211939457967,0.22667532016001485
0.2334739372376913,0.2465960103477005,0.7440263813635627,0.4635019466641316,0.2508499427250299,0.05384706966598269,0.005635268032229417,0.22616577291262638
0.20134368598528085,0.20495977657391784,0.7384067670014239,0.22529634712390376,0.15985285686421383,0.012736619738368217,0.5742801274506039,0.027834048822910393
0.20901045578178104,0.2105314367600689,0.7552812930403191,0.19218690642422925,0.3560480182945881,0.040102270596012256,0.35641135112531375,0.05525145355985673
0.370693899723014,0.3082350963318732,1.040419807930394,0.4442472750777592,0.039154646791252974,0.3636102098232591,0.006524456029383696,0.14646341227834497
0.23303201954269387,0.21347545645398533,0.8573913956340291,0.24525706743422712,0.20984294536089754,0.08168018202511493,0.3948532818895346,0.06836652329022586
0.5053960609207869,0.4090975290185217,1.1131723577342094,0.18030796778924474,0.06542057784463076,0.6978491255695185,0.006507826317564328,0.04991450247904174
0.2483272525209888,0.2512115143720088,0.7894831294527932,0.07278569280085102,0.14021708657613743,0.06948981477919935,0.17731848452245955,0.5401889213213525
0.20962414368036014,0.21006525094858625,0.7598788612564407,0.34856756022060614,0.24284927953682842,0.026097699622688642,0.331525570500811,0.050959890119065786
0.26993492501122474,0.2540659455003941,0.8656607818023514,0.3242580490429058,0.06045216654178045,0.11337005778188051,0.09065092597042156,0.41126880066301164
0.22803970551137356,0.23773857334071966,0.7488885922446101,0.02880395965553865,0.17752965381708494,0.032620047600563445,0.2597477820738799,0.5012985568529331
0.41772653612677785,0.3346129395931994,1.098960896652221,0.10825264440302251,0.12711794228476164,0.49796638865585297,0.1397281256973308,0.1269348989590321
0.20860416503191948,0.20663810541256297,0.7675455827242444,0.1945728855538244,0.2633348665478459,0.025470044329673848,0.3877773575444683,0.12884484602418764
0.2617194162173628,0.2691198046914398,0.7867106490364407,0.023460071757188936,0.4818999722508343,0.14779961232508126,0.03304093429145226,0.31379940937544326
0.33925624505943547,0.278983264937556,1.036822926006615,0.2234093439069876,0.23032841438368684,0.3330147827958451,0.21302174785864483,0.0002257110548355641
0.24077100994809303,0.23345759336453192,0.8171548725348762,0.1064670317474275,0.3798108064310191,0.1015001515662129,0.204771377431976,0.20745063282336448
0.24773567677045955,0.26782292134079244,0.738307519687047,0.04485979052167094,0.2319544017505277,0.06910410918859275,0.06174160735193512,0.5923400911872736
0.27708473288387087,0.23625259396837017,0.9611946648690481,0.1423549112348448,0.041122266001654015,0.15060074084918756,0.35201976607090957,0.313902315843404
0.22681263688117806,0.22025222125341992,0.8027734561538848,0.21290872570383787,0.16867587296186476,0.040189247585446355,0.2714404001956695,0.3067857535531815
0.4022537562837668,0.31731343997856165,1.1101129416628739,0.025902587256725444,0.01677383612240935,0.4455924817442897,0.24328239022976103,0.2684487046468145
0.29556914208682417,0.25601210743821096,0.9592090957889279,0.4497720916478111,0.16134955640892482,0.21499290232472276,0.16301497893743694,0.010870470681104149
0.3064104961344571,0.2586645921219569,0.9912856414980948,0.30471471569799247,0.1567295102410617,0.23230983267970876,0.15552092247849258,0.15072501890274456
0.24838234428212794,0.29019918711345,0.6836075119830458,0.041728302742778084,0.07233073169022781,0.038297060012453255,0.048204608133369437,0.7994392974211715
0.3527879762544118,0.2789558859637354,1.0854331867145997,0.06695185346035566,0.12638410087760615,0.35977515900644497,0.3795273946551734,0.06736149200041984
0.2325700433877525,0.2473496680336927,0.7381050673691778,0.2425294554874583,0.23631497825365108,0.04162446048303338,0.05233348166563446,0.4271976241102228
0.21409321693377206,0.22697767110136802,0.7229487206276258,0.3978697284451929,0.272561069817873,0.019545295850794307,0.12339120333932552,0.18663270254681444
0.32192193522186047,0.2821525390940643,0.9637408761053426,0.057076381530267506,0.16353588114816955,0.25271085478055577,0.10906736066288385,0.4176095218781233
0.3484807694519279,0.2949881430810704,1.0118398873065813,0.3070026784294192,0.06539917484291921,0.3051340283965821,0.01828947045138941,0.3041746478796903
0.32560227029431577,0.28779904858489996,0.9576205051734694,0.038528742187506244,0.02012168680750633,0.23861863083285986,0.14842037176010628,0.5543105684120211
0.323775440091798,0.26324659759921537,1.0399961199445868,0.17941201892610076,0.1345691223958571,0.27615248035704004,0.2419977042907023,0.16786867403029995
0.29371351151864866,0.24145730933909873,1.0093441038737883,0.14016133074570009,0.1688216269172302,0.22708824016008833,0.42719356743319803,0.03673523474378338
0.28197114682499497,0.274175963243797,0.8460666795167834,0.1461384201034688,0.05818347589379732,0.13119466825053996,0.0750044197876319,0.589479015964562
0.27458552737293523,0.2427290230666139,0.9252520548863273,0.12834525585142523,0.29959024107721205,0.17715039795008952,0.2293035304984651,0.16561057462280795
0.30968601152517794,0.277229643862612,0.9367180504472739,0.2885573667267742,0.13618221214908707,0.21715565776620305,0.009597976770841394,0.3485067865870942
0.40234344927556803,0.31542790813275573,1.1170332116816863,0.09134224392103635,0.0967519659828554,0.47415186545393734,0.3148448656587009,0.02290905898347002
0.25345300660934345,0.22147769912073131,0.9186162192268293,0.12101626326497554,0.1450238018206902,0.11756056376325844,0.4211970004480925,0.1952023707029832
0.32331035467501795,0.2880345758534351,0.9488803691890466,0.14637932879415286,0.3306412712691036,0.28272192453009687,0.02445341369901429,0.2158040617076324
0.21689039434785926,0.21165363581327482,0.7885070989051819,0.27495936707488733,0.16787984836547643,0.024678985204771315,0.32125756758584845,0.21122423176901645
0.3838172209860455,0.32681340860826663,1.0214306151256296,0.08845898785606492,0.36225181708356,0.44807620693840594,0.0857283733089833,0.015484614812985941
0.4055369392876067,0.31903043934972775,1.1144295196793426,0.31264516971152473,0.0016568248002351213,0.45790245151317344,0.16350966405758424,0.06428588991748234
0.2967048086672706,0.2770497710337261,0.890471079426514,0.17090192962143183,0.005463159816981628,0.16214472491410942,0.08948887774247079,0.5720013079050063
0.36417899841749446,0.30655294599324545,1.024876787269293,0.0822189435474667,0.3394394823948,0.4025200643186315,0.15971204194421215,0.016109467794889674
0.3908846904364732,0.3244543172147657,1.050640020335534,0.011225013060327221,0.007894398124392169,0.39728640964137457,0.11316209808573384,0.47043208108817225
0.28863120174616635,0.23918107867929697,0.99770100153337,0.1635491080710644,0.17458603135728737,0.20813923261973083,0.3612615466722623,0.0924640812796551
0.26305893824163334,0.24617218178211672,0.8654874677521792,0.04375123873512058,0.27405856048014615,0.13363645975119004,0.19718517710187314,0.35136856393167
0.27247403270491266,0.2372121793209559,0.9378693511512238,0.13613722293428474,0.19344164803908206,0.1569601357025143,0.26894955846312385,0.24451143486099505
0.3758078187504843,0.3093350937281987,1.0532520407683184,0.1507925552677114,0.2242241790831236,0.40817529649038947,0.11173816630701956,0.10506980285175586
0.20324865403333214,0.20540459542546688,0.7460819156255926,0.3107352950453286,0.18786496529331817,0.015839034660990268,0.4788368625446134,0.006723842455749483
0.39664142613711095,0.3305457030045927,1.048694395317233,0.2021506921599673,0.208333472375444,0.4482757725356437,0.008153238847321592,0.1330868240816235
0.2235552571177899,0.2144754664430289,0.809207971410993,0.2203788400753942,0.15844369648078718,0.03736312709652201,0.32643352544587767,0.2573808109014188
0.3028626812881885,0.26196000433312905,0.9652720915618413,0.017773488426854653,0.1525753484347689,0.21553914077085898,0.234639797117432,0.3794722252500855
0.32803255739514736,0.30007571845544934,0.9265413370539856,0.08611372769450204,0.5001279144201337,0.32789741751595797,0.05749616498745927,0.028364775381947045
0.2991665182337608,0.2556016040989815,0.974823765727508,0.13594399926633757,0.1222397420594951,0.2038997208516084,0.20823657948380836,0.3296799583387506
0.34966692859266785,0.3046174349383814,0.9837484471408705,0.10644721251477311,0.016529020832190173,0.29166814130241764,0.05533723415307812,0.530018391197541
0.1838976381924143,0.2625549424244542,0.5099794997420058,0.033826197075882185,0.8567055403403978,0.025739106417885096,0.07086280978448847,0.012866346381346584
0.2311815399735488,0.2147565481717539,0.8436601422213532,0.1691301734056003,0.2630257062670346,0.07884576542005435,0.36541166487135573,0.12358669003595502
0.2344095295713841,0.246275371807852,0.7487940357887812,0.16530581251038604,0.3104104600868845,0.05854188167266342,0.07271588793686808,0.39302595779319793
0.29739380589491254,0.2744438901593219,0.9014367408627458,0.225468653515818,0.3656638873957922,0.226333814771707,0.013285316501117125,0.1692483278155657
0.22153281306445344,0.2496097916824133,0.6872038629105555,0.07110271219666456,0.6321674998458864,0.08618082079315285,0.10881540630084073,0.1017335608634555
0.4171000694029727,0.32280596256698857,1.1372158880949796,0.08628262010410608,0.0173323964799369,0.5022926094086237,0.3606939842733345,0.033398389733998855
0.25790715071071935,0.2514752381513427,0.8267499903334291,0.28475691884058535,0.18668434622438984,0.0999197368154169,0.05565041843280142,0.3729885796868065
0.31711284422447317,0.27758758080650264,0.9622651108828566,0.3276589075719088,0.21583639510903108,0.25582267394566066,0.02597197411383725,0.1747100492595622
0.3047254240416502,0.24667454738349615,1.0326376464193432,0.048157544529828705,0.05226842905505639,0.24216409849225246,0.5417452808399794,0.1156646470828829
0.33836634502527124,0.2807079169957131,1.0272825508860695,0.0345575971590803,0.15525694806280632,0.30411770349365425,0.2047231497386076,0.30134460154585146
0.2161098717291954,0.23000669124287168,0.7221958232240926,0.23769777113260696,0.4307944393847805,0.04663848009032523,0.13232402423426684,0.15254528515802043
0.34418614193038094,0.3094295623680976,0.9507370261552998,0.12408645167330012,0.45859297462153276,0.35940639999211715,0.02503874106528655,0.03287543264776333
0.2721836386480827,0.24449725462407987,0.9087367422169838,0.06022955430131432,0.046748386068925514,0.1298081057849274,0.3171645393756356,0.4460494144691972
0.2679684372555764,0.25710516938956096,0.847779287258572,0.2302929540941014,0.3955934934502306,0.1618018900027816,0.05074470640781922,0.16156695604506716
0.22834778010026258,0.23246831807936608,0.7671917686408072,0.2434440213585161,0.40778200993865965,0.07464181477758455,0.13808167762442913,0.13605047630081066
0.29470488826835867,0.2516588227629377,0.9723676109653837,0.4646960101797868,0.08509443473616435,0.20398733132008076,0.20147380906880277,0.04474841469516563
0.23048278868371577,0.21637607025537273,0.8341162147491875,0.12322854184653918,0.3264262734472337,0.09365437015802067,0.4216275843718593,0.03506323017634723
0.27374205476138336,0.23411817164863608,0.9556800020511643,0.0075380478194654104,0.21723832774238694,0.18409363129156436,0.47984490625790666,0.11128508688867667
0.30581807721744325,0.26474439237100755,0.9662832701625078,0.35847825848922205,0.2278639730855222,0.24169385872451957,0.10937140200475057,0.06259250769598555
0.2727001737354518,0.2489587624364524,0.8945263527018729,0.4967206307624668,0.10308270386947553,0.1409982149584196,0.10762923692439973,0.15156921348523839
0.42530101389437064,0.33607190003505916,1.1167283365708918,0.1478957848523985,0.011433827419614774,0.49718210840530036,0.13669921266220625,0.20678906666047997
0.2679775900955234,0.23323432423680848,0.9345862398632436,0.0852292791771133,0.0019297847830250887,0.16003171103961894,0.6934042228721697,0.059405002128072926
0.24410401407186386,0.259208484120172,0.7488335682017068,0.7775505205044081,0.07857761699361955,0.07429392707314794,0.06500791844520738,0.004570016983616936
0.2762189465169782,0.2627981157428378,0.8608088603585945,0.29235526820907487,0.4115012442977351,0.18843368403868047,0.04125488727851635,0.06645491617599333
0.20830763806297278,0.22673085289578065,0.6982183326225153,0.10930453593763621,0.5221697621812701,0.04807071048753682,0.22253389090768344,0.09792110048587328
0.20626834785452422,0.20528800408657844,0.7612151939897053,0.12118821258805887,0.20859859141317247,0.025316598828702165,0.5493486546282565,0.0955479425418099
0.41309497080561086,0.33575594273825504,1.0814252991157582,0.18939172245351282,0.010374007169114102,0.45473412671097657,0.031424057116433174,0.31407608654996355
0.2280340602191107,0.23226434261653162,0.7665148176147077,0.2208144605642308,0.45784098934684764,0.08655353709051256,0.17310485401100947,0.06168615898739947
0.2071694071416188,0.22032763751333784,0.7133440403367659,0.04002673942999203,0.11496364904873942,0.035593518808909444,0.7895397237199949,0.01987636899236425
0.2819648411802421,0.24140873767756296,0.9608800551787212,0.23075282036550887,0.2554090556398428,0.20032525755931757,0.28148034981208053,0.03203251662325028
0.3516408491391434,0.2911796980146107,1.0359267874644469,0.09002393676958484,0.03764201086588508,0.31311816434784945,0.15962883888840948,0.399587049128271
0.30855415273222714,0.2884812574597142,0.8962597952081296,0.043494673801989334,0.3813892857859174,0.2470619151960564,0.0127455096009237,0.31530861561511303
0.2645901043977621,0.22577723545325332,0.9504505800461558,0.20720177586155317,0.047946178003298257,0.12978534919299387,0.3991502296820092,0.2159164672601455
0.3075573019307292,0.2724005220220104,0.9455095754549184,0.1807936477895014,0.16784350721144034,0.21912221295431708,0.07018641985595817,0.36205421218878314
0.31009646796649,0.2700606507291714,0.9631039074527228,0.08750603576226253,0.36970279673698564,0.2730435493757118,0.18222656627914355,0.08752105184589652
0.28756933983186406,0.27420730587528963,0.8663858866689401,0.08209024074468636,0.5214467002243245,0.23213360724944382,0.08868631893756704,0.07564313284397826
0.22634956598564088,0.23106502715593596,0.7632031907045373,0.054943585138843384,0.4562247622551672,0.07902541531091198,0.22727686461341404,0.18252937268166333
0.34636105710018644,0.2987486175423911,0.9920081289016647,0.15469772139273077,0.3743186118295463,0.36114596306404007,0.10707328263561809,0.002764421078064883
0.2942841448443738,0.24811531061567405,0.9845589304352337,0.157716232959662,0.26439152405324023,0.23148573974968806,0.2989339927013139,0.0474725105360958
0.35488823793606494,0.29160848954023133,1.0455396494689553,0.24288735291081365,0.047105075051277895,0.3242618751813541,0.09672183278240172,0.2890238640741527
0.3586963559797479,0.30876522938643697,0.9997769392401279,0.013484602890732092,0.14406177066228834,0.33564975651882567,0.07073947923801772,0.43606439069013614
0.2546181501299599,0.23529075163368332,0.8696395787307587,0.2563564988339056,0.22787600106535316,0.11224584739718818,0.16946625377689012,0.2340553989266629
0.2792494404875188,0.26121630308705523,0.8776230188477828,0.2225838419848258,0.4170798215092034,0.19790475203825045,0.07865331539694201,0.0837782690707782
0.364360138005313,0.2870530224587226,1.09512916921304,0.0016383620836959054,0.10077966424902367,0.38898818278547503,0.4449154239080312,0.06367836697377426
0.33046641568184415,0.27248644848879244,1.0292857396663524,0.35940706848077486,0.07850802945250157,0.27992788971683,0.13799018490678414,0.1441668274431094
0.20273129616356514,0.20939464404099442,0.7293944735934317,0.04383288037850038,0.12252941735203399,0.004366532367199019,0.6210215314478228,0.20824963845444397
0.39085893928651066,0.3208042024520605,1.0625139467661653,0.3861784541627087,0.10346825103069679,0.42774295119534467,0.03501354211374276,0.04759680149750718
0.25818079616500683,0.2233058140247038,0.9322676934062105,0.1429942182495732,0.18012067924978703,0.14709176404865185,0.49481051934516,0.03498281910682779
0.2146019140537679,0.22759921488991483,0.7232094984746873,0.04572521370598607,0.19186825378833008,0.007306256822678795,0.30154504388008385,0.4535552318029212
0.26618421656300084,0.23053743698571094,0.9377401752601261,0.02804399027003375,0.10411107383031103,0.1408734094157616,0.4529502004037037,0.27402132608018986
0.2117534991792729,0.21133976640610413,0.7653718082968458,0.18494392102900276,0.2534476592349584,0.022457512303637402,0.32039161085340256,0.21875929657899895
0.29650889654356977,0.27536794406873494,0.895198231505256,0.17026318302783605,0.4359176512496585,0.2382353410550876,0.04453751232852991,0.11104631233888794
0.47093935275961857,0.3784993492885257,1.1121270183181777,0.1319243690767979,0.010998614466337606,0.598927472839752,0.026649651585733892,0.2314998920313787
0.39240709055546386,0.30361755104249905,1.1277578960102186,0.1181881938929105,0.004348852857994858,0.43325367679165366,0.319792205136018,0.12441707132142284
0.3214069138950119,0.27224411783361196,0.9969248043070238,0.14108235449725837,0.0703692737558758,0.24505768544946896,0.16004981479509997,0.38344087150229694
0.323999818757415,0.2709909971188958,1.0111030317261762,0.4162343195320218,0.10493927646655361,0.2706589567729303,0.12907549647405234,0.07909195075444227
0.3767644167760865,0.30958737935964065,1.0554836487584711,0.3797310139137881,0.1255313494981868,0.3996999992118668,0.06788215848961954,0.027155478886538742
0.3198222979186488,0.2567842666181839,1.0507742607137662,0.24625021130582642,0.11277128731383147,0.2801161430194344,0.35384117332218223,0.007021185038725695
0.30484016650965795,0.24622851480419258,1.0349742259230763,0.17139905695502666,0.1158824433931366,0.24242409922285593,0.38908759573286866,0.08120680469611219
0.21335367714411754,0.210144369366669,0.7773402524960874,0.16932789277390042,0.2566770088165587,0.030041367236197804,0.3500813760657676,0.1938723551075754
0.22116903976477534,0.23896444153142432,0.7162950214175118,0.6926507426972938,0.096203116132742,0.026544507847367355,0.1637938185941594,0.020807814728437478
0.3116488939021296,0.26858803889226124,0.9741643558709807,0.5689890214638521,0.006430544549838911,0.22825567381099057,0.1213730847228703,0.07495167545244809
0.29646388650514766,0.2810665503817712,0.8768880045326528,0.014610947234313082,0.20879317970890057,0.1887795181095918,0.07073411092923153,0.5170822440179631
0.29686291321311087,0.287782086153732,0.8578119524828162,0.07984418984001168,0.13154642911785208,0.1728167089356566,0.023259358841747804,0.5925333132647319
0.29010108948027535,0.24069544742315818,0.9975306639604284,0.17503329603831522,0.03141715458094005,0.18271841945159653,0.3419627555988056,0.26886837433034255
0.24625744232122654,0.21992393602724042,0.8923878222010246,0.35173910705470146,0.016930140056736917,0.09930744504380691,0.5073274063086178,0.024695901536136915
0.36244904899680846,0.2952374337735357,1.0582975370138026,0.370280401742643,0.018452294910310005,0.3442718392624488,0.08566461116696358,0.18133085291763462
0.3223172128228315,0.2736612869876665,0.9950885484036491,0.1677662310081121,0.06922071661064676,0.24597238110319397,0.13831931679221082,0.37872135448583616
0.3335457929282962,0.27310726530496665,1.0382213472485742,0.13952314812144173,0.17163361360728005,0.30132656322185625,0.20625370921567696,0.1812629658337451
0.25704981590053855,0.2221133447550753,0.9321808922775563,0.13907402350322207,0.168278028886293,0.14029713742092592,0.4838525462252466,0.06849826396431245
0.22372355859138818,0.22124662142456747,0.785203215636981,0.0010521067050716039,0.1932073764977058,0.041484928849827934,0.404958212685769,0.3592973752616257
0.3403937834752451,0.2683133997475752,1.0822932576175577,0.0373577352207674,0.05263825475238062,0.3198691428835063,0.43970513854464777,0.15042972859869794
0.25615179549508127,0.25569632475778536,0.8062368346137303,0.31773129951926743,0.22758619495592353,0.09892181130495924,0.006472243777467746,0.34928845044238205
0.24764127669357516,0.2459372355300543,0.8036248609024589,0.04388143242647585,0.3264683004940108,0.0989642267781042,0.15620127248277335,0.3744847678186357
0.22877117417310575,0.21721576649356145,0.8230119620640186,0.4193552596173384,0.09775966041601894,0.04932009203407811,0.3141070920964582,0.1194578958361063
0.20843734402571562,0.27293694296718546,0.5804906521751589,0.07539151696738534,0.8300669637277722,0.07805419801453366,0.009243761823277075,0.007243559467031641
0.2492374923534076,0.2392216065502948,0.8328574296716764,0.3014121307191199,0.33547949100021496,0.11533221819972823,0.11938865519740316,0.12838750488353368
0.32388781978111375,0.3047083866672611,0.898852252728432,0.09401937533417178,0.00493978854536305,0.2182963595199103,0.020759658508045637,0.6619848180925093
0.2372613581609947,0.26531519121611086,0.7058071469735863,0.046111787194826726,0.3618110380150199,0.06196226709434497,0.020659103976996288,0.5094558037188123
0.2965577318297747,0.25731766770277525,0.9581842320853411,0.30498951382604866,0.08053041275227206,0.18886095241961892,0.1268951936577888,0.2987239273442716
0.28125853994735545,0.26717132630809776,0.8655814347407617,0.08519515246646416,0.16697120832499932,0.149559780928699,0.0983411999548167,0.4999326583250208
0.34904678804959094,0.27361763546706686,1.0929368187073043,0.07280085283951448,0.06500020038193124,0.3452563921163554,0.43006739582460674,0.08687515883759225
0.21380343825088213,0.23127684245639998,0.7082569811621418,0.08044337244865009,0.4755861549196463,0.04597650538900972,0.17919425475541115,0.21879971248728272
0.28598879555000994,0.26703305075423855,0.883743772104076,0.09655465657620396,0.4504177400069402,0.21672917481803547,0.09946372411942583,0.13683470447939444
0.38417116875322266,0.3142409982953005,1.0634232024657497,0.23668622809218215,0.17996599603307853,0.42324630139172115,0.08857053318702823,0.07153094129598989
0.21557419413686846,0.2166760556445061,0.7641554746063915,0.06877743824380282,0.01101018852200155,0.01256850837379651,0.5833505463504475,0.3242933185099518
0.33430094012546785,0.28255957859297526,1.006162811896747,0.16310737753806281,0.14396522229538766,0.2856293979168973,0.09880254474087845,0.30849545750877383
0.2882561651156164,0.2750012138999371,0.8663822305973862,0.08270227968029087,0.485217239541347,0.22271521692936558,0.05519998354351601,0.15416528030548035
0.3771828577038371,0.3010995465897551,1.0866268694506547,0.3405139151380117,0.06635183141771867,0.4000509633283671,0.1690396788057479,0.02404361131015468
0.3227120966027645,0.26932024913313296,1.0125941049013172,0.38769156744182237,0.13393928996425578,0.2735339243760639,0.1471771744100831,0.05765804380777481
0.39596824833658245,0.32841340032408856,1.053453507059,0.09659208520183689,0.1513317381986563,0.4333710842471639,0.03931491303040288,0.27939017932194005
0.3306028206570741,0.28269591885034034,0.9925959377065704,0.2596027007523949,0.1117663797291229,0.26961950062174894,0.051083435000546254,0.30792798389618703
0.4179568799780733,0.3294337482546532,1.1169374173942908,0.24713898816582275,0.008741177835687322,0.483523932850315,0.13495980588277104,0.1256360952654039
0.2793217859984809,0.23253297681765026,0.9861903852816217,0.24401806204401874,0.04723806385304758,0.18490142577211824,0.5192867972470991,0.004555651083716325
0.2786645378935069,0.24431499202230703,0.9359414909447262,0.0846528705050405,0.0006527565817509076,0.14272655365600811,0.34611604823331366,0.4258517710238868
0.22377059699862406,0.21448835423885101,0.8101633191940842,0.353805308751166,0.11425826418036326,0.0358048359948229,0.3142189114713406,0.18191267960230706
0.3744659397271428,0.30198329155357934,1.0744499738972297,0.13494946748488443,0.1879014983316179,0.407727458352944,0.19684510137353026,0.07257647445702332
0.2957040967742484,0.25227330871864434,0.9739599405987003,0.5029966869321958,0.01656485797051718,0.19680233170052067,0.2100917341521154,0.07354438924465091
0.2865192504530773,0.2703286396031931,0.8749322705883346,0.003203626529431839,0.019635909833447533,0.1458213436789919,0.22233620756571962,0.609002912392409
0.42106204232017386,0.34718267829054494,1.068780401566132,0.07655493774937357,0.16469242990181254,0.49816503619516966,0.03290676199719651,0.2276808341564479
0.36720015237481246,0.2864341163725962,1.1074105151712987,0.27120122795618407,0.017969173124632105,0.3808585200558693,0.3234198680319932,0.006551210831321258
0.3003083214920764,0.2523166960559791,0.992040262910477,0.0471529088013271,0.024871577480755205,0.20123657187388733,0.3514877209905663,0.375251220853464
0.2390162456376341,0.26918585531180145,0.7021774803831877,0.08652676017897931,0.67379632237378,0.12756873534799287,0.01294908312105401,0.09915909897819393
0.25993021714231174,0.26122501968131556,0.8036374823453684,0.21934461644200529,0.15193487170403788,0.09267103004937317,0.040772159728404964,0.49527732207617886
0.2400274207444665,0.24425017814265848,0.7780032022473193,0.6412056482620794,0.04611907510837534,0.055446770435933414,0.11102335007974899,0.14620515611386314
0.2616701779416886,0.25364629607099753,0.8345092407043884,0.09370374841402826,0.4430966517032116,0.15459269557023578,0.1127065580597564,0.19590034625276806
0.2084080463770033,0.23453876672972676,0.6754024018534491,0.5341287107833937,0.27683266344028407,0.007143249618144202,0.07065834558863099,0.11123703056954706
0.298720348809304,0.2717324374275361,0.9153134280320551,0.041103145150704574,0.1311136779439741,0.19050456338684532,0.14305710061859067,0.4942215128998853
0.31028756327939216,0.2799539671306323,0.9297512942830941,0.056549108134761036,0.36952642354149884,0.258588245154436,0.07991651490399256,0.2354197082653116
0.2840387433947186,0.26859562560846945,0.8713423491709271,0.028622980178529895,0.40563996538183006,0.19793770628688825,0.09004186443021114,0.2777574837225407
0.22087824873331097,0.22459508698971703,0.7608280796504446,0.3795771897696349,0.08695322471811556,0.011418444799689483,0.21028620705760917,0.3117649336549509
0.23933596386164252,0.23029669753812335,0.8221392919900635,0.28050988806784816,0.3531371167556851,0.10088054824053447,0.18790668321498877,0.0775657637209434
0.268780036403745,0.233619759629401,0.9364791606275223,0.44393636859898344,0.0742180830998477,0.15018499326324009,0.325725776595517,0.0059347784424116385
0.2429758836977662,0.2417712290702409,0.7981755498364184,0.21026615259624554,0.2961028524834975,0.08356153652905268,0.09745688041853519,0.31261257797266917
0.2508464182525606,0.2257555143978495,0.8896633988687801,0.3566825061373218,0.08111495837487165,0.0934388560539863,0.27109367949272417,0.19766999994109608
0.3399174199239378,0.2941870027525726,0.9854868407214247,0.021371532878905006,0.04478829761849491,0.2779835877331194,0.14069445447460402,0.5151621272948766
0.204962611137067,0.2207785116501313,0.7018917284062361,0.24103528079287478,0.47103948929119355,0.0403035428614515,0.24424224544048673,0.0033794416139934637
0.24125376809426585,0.22263301319707995,0.8590539441918417,0.18273335706246477,0.104202920418202,0.07003784921163413,0.3262378330832803,0.31678804022441875
0.2639768323319484,0.2588745479930445,0.826565740011249,0.006026004901016368,0.25123963715624603,0.12252861607454105,0.14354856792021192,0.4766571739479846
0.20677158816778785,0.2297687370981691,0.6823016488131147,0.0657933366385731,0.5084109726192085,0.035130176347562825,0.1928299635867503,0.19783555080790546
0.38015067505719236,0.29795514099783116,1.1080549707970824,0.06730786469164282,0.09094559238150854,0.4170278614390922,0.33227787210905413,0.09244080937870222
0.26192029152404933,0.2280467537073489,0.9292844036534957,0.4203341218223665,0.03505070187452455,0.12890430190914415,0.36621838936048084,0.0494924850334839
0.33489856062675594,0.27980885788040116,1.0181899271699622,0.18540115850468572,0.1266131757216465,0.28764774501062856,0.11826738439467506,0.28207053636836404
0.4457662640852884,0.35705148800161546,1.1084291128440775,0.12334883509455406,0.13986242177705882,0.5752619355315699,0.15675654153776958,0.004770266059047659
0.2934664116541853,0.2608579170786174,0.9333295856257618,0.17814741202510231,0.3266013778389867,0.21981534287174495,0.12138310490532227,0.15405276235884394
0.28387599811624786,0.2653582801245805,0.8813593380483461,0.6445292662571714,0.013245677300219354,0.1533573876287692,0.04644341797666981,0.1424242508371703
0.2454122140726972,0.2196319618274238,0.8897257596152727,0.38296786331462673,0.06819656467067027,0.09481240112695505,0.39784718610742226,0.05617598478032557
0.23877181776945072,0.251640239256659,0.7501654676814784,0.051272060925973285,0.300063579408144,0.06591749849151038,0.11141081232268428,0.47133604885168817
0.28860960339817926,0.25402451612547094,0.9393172243277584,0.04761899016174021,0.09123602445556203,0.17234465158055673,0.26018597515519865,0.4286143586469426
0.2275872397825574,0.2468791943050117,0.7193284970103792,0.5214484223529009,0.31636417940851125,0.0547051316970814,0.005302161853821329,0.10218010468768524
0.31708598236498226,0.293438663283393,0.9101935626902709,0.0352446263589465,0.28616162993161043,0.24989032208130765,0.010384043637585452,0.41831937799054986
0.35637388233506817,0.2909357132876993,1.0530638499925324,0.09232960379912672,0.1827281065217087,0.35588560640805605,0.1811353174088432,0.18792136586226513
0.32219297677993575,0.2583772305997533,1.0534712217021325,0.013496774739151497,0.10204692842287603,0.287812421688847,0.4905520692747808,0.10609180587434468
0.42324605425928974,0.3487641748139982,1.070196084383805,0.09989320877216264,0.21989651035486713,0.5186980394231272,0.05633412364417848,0.10517811780566456
0.2133987099118317,0.21637119780177488,0.7551777296233618,0.41367746093091273,0.24485455219888183,0.030500102673835572,0.25716987672767516,0.05379800746869471
0.4003098298687194,0.32289361536818034,1.084907886671211,0.15845929352493435,0.1671894967153549,0.4637770073078915,0.13781917881114933,0.07275502364066996
0.2070465666456752,0.2389724759146128,0.6571742877275517,0.07992646286604588,0.6310453396268225,0.05707879915713187,0.1688784375117682,0.06307096083823162
0.25524276384588024,0.2473437262717846,0.8297876276851944,0.30166476729125097,0.13072811135667112,0.08791811735718078,0.09106105416321686,0.3886279498316802
0.33547733764107324,0.2696700074553916,1.058617309113608,0.11422932531463845,0.1791277271442772,0.32182358224628493,0.3284422420022596,0.056377123292539834
0.24211176893112177,0.2242873386523923,0.8565430848009781,0.49717215890746086,0.004111629282085977,0.07719468381237211,0.3691139532235189,0.05240757477456218
0.32988878315221626,0.2777942395332508,1.0075399101957072,0.09109770746701223,0.10294753469376065,0.27064692204011054,0.16476197620211552,0.370545859597001
0.2147626504992391,0.20860605511048994,0.7898267881628421,0.3409069641244332,0.16969652739159272,0.03461246042962498,0.40830046068304165,0.04648358737130758
0.4685757559482619,0.3746495668678391,1.1172460693005903,0.11980059490773604,0.06954769034067154,0.6113432171864783,0.08909379546267995,0.11021470210243421
0.2937129668094623,0.24507538249251143,0.9944408301266622,0.07519200831134103,0.06972923784130809,0.1953891911616597,0.35768170751204986,0.30200785517364137
0.45409872831200615,0.3726378456050508,1.084427502675882,0.050016062363778827,0.046234609295234645,0.5544696091095705,0.0013585993586413508,0.3479211198727747
0.2254329083366659,0.24739391548148962,0.7091237793590444,0.0413127952067224,0.5456675124653394,0.07769502466733283,0.10762757635990611,0.2276970913006992
0.3006819927491175,0.2447817783822322,1.0241039770438796,0.258225472072382,0.11152872971145843,0.23523640576175145,0.382401035322555,0.012608357131853069
0.22059376958227836,0.21362076547206635,0.7985823344715318,0.005368752610670829,0.292028370987131,0.06739267442621731,0.5203913781986774,0.11481882377730344
0.40113664672102844,0.3263473948995087,1.0759597049308545,0.3279649418310632,0.127359513203309,0.4598198650468052,0.071336524388234,0.013519155530588637
0.1913976703521304,0.23309117480981742,0.6066195790874489,0.011425469564277152,0.6715167887572504,0.03341201130062339,0.2683327459155661,0.015312984462282887
0.2472545456928358,0.229765006180581,0.8585056052347937,0.015518982582180511,0.09640095862802435,0.08476712528340402,0.4104968192397549,0.3928161142666361
0.25951943997215604,0.25545094230247795,0.820194429833284,0.23555918437992732,0.14353930286916436,0.09452841369855494,0.06858508060539835,0.4577880184469549
0.245121639800811,0.2671824203572886,0.7302937054761514,0.18455542335435354,0.17290675720581195,0.052720957136311926,0.009556256829293768,0.5802606054742286
0.20958600840297756,0.20922417753533346,0.7627512760853219,0.1287474165669258,0.19986290453324948,0.041638085190128106,0.6201694404237383,0.009582153285958378
0.37263571965208003,0.29342840737485393,1.0995381208606496,0.31998833953811506,0.026935073822381625,0.38784630977869633,0.23316772851773615,0.03206254834307071
0.22455266782130978,0.20920410947030987,0.8343653872921756,0.21488437254935971,0.09656652803790512,0.050559644722670403,0.5049019033360396,0.13308755135402503
0.25863430513777774,0.22267338882697224,0.9369521263265835,0.1380958592635053,0.05057517206478471,0.13119415043083862,0.5575797847519842,0.1225550334888873
0.2135767950985968,0.2396554227359571,0.682549942877025,0.3653013418815571,0.3527776127579077,0.018882542181947994,0.023543856635317002,0.2394946465432703
0.262469835944172,0.2437941458789503,0.8715132809204879,0.14937793240440667,0.001312683689277538,0.09583419386637182,0.27261803567923404,0.48085715436070986
0.42188728881272075,0.3295809430004597,1.1283640535375312,0.028101797033964954,0.0229938662682288,0.5009784073580115,0.27301955576791176,0.17490637357188296
0.3509688038416404,0.28868268950246717,1.0425592347097357,0.3497736723020768,0.13362381929733155,0.33893226616686145,0.11090998582172085,0.06676025641200944
0.40831184773675827,0.33244840771228096,1.077796853359758,0.1481921927014005,0.06176110379474325,0.4521020974384641,0.04880295866075562,0.2891416474046365
0.3094042600793111,0.269148263034079,0.9637968945259954,0.35360363506350434,0.03622752883915162,0.2094250554876827,0.07425697010025314,0.3264868105094082
0.2803122121907286,0.2632423478931644,0.8749056298654488,0.19469179209456916,0.4439563215691117,0.20481917018843962,0.08415551157076404,0.0723772045771153
0.28468998625516767,0.24695515021132447,0.9503344475883121,0.12622055259809647,0.3208312046320464,0.21161843014336557,0.26576624562939083,0.07556356699710064
0.29759079665372057,0.24364067010369053,1.016212919412629,0.0873248822450322,0.006038616132696438,0.2262185429998599,0.6109563850876086,0.06946157353480285
0.3358825367975158,0.27966007735101184,1.0222500812609514,0.002938487093418835,0.049599352168857545,0.2817602582098145,0.2524096107210656,0.41329229180684346
0.3208829306088896,0.2829284522709266,0.9574255555941669,0.07181314360529123,0.3536698082064538,0.2855861963099186,0.09558193678310198,0.19334891509523447
0.38570396067562845,0.31869408882815303,1.0533736659817607,0.030237891532913005,0.11435488213703733,0.4043235342669109,0.10377800196503692,0.34730569009810186
0.3262677532169565,0.2639670683892509,1.0465993159781841,0.27976663807488544,0.06680181469809113,0.2728436796240129,0.22112073777012203,0.15946712983288852
0.22852380880549808,0.2482729758652004,0.7190625890045618,0.09207957621597887,0.3895756502388639,0.054595384979211306,0.07515450242695666,0.38859488613898924
0.22626213758912964,0.2289018183968735,0.7700338023681559,0.06499049341677539,0.4632810799888822,0.08402808518326302,0.25294584043324925,0.1347545009778301
0.39048950042778885,0.3139508995572283,1.0845310553592569,0.1764861239942103,0.04366360897169266,0.41244005575524906,0.10945705324062564,0.25795315803822255
0.42169830186277274,0.3441600542801801,1.08001581601383,0.19472960885303708,0.04527178494169656,0.48016507841102035,0.0033397596875088613,0.27649376810673704
0.43207159539297446,0.3516605794881206,1.0864783193758036,0.02890435939918217,0.13322019742605798,0.5240676378040917,0.0842589625761007,0.22954884279456753
0.35278600700899326,0.2803160115678488,1.0801595146687,0.09079704692125602,0.08772584888090754,0.341409370188737,0.28269628789419476,0.19737144611490476
0.24322997944125593,0.2304897089521811,0.8383453661323538,0.13302369483842838,0.29815259459067867,0.09596839041988046,0.22218702075688,0.2506682993941326
0.2418721519670298,0.2520934820102468,0.7611150849161217,0.270870150459052,0.34414806677859355,0.08141290876932183,0.002715776179880673,0.30085309781315184
0.22666014116499203,0.2719594958828989,0.6495825438691754,0.03210249414112871,0.1630369674300912,0.004239244826963551,0.08549638365527017,0.7151249099465464
0.23889966569582063,0.22528359113643456,0.8384972236234489,0.019602603803832875,0.10179156712473206,0.06777454113685913,0.4349353956087873,0.37589589232578874
0.3650437911143676,0.29991645883393037,1.0504384865680663,0.09464623977229997,0.029527015681383766,0.3440251262395564,0.14298355226391735,0.38881806604284264
0.364124746935837,0.3166665418491224,0.9919732760573852,0.009266455306594444,0.04063913094674417,0.32912463935731745,0.06776013518019779,0.5532096392091462
0.5328865708317945,0.4292817084324893,1.1248710609987131,0.006998026228227906,0.028128392299936272,0.7583967629900322,0.06577935803678121,0.14069746044502246
0.33212929783990147,0.29038355470518296,0.9715746407414092,0.04403001627595881,0.20547066167613318,0.2826892243430153,0.08242050153208383,0.3853895961728088
0.3086063103870613,0.25359900483413916,1.0197449731957626,0.28247675462242516,0.15053055017239828,0.24911398463105922,0.2626079364220494,0.05527077415206811
0.2662944145276445,0.2265866536893578,0.9545770282841832,0.14563059501163855,0.11888221749637831,0.14476632249547353,0.4045621316474205,0.18615873334908906
0.2490669201857759,0.22844400393645675,0.871403568294783,0.466694725302083,0.05756611879684848,0.08896920129103017,0.2560162935117935,0.1307536610982449
0.26005400876824314,0.29545685530111543,0.7109464715386827,0.08812035650071591,0.0060995110887724305,0.056581994076922895,0.03513088781496184,0.8140672505186269
0.29364522507302776,0.27276910206064775,0.8932288269910258,0.0759228236154123,0.4444907234060083,0.23223421651364015,0.08585325412414378,0.16149898234079527
0.21098629388950582,0.23375592130884607,0.6886939718494035,0.3684646833438902,0.4312418874337403,0.03508611793292678,0.0832624388829779,0.08194487240646478
0.3823916170369566,0.31849568120465677,1.043629903487987,0.009115116290699301,0.19350878844406236,0.40950955815161966,0.10198121155361431,0.2858853255600045
0.22955880709418455,0.22723486534249412,0.790190391001614,0.20693462855485859,0.09865320485698237,0.03184600226110077,0.25876777124628614,0.4037983930807719
0.26934654187528656,0.2606288230075553,0.8416050816794273,0.4955777874321311,0.007721174050628271,0.10427873086239481,0.030820819005501134,0.3616014886493448
0.3602852211020306,0.2891192196469495,1.0732085590191045,0.2648250410078313,0.021969871926622725,0.3416357815139483,0.1520140042653719,0.21955530128622575
0.3649017353733558,0.3056063509103003,1.0304162018733172,0.5393110046941788,0.013259789543622221,0.3512398344502499,0.020452048399328505,0.07573732291262046
0.24356056654537853,0.23641755831855513,0.818723312777683,0.2680641356645725,0.3327916798045169,0.09925010292442726,0.12676109366018212,0.1731329879463013
0.3590712929519856,0.28947726367517096,1.0676876277882796,0.3699211667427697,0.026798407505872368,0.3436048805087046,0.1357757816654936,0.12389976357715982
0.37032982796228814,0.3081751896191521,1.0394406777461773,0.0687582320669799,0.08874066521718642,0.3617419342798248,0.09906198256626897,0.3816971858697399
0.33698866260230664,0.28001676498485906,1.024898143573027,0.03801454661241875,0.24625624299682508,0.3198246653520543,0.2173575449001303,0.1785470001385716
0.3185988213450631,0.2862959983623325,0.9381857339309645,0.12707916078415635,0.3013290145694072,0.2633275568390641,0.019923458442991197,0.28834080936438117
0.3865403701834781,0.3143583959272332,1.0705626906856323,0.10515533352956226,0.05756385453621836,0.4009952772824239,0.11127812153413172,0.3250074131176638
0.34389553429465053,0.3041671859098264,0.966230244119032,0.12212359090380816,0.00157273213845434,0.27327903576639684,0.042189535052587,0.5608351061387535
0.2307991140061271,0.24969741162293582,0.7240728401267892,0.11299255298658724,0.20507520164543286,0.03184678999492609,0.11814379048163996,0.5319416648914138
0.3706614579421025,0.302993916409536,1.058309888666829,0.02527023713365763,0.1601386395895055,0.3833926031852177,0.1750781401925363,0.25612037989908293
0.4028062323429924,0.317525855081101,1.111110250385375,0.02340582721468203,0.05855732903305683,0.4563166542485165,0.2547189169049041,0.20700127259884055
0.21363069992664419,0.21107806480653374,0.7752141373696124,0.25112599683292514,0.12321353342208563,0.010501644983379433,0.3535562272936284,0.2616025974679815
0.2345430849627399,0.2500905507265918,0.7379050684905293,0.11113060636826406,0.399292940365084,0.07112289529676656,0.06051336044367594,0.35794019752620937
0.2293687878794873,0.23900771957657252,0.7504727805330225,0.42315456976492327,0.1920237980038044,0.03718239269760216,0.06426651342579728,0.2833727261078729
0.3693525028112985,0.3012302461050829,1.060160813665085,0.06566789674239501,0.24457011208871626,0.40449269497375606,0.22123775418747635,0.06403154200765622
0.24271317459342823,0.2509413659386857,0.7679609691792114,0.5775220793353073,0.1608768893576203,0.06793254691336086,0.012618703094298992,0.18104978129941257
0.21724472269025302,0.21258103693822963,0.786733967897851,0.3672104401592527,0.04287907946458653,0.036318421847616904,0.5496163423248681,0.003975716203675777
0.20440553042886858,0.20723168160488406,0.7450865100987025,0.3338098076883768,0.08399163604820915,0.008278008348061907,0.5413344862389418,0.03258606167641028
0.2284648394775849,0.24493403967490973,0.7286240806482166,0.5882461454254805,0.2347795604660591,0.0494182024215062,0.037540476464019916,0.09001561522293422
0.28376898560835706,0.2658140486954859,0.8794455626239703,0.0236554851046658,0.4566914662988092,0.21236047482023385,0.13415557647970258,0.17313699729658846
0.25817502896074307,0.2322006714325819,0.8965306933713388,0.2983383354140614,0.27261587854120267,0.14188986309601173,0.24370305698385475,0.04345286596486944
0.3167479615650816,0.2676188032923296,0.9967459621052982,0.13413115862883174,0.2658916055753071,0.27315946274955705,0.1837144704034583,0.14310330264284588
0.23369703252197577,0.23285862879137192,0.7888779276741248,0.5229776768908281,0.21021658354047254,0.06973113448393464,0.15870800348595393,0.03836660159881078
0.3022694147558357,0.29521673114090513,0.8545227561490377,0.03825859664446415,0.15750559586128274,0.18696114859891488,0.006044386628675201,0.611230272266663
0.22773014801094063,0.26006823645638316,0.6833981359378668,0.11750746899576014,0.22932252185799695,0.02028958613791029,0.05079389044883214,0.5820865325595004
0.44682510233074524,0.3715591171907106,1.0679999062627397,0.08198411480057656,0.2622646770665922,0.5841032635734255,0.04063099942169568,0.031016945137710132
0.22413948266245862,0.23914684019861268,0.7281696990762448,0.15468784496497187,0.5207455876095013,0.07861531556870345,0.1254820858361462,0.12046916602067703
0.37501601489549746,0.3010189613635223,1.0797194084494743,0.10282754287280424,0.20000753813217445,0.41926769044246864,0.272887154478741,0.005010074073811628
0.23125709051264012,0.22189493221533624,0.816859982799159,0.12716230100910467,0.04833311240319852,0.0821548078266743,0.7307060721391196,0.011643706621902868
0.35934882058043455,0.2856113039381064,1.0831112645579049,0.0959028789035273,0.14313213011133435,0.3707039877063232,0.29511570411620935,0.09514529916260588
0.2949053262865852,0.289544393445421,0.8458299722966309,0.04065521299592255,0.06123434072555928,0.15821555058412615,0.07167892302296967,0.6682159726714223
0.37890279054192644,0.3061670098562534,1.0742594072965197,0.18072976218999176,0.017568050621928982,0.37882033892809835,0.11560877122952375,0.30727307703045714
0.3094297886096609,0.2510880003091973,1.0332225685424683,0.05870174201361209,0.15138136480300118,0.26475658374017524,0.470989338697408,0.054170970745803404
0.3826645395023379,0.3000990942917232,1.1085156397671703,0.06726054979647329,0.10295086522605833,0.43212919804893457,0.38212451710272116,0.015534869825812678
0.22148834950859816,0.22393019510693044,0.7658116379825846,0.09289377472043567,0.4492311352706547,0.0740236754783887,0.2783918418562094,0.10545957267431154
0.41922644533327896,0.34970015134884125,1.0558372477367315,0.09101631385795,0.26886645971948253,0.5154663854033398,0.04235935439305699,0.08229148662617067
0.3365215186341216,0.2788828210133973,1.0273903483655502,0.4860362321712353,0.031308309934472714,0.29309938827148324,0.13171289002742895,0.05784317959537987
0.4186818287737018,0.33179877534525504,1.1111609088673335,0.2105794442265337,0.032275901366703524,0.4856811716400875,0.11903059209246762,0.1524328906742077
0.2579313133664693,0.2476636619994458,0.8395713431990462,0.028675736373588934,0.4443592751163179,0.15111215413205087,0.1886289322479266,0.1872239021301156
0.4540843121331406,0.3653486098508159,1.1060239487380061,0.2244135179812531,0.09081077290019918,0.5804997903567664,0.057703011750962825,0.04657290701081833
0.26322201572891907,0.23505636157368365,0.9071101683928682,0.4020080767476654,0.07604396098038664,0.11894197298274528,0.2093154515796988,0.19369053770950395
0.2917331561599033,0.24544827981066195,0.9848639246784517,0.25465928928143344,0.20171712728119962,0.2135480464188732,0.2585766444045071,0.07149889261398665
0.22583337559006844,0.21465848894135256,0.819130780512055,0.053962176689751146,0.07991697587601901,0.050951705887448524,0.5818615668622921,0.2333075746844892
0.23986602722247455,0.2163153704575802,0.8777278601185096,0.28538567564623557,0.008898745863426507,0.06936028419151327,0.4438344363416144,0.1925208579572102
0.3141951689129715,0.2834749823893739,0.931987601466996,0.15874152814103457,0.4065428157169774,0.2779828247449647,0.050580602359383116,0.10615222903764004
0.3041314191878229,0.2517946661297724,1.0092803914156234,0.09693765101082841,0.2271910807561261,0.24978848239812984,0.3287692840606319,0.09731350177428377
0.3341880575810008,0.27805925176404883,1.0220413662845955,0.3966390099374828,0.03968127499946987,0.27882739322190747,0.09570307638724714,0.18914924545389272
0.224160982201028,0.2553426473977103,0.6820677390790996,0.7239421279320929,0.21391481037338372,0.038597384950805454,0.007407924958308705,0.016137751785409202
0.25938691684290865,0.30311867617907934,0.6907753737984955,0.0016849141777812505,0.023497517494072778,0.05501262361306007,0.05024296282744376,0.8695619818876421
0.28608326702415154,0.23760266746005873,0.9936052888119928,0.08348944682814952,0.031152506249857034,0.18026041422025357,0.4460550610221857,0.2590425716795542
0.3157529075075446,0.2608583175814083,1.018763403718606,0.07267392266218047,0.17069897553195737,0.25972678479537764,0.26957480574308973,0.22732551126739486
0.25900176306193634,0.2457856350619547,0.8503416524291735,0.3128989551243044,0.312066891536861,0.13225123403920125,0.08590754344756805,0.15687537585206537
0.49110072229084334,0.3927411269295624,1.1231335147896395,0.23114794980058195,0.0007684718936029548,0.6545599034215928,0.027384774946041888,0.08613889993818058
0.2919521945472842,0.26596653177330637,0.9097091763166258,0.5705332358308526,0.07074769411128551,0.17976120040115326,0.03947042573777836,0.1394874439189303
0.23299567840241342,0.23000862998388244,0.7956035319858938,0.01715831372241667,0.03977700015740333,0.04114796756435954,0.43885468869481314,0.46306202986100725
0.19233516753484953,0.26328930945790796,0.540603672165446,0.07565847154913387,0.8032803186549009,0.03297004228543679,0.019023606314198842,0.06906756119632962
0.21102701659168266,0.2424149795658886,0.6642618244138473,0.49062890645892293,0.4121498957729207,0.03141972839331703,0.025701364273804154,0.04010010510103519
0.22762468922752974,0.21183004538940994,0.8385245298937642,0.20119878616870235,0.23410989256717585,0.06954483470171179,0.39231258489069787,0.10283390167171196
0.24314593948125984,0.22725429115756654,0.8499110775749545,0.34224515755939483,0.14335007072490696,0.07686563519017617,0.20918014433885837,0.2283589921866637
0.5171690579383861,0.4202964306797419,1.1115227821060425,0.09201466952214264,0.11129718473307244,0.7368737208042438,0.04826743302479739,0.011546991915743592
0.28752662040043975,0.24157143498110512,0.9832562381351846,0.08671730785569133,0.23146662603387286,0.21161533532061247,0.36104346654725267,0.10915726424257077
0.4268536625254615,0.3604184098865444,1.045600480408564,0.03781363458073127,0.31862930568283104,0.5404403637989418,0.03513890228171948,0.06797779365577634
0.3307164740245658,0.28963077858174296,0.9692218327042846,0.0015042553716699337,0.10953929604438363,0.26492654602683874,0.13509850728531775,0.48893139527179
0.2993649289191722,0.2832775626683943,0.8802847870132223,0.008048564471477998,0.28840960759718653,0.20797334204749757,0.04663270742466552,0.4489357784591724
0.32718027074421147,0.2773862308629044,0.9992574969635218,0.04912062297843822,0.3183640241794675,0.30759464561346544,0.2050230203403581,0.11989768688827082
0.2501253107537935,0.22876183613520612,0.8748194809710855,0.029598841347611832,0.17578882423633743,0.10217569934824655,0.3638046378901264,0.32863199717767766
0.29565226367333974,0.24190306321279353,1.015498772155887,0.2864106576701834,0.0017721435826445842,0.19641687556996773,0.3306900564229898,0.18471026675421434
0.21941584869457031,0.22394314336868876,0.7565127743860082,0.06256197962273029,0.03802228019248909,0.009448313046868615,0.4444227930397897,0.44554463409812234
0.23848183722334407,0.23859730731244164,0.7899579393682272,0.5438704370591816,0.06366234975210386,0.05058761519540838,0.12282915961835343,0.21905043837495267
0.23986989944960813,0.23376227804325725,0.8122349809342339,0.3499341290045353,0.2059756077407919,0.07050557023935113,0.12770615942007238,0.2458785335952494
0.25855134890828163,0.2674177287588626,0.7798710649297965,0.2844231401007625,0.10297750196570124,0.07842623204596463,6.651895863943541e-05,0.5341066069289322
0.2775300832834784,0.23537896807507908,0.9666542645853681,0.05661389600263808,0.13436355444950615,0.17000683548499015,0.3950822232223359,0.2439334908405297
0.2367724096825444,0.22373661307884762,0.8347869716644161,0.4649818139189279,0.023704593202671032,0.05479097295070921,0.28636589490986997,0.1701567250178219
0.4455775383798096,0.34656508400950675,1.1414235208096104,0.08795280709346412,0.01739941519622817,0.5669385788359655,0.29518910666114734,0.03252009221319489
0.2636658232650434,0.2673411446591008,0.7992253625512776,0.0101226969622364,0.5544319073709572,0.17204383807666523,0.08132585045204714,0.1820757071380942
0.26146885902051703,0.24616960682766312,0.8590372375602031,0.34033014946593265,0.3649177866758678,0.15663784690446506,0.13544128645091774,0.0026729305028167115
0.22314680194735756,0.2175790410681545,0.795788055215856,0.2984957122696898,0.10569186301395325,0.02595943949158432,0.28815467619639334,0.2816983090283793
0.38465776117323075,0.3179125509194352,1.052672378631692,0.3050725069950892,0.13963382132485422,0.4119235128307565,0.018912058888925276,0.12445809996037467
0.20854849905953896,0.20959150551360667,0.7564643360474644,0.2734747771996096,0.041466846878802734,0.016364275381354737,0.6132634585671741,0.0554306419730589
0.21841537876556855,0.2361034672380541,0.7133117557979857,0.6887147274137855,0.0013913867727005336,0.007148869812287547,0.2109837341457793,0.09176128185544703
0.21795245979408084,0.23490666643864944,0.7149752807800582,0.4251386836318374,0.3027675794563865,0.029289610177632517,0.06445591774296316,0.1783482089911805
0.2692053841251738,0.2703891206160415,0.8107034174516596,0.0667676332982759,0.510992162492361,0.17495265525434187,0.031899178650596965,0.2153883703044242
0.24150750167077883,0.23755056531037222,0.8061757353452907,0.018838995198942398,0.027307573959363878,0.05418804072712958,0.38827361560290996,0.5113917745116542
0.24518263340144836,0.2327910223763068,0.8384457072658736,0.38456494114659373,0.08933755891343474,0.06988853282390553,0.17504302690688822,0.2811659402091778
0.22189344229890648,0.23721203897146304,0.7246404653162882,0.6133733374362333,0.017248441646043087,0.006180513267215706,0.1449301105170996,0.21826759713340835
0.35447602675450546,0.29441068273853244,1.034188107314408,0.20241022339838124,0.12261347047553448,0.33277649311362884,0.07730879373853468,0.2648910192739209
0.22935560698028748,0.24326957550244555,0.7372710155384162,0.513014497199244,0.28043444375395266,0.05534702954058546,0.032610421652947905,0.11859360785327
0.21004334611521777,0.2419893068237856,0.6613653645107543,0.13401285543283362,0.46684340938167673,0.023410569603151653,0.06620436181933166,0.3095288037630063
0.294674576534881,0.24340299162851953,1.0052241958812986,0.047015946077027436,0.1822059331306714,0.23065915028817877,0.4590314480552525,0.08108752244886983
0.3838759032775726,0.3101112750720165,1.0766325835783856,0.3281058454102058,0.09880579316405706,0.41448270196699416,0.10504823709892684,0.05355742235981617
0.4303289026208145,0.3465500906021772,1.0974716583104687,0.10017767136342406,0.0024575023440917246,0.49752515625645377,0.07423622415944713,0.3256034458765832
0.2346770624751381,0.23718587890498735,0.778617442689818,0.15265596545929622,0.05533248924539949,0.03304950370228473,0.255692573204481,0.5032694683885385
0.4113617633242625,0.34909838074202576,1.0351287294892928,0.014435109044863345,0.02306310705353424,0.43901178060983337,0.005252628109107278,0.5182373751826617
0.21536421216264293,0.21474215361319865,0.7700593916018134,0.0008295202971532224,0.3686443091333401,0.06542977921808417,0.49717452579512517,0.06792186555629731
0.24313014158855323,0.21793313979289453,0.886189873518493,0.29012729429481476,0.02278431679108245,0.07579760366301228,0.405828420786712,0.20546236446437843
0.31063794684601476,0.2739291362101663,0.9514794608998652,0.2711898665117831,0.057722238975787536,0.21017393762443137,0.061434319603992836,0.39947963728400504
0.32442483948515266,0.2641826123991797,1.0387694973297372,0.4067892127106707,0.05051293306768279,0.2747010776047828,0.2380597712268813,0.029937005389982518
0.456126044293233,0.36437196373255065,1.114591913529686,0.31257040532272107,0.024093715374377066,0.5786368695729107,0.06124770685647114,0.023451302873519982
0.307885946332823,0.24877147306520928,1.0366379358344862,0.06779915516791642,0.11408805287491519,0.2560351215927787,0.48529658065248404,0.07678108971190553
0.30106836346417476,0.2699566476673116,0.9300321575099187,0.01923263010834208,0.42652374373549634,0.25688584617097854,0.1832270315447251,0.11413074844045804
0.32847377580463166,0.2777806368752922,1.0024952744623832,0.129117678415386,0.07649816275025598,0.26171900179582225,0.14522577707504328,0.3874393799634925
0.4080784395779129,0.32104059378979466,1.1153681076617035,0.19571079982745052,0.06791513413314984,0.47524466214882494,0.2033013621327644,0.057828041757810415
0.36591768621613086,0.29763377385452155,1.0614309059244942,0.18857605077787362,0.0854653421749124,0.3591578994261476,0.1165701848436379,0.2502305227774284
0.4683531661063475,0.3701985949490494,1.130077671321053,0.015399767830225222,0.07732954816890467,0.6270828880852753,0.2534590227483959,0.026728773167198877
0.30829309485844,0.25495931605133504,1.0130757285465644,0.07111790482978195,0.08746552021430073,0.2296702193410926,0.30918094363549825,0.30256541197932646
0.2618328819433399,0.2587839893743594,0.8185702773014308,0.18209046638705662,0.4251779894268918,0.14672954420728893,0.03377117417953641,0.2122308257992264
0.2528135001493956,0.24043235075900246,0.843536651823888,0.33109293890984315,0.1713764418607727,0.09405666370771196,0.1132426141145749,0.29023134140709744
0.42957203038856645,0.3356915457374308,1.1307166808587363,0.07847807033127871,0.056493712521039165,0.5308655293729796,0.27941084625396595,0.05475184152073657
0.21233247612696582,0.20942586859236836,0.775130967430455,0.12452341679499412,0.10715303590173968,0.03226029934386345,0.6325543371764806,0.10350891078292211
0.29598125387901225,0.270788264430977,0.9083896393955878,0.4571069328731314,0.046088044674713176,0.17427096642862236,0.005324620456950891,0.3172094355665821
0.20406025346420859,0.23094425895713822,0.6670884747682825,0.3918418613004906,0.44263062311891543,0.0239275759751982,0.10679945473423104,0.03480048487116461
0.29267756550609697,0.2511079581722713,0.966427218286763,0.08725983038978069,0.2526859318451554,0.21373069839601758,0.24239315980986592,0.2039303795591803
0.2240815461019318,0.213488810687063,0.8154129742991761,0.08867381571129462,0.07797211727969261,0.040993037930401016,0.5258510900625596,0.26650993901605213
0.38893948677835083,0.3056649250304539,1.1088596008998473,0.0421271091659667,0.03980683050390843,0.42119347183396383,0.2770677876793089,0.2198048008168521
0.4526748151499932,0.3549425124056151,1.1344789679344789,0.07835769559502091,0.04557136578228869,0.582798730013567,0.2393837632924211,0.05388844531670239
0.23315892781596553,0.234367136398324,0.7815043125529069,0.4257587350732804,0.3220157870064333,0.07978959480397851,0.12586815169708696,0.04656773141922097
0.235128083754225,0.254752953147961,0.7266965170240923,0.013293601691872388,0.14487353311218398,0.03515554167633243,0.19368676617074101,0.6129905573488701
0.33713312831966236,0.2740771811327382,1.0476360240314972,0.014975688893438605,0.12035174817820415,0.3043080962994649,0.2922583314903918,0.2681061351385005
0.2615580686934999,0.22673581677331817,0.9330597684308855,0.0717537670525243,0.10111299948822304,0.1510825342401991,0.6097155012724336,0.06633519794661998
0.42032430597828313,0.3330565999632913,1.1118960141282275,0.28107873671276845,0.03437925741256454,0.49478719217258527,0.12153858895322585,0.06821622474885587
0.28228044357059506,0.25871724898972925,0.8978158374736596,0.519141345656674,0.17381415376915305,0.17504907213353268,0.06584491814717885,0.0661505102934615
0.2925656402698941,0.2771637574621245,0.8751708466177857,0.08857542320365487,0.29837408133972926,0.19415345326932867,0.022441286552696168,0.39645575563459096
0.26843728583038845,0.26838067153043893,0.8139084107091294,0.15067267755483985,0.530875388178147,0.18171906716293992,0.03155010711385078,0.10518275999022249
0.22415171755764482,0.24616579656632726,0.7074570065655775,0.6888909420634021,0.018891475491033278,0.009898142571817585,0.09130586427071088,0.19101357560303603
0.22434117998058678,0.21556367445436928,0.8087688262963411,0.16490862686144725,0.19634639463970377,0.04363617139237089,0.3287410906707862,0.26636771643569196
0.24008458020967538,0.21616530003725967,0.8793482588413181,0.31489478083297745,0.012417156919037636,0.07297181789872738,0.4487628886525828,0.1509533556966748
0.3141635314006118,0.2760909946623204,0.9567987964392075,0.16091840388475293,0.33664312348278735,0.2696226030346791,0.089453602889002,0.1433622667087786
0.30257458044528024,0.2657398010654547,0.9504582280584619,0.17062629456490133,0.3534834727448495,0.2507836055185858,0.14447549720608016,0.08063112996558323
0.19619250285550527,0.20478087829184,0.7138972353031982,0.05591782860391881,0.2604288712101603,0.004928622342892735,0.5443180744068755,0.13440660343615274
0.34642580320277694,0.277052858904873,1.0699250835182887,0.3959243843616591,0.013418725421550001,0.3222172107268267,0.22971230813281288,0.03872737135715118
0.2707370385080079,0.26483900612109523,0.8334763135573688,0.08257937586561281,0.5605018098180502,0.2024989575803587,0.13528310836762295,0.01913674836835543
0.28826912084887996,0.2520317581979325,0.945393241520602,0.266400025360346,0.25817361149955975,0.20254223440812266,0.1518775036033082,0.12100662512866318
0.43647459781371334,0.3438360903775471,1.124008237149705,0.17098053755657514,0.05051522931406644,0.5387506230925454,0.16890010409933254,0.07085350593748052
0.2204562900327684,0.23951382574478303,0.711676202835991,0.15329176757906846,0.4204800761896342,0.04524388166432205,0.08893083425847105,0.2920534403085042
0.20233876291521763,0.21240835018081827,0.7171976185754242,0.10527324710605483,0.43676481638461095,0.03882185558150111,0.39947692408459534,0.01966315684323757
0.28031184875892373,0.2761715831543747,0.8339447749415398,0.0032773773306742355,0.5909399881221052,0.22517873788819803,0.11213687417644405,0.06846702248257847
0.3796932895450818,0.2958603622119826,1.114354376774737,0.08310102457750196,0.061611103074570295,0.4139588765478872,0.35402683974308213,0.08730215605695825
0.3722170620313902,0.312168947573528,1.0321880652639082,0.20081719685373658,0.2319295285541635,0.3938401875122686,0.03677162272058705,0.13664146435924435
0.2594907563409137,0.25605957450131317,0.8181328768858019,0.03041956774714812,0.02961688546023093,0.0847237058304121,0.25814072150307354,0.5970991194591354
0.21922933120252247,0.2101723882811671,0.8051929779478392,0.29213709389068476,0.17965810744648777,0.03778033509084059,0.351312951806586,0.13911151176540093
0.19501380074246139,0.2473277864969718,0.5863223166161999,0.1664946977987595,0.6595400094366878,0.020588362079722564,0.04159420617267788,0.11178272451215222
0.29689954622966513,0.2701117257962667,0.9140645246030176,0.27772936014345256,0.11855539247665567,0.18334280061688338,0.03257900154233487,0.3877934452206735
0.3706745870403554,0.28966591956458615,1.1070497610570833,0.022541085783626732,0.011306074454058655,0.4019903405768799,0.5444379658200759,0.01972453336535889
0.2487073344657687,0.2996754724935867,0.6630750685477644,0.03003339592601964,0.008416101100111414,0.027536076609830255,0.05862080832443433,0.8753936180396044
0.3052986358851087,0.26525198584319143,0.9624758701562867,0.17037275236437976,0.23303334613962715,0.23135769590756994,0.11838555472230446,0.24685065086611865
0.29311725010552625,0.2562471349478954,0.9487608521163019,0.19676747158883653,0.08203654717985186,0.1788781919627909,0.16563000756816093,0.37668778170035966
0.29835547996250195,0.27022847999638566,0.9190573842025228,0.5281519346898116,0.06986017494476927,0.19020088651065659,0.013868702955889173,0.19791830089887308
0.2991922300433323,0.24114138837637403,1.0333863950985986,0.22915468758791913,0.019834771634934,0.22278037929609149,0.4655567781718452,0.06267338330921018
0.3734674299378636,0.29668440782664884,1.0902744512507847,0.37108479012723555,0.011640843445372322,0.3828732527397338,0.17680532601448076,0.05759578767317739
0.28596752055612357,0.24775725154748435,0.9524141839735367,0.1133339345491746,0.3088075125276723,0.21041110421918854,0.25470802833120276,0.11273942037276173
0.19653350105172482,0.24962419166502925,0.5870164268708304,0.10474011738932018,0.718863163296584,0.03768083882382438,0.08469765656884781,0.05401822392142369
0.23902940315909932,0.25168517679097646,0.7510549710128042,0.4343820647479882,0.4329825205877177,0.10373172199174731,0.025455809833915433,0.0034478828386311396
0.49811734852456674,0.3998665258474649,1.1206673216139824,0.08615748811529284,0.08160732237767708,0.6884300722212322,0.09803056798515605,0.04577454930064185
0.2991850319036709,0.2696643756750785,0.9240561764224898,0.5051840599791123,0.15380647598899772,0.20818227112063356,0.022898683885006595,0.10992850902624988
0.23990460257877524,0.23613925172473232,0.8042059979090098,0.380075701905483,0.11724496421502124,0.05561543050064871,0.12938796878418313,0.31767593459466403
0.4494369081738049,0.3672513294280235,1.087639107517756,0.05645857294942707,0.12403433921896165,0.5618955664204095,0.03336472674746466,0.2242467946637371
0.25281841755367696,0.24424744732912193,0.8303809098990517,0.23513892916451637,0.2808399508167324,0.1067343756128374,0.0929296403146262,0.2843571040912878
0.24989718632488692,0.2921957646371143,0.6841207523084551,0.05380193857261568,0.1205919124593531,0.046201651956051096,0.0018482249175101515,0.77755627209447
0.19348779427323545,0.23627961315272913,0.6072796224720672,0.10640432795152042,0.6562086811387836,0.028469170652536634,0.16667290353628975,0.042244916720869545
0.20375193222562532,0.20538674138700072,0.7485971644874471,0.26641988497744923,0.2613171135020052,0.020389814460127848,0.4149306085324728,0.03694257852794499
0.2734608772409217,0.2446223078871729,0.9134934551594066,0.08718116488263682,0.3896647716180805,0.19657776065047142,0.2880530184891114,0.03852328435969983
0.30549710683178316,0.24859253945679524,1.0277746363188343,0.04052494645070945,0.07579511398640662,0.25211649318519497,0.5724695621675893,0.05909388421009973
0.2573963227799775,0.22562866304168983,0.9191931556216175,0.29945050668879114,0.10859391172506001,0.11592749789729848,0.3012409672460952,0.17478711644275505
0.3928248039335863,0.32270740990092206,1.0623394239346433,0.4537743645478538,0.04601736494013007,0.42361605204178354,0.018023800456823863,0.05856841801340879
0.22536367120076017,0.23758829992199954,0.7380989352519979,0.23958083168574437,0.4332475323328711,0.06536527186719322,0.08893701209937623,0.17286935201481515
0.3482701884418009,0.30806376753500725,0.9682092471582416,0.0569997179095859,0.39967634354849596,0.3562227550149616,0.03764451413452874,0.14945666939242777
0.3253413989256671,0.28191428853601597,0.9766847943590162,0.3827876944077271,0.10564732108866429,0.25744044488730045,0.013227219732386887,0.24089731988392135
0.24626986198334738,0.25754986545546504,0.762065480547828,0.03641301971083559,0.39027724005103326,0.09654789676463665,0.07268856372823133,0.4040732797452633
0.27520203341606675,0.2792124524122241,0.8065615679761398,0.013604366568988467,0.13359501927776338,0.12218461116363216,0.08864038037383083,0.641975622615785
0.314178584851144,0.26981235868054565,0.9791196598371095,0.24086884496216376,0.011446817177326872,0.21732896397607293,0.12984121794387335,0.40051415594056305
0.29376352498683284,0.2533225803355739,0.962265285091924,0.11710473146433763,0.266348875174888,0.21673001544191348,0.20981155488002232,0.19000482303883862
0.236072729358776,0.2178288826737508,0.8542151393094322,0.040213860347188456,0.24620362069596818,0.10485918893327942,0.5559332504926947,0.05279007953086922
0.2518150403757552,0.23300744099483983,0.8661313111465165,0.12943279237694283,0.31854463589826343,0.122779617696418,0.23112761587521266,0.19811533815316312
0.22238594421436805,0.21731890826684794,0.7932395095722352,0.17428385079063394,0.35780301407792575,0.06632681050704532,0.29934633849532616,0.10223998612906884
0.25299819490223974,0.27834396375997744,0.7293069774535864,0.14183622682118466,0.07822320912241058,0.05518180509434673,0.03261271906380442,0.6921460398982535
0.23111883136310282,0.23297093917343056,0.7774310049386568,0.009562635170411277,0.005723565638586953,0.03147867873067559,0.45530561540676706,0.49792950505355926
0.2047954647340402,0.20623211472098202,0.7505885537927394,0.14866530758058194,0.29637351169907894,0.03363824737406735,0.49979634542584134,0.021526587920430523
0.322581000952068,0.2568923525849095,1.0610709046388331,0.03492905343000486,0.03899502391007206,0.278901288402122,0.4975269339183902,0.1496477003394109
0.22659369341217417,0.23953042017103665,0.7372495455319515,0.6042468290290194,0.09033654108808604,0.02584485753343547,0.09943407958171734,0.18013769276774186
0.2957586754389433,0.26154739386578923,0.9396334324212469,0.3840009380078377,0.13205780974792306,0.19369254963567192,0.06691646392520412,0.22333223868336308
0.33501191172240097,0.2822170608820756,1.0099031959003117,0.56067833446885,0.006609504732097565,0.28597325323197914,0.10856693479824404,0.03817197276882927
0.24787246814595243,0.25395938403397494,0.7791500554257167,0.6674320015250691,0.1422462839974467,0.08680486253892251,0.04313905202352085,0.060377799915040706
0.3907946008713744,0.3222001801844096,1.0577107706033013,0.3206088247151249,0.1707983671944808,0.43814780425868904,0.04730197530724252,0.023143028524462737
0.5172841007131882,0.41586970580025395,1.1236310175899877,0.0007057171445307752,0.08194229626440838,0.7375091373256483,0.1372257257770894,0.04261712348832294
0.1998373031189177,0.2097747851453461,0.7142769948023082,0.3682902189652465,0.26763134245107667,0.0027317647352482965,0.2984953721543569,0.0628513016940715
0.3431731841473752,0.2751229523331648,1.0656078733567536,0.08335861913842037,0.13193174859961598,0.3250350424902136,0.28439466537851604,0.175279924393234
0.44182320590584084,0.3558004162663877,1.1012443718235645,0.02334357313747273,0.1774124459194579,0.570134882187916,0.18577199454158783,0.043337104213565694
0.2391057468599719,0.22634593236212988,0.8354722564990583,0.11676985780981605,0.1020850024620063,0.061127613507250315,0.33330683803238237,0.38671068818854487
0.24256162898091047,0.23923871048834142,0.8048932741187567,0.28740765911517024,0.2680390840234978,0.08129375120510778,0.09426187855013483,0.2689976271060892
0.33231872828201614,0.2709869828941864,1.0418165672269746,0.2777434331624502,0.15442879169131882,0.3029435337775214,0.20515484033786346,0.05972940103084609
0.22522032860733895,0.24440326468758586,0.7169312113376161,0.33145041360216426,0.35861794109169337,0.046394249473895616,0.012520276736205451,0.25101711909604124
0.23089779334720845,0.25800364083045313,0.7011443434090346,0.09019378525170407,0.1897332957269362,0.02515549020512925,0.0973561018464653,0.597561326969765
0.28132424869500655,0.26457935960793016,0.8743095041041635,0.6541678556182525,0.09302917057267604,0.16411409627808232,0.05779095300184304,0.03089792452914614
0.24628543232448333,0.23586199125046226,0.8322045925409299,0.4859536611044272,0.10680273137413769,0.07826308192120131,0.1453141503661853,0.1836663752340486
0.23878249600576443,0.2240136805955647,0.842727531210887,0.4830943540777568,0.004902035610221875,0.060780471594456,0.3127192349135829,0.1385039038039824
0.34113165156824243,0.2894338794800427,1.005865837445325,0.3853706983133417,0.10431703426929095,0.29881308154469755,0.02143381009739097,0.19006537577527904
0.19919072208104602,0.2435748744477757,0.6125045632037619,0.052226843303488195,0.6146956424766732,0.02311968338196056,0.09786107718351937,0.21209675365435865
0.4701506342372727,0.37802464280934145,1.1114371568870913,0.08128095583121085,0.09053162538888546,0.6158740142597655,0.07943892518922346,0.13287447933091465
0.31197100739442585,0.2876829198823934,0.9106241256919988,0.016111152997523234,0.5304444384726299,0.3000844298713935,0.14867696433432673,0.004683014324126766
0.20896875050195002,0.21173339288064935,0.7507967842916403,0.4313401633463642,0.0061346676420916905,0.0005799857225296415,0.4610501512104306,0.10089503207858395
0.19860671782282557,0.22806942853233328,0.6515854350981446,0.11421835417838089,0.5678446759196022,0.02958880603081566,0.20157989317838151,0.08676827069281975
0.34808229939406327,0.2962303646899051,1.0062516707431286,0.23994703758460473,0.2996888755267195,0.35305038516472664,0.08146821996760939,0.025845481756339692
0.5067093321653634,0.41288705407393117,1.1061362366754794,0.020010205137488933,0.13560975322413896,0.7119748598746473,0.05995702814575,0.07244815361797491
0.30427083047626186,0.2656426006630835,0.9571914664348414,0.020531618875355543,0.17960617555641598,0.21990213266376105,0.1988180329593732,0.3811420399450942
0.25883237755846794,0.22768434457947476,0.9172013031645819,0.2090189655067945,0.04529374441224136,0.10716704060057858,0.3406426182721364,0.2978776312082492
0.27362372622114794,0.23243064523917142,0.9621094756719316,0.12760483112024396,0.1935985702637694,0.17096290898538427,0.3592012933036711,0.14863239632693115
0.2893341953261806,0.236466962817876,1.0121252984947116,0.2626988210224101,0.04982210604068129,0.19753427714027608,0.4050393796334992,0.08490541616313342
0.20322914922759708,0.21713943444405281,0.7056716787529324,0.3899725453587275,0.3331975809847497,0.015849124392005465,0.22496024793333416,0.036020501331183084
0.21575587594454554,0.24206902200643915,0.6847463362748513,0.5484293188355654,0.267430702332669,0.018632274633657728,0.020812985138082437,0.14469471906002543
0.38805065335971195,0.30202392224391356,1.1192843628019085,0.23037650711695834,0.01935258251056181,0.42491356770740096,0.26731677837829376,0.058040564286785085
0.2748428175320181,0.2434635493476095,0.9235173730708851,0.21673246360000997,0.3301021705046187,0.189148791323342,0.23135822141213494,0.0326583531598945
0.3056499579188438,0.2472345777492542,1.0340380388787063,0.049307042912257064,0.03768962056446832,0.23343495224969066,0.4762236061284732,0.2033447781451108
0.2511921392234272,0.24129234733724553,0.8338106924801403,0.4989507206115618,0.23818950196568645,0.11475356465623927,0.12978440927609863,0.018321803490413784
0.27019634048979535,0.24703384905652384,0.8913610071282669,0.009353707191380388,0.3479565472223734,0.16886132082836455,0.23512365316467135,0.23870477159321024
0.2862588546869592,0.2634858862023124,0.8966660722979013,0.08509876495856866,0.1692352566808743,0.16668260247461322,0.12880657852833405,0.4501767973576097
0.3294753099963788,0.26960795520690184,1.0365989007331204,0.07492943962960488,0.11558019314326394,0.28210033299410947,0.2512395702979981,0.2761504639350236
0.26939385546028977,0.2807343661386076,0.7814998159219594,0.09309937398621262,0.010533820175704187,0.0894993082370631,0.09664704996767817,0.710220447633342
0.24946734853439645,0.25072624175080516,0.7955583234588005,0.4288468911699798,0.034890070327869054,0.05954368934485694,0.06926773521196439,0.40745161394532997
0.3783951482713448,0.32029136608358094,1.0253012820384586,0.198054487423778,0.292492155450923,0.42067212033640483,0.033557005027336946,0.055224231761557475
0.40569932763933403,0.3250758889455603,1.0942039681660372,0.05112316932677228,0.08264801622274268,0.45776792142547545,0.15919967494517437,0.2492612180798352
0.23138117527788446,0.2312754512508837,0.7842647124753643,0.23971754819090269,0.010421247511955329,0.0236126079636855,0.274752960441513,0.4514956358919436
0.3448220518710007,0.2941727091237498,1.0022073521000132,0.04764596422449469,0.2514621272299676,0.3269970039507922,0.10430437610044783,0.2695905284942978
0.2693820367185629,0.23018807974605124,0.9530555924554834,0.062067977926776596,0.13602795005857993,0.17315826532183923,0.5779312973250013,0.050814509367803025
0.24314529268851406,0.24349869280609368,0.7932087456515515,0.11482768940290916,0.03927371286824518,0.049507478337233284,0.2564207571110857,0.5399703622805266
0.2796341651675071,0.23499818783328935,0.9771741956172549,0.252678202065287,0.09981846438751553,0.16897030446033431,0.30563829209528437,0.1728947369915787
0.20651098884183117,0.230487610540576,0.6790429579913508,0.06719040531625872,0.33636337225163593,0.001989227792410968,0.1957080227467799,0.39874897189291447
0.31790030449487566,0.26337859674144043,1.0171680911409602,0.0775046620271286,0.23148285294685741,0.2767456079901893,0.2664671365196855,0.14779974051613926
0.33633030437434974,0.2976258002711937,0.9620479948762789,0.1025415356364538,0.43553997461238364,0.3423404981115562,0.0933792639614076,0.026198727678198662
0.4603201354234095,0.3739568172753427,1.0972393508240088,0.04928947630708133,0.06549819038726434,0.5783514384667744,0.035086807583609846,0.27177408725527
0.33231930495328554,0.26519279436143894,1.0645813572464733,0.289129896205332,0.07204263839613757,0.29777172925534545,0.2827547849740077,0.058300951169177335
0.25491580225617827,0.247810640170539,0.8269047774347331,0.31355502168876337,0.3309653261749059,0.12172150922365128,0.05676625614599918,0.17699188676668023
0.22052876184420547,0.22210591143638297,0.7677812838990979,0.465891669714021,0.18695127502295425,0.03477800345238152,0.21030670611156368,0.10207234569907944
0.2555625717190745,0.2284659070562842,0.899751627574055,0.15159867406680785,0.22426539599326023,0.12250325591240116,0.2847845078706891,0.21684816615684166
0.3340464128493356,0.2624708300716889,1.0822018308539418,0.16402606523394392,0.02808246996406966,0.31055749712204833,0.472026534864203,0.025307432815735185
0.35965673301376466,0.2819187420471044,1.0983900210580029,0.17607146114099895,0.07874558881743693,0.3691612361548533,0.3361100170523558,0.03991169683435499
0.35025152087405104,0.2860905094416127,1.0494983614104418,0.4277329461044807,0.04074443168833765,0.3256941450878677,0.12462011557102025,0.08120836154829365
0.3966274948962325,0.3097174669798271,1.1191732202782398,0.0726902207207835,0.07741634293862347,0.4575901300812893,0.3373588565426453,0.054944449716658496
0.40347095370722924,0.3129167135338116,1.1296007481205879,0.04179458187646781,0.026235982225586867,0.47595999561708546,0.43496437205756755,0.02104506822329241
0.35502310706262014,0.2771547299638457,1.1005516921988299,0.12037391951161508,0.012963042584458594,0.3429510833195999,0.34817525090287915,0.17553670368144722
0.30590692976306005,0.26449566089593857,0.9675278940161608,0.3596454206595119,0.23022970240551185,0.2433375580907489,0.11636877451392447,0.050418544330302746
0.40345169996680164,0.3296312283898916,1.0722640014820892,0.11581778420892992,0.1868536618585801,0.4668635711132658,0.08936344127338222,0.14110154154584195
0.27438739210871316,0.23100501193153833,0.9713529166856935,0.11016596844552723,0.04630789206538272,0.15503147561744574,0.4478777275708113,0.24061693630083295
0.2736589519829802,0.2631878829770239,0.8498071774926866,0.2153257227570129,0.17141477208077946,0.13127309616287333,0.04049772734342864,0.44148868165590566
0.4557646686946606,0.3640682999399401,1.114528973716193,0.11777881347112809,0.03946819815999123,0.57145601136795,0.0796034145990631,0.1916935624018676
0.28231226507834334,0.29349611960185706,0.7915343664287185,0.01924028123827843,0.09885419465014672,0.1275392925409866,0.03751564370969622,0.7168505878608921
0.38686512107155696,0.3161173658253284,1.0656330764748079,0.3634639035136798,0.09363068116274123,0.4159594989643437,0.04807992348559468,0.07886599287364064
0.2641265795691017,0.2432519066664761,0.8802668086079659,0.040231767183720124,0.23861761481011373,0.13407663025907252,0.23394067272109895,0.35313331502599465
0.42271603771502797,0.3451965216488991,1.079721301752047,0.14846478233431115,0.1858845044009918,0.5150565167979394,0.06686320699878233,0.08373098946797519
0.22890805233281766,0.22939802665701528,0.7799023162492684,0.36043645859474516,0.26929117083644577,0.056044303132107585,0.1344632564380791,0.17976481099862246
0.41018703352816377,0.3197388305810045,1.126503880913244,0.10038169778464007,0.03625299204075884,0.47685690079766674,0.26528849834015067,0.1212199110367838
0.20902279256950246,0.2379191628052764,0.6683900140471399,0.24601277089855206,0.49127526324325993,0.03160017873324522,0.06220981488275847,0.1689019722421843
0.4684903793199399,0.37127193839853506,1.1271802041519203,0.23493294933006786,0.005407102015751564,0.6056418433374385,0.0888480515868874,0.06517005372985447
0.3178368672958276,0.25382837942145625,1.055188816578747,0.0602293678066763,0.03331888051361274,0.2727127051853229,0.540903447197653,0.09283559929673506
0.24220075691548915,0.2326083778530489,0.8262847567636306,0.4271626368974801,0.24352034054494398,0.09200801730805544,0.1572304528787105,0.08007855237080984
0.3571342761584753,0.3057331079372106,1.0045829783719482,0.21401892014449772,0.015644076333414213,0.3117332504900248,0.014197853005944535,0.44440590002611857
0.2571724635710215,0.23753718918988811,0.8721685403349919,0.43909582434836814,0.06818213354159126,0.09853542409194119,0.16540419457252958,0.2287824234455698
0.27875265962719437,0.2747307203897843,0.8326431762077541,0.2053661689066384,0.544184266886374,0.21430693878692725,0.034608456740693044,0.0015341686793674887
0.42319839164064244,0.35025726473948776,1.065497933121295,0.01717502896394322,0.25308670750474516,0.5242870469425613,0.08967753163813952,0.11577368495061074
0.23178468924897766,0.2485611937394596,0.7313478283320579,0.033312388718680495,0.16797010870501716,0.03277385328544502,0.19815867627657766,0.5677849730142797
0.1862434040009162,0.229640815664941,0.5932891485619137,0.09568364608992924,0.6354484895361571,0.01044922993481231,0.20684903239375543,0.051569602045345934
0.3081355099170861,0.2515575811157534,1.0261487996988885,0.21833869314177884,0.09575586768811019,0.23476525586850583,0.27152523494666464,0.17961494835494043
0.23717798803614296,0.25262577658816676,0.7409298867442276,0.2312914594656865,0.543429255859469,0.11074623568013658,0.04622223448126621,0.06831081451344176
0.2714622998517419,0.25508628503891095,0.8681858368746089,0.4649548954394839,0.20486112913844542,0.14667370778181502,0.03916801214320172,0.144342255497054
0.34204695379524586,0.31052232070053654,0.940502290258522,0.05295965332088032,0.4652573996436406,0.3496069939363187,0.014218198830920237,0.11795775426824028
0.42441390164899856,0.3384396453314888,1.1062944510601715,0.06319224858385444,0.13109741427747132,0.5190691974699653,0.18582082697072466,0.1008203126979843
0.30308683174208345,0.271487755991136,0.9322219000931544,0.06298493857500753,0.43540640082952486,0.2647319995356201,0.1705976741413064,0.06627898691854094
0.24424902583690203,0.2561765319892677,0.7582623760596459,0.07258584260873314,0.5736008327774805,0.1309850260206479,0.09134734880112905,0.13148094979200936
0.23414186368970616,0.22562285180283534,0.8161489947419949,0.36857145632384786,0.10149311328006043,0.04806908932170317,0.21469664737400637,0.2671696937003821
0.24060940412970966,0.2578246963109889,0.7392984724000063,0.17555307171113854,0.3007725253395339,0.06529288376156943,0.011026902286701853,0.4473546169010564
0.3248812409375143,0.27070466719698905,1.015428525055632,0.15577611493360471,0.2663410734602905,0.2994458049321709,0.2157563516928465,0.06268065498108757
0.26956066497350206,0.24788677028614214,0.8857296608449797,0.30376775887480395,0.35154200908818356,0.17381812516441753,0.14475680481593753,0.026115302056657387
0.234722725253001,0.21955395837414057,0.8413545655060161,0.016009189421650073,0.07574188277309579,0.06797052278846019,0.5608069330226615,0.2794714719941324
0.2105271694529798,0.20777734508420928,0.772592264031097,0.17124263796579547,0.11575311640895683,0.029079995941117487,0.6092934497118194,0.07463079997231091
0.3700120355600421,0.29280437066384857,1.0929209657441523,0.022351821116145087,0.1345672931332071,0.40943263913416483,0.43146881371928,0.002179432897203106
0.21840815977146574,0.21882147812448144,0.769614396241593,0.3393262011257174,0.04943540835158057,0.0062042204115651005,0.29380625848807895,0.31122791162305796
0.31080599707108403,0.26071594350647004,1.000345408736431,0.1261352935649347,0.1188226515686831,0.23328100669133242,0.2146352137898704,0.3071258343851794
0.40220454941104206,0.3410891789340351,1.0325878719217785,0.06811675100000825,0.29045839221864866,0.4705896706671808,0.010490079209017239,0.16034510690514514
0.35107057230776323,0.2978999793903611,1.0106431458098473,0.2391931036480223,0.16928590922377626,0.3278301494853947,0.019884415695902703,0.2438064219469042
0.24409396809576192,0.21726182242966147,0.8933643560805528,0.3297823270406307,0.03868175782899931,0.08953897818995113,0.4518462495175901,0.09015068742282877
0.2840011837390892,0.24944112971601662,0.9381018439320515,0.10154452421226078,0.1329039074315507,0.16769929788979965,0.2287576399889423,0.3690946304774465
0.2721530905621948,0.25678370337236395,0.8651370302890637,0.13218924695238474,0.3736966732662536,0.16762854163632818,0.09078565671111084,0.23569988143392265
0.2133320773035963,0.23417059583676467,0.6974918294927669,0.47519498735484716,0.3067709129990398,0.021895428430986085,0.06994889952331099,0.12618977169181592
0.19374248919410944,0.20493765864075178,0.701396171633271,0.10420971636018464,0.35109649024826156,0.005810102945124521,0.4421429496836944,0.09674074076273477
0.22076905520350518,0.21179537220879793,0.806292665522233,0.1027281207185214,0.20778006401271965,0.06733783162736351,0.5974517731485721,0.02470221049282341
0.28869926318827915,0.2684925599688983,0.8890349260177998,0.13573822743048292,0.43729942728978477,0.22097525353522182,0.07986578301022218,0.1261213087342882
0.2822421562106946,0.27354952274771654,0.8489949237633362,0.08873577673582511,0.2620113887425687,0.16178275924027716,0.03032821776890574,0.4571418575124233
0.5660840257127766,0.4558012253469022,1.1322567755714,0.0017100411797725567,0.01364724877814914,0.8457446390599593,0.10836117883825176,0.030536892143867195
0.3648777931639682,0.2909422526311699,1.082269042452014,0.07990191818076281,0.16391202887287926,0.38710510780382124,0.28899589212876775,0.08008505301376906
0.28771886278603986,0.2741812273931278,0.8670136356388569,0.07430838426990434,0.2768167402584713,0.17920442658067504,0.04145626662107809,0.4282141822698713
0.23206137564643686,0.2505176298354365,0.7267407717613801,0.43739693042841166,0.022872981690072243,0.012696219902769581,0.06541233145085272,0.4616215365278937
0.20531433650437542,0.20899119983075787,0.7431620883087411,0.051065335601132286,0.18019133452134486,0.024624439410841963,0.6380914602451554,0.10602743022152548
0.19159378767647178,0.23083229357565874,0.6134054532974708,0.4018823251804311,0.4878609344980478,0.0010348371393223955,0.10501941427437549,0.0042024889078231525
0.21973736307787273,0.2450961402217218,0.6925338070372014,0.6294378219991057,0.1921446953905362,0.02048603659077389,0.03072728519952723,0.12720416082005684
0.33630050269719997,0.28630745088689075,0.9999757317189293,0.4320644153435546,0.1810585943774228,0.3101046619268143,0.06999761785671012,0.0067747104954984155
0.38914776332855383,0.3181613873589624,1.0659614170776601,0.5158267207552115,0.002440019481007968,0.41551723615618724,0.06478745763309204,0.0014285659745013287
0.3535938830809,0.3152229661862077,0.9631083888144172,0.1319741006634539,0.44494161664202725,0.3806793638205475,0.01981862414429045,0.022586294729680958
0.3060000341166117,0.2827093155068562,0.9055238723125955,0.1265641898956311,0.15397424163672382,0.2041725846106102,0.03032332406304109,0.4849656597939939
0.256317782295649,0.2584821920382038,0.7981895412940291,0.1274669164981305,0.23506723370923793,0.09723461788515564,0.06696726730890042,0.47326396459857534
0.36534881665260255,0.30219093394231655,1.0435416196595682,0.11081528334406784,0.25608905462019527,0.3891074137969605,0.1428772900402505,0.10111095819852572
0.3387223048432252,0.2790991850935987,1.0344792112037133,0.004576959622412203,0.053151194769499734,0.29177802226469973,0.2678290613752809,0.38266476196810745
0.3527349656536743,0.3000785720381971,1.0088523269003662,0.24198649471290726,0.29696329066108396,0.3630000790947956,0.06925427861949106,0.02879585691172216
0.2604324211229045,0.23838577949875264,0.8827389853764561,0.21373261966418566,0.14699438316759597,0.11199705976371714,0.19192184349944308,0.33535409390505816
0.38687401797933807,0.30719331887638446,1.0966189603716519,0.07929443396299299,0.1456032856610681,0.43617903348485704,0.2600482838843731,0.07887496300670875
0.2546064707153167,0.22186414026896636,0.9222151469240224,0.1530125967945088,0.028815946819380326,0.12156666397558563,0.5885974187398331,0.10800737367069202
0.4731068985590952,0.37792852865225235,1.119542099846115,0.24267132297544777,0.0483411504321043,0.6250037940145287,0.07999277413125225,0.003990958446667089
0.20640918006096284,0.2051902884713953,0.7622640487820511,0.2694357310668159,0.09786803146082643,0.010067639779898104,0.5242739267364049,0.09835467095605477
0.2165875777794589,0.20960666023250504,0.7947628076067454,0.25499961503252144,0.05444578116064387,0.03460306795703541,0.5840697061396753,0.07188182971012377
0.259202503080438,0.22391795870864203,0.9342819320385486,0.14675646680307547,0.1502387632607609,0.13117031163717718,0.39277043968024467,0.17906401861874188
0.22350099831186818,0.2446596429399062,0.709152503563834,0.07963866964452508,0.30546218139897235,0.0307652065426831,0.12102619257480916,0.4631077498390102
0.2626646204817293,0.24019910081359833,0.8853680957230701,0.11606478510070325,0.20072431801528104,0.12530343690959564,0.21615726304414634,0.3417501969302737
0.30929822619640246,0.24766908208175778,1.0469543635277245,0.1209936633141418,0.0705798872575049,0.25116974681140913,0.45941903900247955,0.09783766361446476
0.4682310240104778,0.37116950948572075,1.1267925121057594,0.0007347348907475758,0.07507959362953871,0.6202053300852948,0.21226333759299873,0.09171700380142016
0.2509960357045234,0.28184887562163846,0.7131340696719539,0.06433239479765931,0.13238894054216888,0.055980466767029176,0.03380180016478357,0.7134963977283592
0.22145835630247196,0.258550025321513,0.6631535080658356,0.8283193249145001,0.024529258875061136,0.00767160377694464,0.05474383766934812,0.08473597476414599
0.23689239284304336,0.22215752197381797,0.8412607017873979,0.06460903612167347,0.10112240201204578,0.06321198367864522,0.41957807237281775,0.3514785058148179
0.3348810002910234,0.26396106197555386,1.0792538799431222,0.13300427864633915,0.0646389446425522,0.3164129242036301,0.46077121450827646,0.025172637999202076
0.22139084487836158,0.22702746574923263,0.7549344054594457,0.09937985218707604,0.29371911516668425,0.0376855828231936,0.22586975203825616,0.34334569778479
0.2607440124734474,0.22518314488198446,0.9358782718124645,0.1382056818126086,0.07522136953426607,0.1463601655724312,0.597028100345459,0.04318468273523533
0.22250988872858363,0.21878406404463813,0.7884938488636299,0.5088957067102515,0.021225389483682012,0.03287864183469715,0.3839619630346841,0.05303829893668518
0.3427381913941562,0.2710660051957933,1.0799516936205589,0.009097471957967998,0.0757392539982385,0.33493709942948335,0.4891532543380364,0.09107292027627378
0.3212661748582279,0.26829387892075235,1.0110785081994118,0.28681489277391253,0.052370894121506674,0.24707345771821818,0.1380160266631741,0.2757247287231885
0.19988254223571714,0.22110148442077288,0.6778902576270329,0.5141148606044179,0.2689891635559278,0.0004155346007046922,0.20981743502086098,0.006663006218088626
0.2636558024909887,0.26658465170503737,0.8014557519514972,0.7485249718761169,0.08101548694094424,0.11779327044037351,0.023521428678024647,0.02914484206454076
0.24984648441495622,0.2385745451122754,0.8376689320350862,0.16583947062799304,0.36922122085022724,0.1206123442080261,0.16084376324998498,0.18348320106376872
0.212668983511724,0.21088508295498348,0.7713631577556771,0.28732482554482464,0.04361426739400379,0.001766359682050718,0.40687276134433464,0.2604217860347862
0.21318578879337824,0.22465167421996937,0.7263947146621025,0.021376876227461362,0.06573977558487003,0.044172576661354476,0.8185000344953378,0.050210737030976144
0.3156007066370771,0.27917292603124755,0.9513841847520297,0.2621249162817577,0.30554092736151356,0.26644492041972534,0.03544450535866561,0.13044473057833758
0.2427791642707749,0.23493334974375216,0.8205695976371346,0.01899885063226497,0.18180182207991208,0.07544212413141149,0.2976989978892173,0.42605820526719423
0.2522267753399815,0.21932548752458805,0.9220395569270551,0.19426053686606234,0.14567548781086712,0.12530548643325004,0.47141920716808816,0.06333928172173227
0.25578537403081925,0.24537466369219138,0.8386577934915291,0.3100446707506563,0.3314775350640558,0.1271337516408579,0.0825548894082361,0.14878915313619384
0.2678855187719914,0.2627575504920491,0.8292264803198663,0.08349278038083559,0.04011995333698651,0.10097493065452492,0.17680271723375496,0.598609618393898
0.3181894348412045,0.25870867553560817,1.0366464684107257,0.1690714644074807,0.024020965138905143,0.24456020808255421,0.2770254797655267,0.2853218826055332
0.2201268895829916,0.2226979046759455,0.7639357443912569,0.45386423311649016,0.11294558540677695,0.01884437056903194,0.21007449685682866,0.20427131405087237
0.21930825718224045,0.25235559631330695,0.6709114426455566,0.21667424257734583,0.6304166279078537,0.08105145919376172,0.04836517067362663,0.02349249964741202
0.2866178197993024,0.24065810310600744,0.9832115218454733,0.0012112749817615074,0.1791323351575273,0.20413244295012914,0.43870759455474123,0.17681635235584084
0.32020362279858655,0.2788718408311496,0.9689168400555314,0.33546945557757946,0.13365725154504163,0.24792486580515158,0.021691805777574256,0.2612566212946532
0.22104713695148262,0.2138077308732366,0.8000044537813925,0.2699810319865092,0.04480832495965327,0.05052762160723624,0.6268202230192668,0.007862798427334665
0.3093739249643479,0.24798263526796926,1.0459358361284823,0.14214528775377921,0.08610634292559316,0.2504245252081224,0.4190167393448661,0.10230710476763911
0.2614138920654604,0.24393261080146666,0.8666897442323823,0.06217154484505223,0.44814837222233495,0.17110230025569967,0.25407081647236057,0.06450696620455271
0.4191346661274621,0.3458011485184539,1.067476692049688,0.10719122783631559,0.2133578490025138,0.5061074339163708,0.04658455019038461,0.1267589390544153
0.4244344073206123,0.3549924012314641,1.0547673866305423,0.013564075197442942,0.16082214147767276,0.4990258119605769,0.0070926745590223226,0.31949529680528516
0.259748536984479,0.2283533767999294,0.9185261016229642,0.24241962103601564,0.024318049663570224,0.1063883841527626,0.3321182653698835,0.294755679777768
0.23830077761836257,0.22766783105102895,0.8270855691340832,0.08812998045070901,0.034795742100603565,0.05282147753966164,0.3984741327189668,0.42577866719005897
0.233795640286481,0.21994608975479468,0.8356394991672016,0.34535991185134207,0.12612198579609518,0.05729216492645674,0.26768068464977807,0.20354525277632798
0.26660631661715123,0.24522737715194734,0.8832876619764115,0.45223563501915093,0.20176957809624516,0.14327680502926549,0.12038657988847591,0.08233140196686255
0.3812712637217518,0.312976990852052,1.0584524530697776,0.28653614809999955,0.09241949624029987,0.3951194661932352,0.03455794538311331,0.19136694408335203
0.30351750255406995,0.24962818995106728,1.0155804222422358,0.27454039417803555,0.07870412868034148,0.2205452873540003,0.25224075471587865,0.173969435071744
0.2719867896979073,0.23174850090788177,0.9578779963118093,0.32780054773858486,0.0022293050276025613,0.13802934247225887,0.3280221927902891,0.20391861197126465
0.24022324839742604,0.2313809035434459,0.8221216422111007,0.06264619003596697,0.13488910129821824,0.06451885672244413,0.31343465972472134,0.42451119221864936
0.3181097064180232,0.2780879670194592,0.9641183302234082,0.07941408442859481,0.16147687755983836,0.2445000515939378,0.11391260301911489,0.40069638339851427
0.3329687596843773,0.27959319305816194,1.0120731359347264,0.4104066075947066,0.018582658241491922,0.2697845245589662,0.07458099195227588,0.22664521765255946
0.235092843232684,0.24409948496161782,0.7582680613266676,0.49227890787377215,0.33076967896376375,0.0811676703642735,0.053961019107197396,0.04182272369099335
0.3795738824524392,0.314098421429119,1.049269464497492,0.3671102887481717,0.058571927775719984,0.38473715909157696,0.0006443022617661532,0.18893632212276518
0.2804400358499063,0.2818434807297394,0.817617052036325,0.04416949858510422,0.6309550540807665,0.23103475329409745,0.07651234355585522,0.017328350484176816
0.2812191934780939,0.23351219009838084,0.9901803986364871,0.16174298661460804,0.05339269965200852,0.17096533091425462,0.40117601488738436,0.2127229679317445
0.3456788127117489,0.27279530649102585,1.0838852636985374,0.1286228472400737,0.09971464539411212,0.3355880096198645,0.344022866846568,0.09205163089938156
0.2338001658605635,0.21774518588350866,0.8441066796254896,0.12620066601754076,0.2128220980662324,0.07140409201290795,0.34980850712948725,0.2397646367738317
0.27393700344258504,0.23232332577633674,0.963902366214293,0.027233655090045696,0.05500149165263358,0.16315521113030554,0.5458980595198695,0.20871158260714576
0.30205617490051845,0.25773585044277936,0.9779631916456192,0.28080379547805406,0.1016089541412355,0.2079219729629917,0.14554634032868005,0.2641189370890386
0.2560513175745031,0.2776319686050982,0.7421743202332333,0.010996598697235637,0.1440459671420388,0.07436390130666179,0.08365144849063304,0.6869420843634307
0.28067574833903697,0.23403132619542724,0.9856618431774036,0.052885368919250136,0.09774513836121933,0.18694196918306608,0.5211320146665988,0.14129550886986572
0.22994754606397072,0.2363545785166823,0.7613457170717332,0.2952370067829927,0.42063026955613203,0.08043654062787328,0.10812265688967453,0.09557352614332747
0.2523733771062827,0.22873875189666226,0.8847358631986824,0.4285757999502166,0.010867195532477149,0.08835008891607034,0.2725378742993763,0.19966904130185967
0.23745017874531843,0.22809844831589512,0.821795063181304,0.2025710082890383,0.274381583361343,0.07779241853022095,0.19909456759389943,0.24616042222549817
0.35857498383175823,0.28891016187038354,1.0680655254009277,0.40645386230405006,0.05307486926627096,0.35537069430108037,0.18149172530987465,0.003608848818723739
0.46799813427905734,0.3660759020603993,1.1418346084143265,0.13316646465500268,0.0037378705602699553,0.6138715931493567,0.21278551936831322,0.03643855226705765
0.2934517999505929,0.2503286699875601,0.9725286359037144,0.14397074621711567,0.2323763677155694,0.2130035690510724,0.22530892484164372,0.18534039217459883
0.35664405739960814,0.2787141822008378,1.1002097380844598,0.18170939504415393,0.033594978105986766,0.3502271382536542,0.3133029151429964,0.1211655734532087
0.21404936470975208,0.22042063724778316,0.7442559224857788,0.5047509868042795,0.07480607051376388,0.0046698163520912436,0.254419829913923,0.16135329641594232
0.36626256384891936,0.30525543886699186,1.0360587350147874,0.09214324135331181,0.2526409869663302,0.38557225714785204,0.11073514164449394,0.158908372888012
0.414812951719258,0.3286696392461821,1.1099685159723671,0.03195620885340228,0.0639657324994136,0.4823832102554483,0.20609933057146554,0.2155955178202704
0.22445560120428865,0.21554165069916184,0.8093823195581894,0.1374203598355424,0.3481061296531128,0.07624898614470058,0.3671337841039079,0.07109074026273642
0.22927867378960384,0.22280112537753158,0.80465784670441,0.022098954772264204,0.1343654981447356,0.08807113567663173,0.7365260915681142,0.018938319838254086
0.3539025388052396,0.3170890546961522,0.9584138408575835,0.1142987080298772,0.4679860924275588,0.3858274225731759,0.027606582348831583,0.004281194620556329
0.23684386742719274,0.24479659095989095,0.7632617214747341,0.6414087551813827,0.15575460135750913,0.06586694140785766,0.09207121144585,0.04489849060740049
0.3729846335757892,0.3160297626263937,1.022007012540833,0.07482340015977008,0.1852499289763177,0.37930728461990554,0.036002831782679115,0.32461655446132764
0.2376597289897623,0.2894942209483558,0.6482330748261803,0.0424389270987247,0.07926337154117555,0.012405129462789004,0.04969639964953219,0.8161961722477785
0.3942436528986093,0.3071389514922501,1.1208075407761995,0.08284624662844955,0.010888334425384382,0.43259221541649345,0.28442468759268363,0.18924851593698896
0.3133017587465192,0.2629256309791963,1.001430548120859,0.339683483312708,0.03116239502708221,0.2268793385356473,0.14678992276283767,0.25548486036172474
0.3603854494693869,0.2967794121276535,1.0458456240080463,0.3785313217118171,0.1010148670953249,0.3535679691138082,0.07228861043133725,0.09459723164771251
0.21747039921804642,0.24352080337690823,0.6877046925590371,0.02580775211153462,0.6180625947566781,0.07772931799918428,0.16618505720726026,0.11221527792534274
0.2929102279507799,0.24602226603407776,0.9873505836139777,0.4211631287411375,0.05341872070757382,0.19735909484018907,0.2531753786286326,0.07488367708246711
0.3713253313840959,0.30119923403121934,1.0668198822537194,0.07975454739542376,0.23121312143656642,0.40971714775056445,0.23606469142831882,0.04325049198912667
0.27096869133083656,0.2326585811396214,0.949755174507105,0.3963783906702329,0.08866758654722154,0.1552530120889693,0.32195456413948587,0.03774644655409036
0.3828464910628034,0.3164946391575791,1.0516654940783465,0.28347815616658334,0.1674713491103705,0.41337130702326935,0.0348532012154658,0.10082598648431104
0.20908210645013414,0.21359446591848988,0.7447857123360196,0.2585132253225889,0.0028063593160633144,0.017198881344958446,0.6739283417003822,0.047553192316007166
0.24282336263995122,0.23322097202769568,0.8267839764300994,0.5432741187315218,0.02950622547283471,0.0655877434002048,0.20464587856860184,0.15698603382683676
0.38866225305069996,0.31910957807734575,1.0612726045114667,0.20090162927023997,0.17426599102085724,0.42811504913381415,0.06183102807008046,0.13488630250500822
0.2508126602701169,0.242773916376154,0.8271591251136621,0.07019198973770509,0.3764792192479786,0.11981925054120669,0.16876769804625735,0.2647418424268522
0.3505989626907684,0.30049493143959866,1.0003461996868679,0.007061086010363481,0.025095927544707415,0.30136614840193643,0.14580272821794463,0.5206741098250479
0.3328045292370618,0.28840973671859815,0.9805651239611047,0.31466470908462807,0.0021573913432249466,0.25435082368624906,0.026102248436535278,0.40272482744936267
0.27782876622246927,0.2634718139780019,0.8647177957392111,0.6340561454080478,0.10073116158935363,0.15266486000712468,0.03602142769230171,0.07652640530317219
0.24983107451051434,0.2397428042236201,0.8335227209744402,0.4544659146714765,0.04295439156798772,0.07234815282563424,0.1382123028494531,0.2920192380854484
0.20304887771935967,0.23965661183341205,0.638617380711973,0.09629433250460205,0.5366809701526827,0.02026727727461228,0.09463852490689358,0.25211889516120944
0.23120405885119208,0.2588734941443468,0.6999714646342025,0.1515360615549824,0.631965605778886,0.10611653597519892,0.034078346002262234,0.07630345068867032
0.31770718219939026,0.27292481844267696,0.9808825145581893,0.41839558185531833,0.1262571620958202,0.25039318052972287,0.0636390672967499,0.1413150082223886
0.27988570012166053,0.2570761545212598,0.8942319078553407,0.10787277016085602,0.46015632882639074,0.21739347679520152,0.2070824166114154,0.007495007606136313
0.444971552856148,0.35999339538597885,1.0971633311013003,0.1709065723833719,0.13479691617085585,0.563187676669054,0.06373743081660467,0.0673714039601135
0.2216413335554663,0.2105314758480217,0.8152763517383529,0.14275749098506288,0.07512926798570305,0.037264045473630866,0.5247335766438038,0.22011561891179948
0.22430570124314564,0.22953640358542135,0.7593815121281111,0.3978627602408094,0.35814685688617365,0.06671901489128161,0.15977630088611108,0.017495067095624317
0.260476727273758,0.24863291292342848,0.8465360631421253,0.5528335060594693,0.11601897591120958,0.11207344967936958,0.08077651721509083,0.13829755113486053
0.35193965998935123,0.27728680634080605,1.0889074167425226,0.06403932010067337,0.10372550380809649,0.3553084732482489,0.3968489616810661,0.08007774116191502
0.1926152698662862,0.20666496483733943,0.6900795690190398,0.12163823355798395,0.3977699417370405,0.010397772251478879,0.42265171846300964,0.047542333990487184
0.2677982720181912,0.22822638160352576,0.9543080448804107,0.23245250434617049,0.1789345824057484,0.16489779250126352,0.4017764760196593,0.021938644727158223
0.3629183703292995,0.30751104863746276,1.017584154181763,0.09002254766034291,0.16321062768215727,0.3522021989590211,0.05151679042708967,0.343047835271389
0.4190289956672377,0.34049264121145933,1.0838090196435588,0.17231845946345786,0.0707145578171061,0.4805588190240598,0.03218546218238111,0.2442227015129951
0.345210556152634,0.2786966532688644,1.0592540408723112,0.023945939787949858,0.15987840164345654,0.3333882482277924,0.29464520878078654,0.1881422015600148
0.2504355453193268,0.2233626750173652,0.8973546959166033,0.08771550941590239,0.04025070537633313,0.09524987010299563,0.4793942067589286,0.2973897083458403
0.47208983760503814,0.372472136921529,1.133211845303646,0.035519346815402635,0.006843120510605972,0.6136009599095327,0.16933514978872735,0.17470142297573132
0.2450926219944085,0.21634966196016855,0.9017468306945005,0.21278790376117654,0.052991300059632464,0.09221693325267809,0.48561758175812025,0.1563862811683925
0.24307072652240608,0.21963989413596727,0.8790330521780636,0.07121862418757854,0.060998067638216566,0.09747923218564555,0.6209455861788358,0.14935848980972347
0.1995085160363101,0.2745886052550434,0.5444818655072872,0.006409229565247479,0.8553747016561684,0.0551325926185942,0.002847025332081099,0.08023645082790874
0.3798770895706346,0.2978191265640948,1.10764239146219,0.04413305456976453,0.09030152679299282,0.4168592128815,0.34814859116148944,0.10055761459425326
0.24969934227451762,0.2738393956299433,0.7292571684768985,0.11832689286767827,0.18105979881799023,0.062386240926033384,0.01198475019472729,0.6262423171935709
0.35268250017767205,0.2787241666501393,1.0859571447121976,0.11725375609300764,0.1254766648239873,0.3628647002904449,0.38384785427746043,0.010557024515099827
0.3953410094040164,0.324484376911694,1.0642762301557538,0.0616875207906051,0.1830272776690151,0.44350623344274887,0.09990511883117668,0.21187384926645433
0.23368960312647935,0.2514659364199852,0.7304750923389107,0.19314550845614942,0.5201078016976629,0.09352670749132634,0.03397621869504618,0.1592437636598151
0.3255402212994239,0.29005949405118425,0.9499438113575477,0.6556353469436976,0.05556125630432216,0.26393876073696065,0.008567535871248474,0.01629710014377123
0.38764344429191455,0.30619540635741976,1.1027057796477382,0.1497285957221729,0.08037834335021235,0.42334418405253954,0.209215982412208,0.1373328944628672
0.22609632267295135,0.25277236555546334,0.6966597091655269,0.053130928150479824,0.06970597977449344,0.004184388097634072,0.22635426429538066,0.646624439682012
0.23929816583077457,0.22670974633673813,0.8349802727475372,0.07561728548261464,0.048432185295597674,0.05852226828268287,0.4084835335890927,0.40894472735001214
0.24857312601217763,0.23324127236599296,0.8513635858605014,0.3144779101847603,0.23270171944225723,0.09973003143833244,0.1584526906818155,0.19463764825283444
0.3125894955216096,0.2613591517346262,1.0047074830891425,0.169229262910398,0.15196328820009863,0.24383696448277611,0.19189840549198733,0.24307207891473998
0.29068946695583187,0.2551748031656926,0.9432336734263886,0.18508896855712031,0.24772667546072985,0.20079279084984325,0.1430523785650804,0.22333918656722612
0.21326413460576465,0.2164524529773334,0.7542725081653913,0.23054620420037603,0.10684934206365305,0.0005481651446669432,0.31706579318855227,0.3449904954027517
0.25632244881898963,0.26172387619142556,0.7883210802979429,0.7413270616044372,0.09296368197633854,0.10384237174136267,0.0467089092116401,0.015157975466221343
0.29826782188586914,0.24657475588318728,1.0068663395675588,0.32864578703534675,0.06370399395226582,0.2081954804861333,0.2581418639175826,0.1413128746086717
0.23196547431430692,0.2186229344317027,0.8323256422630835,0.28819469096668765,0.08087777154271318,0.046234430166422306,0.31207347987426365,0.27261962744991314
0.24548558268972176,0.29333454193259073,0.6664253769835433,0.04243542109279122,0.006229790893577504,0.022332647580335478,0.07996600394689271,0.8490361364864031
0.4155607098552057,0.3314413536808203,1.1029423630922126,0.1832084699127541,0.10469466573660301,0.4919993215342147,0.13524296897576554,0.08485457384066247
0.29659052627398874,0.26123217365966134,0.9439515922539158,0.319871724774025,0.2137684383791613,0.20946421244393443,0.08104440182522883,0.17585122257765046
0.45713790565004553,0.3727142393155488,1.0923594075657326,0.027839141019957953,0.11992577988830218,0.5810540020329434,0.048427160475322764,0.22275391658347357
0.40235724231577885,0.32593574827841126,1.0810635046229988,0.2020305808285376,0.012170559175734803,0.43139002620446854,0.055312509927705915,0.29909632386355317
0.21575782217473524,0.2660625822632822,0.6230031324386289,0.02378999649945602,0.7796432009968728,0.09162479445239836,0.06821202324399553,0.036729984807277294
0.2908767468529152,0.25703535436215463,0.93713468892504,0.425945337033782,0.18160547110999253,0.19751510188032237,0.10097802726216569,0.09395606271373731
0.22067436019844136,0.21398164902131117,0.7976121362698878,0.017682107884624206,0.12449013556950883,0.04301970579352957,0.5732235635208177,0.24158448723151954
0.4634801359333206,0.37185015181283454,1.1119536563788737,0.20683658371294003,0.06371394244389675,0.5974118796437357,0.050540729956919134,0.08149686424250856
0.41157487778319524,0.339238569820268,1.0658424776839532,0.07755851375436353,0.2656350411633861,0.5047867481877988,0.12314670626908933,0.028872990625362197
0.2363180635705249,0.2597815136993777,0.7172106318009002,0.11473436594306441,0.25325799666333837,0.04603082710883585,0.04562081699310784,0.5403559932916536
0.2640066793960846,0.26305274462990064,0.8135504523899916,0.3135600943744388,0.4733075059635572,0.16769074077008472,0.021207586009526103,0.02423407288239298
0.40579658268354785,0.3196059326446975,1.1132352260778686,0.06135351435772864,0.05649417542038161,0.46261617299939023,0.22960134166849652,0.18993479555400297
0.31709550623367694,0.2912560079829258,0.9170471987288064,0.0311935441482502,0.3642694895373348,0.2667574482463486,0.027092304682875202,0.31068721338519123
0.37560710307030437,0.29120842832086047,1.1181238982257156,0.12073674139910373,0.03203776466100623,0.4063281644992499,0.40300202649820177,0.037895302942438466
0.24219569411738243,0.2537879122688585,0.7573083067635374,0.047977590619785834,0.6167121060446193,0.14175908519682276,0.16363553099547523,0.0299156871432969
0.303808458209724,0.25938580752897256,0.9784978624220774,0.0699029475930595,0.2761834537510028,0.24381616909905784,0.22768979401884804,0.18240763553803183
0.4030676346628916,0.32717157221446347,1.0791513219597608,0.22517056483720813,0.10471311243048753,0.4520617645179059,0.05352864015113436,0.1645259180632639
0.20661967213593121,0.2131409127312856,0.7348174976307211,0.0022558729136324144,0.10780171161116704,0.009425373508839744,0.6240450866296237,0.2564719553367372
0.3202674851271011,0.2532999669238392,1.0669858682151492,0.2044013743620575,0.02748388029136048,0.27238229821310045,0.43151761450783344,0.06421483262564819
0.28683400309186274,0.24994505829364405,0.9475442511594769,0.1087248822012941,0.2179053402276625,0.1892866096366928,0.21031463515224708,0.27376853278210356
0.2635730428555652,0.2338216042872758,0.9134016657980287,0.4025410340424703,0.07542751819123454,0.12198923791970696,0.2268021866696933,0.173240023176895
0.24661698819908925,0.265634432642705,0.7401788474597021,0.8326893318225357,0.002120460854020832,0.06754771223219228,0.05079922075003831,0.04684327434121308
0.21031127085593385,0.21633057773726788,0.7410476712664765,0.06123268268993123,0.3003999272758654,0.02154574957338913,0.32920832208953216,0.2876133183712821
0.2984854774213008,0.2560405155102686,0.9704928023835949,0.056629681676072435,0.05716170385008862,0.19438659352417023,0.2816637398057767,0.4101582811438919
0.23493936666672857,0.22476905055954724,0.822797294406568,0.18781651204362948,0.3290688264642877,0.08556234059691904,0.23514006749149402,0.16241225340366974
0.3988303943862916,0.3192125829119515,1.0927839723740138,0.2855109736472879,0.0014835685698636801,0.42859552605121926,0.08138717248473068,0.20302275924689842
0.2880192254676144,0.2522884589242013,0.943440799799431,0.09492860236418724,0.35171403514751043,0.2209805016884052,0.24059764543506598,0.09177921536483119
0.2738320398855705,0.2574626502723699,0.8693767412429664,0.5279965819473239,0.0029917981287844913,0.12073192502314298,0.06175370149824539,0.28652599340250334
0.3155670161210266,0.25306298069334293,1.0494107648357933,0.1197389540085129,0.12234480071402018,0.2734995342123067,0.43163559973005783,0.052781111335102264
0.4897914929130478,0.3925408315483481,1.1203713284509103,0.03485626736679086,0.051279144819065564,0.6574238117758012,0.09140503898184078,0.16503573705650154
0.22540345615171672,0.2509266250713843,0.6990228960430861,0.1630530800598925,0.3976500612771961,0.04541804113205624,0.020854271574009486,0.3730245459568456
0.26759860474045205,0.23239704137225115,0.9363226117491956,0.06994804203662713,0.02024501692986722,0.1600154412322195,0.6805307172053241,0.06926078259596206
0.2915369468875596,0.26916827690921474,0.8973455180568153,0.12219516004782938,0.41114369473880474,0.22215304556761628,0.07768204106096335,0.1668260585847864
0.2747185996036818,0.2611176967874024,0.8606027181169719,0.07166607635080764,0.3750808088482025,0.17101077366423584,0.09185025554288753,0.29039208559386664
0.27959455356699575,0.25168954506571795,0.9122133122655014,0.04899826980740068,0.4189102333212851,0.21257780519409136,0.2642922862697523,0.055221405407470586
0.5187922655766278,0.42643700139814067,1.099323614132026,0.026580161021875753,0.15459443203894926,0.7415517619625281,0.01786691178667123,0.05940673318997561
0.374892309678754,0.29975055385250887,1.0838755942336509,0.37254639559898667,0.013726060295332843,0.38178357214234804,0.13593795288784816,0.09600601907548435
0.24214700643632575,0.21973989246962988,0.8744293276783244,0.0817041092026564,0.07772787005556453,0.08046908302008805,0.47644725836754204,0.2836516793541489
0.2253205120522736,0.2231756878090266,0.7855717339708477,0.24151397497203694,0.34951048101810306,0.0647948197013186,0.20982071422924134,0.13436001007929987
0.28392660916256224,0.23424200701081593,0.9986535384823648,0.27339406420001866,0.06631666436640268,0.1847113561781387,0.3833734781120044,0.09220443714343561
0.25235320728037525,0.254257345030552,0.7958598295599294,0.012883655075736272,0.13562440926049651,0.07934537382186957,0.20843832485593972,0.5637082369859578
0.36822223260334036,0.30872868255040686,1.0307504633988243,0.2411107147640061,0.22767111591977898,0.38555069886654525,0.039626258129977845,0.10604121231969195
0.21284027626535623,0.23770503591467002,0.6850518569737484,0.5013710604690536,0.22115117998375672,0.0027003727873909007,0.04567554863505016,0.22910183812474866
0.21842035928216513,0.20965799909465085,0.8033099619830445,0.20354995960169336,0.2579130262010327,0.04865669278351195,0.37652136521151686,0.11335895620224508
0.20527973751421463,0.20611816825329987,0.7533529859599297,0.21059000394000874,0.1603785002496455,0.02312546322542514,0.582753285618841,0.023152746966079486
0.2701364742327746,0.23712625497083664,0.9283513302221572,0.05364607836482317,0.3063292944905435,0.17575513896160613,0.33205171895962476,0.13221776922340228
0.18824080492329062,0.2116653175409197,0.6531103278011785,0.08995361965480365,0.48457074645818765,0.0070194851818867095,0.36856942420557276,0.04988672449954925
0.27266120660444865,0.22954908009035996,0.9699938963676092,0.32913653156027134,0.026120184487567356,0.1512644188377369,0.3816751231294039,0.11180374198502051
0.2737671750647008,0.23295636410783835,0.9605540330339128,0.1823839959287944,0.21698570291894362,0.17720546199028964,0.3447530988226245,0.07867174033934787
0.30566913628518183,0.27867175173038716,0.9174562355087208,0.12733379769887856,0.032815557409451905,0.18954022074345608,0.10351882534586693,0.5467915988023465
0.21436927039147796,0.21585324901695427,0.7614862001848651,0.06915239045455748,0.013428707939909225,0.012394480874777446,0.6023295694051758,0.30269485132558016
0.19698372061070468,0.20511190340463806,0.7166025870314314,0.057957675366301364,0.2937067750218545,0.009515642202540302,0.5135861962732537,0.12523371113604992
0.3259212572081574,0.28473347821430334,0.9690509838835549,0.038103415655612795,0.21366031882559833,0.27095621227391037,0.10545815362767179,0.37182189961720674
0.24065407824061302,0.2295587996496723,0.8305239377953212,0.14879496556860905,0.29770740398492707,0.08939286770324613,0.21569054766959872,0.24841421507361888
0.2609534887868025,0.24719410521240553,0.8533920685751682,0.4036342171670134,0.013148897820698786,0.0901492408304488,0.12289576213654636,0.3701718820452926
0.3089075858547793,0.26462695653176227,0.9783870443436986,0.3830299481550144,0.08829257186263569,0.22283977970443353,0.09756360007541072,0.20827410020250567
0.27683390979049666,0.23424096872856753,0.9683784652263201,0.3725346751345763,0.02520682022337023,0.15587569690543654,0.31541603996348233,0.13096676777313462
0.4248782470924345,0.35295979091524915,1.0620990173423133,0.0592146100754045,0.1597057971866259,0.5025911956590781,0.006602444868850871,0.2718859522100406
0.3155541307604282,0.27348165356820625,0.9710125973558189,0.13579210362132385,0.35176626589481735,0.2825899173746683,0.15206366458848944,0.07778804852070105
0.3041251298846628,0.2508607944130996,1.0130125374082477,0.036351685989743296,0.12536204375578008,0.230633194730793,0.3595818456017819,0.24807122992190164
0.2895548888313457,0.28170238158040467,0.8503829022935363,0.12279631550237655,0.5174850718506233,0.2282043029850016,0.005227550231128177,0.12628675943087028
0.23516831366504443,0.26371098430995205,0.7021638258625106,0.020641240053181666,0.31775005693706065,0.051378207627025795,0.057555828487149276,0.5526746668955825
0.3486021521030762,0.28528333058484256,1.046686294256764,0.4514711923574044,0.009124727835015554,0.3162814104098242,0.12034879841125849,0.10277387098649751
0.23957946178288575,0.2565268306548197,0.7390239114519068,0.022286234776464763,0.24857063219857709,0.058003715497986566,0.12385452113072777,0.5472848963962438
0.25041365654971826,0.25142632131081805,0.7971069039424995,0.09841517661123728,0.4407678879152577,0.12279410549512029,0.09069031980668815,0.2473325101716966
0.3493427617956124,0.2920644319160865,1.0249202884164172,0.021993139654945704,0.027129466760853302,0.3054753245171647,0.19314787878463613,0.45225419028240016
0.26852589691074735,0.25773575424574824,0.8478679939081533,0.28941224614577976,0.05736773416629393,0.10587988228234624,0.08104644258652173,0.46629369481905836
0.21327679386382317,0.2192283662242213,0.7447795040210615,0.28279343030915527,0.3860108343902575,0.04666996437194323,0.2354636486812359,0.049062122247408094
0.1849662300477218,0.20814866746903493,0.6484126547089231,0.03512319292874994,0.4331172470152078,0.002924261155018915,0.504585300306908,0.024249998594115394
0.2680236856127967,0.2513783265676115,0.8673129803581392,0.476601424129176,0.08989643603718046,0.12024842038909749,0.06802668304214186,0.24522703640240417
0.19053098650663564,0.24381892492059526,0.5763743997821437,0.2537218413824589,0.6352108313254549,0.009352311803577075,0.039458842240755104,0.06225617324775397
0.36877357183530407,0.3140888739922957,1.0149151983114286,0.09774671111576522,0.30355808181777205,0.39438399497868504,0.05054570053645753,0.15376551155132018
0.2761045676320022,0.24087963473959026,0.9386620329129897,0.4547081376802967,0.10596532293896493,0.1635143299675497,0.23076984907927353,0.045042360333915156
0.49359596278491474,0.40114086221144324,1.1058358910120036,0.01797288465828143,0.11321061957897992,0.6730049388490544,0.05220607250930559,0.14360548440437845
0.22523975980179495,0.22347712198610195,0.7841507812718884,0.1309704494303539,0.02575420549879264,0.06760943242473877,0.7694749920328974,0.006190920613217275
0.3292529314218638,0.26667367900560635,1.0471709561407183,0.2786465830464139,0.1275782650526969,0.29364694926596313,0.23361201103967,0.06651619159525589
0.3040008455140273,0.27525422705664665,0.922786357289091,0.20909881665585126,0.07536784017769779,0.1924371482567689,0.0579760923770383,0.46512010253264374
0.23739421126941415,0.2436225902295788,0.7691988296028803,0.19304463673737085,0.4433177038370584,0.09472746252871604,0.08418840459435066,0.18472179230250416
0.21295770496999084,0.22330976238222924,0.7297383832734706,0.276288487016731,0.4332087323454858,0.05107180174081375,0.20864309547341284,0.030787883423556626
0.24217676934790597,0.2191501643741213,0.8769182076442898,0.18555695576349238,0.0466446244754373,0.10040720770564233,0.6302360372431068,0.03715517481232116
0.22380958026715334,0.23030448868178566,0.7546947142107508,0.30787584003092083,0.2765171682505813,0.03958505771826563,0.12136267747295194,0.2546592565272803
0.45784102068223165,0.3820713057050948,1.067447396840179,0.03542847302391727,0.2756683329485575,0.6122008932744559,0.041329898496370476,0.03537240225669873
0.24579089187313066,0.25646405379492776,0.7634243044044207,0.19486299283230546,0.44228918206328705,0.10619910023600948,0.006447854070053451,0.2502008707983446
0.2342654046496601,0.2150901043131007,0.8566893639208526,0.3550831547746825,0.05618201549779631,0.06167892106238735,0.39280561073610953,0.13425029792902432
0.38203010008142624,0.30855490781636635,1.0760810853121512,0.1381625605477974,0.08998322890826829,0.3996196816517552,0.1270139890892006,0.24522053980297848
0.2398563753784134,0.2423570556898203,0.7833746570242225,0.2523482395783239,0.2789200016692221,0.07202978189098157,0.07593239124976708,0.3207695856117054
0.22917965342069097,0.21353030597730918,0.8391298490422784,0.10726633937965828,0.2521190121391961,0.08740823305881223,0.5175209402379289,0.03568547518440449
0.22522384006691484,0.22419382012105898,0.7815730155822243,0.4408868790303816,0.23011142735030096,0.05157732752988395,0.19467129641241296,0.08275306967702056
0.19808714154971485,0.22147725000652868,0.6686336476787099,0.0753324838370583,0.08349891240172946,0.01261010018077426,0.8223814252944776,0.0061770782859604904
0.32024739398631197,0.27100689157625196,0.9971974971355063,0.2617813767864472,0.11182570070609321,0.2502868261271582,0.10615136471063305,0.2699547316696685
0.21117629066955046,0.21381041629170905,0.7538280569532777,0.3267351928363619,0.2933394322907147,0.03025892365690254,0.26751742168293324,0.08214902953308764
0.2924310508920079,0.26054567843568865,0.9304742736381557,0.009796357204299883,0.17962527197181266,0.19051978511174536,0.21103694512213358,0.4090216405900085
0.21714550555811324,0.21237600132582293,0.7870263330821547,0.13143161290324074,0.13476075906049204,0.022224846601616173,0.4130860125371267,0.2984967688975244
0.28679920208026044,0.2549937844486938,0.9286469573845859,0.11398218263671146,0.32384407722496455,0.2043680742679064,0.16795239568097395,0.18985327018944342
0.25003846656770795,0.24892465336389125,0.8036105056869604,0.3673796460588091,0.39180692077403884,0.12385357044524548,0.05509020458596281,0.06186965813594377
0.2457936180670189,0.25160053593095677,0.7781923728522891,0.1958404010282775,0.39602969265505855,0.10114573825646739,0.03566575946080418,0.27131840859939255
0.251864057027366,0.22895506827290535,0.881675424571742,0.2615122148100523,0.3110451537066244,0.13663447160130268,0.2885343743098097,0.0022737855722108984
0.45594878348038154,0.37067223765115753,1.0951691069521723,0.051199673972505064,0.04384816655472211,0.5628064013930937,0.03255299272217939,0.3095927653574996
0.4451424743321749,0.3591468770010629,1.1002252828471775,0.17406142426170734,0.10119619737130027,0.5557309375833003,0.050818325985679015,0.11819311479801306
0.2870768241360605,0.24848013184072573,0.9541077686163871,0.21185136803307228,0.004398635970515892,0.15912470872879772,0.24132360402481978,0.38330168324279434
0.31277389935182115,0.2778103094239218,0.9458752625009462,0.5593762228275779,0.10298446193776624,0.23628283499982294,0.021531734674965892,0.07982474555986695
0.44191188950445737,0.3559311791242072,1.1010889534004387,0.025972436503621636,0.09936617765780473,0.5461428604159816,0.11191753144854841,0.21660099397404364
0.45633418774233087,0.36866900304923617,1.1021653146360788,0.0944750675974625,0.10214423278057563,0.5808181390939859,0.0584072794562375,0.16415528107173866
0.294897874454991,0.24015058166653172,1.0197679837188622,0.17790978203898622,0.02060311829492064,0.2194448782413923,0.5480900725439882,0.03395214888071265
0.3700194106804663,0.29103181616413126,1.0996028368939124,0.01896042588530475,0.04384477699678569,0.3799923574120009,0.33838656204606377,0.2188158776598449
0.28239417442735953,0.24880198964512548,0.9340527170173801,0.0827900080419457,0.2873776482350542,0.19079517309682784,0.21905686742471855,0.21998030320145368
0.33497313946753354,0.2651983919392834,1.0745658651383434,0.164158333029631,0.09769428579949443,0.31900864507649573,0.4152958262455409,0.0038429098488379702
0.20694785305276595,0.22284741885034465,0.7042839170516297,0.008642916437272778,0.5205443785802063,0.05299725806987692,0.33742627279305626,0.08038917411958772
0.2742622417668837,0.25396580100202115,0.8830411058577881,0.09471563673384094,0.06263783802682597,0.1271263609396331,0.21476412608143636,0.5007560382182636
0.22127523480156408,0.2438494963958743,0.7023809248451739,0.15998070333957726,0.5686867954146084,0.07708227349622745,0.09662464433775281,0.09762558341183425
0.19949053464477953,0.24311298884535562,0.6149014717591686,0.47920615401997163,0.4507574925421606,0.0054475357364246945,0.0010670181054125087,0.06352179959603052
0.2241307281882632,0.2256984609620007,0.77151934242733,0.016609907342921386,0.18928882484397225,0.03556561061652166,0.34914195293631256,0.4093937042602723
0.21547483928090347,0.2350403315660692,0.7040274244779514,0.48089051834520624,0.36121843862737935,0.040960007180603636,0.09202675587395313,0.024904279972857525
0.30871586800485024,0.2714022706353913,0.9532560925122683,0.21230083942535466,0.2837336979518062,0.24655546434846695,0.07349035319820883,0.1839196450761634
0.31055880300523864,0.30183458984768824,0.8632503091733847,0.013668467194512196,0.0054683547418635375,0.18628438468214403,0.07375141375327166,0.7208273796282086
0.24557831917253223,0.23230227458263722,0.8419130614365072,0.016647662633167748,0.31490436876694916,0.1063957458421679,0.28561190553459714,0.2764403172231181
0.4195030263253769,0.34114735841173427,1.083118532840638,0.40789985319278543,0.058234104190777576,0.4926937342472918,0.027087776803023995,0.01408453156612108
0.24509227786370139,0.22674208702976556,0.8604149340748135,0.09346794169761936,0.29153293552720166,0.10610725015155582,0.2924642634638469,0.2164276091597762
0.18859994315777992,0.21348383927349052,0.6492292045592354,0.03969653036593026,0.5023086598728004,0.010592560949194611,0.38607626919194676,0.06132597962012812
0.2395384710817917,0.22594338871714084,0.8388759332944032,0.3320258601974567,0.26276491744935093,0.09027547379886525,0.2123011948109953,0.10263255374333177
0.2877776897790638,0.23836090881573851,0.997553210215667,0.0642788932800676,0.05838153980836272,0.18927878517346994,0.45081305507666114,0.23724772666143873
0.2870364042862244,0.24751600996882298,0.9576608976368092,0.3657205805962153,0.165475427530238,0.19113768203529957,0.1800822154839793,0.09758409435426794
0.3744154234618045,0.2910889473679613,1.114488978008896,0.23418820043432725,0.014474644004506114,0.3936454014490391,0.3013324222628484,0.056359331849279104
0.2596307585913799,0.2625703041196021,0.7983795398884561,0.4425962048881499,0.0038539571967837524,0.0741935095373612,0.02040252337282943,0.4589538050048757
0.20404313126863385,0.22429172792385596,0.6867980941362645,0.2814256904420751,0.3353094431037691,0.0008964782906161897,0.13883277168070648,0.243535616482833
0.21524608191066968,0.2429387558932306,0.680196460639215,0.07848494072436647,0.48757546396898377,0.04082820664257918,0.09297230210542812,0.30013908655864246
0.2589742513899747,0.24469027150105593,0.8540357984321126,0.5509617204157046,0.08194872079829178,0.10646531487365339,0.1188746472073895,0.14174959670496096
0.3300639824280847,0.28098288369961466,0.9967296895119337,0.06599539716916016,0.12915852115862683,0.27248775832339284,0.14804951570960836,0.38430880763921177
0.20789330988589289,0.21049734814603158,0.7500964324565036,0.3487918398936522,0.03714220793878335,0.01374861543739879,0.5774743143204012,0.022843022409764463
0.29511109727536305,0.2857262284886219,0.8578529824577299,0.025162109037914063,0.0035074196113488703,0.1551041732393913,0.13683120174693214,0.6793950963644136
0.26221643146322615,0.2504362823016696,0.8473869261786728,0.5905744611166714,0.14334132216299575,0.12586414799286735,0.09541981838016558,0.04480025034729984
0.2607666778047813,0.2353491658783816,0.8955488625512977,0.14111601799641416,0.13474706585408808,0.1150677245357037,0.2612604971203817,0.3478086944934123
0.4039626124091884,0.3279732666266416,1.07924226888935,0.33983111606817773,0.09007580797969708,0.4577152463884733,0.04858546827703645,0.06379236128661551
0.22857957545503305,0.2367625698006285,0.754255943434852,0.049180696183433945,0.025313409504116664,0.019364241952943326,0.3636821915613109,0.5424594607981952
0.3773082277881792,0.30916940651133784,1.0586695219346556,0.03239804074866369,0.11487650701128994,0.3883757413099213,0.1453916726044461,0.31895803832567904
0.275626779503192,0.24585460125762626,0.9177244531891517,0.08650970801946535,0.3816202689075093,0.19842144143723042,0.27144955660535847,0.0619990250304365
0.21247497533967252,0.22595592478438575,0.7190560526116377,0.06215475257675786,0.45487284681595586,0.04434796026626122,0.23255657674884428,0.2060678635921807
0.2599956702977651,0.2328625542369246,0.9018009399832757,0.39465764107022744,0.2028221373390869,0.1400015403554797,0.25229958947355813,0.010219091761647876
0.2471792469725194,0.23243330397497008,0.8483261374357648,0.05447692735023523,0.39741019155653634,0.12868267915084874,0.2868440951858163,0.1325861067565635
0.28957091776293115,0.25865247401422964,0.9262270491553515,0.2580557243627248,0.15221127900385514,0.17744348563315118,0.0919506309890308,0.32033888001123806
0.288965467622587,0.2652593133096653,0.9008749387193705,0.3406204026417328,0.3628902810071987,0.21842308287666806,0.07097710033150348,0.00708913314289675
0.24233303374773663,0.24805401245142156,0.7753675574403489,0.46418448059893974,0.14925991458746146,0.059899138381776865,0.02732521996204461,0.2993312464697774
0.28220447684528915,0.25724102616191463,0.9026727979973662,0.33852223717734103,0.31491019585248,0.1936236556806232,0.0851846133407406,0.06775929794881518
0.20091879934224666,0.2238369527927529,0.6742354086725797,0.0023924515085943284,0.4994007162847808,0.025477713921514156,0.2774331826728289,0.19529593561228187
0.1865953925858098,0.21616713327383516,0.631897136799118,0.1516789922847378,0.5299352096741233,0.0065143715845562,0.30103168915871464,0.010839737297867988
0.21023412613683895,0.21105163300171173,0.7592176561625533,0.013069104266761177,0.18874330155294647,0.02188868911306829,0.5229519830217584,0.25334692204546577
0.33022414438836156,0.2621910820175789,1.0687783208796309,0.009107501036988243,0.012777520871283395,0.293131918867768,0.5069985790800235,0.17798448014393684
0.2896650214369049,0.2665319657768248,0.8991980407992924,0.17718876751782212,0.3524292073991523,0.2065840146761507,0.055777238144692085,0.20802077226218293
0.25409916430361046,0.22175290041337187,0.920390055431731,0.14166611304408375,0.18962929894546643,0.13884230871204023,0.4984030119227679,0.03145926737564165
0.2973136421134594,0.27049781753266994,0.9142907117303806,0.5497833297645063,0.14081229227651118,0.2030603272554681,0.01908572526737126,0.08725832543614312
0.20097635660060453,0.21776406434191892,0.693302437465308,0.4053982967951204,0.33915713853217627,0.011321238721451334,0.2185830629548408,0.025540262996411277
0.2106758581402418,0.2238916586762675,0.7176500414987254,0.4475404618005979,0.18565897716834331,0.0017380546339402871,0.1596039611662985,0.20545854523081997
0.2606728733591905,0.2344131050745529,0.8987248101687316,0.11565942080023998,0.3370144539879012,0.15471805963176266,0.2823199845571765,0.11028808102291952
0.21871806942716565,0.20835723519890692,0.8097538310397526,0.11777402773159423,0.16705950607136316,0.047576799124390556,0.5379156938503705,0.1296739732222815
0.24889223106015548,0.25218329936160566,0.7886812154636929,0.06941034136804579,0.30487609443890085,0.0932240503398834,0.10672407234700423,0.4257654415061657
0.24345646295694606,0.2172126842172377,0.8906315193060611,0.3101994610703439,0.026446941406843286,0.09129062602506798,0.5057205262051908,0.0663424452925541
0.22926169658785725,0.2233710997205312,0.8025286029040415,0.12829128095465056,0.05991546417549258,0.033528017591058015,0.37234668736044846,0.40591854991835036
0.23331319112081644,0.25361884100903115,0.7227901144548201,0.3653986418011456,0.15614845738664798,0.029328954786459808,0.004306238938275174,0.44481770708747154
0.43909926190516074,0.34679909232725015,1.121973126555922,0.09733970213990403,0.08745286568823117,0.5528839788963988,0.20574660882861218,0.0565768444468537
0.1921817209074742,0.22150263323413338,0.6418963008768608,0.2248100941458495,0.5126530078035156,0.009268798275930842,0.2026504297266806,0.05061767004802354
0.40490174724030553,0.3432401133351467,1.0339751487430964,0.10067841351846292,0.33396429828058344,0.4916785070403659,0.0412256508916301,0.032453130268957665
0.18679077870929897,0.21623839251952423,0.6325924694290727,0.054872489076254256,0.5393396115246532,0.008954043573752696,0.3470125173713792,0.04982133845396059
0.468271358986171,0.3720719952736548,1.1241678070356709,0.17337603657998074,0.013598289011143334,0.6016841415362431,0.07854776848036076,0.132793764392272
0.23080147062873244,0.24458446030375466,0.7392189610255337,0.4088100055410312,0.27475888868244047,0.049529687796292174,0.014948336177398179,0.25195308180283804
0.2671665540026495,0.25229977489641126,0.8607481084428764,0.13908402237663567,0.40782817706844865,0.16543544481221917,0.11920962565980664,0.16844273008288987
0.1930289854043733,0.22569403027674242,0.633729590583293,0.3045822244858587,0.5129599848056011,0.011262489971347468,0.1638294020689182,0.0073658986682743795
0.2226365553054485,0.2138599847667161,0.8072410343326493,0.09109213399291716,0.31214769769645423,0.06469542912785607,0.3884960023958836,0.1435687367868889
0.21440332028670675,0.23830078246116185,0.6898983653715074,0.543109543266666,0.28256512054919775,0.021797527505225508,0.05247736222175189,0.10005044645715856
0.24938616183571707,0.22210884537816677,0.8976957288496924,0.03582225943864043,0.13122171093680296,0.12246898586892156,0.6012325057057848,0.10925453804985022
0.3176630072842259,0.2853609094571604,0.9379806357969596,0.20809724084959977,0.3845343758442339,0.2831514219687846,0.03162424022961877,0.09259272110776295
0.25273049877235865,0.2202198232139437,0.9205824244777722,0.11431710120098122,0.13659627501772806,0.11973099660460909,0.46837603678016254,0.16097959039651905
0.19527912487993176,0.2385732275089936,0.608949823904508,0.10591200007474046,0.5772647280775474,0.008832482586526719,0.09558097619804379,0.21240981306314163
0.22419674061955314,0.2126666529717027,0.8191069835604723,0.04313073037001305,0.24884225294261247,0.07203931405483212,0.5317292855172534,0.1042584171152889
0.23595581102410554,0.2360204635716188,0.7878800346804611,0.16712410666797164,0.38183182035792484,0.08492957306896795,0.14042193819199061,0.22569256171314497
0.3048157051748603,0.2584552669019274,0.9859180206668099,0.10926213552195856,0.18632397646300367,0.2291904118540547,0.20937538321612367,0.2658480929448593
0.3499162423680398,0.2731426346407999,1.0980206102297025,0.08899584351185011,0.03270439247568218,0.3461250959685797,0.46029524887123413,0.0718794191726539
0.30042930917597754,0.24879133882760826,1.0065837112983433,0.16889392017513916,0.2230384037598964,0.2462493621556144,0.34808833106001774,0.013729982849332228
0.27095711339950457,0.22795475440199922,0.9693025003104156,0.2950533941693597,0.014766905690755509,0.14580171527071287,0.4058715565949656,0.13850642827420634
0.2968307436493228,0.27286086794519987,0.9046029410816622,0.01883921962897487,0.4903214569413851,0.25680837142269375,0.17216286083688653,0.06186809117005954
0.23968980285078262,0.23239803793403174,0.8162280737698301,0.03312955801074829,0.46268614005255365,0.12394523444652121,0.3119592578962205,0.06827980959395623
0.23433269541543875,0.27177513507036294,0.6782544524086604,0.0706299577532088,0.732653108991631,0.12759601385104505,0.026223558999343876,0.04289736040477141
0.3005412602765779,0.26379553673158346,0.9497554938979427,0.1948093855516214,0.012855285081843616,0.1839139624013677,0.16081339401746897,0.44760797294769833
0.1929425998075058,0.24273057043997986,0.5888940958215697,0.07726548120527321,0.7134730936979892,0.03514019438193776,0.15755831062505934,0.016562920089740557
0.26314341121116686,0.26179256862604033,0.8141690664857384,0.13565280290996654,0.538024257394214,0.17523702207154152,0.08313527341590486,0.0679506442083732
0.34696408008770363,0.2985905451540597,0.9945528581103703,0.12613908667933174,0.19239223921038465,0.31701616646292813,0.03535510948923085,0.3290973981581247
0.23997494755136864,0.25997582206688175,0.730740828285545,0.07265935154762365,0.1253426374178452,0.039961188933918555,0.13591640729064766,0.6261204148099649
0.2729791496412412,0.2475076976530106,0.9008978377466192,0.3005369124634998,0.23661330510529527,0.1563413805176322,0.1131207025333897,0.1933876993801832
0.28507030841722203,0.25128323185862905,0.9354794853540871,0.09125620023834631,0.33890659799360173,0.20817061598470693,0.22031999747842224,0.14134658830492275
0.2501308814564242,0.22548616036451927,0.8875528375351024,0.42303917266981106,0.0567432580382362,0.09377777846738286,0.29380153068646697,0.13263826013810287
0.2401229611402059,0.21767179019949598,0.8734386801613493,0.37249432265490057,0.07199785938740726,0.07804438868410717,0.3717650712267533,0.10569835804683189
0.25209219735575916,0.2204304990078012,0.9168068768406089,0.27403374085155974,0.15273843605256326,0.1222665545438296,0.40277322194261483,0.048188046609432565
0.21893323650053112,0.22038439659742431,0.7665390068840539,0.35571929602154756,0.25414488409183317,0.035609481457123594,0.1992485492520799,0.1552777891774158
0.2779579323574599,0.23799226409009672,0.9578375718597387,0.06241135659051128,0.09762901796697986,0.16090032477242525,0.36757547481931585,0.3114838258507677
0.3038562001713499,0.26260432073491874,0.9666870653952436,0.1235525393486493,0.23787041075527882,0.23067818446973773,0.15642942771129612,0.251469437715038
0.26180077972940285,0.2367337404675646,0.8946793106512088,0.06769556514775033,0.35452151685423083,0.15877755455283513,0.2875158351451301,0.1314895283000537
0.25939978511742234,0.22844028265102564,0.9166500001110124,0.07393273792176476,0.23451684323781444,0.1391299394770885,0.35867409911455006,0.19374638024878224
0.2789268488908427,0.2691212593658061,0.850645725389057,0.21298763557759673,0.13347862046579767,0.13587025603558314,0.028831421054779,0.4888320668662436
0.23356726874597886,0.23114699646027484,0.7941581398723773,0.3909556038163371,0.33003827314928996,0.08501654015220494,0.16271066836676956,0.03127891451539853
0.31319181931616863,0.25148627611832997,1.0465454551974476,0.2359545810557483,0.04812170022024079,0.24573799917214298,0.3192492213554666,0.15093649819640145
0.19802633162056396,0.21262652911554283,0.6961799745135535,0.14856621141921045,0.448703113237062,0.024735309965948325,0.337694375549711,0.04030098982806813
0.3648170236028552,0.3087541190405155,1.0196366758804087,0.008757999774247115,0.04807058003969888,0.3391745784029308,0.1216341379256301,0.48236270385749314
0.36859939281298937,0.30993187834970004,1.0279658694982956,0.20091881406729126,0.006078042683814406,0.34069612204963945,0.03154831276155308,0.42075870843770175
0.3083358644586731,0.2497547288452541,1.0343582508050762,0.03293155501114231,0.07583128057761102,0.2563057994562703,0.5518511623680254,0.08308020258695108
0.35065372016734897,0.28010518445901555,1.0733600691755139,0.36004453607542153,0.0431009862765117,0.33511677810807866,0.21814519198415183,0.04359250755583611
0.3127289949491277,0.2759262724827909,0.9521710005541923,0.1604768663864876,0.06294182641787066,0.21507752159154464,0.10143538839543004,0.46006839720866716
0.2572698575289787,0.24961991099590083,0.8303418453361375,0.5593873248646444,0.0012987164635045118,0.0836866668403188,0.09164150432212537,0.26398578750940693
0.30567352879680393,0.267056524247521,0.957376081775981,0.2822377468869458,0.3140050627102978,0.25533230523908224,0.12534899725532503,0.023075887908349052
0.35292998332323794,0.28700380910582146,1.0554911597411738,0.20940249315221918,0.021533693701276363,0.3187123604910242,0.14634137617491863,0.30401007648056155
0.3580729040706622,0.320780014340995,0.9603868392598023,0.025201203560098927,0.47139626300252063,0.39305446538107996,0.03682263264345964,0.07352543541284083
0.27210348991987166,0.2695157986045553,0.8240833786732891,0.22370397954507687,0.023669030551137445,0.1030349025359084,0.06804893141971442,0.5815431559481627
0.2472220510330412,0.2250661857574159,0.8762846820784261,0.21553963604980314,0.09764629822905226,0.08273515635844708,0.30063880044237273,0.3034401089203249
0.22840336083229848,0.23339097368473,0.7643970030875741,0.6110543578817788,0.02349266502278869,0.03069194860675379,0.19803745018768193,0.13672357830099696
0.39996596085567526,0.31002238870206517,1.1288409276531197,0.003927045813425917,0.013479999506973848,0.46141678170911865,0.42804221721818236,0.09313395575229905
0.3330760733369779,0.2805458733612084,1.009018845814609,0.40789812857936564,0.16570823363941964,0.30164694539805254,0.10260089178822444,0.022145800594937686
0.2784596902993394,0.2898488627391576,0.7882028176351209,0.08303972101563789,0.08924845408459364,0.11690648476845514,0.016293562911424253,0.6945117772198891
0.3309821763465171,0.2657595734069023,1.0572796033063598,0.1076746492429357,0.08514711400807526,0.28784674811644134,0.2964003420499871,0.22293114658256058
0.2903705215481282,0.2439641112029758,0.985270006981241,0.33155677610393836,0.16309867430958241,0.2110630863263416,0.2885959512987323,0.005685511961405311
0.20968864758024988,0.24161612724923026,0.6609188277218304,0.1375837976532637,0.3508218047663221,0.0028545733396348125,0.08453858745917839,0.424201236781601
0.5221077820109771,0.42517881455583356,1.110374660845151,0.08171221570191083,0.11513388653708845,0.7488012525343413,0.041695442798786855,0.012657202427872553
0.24449823623858358,0.23920146556632324,0.8131147348035591,0.274099630147939,0.2833882843348655,0.08924407360703902,0.10086281581315723,0.2524051960969991
0.223493158225319,0.23753873046276622,0.7303784013972145,0.3135633216436615,0.07201002728312454,0.003982256269548368,0.15270904939907975,0.4577353454045857
0.29767898309547125,0.26591323670564126,0.9314278076711359,0.25235129227766695,0.34907810199892964,0.23615708735024996,0.0968005057896694,0.06561301258348386
0.2678960438407176,0.26248725422518776,0.8301204737879753,0.23643786938187647,0.21350750682082215,0.12250165344823875,0.014490546195712373,0.41306242415335026
0.32553857263594144,0.2607432109520953,1.0567430370663204,0.1783409941615158,0.13242216711582655,0.2912590536446969,0.3285878702243448,0.06938991485361594
0.23912754236545528,0.23748476062175083,0.7963775943782954,0.43226679864525813,0.08160920091811942,0.04925020809026446,0.12430786200540887,0.3125659303409491
0.3527590310809844,0.30141440811052567,1.0044610441116195,0.41719682004110686,0.20539569931481488,0.3494713748640409,0.01878331008720582,0.009152795692831448
0.31986487639559325,0.27725396154782445,0.9733490367063461,0.10783432890456522,0.045327796300068376,0.2327239663252211,0.14734827689285232,0.4667656315772931
0.31367201655453514,0.27516826939061895,0.9582210083250401,0.10428749055859103,0.23585402090298654,0.24667634544236036,0.09693359053100194,0.3162485525650601
0.29143130398313827,0.269953299097426,0.8943447062523427,0.2457235226609261,0.24832056467906471,0.1890311185066546,0.007163273564918598,0.30976152058843587
0.3157045742329043,0.2615291211375961,1.0159655378993586,0.2545266037604125,0.0008232425118688217,0.2294361449524818,0.20357639906175093,0.311637609713486
0.31843463839801894,0.27003903265650747,0.9940586579550915,0.03039234814078269,0.15232045593041957,0.25344383478457866,0.21382172483518744,0.3500216363090317
0.3582869886557134,0.29571601890761445,1.0425102765637675,0.12626279367324844,0.15367424228686719,0.3490567839545989,0.1171522512652016,0.253853928820084
0.39947348454330806,0.3270424950982582,1.0685873847626761,0.18133610856544954,0.17198848282929652,0.45410617123556213,0.061112833045022796,0.1314564043246691
0.24801266183096668,0.23995488754978814,0.825207870749793,0.0740663132307745,0.12982146811861783,0.07640856304537846,0.252724830368033,0.4669788252371961
0.4496849635121693,0.35715068106265585,1.1190933818828461,0.19559501329210197,0.05740593026047686,0.5683440295224741,0.11409692944397241,0.06455809748097457
0.31510523388214073,0.27594918424129433,0.9607030896323597,0.3375627649299574,0.24476690127234918,0.2587050911266047,0.04082905683095952,0.11813618584012926
0.28893816609330725,0.25266926754411734,0.9456558307059937,0.30149595489586656,0.10682081648950628,0.17522009684382983,0.13504946988531782,0.28141366188547956
0.22149570310984348,0.22112761211411794,0.7755508299946694,0.08785089444670312,0.2247793726666377,0.034503476208185176,0.3074407810904631,0.34542547558801084
0.2914672760397957,0.2789327282815946,0.8656828387525186,0.018373912507661034,0.47270124237238237,0.22478056570393165,0.05560605332702575,0.2285382260889993
0.26122711795377473,0.23513653947869986,0.898316860586906,0.05309808233219086,0.1320565067372657,0.11926109343924633,0.32968783571154353,0.3658964817797535
0.44184878232858954,0.34412855523235125,1.1386697685230398,0.1935854909365838,0.004756252862590954,0.5542096663702721,0.24023719822316164,0.007211391607391536
0.3052926154244025,0.2580399386454048,0.9893531085326384,0.4302616608716803,0.05628477896201959,0.21802224610076695,0.15830623265856975,0.13712508140696353
0.21699782899970205,0.2144139518651957,0.778857101168003,0.26494562665892085,0.06911442117096059,0.009413698412865228,0.35219156667479745,0.304334687082456
0.20989060171947405,0.207054754228192,0.7722141049862635,0.3272523709610702,0.17900964139016445,0.02765197927145387,0.44381914952054796,0.02226685885676355
0.24760761514450008,0.26723229785565883,0.7394600754854663,0.045142257827743025,0.48965068065611916,0.11084669024625726,0.004929362474318402,0.349431008795562
0.24395238509925463,0.2661897935014742,0.7286244245055191,0.07812895574075797,0.0926199979675586,0.04236399097927489,0.12150376929629172,0.6653832860161168
0.3044053580035618,0.276526733009512,0.9200027615225567,0.5393084049976281,0.1963074071036122,0.2301586537037032,0.01081812798227344,0.02340740621278316
0.3494823077009788,0.2838824155755987,1.0549519493616746,0.0772588554229239,0.20364828718513997,0.3489988651569408,0.24096138833724157,0.1291326038977537
0.24070348539885209,0.22755528946311981,0.8380534060482019,0.030364812889501467,0.3659402291929332,0.10904080481960016,0.3211786493004565,0.1734755037975087
0.33838072908443834,0.28875097353589885,0.9987177724565681,0.17334878339988485,0.307219894586085,0.3279408837374101,0.09894330940017695,0.09254712887644309
0.24677367899823455,0.2674516693630998,0.735735467521383,0.07066113407791283,0.6282790226538367,0.140114922796967,0.031233122615022403,0.12971179785626097
0.35687062928932783,0.29881824067198953,1.0269474467128576,0.06336373261801448,0.3255946903009952,0.3841924240372322,0.19217969289141965,0.03466946015233846
0.3057368255326631,0.267734471516336,0.9551882657630031,0.35602789126563555,0.18390815557408902,0.22618810591278704,0.056630512244273436,0.17724533500321502
0.24133267569990097,0.22341360173658234,0.8564056718690447,0.4170559266744365,0.14094050324166216,0.08341750733320337,0.26568378193575554,0.0929022808149425
0.2480222269551898,0.2612685935272802,0.7579258734537238,0.7998218091085793,0.0063441917354644444,0.0731849984052146,0.07567386821440096,0.04497513253634072
0.384494749611464,0.30920033244540657,1.0818059184025086,0.22056365821624016,0.04230791868421662,0.3989044902578014,0.10522505664362079,0.232998876198121
0.3117543656490573,0.2700421771217177,0.969309196211506,0.1879222838789872,0.3285590459321924,0.2699769950873228,0.14006725444831267,0.07347442065318499
0.3840273248720077,0.3260382336481005,1.0245035409943057,0.14396800764787812,0.3013199310174321,0.43216839436850213,0.022549038787911233,0.09999462817827627
0.2560835795212901,0.2385070210211526,0.8640566581183078,0.38191374964391733,0.144183456755403,0.10304476551433221,0.1352153649349458,0.23564266315140164
0.22504104027695812,0.2673527131185387,0.6547195210222104,0.8828117207237167,0.0701877617240908,0.024161487822866392,0.01836747622915836,0.00447155350016775
0.2313795793233393,0.22199814538842289,0.8170319576588597,0.18706534955622106,0.17980073870715932,0.05251193021527212,0.2717007810410819,0.30892120048026567
0.4835686564064552,0.3893701377591597,1.1135128618277192,0.04122495321835421,0.05797674410211073,0.6397063607377697,0.06444886923056797,0.19664307271119735
0.2999565803624273,0.2615999366126347,0.9554917466686991,0.09028987100274717,0.2361633688155584,0.21949768613880458,0.16504371819295638,0.2890053558499333
0.23382461067277593,0.2380827731309269,0.772103786659469,0.47727138393631935,0.14783742838578784,0.04620439036690761,0.08666871077748987,0.2420180865334954
0.2145251677571754,0.20984364959791826,0.7840369154483461,0.3842694183415576,0.07148600334780127,0.019206696788405964,0.4194639610625933,0.10557392045964195
0.3050006070782994,0.28122776616328127,0.9067405063063569,0.21741000097018753,0.43117486591188775,0.25965953844603934,0.027307121044092036,0.06444847362779325
0.35595943281922543,0.2822347747420827,1.0840600103187967,0.10730839749299881,0.1292479335484668,0.3611627841801363,0.3038566217938859,0.09842426298451216
0.46533177267953074,0.3741327930574165,1.1101186006322403,0.009893991258239329,0.026601358856084743,0.5883477693332058,0.08941878508291067,0.28573809546955947
0.3134069320329488,0.27286638498213805,0.9653330220583657,0.3624044848412352,0.13746381694790205,0.23532750025950233,0.04108327406801243,0.2237209238833478
0.19439566074929684,0.21239522469022012,0.6798441959318948,0.08416050426482763,0.47221411016869225,0.02314217199099918,0.39261598660575764,0.02786722696972344
0.3074168523953151,0.2611692564533932,0.9856322903046296,0.4551739269486045,0.07749955691394217,0.2270191036538669,0.14283249912502866,0.09747491335855775
0.19496065312077288,0.20920164965840268,0.6929230881184424,0.1386734280919623,0.3941846205653198,0.005636571324138057,0.3358885588821003,0.12561682113647954
0.25599623633658475,0.22203100827330952,0.9277813848550978,0.3085625542445621,0.09075056376695287,0.11961808890041199,0.3806533452610446,0.1004154478270283
0.24127241647740344,0.2277421097974686,0.8398640754118872,0.23562339549682731,0.006283906821635445,0.05318894524390611,0.31612520565975993,0.38877854677787105
0.3066233494976782,0.25831980455406733,0.9934327332768091,0.31874884386221947,0.05643024793223758,0.21506863387122974,0.16002950698455148,0.2497227673497617
0.20588337566019507,0.20759257003231227,0.7509101873729461,0.31551843418716785,0.23098947834515815,0.013550145578972718,0.34136449838612015,0.098577443502581
0.3510213984389838,0.2893197011332923,1.0404455599112499,0.3924847529699407,0.04347420911251134,0.3201007623958757,0.07769195050732199,0.1662483250143502
0.25948710652310486,0.22838397217518583,0.9172583545504419,0.025865546449842146,0.25006070759399207,0.14691886484675132,0.41688084295807815,0.16027403815133637
0.3070247156960129,0.28516666410465735,0.9013140315786834,0.22539754009790366,0.005641795984055711,0.18410186668400846,0.029031562997218176,0.5558272342368139
0.28583379159996486,0.2694733558401332,0.875165527458955,0.4081250108725881,0.038563199553817144,0.14381654241429906,0.004286525332417483,0.4052087218268781
0.3203684839231937,0.2766648833692503,0.9772417830214718,0.41519509482119926,0.024784020401519762,0.23519697336384987,0.0448523141287219,0.27997159728470916
0.28381199404753765,0.2597200459181783,0.9002462371394979,0.4206601073046331,0.24086168437976926,0.18370298875643185,0.04815025435155043,0.10662496520761544
0.20682583271754765,0.22416959143005202,0.6995856651078486,0.032740190054213976,0.5112262289177669,0.04508398342603909,0.2807343418989943,0.13021525570298573
0.2818859027064226,0.25552527916955836,0.9074871318408798,0.07770226754593096,0.3094603780728486,0.18523478921023612,0.1550275258308225,0.27257503934016175
0.31640136583433187,0.25445225087108714,1.046960146441379,0.22598977990363453,0.12093598299832961,0.27381252460832173,0.3702145766058486,0.00904713588386547
0.2477247379644141,0.24644244569098625,0.8023160840253176,0.16829588532900155,0.015944504123906297,0.05536152399312099,0.22063163435808109,0.53976645219589
0.2721112328946406,0.24370232706945455,0.9114038243522372,0.5651745491994592,0.01911500812483967,0.14319298425035842,0.2305818537355612,0.041935604689781594
0.3859720332183036,0.32580765105119214,1.031197493779894,0.26838055856712056,0.2523678997995127,0.43247192889580666,0.001577367036260177,0.0452022457012999
0.3657719599748904,0.3075673665048353,1.0266757607066423,0.28866593110430366,0.18258787923435088,0.369641218092919,0.009681624792114376,0.14942334677631205
0.31936765216072843,0.25451893214128646,1.0583403359998356,0.3059433583493544,0.013203113170268718,0.2618952409195394,0.34178914390433845,0.07716914365649911
0.2572677475004188,0.2248798241410055,0.9216822731525108,0.07348722146326216,0.23536933128782186,0.14538933662152884,0.4492853873388854,0.09646872328850165
0.3162309276657313,0.2983734308238483,0.8922742448301535,0.03681745103438656,0.4974920244093214,0.2873555703644009,0.0034926160716974627,0.17484233812019376
0.2841617522626135,0.28234983828606175,0.8293319864606168,0.04696310134647026,0.01119545176961426,0.12845894532700017,0.1260604324871457,0.6873220690697696
0.25815097869048,0.25710112515105676,0.809607420302744,0.15084883662997708,0.48604274252061386,0.15120486838543548,0.06589251553815913,0.14601103692581457
0.25398541180329215,0.23848438757562274,0.8553407368799307,0.574131813307259,0.09451790018049161,0.10946099925799517,0.21268109380872646,0.009208193445527648
0.3854132577972423,0.32384804415571594,1.035711852673612,0.17068584766564604,0.26616235459464055,0.4319267536237366,0.033149503294888825,0.09807554082108798
0.33930962278932497,0.2812295181457291,1.028731353297732,0.3745907501803404,0.09332566524354721,0.30116215317986683,0.09776596353289076,0.1331554678633548
0.2857997919661667,0.24561338175516728,0.9600445638634505,0.19635029420953443,0.25390932236734753,0.20111991678596589,0.22907764543396855,0.11954282120318369
0.25412489428295,0.24587968356266252,0.8301820277515067,0.060654848333484564,0.01699509041455735,0.07642359579251677,0.30556154263375424,0.540364922825687
0.34258137715489745,0.3060290564095435,0.9560575083542079,0.0365435125799246,0.02264700179147911,0.2726541513203082,0.07175166364331449,0.5964036706649737
0.25567626358402457,0.23058673103043706,0.8919692068355645,0.44514627890950853,0.1405734035193932,0.12145791966170413,0.26352711830448705,0.02929527960490702
0.45031819272525375,0.35417266186863444,1.1302910580764562,0.049272268715475,0.07611922418726663,0.5865716132730658,0.2838559740972481,0.00418091972694439
0.3005815582498125,0.2638279862605259,0.9497914220607636,0.3264439222574358,0.16072032823605595,0.20854216610943463,0.07026726315331235,0.2340263202437611
0.24658833915777728,0.26201029818006405,0.7503076807411359,0.7988869788848529,0.015744589735131265,0.06892964466112447,0.0574597505255498,0.058979036193341446
0.38492906521384274,0.3264863857100819,1.025859208448765,0.08454736292473439,0.30275874686767584,0.43347808086427553,0.04013145264933099,0.1390843566939834
0.2837636967423889,0.25701953706833036,0.9095172274014378,0.3162717665668431,0.23032878988278335,0.17772865455465695,0.0665473575155128,0.20912343148020385
0.3548281801018138,0.31271921046660006,0.9747664035317425,0.1357056989856572,0.42006710064993014,0.38163287510607713,0.03806908758752356,0.02452523767081188
0.3515134225016114,0.2973696302534846,1.0139348199229172,0.4038275459235209,0.12969272513937072,0.32989739346411606,0.010132797570854099,0.12644953790213825
0.2041055591880653,0.23784469969956923,0.6479251351101031,0.21264295261303223,0.5406401324890051,0.028170665400119952,0.07543280861469347,0.14311344088314923
0.35880804783008824,0.29054122077611444,1.062871722660138,0.15533240579253685,0.21613098306140915,0.3807084524877436,0.2473673208913039,0.0004608377670066272
0.25644039629064425,0.24027951472961562,0.8591676927721025,0.010533471256613315,0.03441362393560579,0.09244788105627566,0.3817160335892126,0.48088899016229264
0.43899382303131423,0.3576963030919106,1.0874974655003962,0.04701285684798617,0.21974299176919024,0.5667545947118116,0.14164304565436142,0.02484651101665063
0.3439439903812767,0.27929611327778,1.0524456890272884,0.24097504455192442,0.18552095846268513,0.33930820294111086,0.22730754189713692,0.006888252147142678
0.23396456717216582,0.22408517041640916,0.8209582402544143,0.5218054577611441,0.07999588464074608,0.06546029414042222,0.31545534202769104,0.017283021429996586
0.22009075631396832,0.2175620520712888,0.7818034197353245,0.05135705773902198,0.4040248861717569,0.07398972372216658,0.3930680485102348,0.0775602838568197
0.23039220446002934,0.22003427237057036,0.8198368486715657,0.009857995069867323,0.21256790103268103,0.06396881494402104,0.4142249165008439,0.29938037245258664
0.2167925071384554,0.21723395966243264,0.7678012562936294,0.37080576234421053,0.22028033879668027,0.028749354709178054,0.2321644767162324,0.14800006743369878
0.2687249347184103,0.24880436141368667,0.8791041020166711,0.20534868915637106,0.3316362110600039,0.15842964727398856,0.11653537787373384,0.1880500746359026
0.42350470901498877,0.3375431196451383,1.1065392457344625,0.18981726367936122,0.10818473037729535,0.5143789126723618,0.14292862630645572,0.044690466964526034
0.2532334328193501,0.22733726196431356,0.8939732583356831,0.00017038838237909437,0.2881029857066038,0.13821016536623326,0.428963452086254,0.14455300845852975
0.297931219649049,0.2789878952042659,0.8886809209679932,0.11096409907524812,0.0871495479624068,0.1753090302357442,0.07340588629412334,0.5531714364324776
0.33056846899357645,0.28163981711968383,0.9961960345768436,0.3225367748517049,0.2208797603804729,0.29654758044699514,0.06990487476740763,0.09013100955341935
0.2981440693283932,0.2730362460440275,0.9088319698344359,0.11127585304318491,0.09781367353871374,0.18175415807408496,0.10345809037106976,0.5056982249729466
0.29533239372132075,0.25744392566571206,0.9529546796916157,0.08596727324541668,0.3590770037590428,0.2399774299149077,0.23587366917838282,0.07910462390224997
0.21335673903878502,0.22437900333506292,0.7280393290402758,0.27632633090701025,0.413856441005129,0.04425077652412462,0.17623984293581782,0.08932660862791833
0.23121440206600552,0.24571990422803655,0.7374836101915143,0.6502921849684921,0.09291553335031591,0.03695402790039279,0.0685849778692646,0.15125327591153465
0.3978883246943678,0.3162336738288734,1.1000989252100457,0.014004585685354495,0.16374731559140462,0.4737056760726853,0.3361424536398082,0.012399969010747462
0.2213844409874576,0.25740595690016915,0.6658138104159196,0.7609004437067441,0.18187954704093365,0.026844055169813145,0.0018940540745684673,0.02848190000794059
0.2397533700810043,0.22217141926611217,0.8540854206531479,0.4132908967504542,0.004964470226016192,0.06024033003081411,0.3213186661399313,0.20018563685278415
0.20010847838846102,0.20443115858896627,0.7342739699004123,0.2807631126370426,0.2521418887789467,0.009549761702815955,0.41018544309845467,0.04735979378274027
0.2094882681163209,0.20661250820710336,0.7719197133817944,0.12529325817077355,0.16066421581932563,0.028705680114020398,0.5812357178059193,0.10410112808996105
0.25571041832881153,0.2479069805022547,0.8297887292727548,0.010495481410098694,0.48946255665449123,0.15601355431049208,0.2123618350997168,0.13166657252520125
0.2583572726949017,0.2428118642000663,0.8581016968891787,0.6293778839915968,0.011780078984674232,0.10925059388122085,0.22172859861903765,0.02786284452347041
0.2598198739289089,0.2585912187525894,0.8113959744690977,0.36882139812934484,0.15077624556336955,0.09594452711892403,0.001019972079851976,0.3834378571085096
0.2955176317903283,0.2623463852018782,0.9358529243747727,0.4116500521660519,0.11528504208520417,0.19052615148673768,0.05926377395826,0.22327498030374637
0.2907694998717337,0.24164179480014317,0.9963901322238942,0.002598308341353757,0.14270366071273563,0.2198786966313567,0.5326479167033761,0.10217141761117779
0.39475930706139745,0.3209419563942184,1.07421077298452,0.24686908307227737,0.15513019149737264,0.44594861753388004,0.0865715865119073,0.06548052138456277
0.2419024584689085,0.25745021137094454,0.7453963911973946,0.5053613348778057,0.011697638795280352,0.033965719477391285,0.019921087476223703,0.429054219373299
0.2699240874357743,0.2847943440850793,0.7722206989127365,0.0034329020173406383,0.6367495249057735,0.19319411521528626,0.0012984026883631461,0.16532505517323645
0.35195968836698155,0.2939593624210962,1.027215754858064,0.06816938388692387,0.3228256049936088,0.37497998534849963,0.2203886873154259,0.01363633845554183
0.28208533063760716,0.24328964229120278,0.9539466146274129,0.17266262561443418,0.2984881928475076,0.20608536374208436,0.2865680463836434,0.03619577141233048
0.21928926956019343,0.22488934862474247,0.7527669522609312,0.3010772764075519,0.05328877587376128,0.001849239782495095,0.25404849378012007,0.3897362141560716
0.25049535849890625,0.24934248903380088,0.8040962423846146,0.2353516276617232,0.05812571714856134,0.06403881444846835,0.13877587492401905,0.503707965817228
0.2293872328449258,0.23204184042421755,0.7730814085811899,0.02517268179080167,0.27162498193704615,0.05348881597256603,0.2568314832225246,0.3928820370770615
0.3630231579414946,0.29387245979670557,1.06516669904365,0.12285095038362834,0.100048325699284,0.35696916063091166,0.16606573798756963,0.25406582529860655
0.35748958282161686,0.3053181155922794,1.0071121467035296,0.16486600072706728,0.02805488704566517,0.31499876289416723,0.036839273382701786,0.4552410759503984
0.24447111366553154,0.24516512592553694,0.7932250271378218,0.10680250520197464,0.49016916272406696,0.12403743974853847,0.14159574483331566,0.13739514749210413
0.3657806065428562,0.3020716537099814,1.0453831157756919,0.2342673316734085,0.1383551018836252,0.36471798085833973,0.0624412973549664,0.20021828822966023
0.2807613541794727,0.24310661468673184,0.9492187387695423,0.44062006300011175,0.051766695454854544,0.16129285536143592,0.20779255705349386,0.13852782913010403
0.23137295532622384,0.23851841767056622,0.7604148857667259,0.06747822862893811,0.20128536255868318,0.04220722893759215,0.21448949195671835,0.4745396879180682
0.20352994885394818,0.20354349264877947,0.7542857148416373,0.1990452251780481,0.22591462513862512,0.017069485574337354,0.4776466388573177,0.08032402525167177
0.2392936400888564,0.2414243414006494,0.7840702349673977,0.1254851024999412,0.5085139601750472,0.11897389635710996,0.16955707507382028,0.07746996589408124
0.18505129947935606,0.21595965128568795,0.6253543135272981,0.02128886519220684,0.5462020440358859,0.012180849298283008,0.41239992884424476,0.007928312629379488
0.2826709734204219,0.24434418933284616,0.9522263412758183,0.4509033607086954,0.039011821450455994,0.16421907491395996,0.2067659128525089,0.13909983007437984
0.266845122472323,0.23645560469279747,0.9170648450225896,0.17065466608217617,0.25833839472912873,0.15281593344574318,0.23610243982967177,0.1820885659132801
0.5000575832140802,0.398714750599641,1.1287708381423636,0.12855357283633906,0.04182220815152771,0.6894374090642625,0.1069591143630848,0.033227695584785735
0.19590530406868858,0.21662744037450057,0.6735310347408011,0.1404644954248448,0.43615141521498296,0.0047770551526144425,0.2465743019070401,0.1720327323005177
0.24915430942880204,0.2570774400126077,0.7746860612079964,0.04169793700035372,0.38172279979276513,0.10329632948188044,0.0780691628313777,0.3952137708936229
0.25915793537826487,0.24021646339813219,0.8707060807552094,0.1364452614144213,0.3064400071333086,0.13327744310230094,0.18105186279269378,0.2427854255572754
0.3197300840396609,0.29699541166728083,0.908196131803663,0.017130304023803423,0.4553265612822189,0.28943350525220385,0.021921964772535732,0.21618766466923794
0.252071748215556,0.22554630671715156,0.8959213349876128,0.01570213005224935,0.24296747151464138,0.1442843071516224,0.5601373418461366,0.036908749435350184
0.2995196721630109,0.2483194702155382,1.0048332977934873,0.19882349594749565,0.05074209977238975,0.20321986162884562,0.2737400870121567,0.2734744556391123
0.20952867130543787,0.23187601579937328,0.6879912558246959,0.32016140958990913,0.36441139453542465,0.015255091188855274,0.07976114608326659,0.22041095860254423
0.3363043708036643,0.2720749845323124,1.0522995022707133,0.2534152156937711,0.0776613579137779,0.29534619752900876,0.19209989697928256,0.1814773318841597
0.225557469279121,0.2521946520810739,0.6961189217552635,0.3942334194737023,0.12438501089923194,0.006369443516444871,0.014210828092384607,0.4608012980182361
0.22796187991975386,0.21520310713843321,0.8269484687564327,0.3704203158803522,0.1335599259826404,0.051901745855731075,0.31960400214738455,0.12451401013389173
0.2426505293738822,0.2357906011208094,0.817040749114406,0.40036304933264794,0.3124924433438976,0.10259591371914482,0.1402174516485834,0.044331141955726176
0.3572900168007115,0.2932867997745038,1.0477458141211067,0.057460136699549566,0.2505262787495742,0.37340106988976396,0.21448255117184475,0.10412996348926755
0.30895680393183467,0.26258400688020067,0.9861865046867807,0.041492474699245135,0.026887780285808065,0.21503561735433005,0.2858222687250029,0.4307618589356137
0.2084197268361483,0.23373589170111533,0.6777723595772106,0.0008469768334224927,0.5955333797600675,0.058860866036518966,0.24515540781724582,0.09960336955274518
0.3148929266600465,0.27496771118573704,0.9633601178762216,0.0314320312117194,0.35922285785664154,0.2782493763947652,0.16857226832273545,0.16252346621413852
0.45788765198874276,0.38262992895209746,1.0660108400454147,0.022979039310824224,0.2677502834921792,0.6079251500455817,0.02456997963519474,0.07677554751622012
0.2973428784044324,0.2554306562295467,0.9683366987169854,0.4311980414532623,0.06202223039817666,0.19672404426371293,0.14188161567088342,0.16817406821396458
0.21834736118087872,0.2178217520156472,0.7728675378976178,0.14612252223225636,0.09696214175524395,0.013525211197440256,0.3707281691450836,0.37266195566997573
0.24345719038583125,0.254592860117799,0.7598688757269919,0.2710355985541245,0.2517441266555233,0.0681550709145945,0.005513690004317012,0.40355151387144067
0.23960200442519064,0.24403508940697013,0.7769456633713727,0.41108734313499884,0.22300871715540846,0.06541902124809336,0.039415269228975126,0.26106964923252435
0.2894878053273837,0.2483571918872083,0.9642877804647887,0.14426024628940792,0.22167085251968038,0.20053744593137698,0.22306961113534865,0.210461844124186
0.4254982421662152,0.34110527900876886,1.1008280002508029,0.23797997405302204,0.07869154614826282,0.5081871966568531,0.07637918026209527,0.09876210287976687
0.2808793417093473,0.26194927110072824,0.8813895176694976,0.12361728395442999,0.33676857513688224,0.1807499933029345,0.07792185765681378,0.28094228994893955
0.37142635196681506,0.30907901211450206,1.0399488136313144,0.3818315380007934,0.15586023774905122,0.3884238904909547,0.04019734547147248,0.033686988287728
0.2921197397754873,0.2444292503249738,0.9905514149946621,0.15488843372754554,0.11247967592902042,0.19506293408143907,0.2860791708260061,0.25148978543598877
0.23030239962626953,0.23608294667767032,0.7637247931865265,0.6324999485952009,0.1126512890684115,0.05126823856413284,0.1775494880556099,0.026031035716644897
0.37732190188009307,0.30980823878793434,1.056530656384987,0.2772902081233312,0.1895811629577589,0.41089554432034264,0.0959094382628707,0.02632364633569667
0.3169372737387159,0.2618517802197311,1.019421267690895,0.24057846797004595,0.21196857551771225,0.27720364942021675,0.2429456066276095,0.027303700464415426
0.40396085224810385,0.3132477242715624,1.1299710255556277,0.08746557207139993,0.03526938508020171,0.47070574550384,0.3493387804775612,0.05722051686699727
0.24338027676554314,0.24025641826194194,0.8048911998459428,0.06286242205593875,0.5118791863606226,0.13578167256916662,0.24320279413291188,0.0462739248813601
0.2986976547532931,0.2582383892016606,0.9630545463133405,0.04838974782267175,0.31442289975992505,0.23764098749402804,0.23446797221182286,0.16507839271155242
0.2386861846381046,0.2462764909939136,0.766155892008254,0.16708360806121783,0.2681452205366549,0.06341892659113961,0.08766838119380237,0.4136838636171854
0.23673985056224725,0.22665099010201445,0.8239092645401487,0.029696812943202387,0.06353353793049397,0.0974948611787253,0.7633376802241411,0.04593710772343719
0.31290670695298206,0.2659433353559189,0.9885816713591531,0.09343312752970787,0.309152242322122,0.2737787278051425,0.2196006473476621,0.10403525499536558
0.3528965869257243,0.2811141592533962,1.0774860566617472,0.06884596361983383,0.16502375979623693,0.3674290144037246,0.3785036050555253,0.02019765712467931
0.44820691748452085,0.3559165945875233,1.1188208797794563,0.08422435311662954,0.09412533956706709,0.5722172029208985,0.1706686460059972,0.0787644583894075
0.21495505944765564,0.21675462819254498,0.7610220866939214,0.006353677664365044,0.20052290922730134,0.02430689088728574,0.43278402699222857,0.3360324952288193
0.4421469092725764,0.35687834424233006,1.0988251755794352,0.1512244239679125,0.13740531478725557,0.5578012328720277,0.08339400184602148,0.07017502652678292
0.31424558457764473,0.2786236047464648,0.9483962595993852,0.42769630314749396,0.2530582562951333,0.2624534468677431,0.03316849505240348,0.023623498637226355
0.4046469127661216,0.3344141635675923,1.0605020701954804,0.007836683184928101,0.08038986506201057,0.44215300424135445,0.08155930584270549,0.3880611416690013
0.5151764483290469,0.417386688380376,1.1144975661157615,0.05154725231373187,0.08933891704547922,0.7253769063713472,0.049870367048050854,0.08386655722139072
0.32126321687984544,0.2733873420617294,0.9922303455388058,0.12746202557532718,0.041314155788447104,0.2395097634933556,0.16933992412627438,0.42237413101659566
0.20450800166929173,0.2161834798539693,0.7147077185253055,0.48041260490067483,0.22186774791785918,0.009239981722353019,0.27239067769960706,0.016088987759506006
0.2255143826762925,0.22455920766154114,0.7815951280912529,0.14819061390202531,0.17869934578717891,0.03408500483304612,0.26468562579902827,0.3743394096787215
0.2692349327937241,0.22693876577557173,0.9660532524907348,0.29045281896625585,0.06303991529283386,0.15300035760053354,0.4265460644182409,0.06696084372213576
0.2181860034321971,0.21993638559096165,0.7647029525391488,0.37385546952030735,0.0020754028919699853,0.0007964251397847571,0.31084605035039115,0.3124266520975467
0.2135513966285217,0.2423522555503445,0.6748499049745659,0.22400340101763933,0.38293700324689633,0.01806337196209303,0.03800309631474379,0.33699312745862753
0.3218594884996013,0.2944847909360917,0.9231698779262237,0.07740836693602438,0.4548908893850554,0.2999770544617923,0.03446486243214572,0.13325882678498233
0.29128539994828506,0.25707381911837074,0.9385841031022462,0.13274824449490327,0.34561060452763204,0.22212285390980965,0.17571346264566406,0.12380483442199071
0.3884817513060598,0.319055010943846,1.0608883725246772,0.27852681451489075,0.09967999766253995,0.4129802473313007,0.022713372699733406,0.18609956779153528
0.21392199791500283,0.21356772563146137,0.7675410572001472,0.19938016815939913,0.19087680427956843,0.015946057248297868,0.31300103469402846,0.2807959356187062
0.1876875317014891,0.2196086821846547,0.6269676149949145,0.01631765400840332,0.5753831552992031,0.02100322938151899,0.38723380338145263,6.215792942199799e-05
0.33173178022782873,0.2782918612736958,1.012360832035795,0.39866242742722924,0.003711254365733124,0.26423530474592194,0.08365329566837928,0.24973771779273626
0.359644307651495,0.31475239699109553,0.9837710867703257,0.10994491993608116,0.015739847675345156,0.31221712193528167,0.015819276016672507,0.5462788344366195
0.39825323697707704,0.32510307001282324,1.071208699946576,0.019140924479520597,0.23876427532217873,0.4697003035195801,0.1827903412030219,0.08960415547569871
0.36599842890334244,0.30502001000255297,1.035992454726815,0.21260403410469966,0.22911039198063368,0.38238731173539303,0.07048327279021908,0.10541498938905469
0.3995388529699473,0.31980512183141574,1.0929745307650376,0.1449524539778972,0.09547128294345629,0.44670348680451477,0.13332277408075338,0.17955000219337822
0.37819977978127284,0.30701201684126406,1.0690128131074543,0.08617044137246718,0.2078711836909023,0.4164691196787546,0.1831663925174473,0.10632286274042843
0.20853565770054303,0.2420558887233225,0.6549547649375895,0.5519685132300959,0.37431493050553666,0.022847606938294407,0.03674398020343421,0.014124969122638881
0.2382365081729309,0.24951198460446933,0.7544187044615378,0.10858353920666791,0.31097197316377,0.06681495515151085,0.086248071354624,0.4273814611234271
0.23960312486869756,0.2496530116305839,0.7594666037886888,0.5399972039980268,0.32570181189914693,0.0924134654711106,0.037066717636875746,0.004820800994839819
0.4332345441131446,0.35853954957081324,1.068876626224059,0.07676312833112593,0.23477389545484376,0.5442795694908975,0.04485841840360648,0.09932498831952633
0.3205943159087339,0.27008282958104673,1.001893812829496,0.06157142062523938,0.30809596542259665,0.29482491236535024,0.2466345196737538,0.08887318191305993
0.23765064140312636,0.2415164366835371,0.7769684083614071,0.06626953948041557,0.014529293458118354,0.03668839809924731,0.32575040245729103,0.5567623665049278
0.2606345549850968,0.2736609950877764,0.7696915481781978,0.10102259083632728,0.24082821869079862,0.09968027843354126,0.0032694221847389825,0.5551994898545938
0.24246462698379545,0.24379579929513268,0.7894501363036323,0.033838858448505774,0.3727328514602933,0.09465755022817995,0.16158323147410936,0.33718750838891154
0.26333776153936167,0.27321902211505106,0.7808305581648934,0.117315383805469,0.05899061037190384,0.08327434450127123,0.08546862753944431,0.6549510337819114
0.22371406962464913,0.21242592187138115,0.8177630493223368,0.3747682932608012,0.14347415937539032,0.052132194525685877,0.38963402681836773,0.039991326019754955
0.4957668970225567,0.40435774448079326,1.102407220108852,0.07655180466329682,0.14763283135552857,0.687800371955851,0.04577988478844921,0.04223510723687446
0.3278917245332929,0.26733525278846426,1.0394877653983843,0.22574774623106916,0.10722213685217939,0.2787229788575565,0.19911813226831013,0.18918900579088474
0.3662951803742129,0.28585089723371476,1.1065040671032302,0.026808986353441457,0.03432458689463086,0.38847940622053173,0.49000553654169243,0.06038148398970352
0.3467573755689519,0.27174868533508484,1.092028744142882,0.042470726170607896,0.019359730879373142,0.3305318093434825,0.4431197282531736,0.16451800535336286
0.41733354800692457,0.34708884970690546,1.0583271353058863,0.2105916157397549,0.23088595519593466,0.5066103105917953,0.012407650078824028,0.03950446839369108
0.3330170879861299,0.29187690281160067,0.9696453719354781,0.015394691176730715,0.43913433907906757,0.34114037577306283,0.1853826474343793,0.018947946536759568
0.38802686060601355,0.31379208308265427,1.0772319597272177,0.17076520616406465,0.18903904358245555,0.44003079752367724,0.15964324429015267,0.04052170843964985
0.28476172042066655,0.26507542721106164,0.885641203678007,0.3257169518337658,0.08821127925781393,0.14947461361099124,0.03390408265178292,0.4026930726456462
0.2346686072091354,0.22137308147836252,0.8341963077709849,0.0936855915806345,0.2605661375148027,0.07688424924340993,0.31888024832586687,0.24998377333528604
0.22133077013360988,0.2467013762250656,0.6944864789781506,0.19230168035494635,0.6080558979483337,0.0873453736751039,0.10187856375141513,0.010418484270200914
0.3456765352666833,0.29728383304414235,0.9945933898893843,0.20200138431750192,0.2906011833949614,0.3372010549587797,0.03685197203179072,0.13334440529696612
0.20880946915509435,0.2091397485592258,0.7593461800023227,0.04795172951258062,0.2673328355606708,0.042353877490297155,0.5777659405710001,0.06459561686545133
0.2669049958752719,0.27215017601390007,0.7970047973226131,0.09655254454960345,0.5334524474983041,0.17191976557833355,0.006807962081516428,0.19126728029224255
0.2444100721721976,0.26997838763667464,0.7200949449102805,0.013967371658223567,0.6677467666788337,0.1402556502361358,0.046872498932389164,0.13115771249441782
0.35844980049451586,0.2910289169606317,1.0598596308429404,0.011802482444158843,0.2374150818222339,0.3828773132433921,0.3061964673679078,0.06170865512230716
0.36845647977791673,0.28910643908486705,1.1015198443381402,0.13762253003653702,0.012470400900263008,0.36792956080138794,0.26726758148756163,0.21470992677425035
0.2184856977916356,0.259191549438281,0.650043175237685,0.8201251264127098,0.0632756919286217,0.003344346924226516,0.026216568619477763,0.08703826611496414
0.273479135237694,0.27173594021706804,0.822412872802819,0.012559297443432385,0.25927697416486634,0.1398723191566274,0.07384483813135466,0.5144465711037192
0.24976869268389076,0.2550187463712729,0.7833490499284882,0.04352456504748244,0.2214041405751622,0.08176013847287365,0.1364570484872859,0.5168541074171958
0.4116540487657314,0.3303072397446901,1.0949019738267642,0.009837395890913746,0.17926168495374958,0.49799335145781026,0.2291354735074325,0.08377209419009389
0.4347580431603935,0.3650245506973515,1.0540607266698712,0.12744056708788284,0.28663721736970704,0.5567221399360304,0.010541129649747197,0.0186589459566326
0.29717890760472443,0.2529008988855854,0.9773745712013081,0.27415675054596433,0.184794985335247,0.21464983644010435,0.17441059626747393,0.15198783141121022
0.19766815028653673,0.25830372051420086,0.5716841785808436,0.03971647068678871,0.7710110871517536,0.04417862631703436,0.06487881762060986,0.08021499822381334
0.29957364727354413,0.26958181482462185,0.9257807223974134,0.35605328196663716,0.18563610902143327,0.20536664509619643,0.01457537539202951,0.2383685885237036
0.2856331011603202,0.24066505184433812,0.9790914773646796,0.10657856821622459,0.06195248183312583,0.1742057134625872,0.35087684480481324,0.30638639168324916
0.21240504101620367,0.23584421195382044,0.6886115188953776,0.3887180598604125,0.4636834265572445,0.047896314224894584,0.09710694556518773,0.002595253792260613
0.37715258153036574,0.3062269291786882,1.0683338085510667,0.41318385263093965,0.032808966176832925,0.3862345252214128,0.07807203483793265,0.08970062113288191
0.5018722670609651,0.4114264704201858,1.0983062577365827,0.012570523140494467,0.12464867864559456,0.6904313165628113,0.008149545212622455,0.16419993643847722
0.2500473856624576,0.27443869571374824,0.7289328683849887,0.010371595084359956,0.1506827860882746,0.061610959401660365,0.0944873324681702,0.6828473269575348
0.37760997331570284,0.3092703947680562,1.0592994960329158,0.256136698303377,0.14306343035362126,0.3979794977079035,0.0685411517335376,0.13427922190156075
0.32759246409653353,0.2734145104282545,1.0152806581542986,0.18154207662429206,0.06230175663136461,0.2611489942229855,0.15536738989138393,0.33963978262997396
0.2575933801548544,0.2573686410077595,0.8065993562463407,0.7328534639537376,0.03045961864215902,0.10084064274242524,0.0952809173633051,0.04056535729837299
0.2585884589259126,0.2400939897056525,0.8687783446042749,0.36259764421795676,0.31118156980772593,0.14450295383004116,0.168326928636758,0.013390903507518025
0.28139214091187414,0.2611775600445663,0.8859572042574803,0.17473282275325092,0.33770208048799194,0.18380314649910875,0.0664392941475629,0.23732265611208544
0.28817913041302046,0.25888571084383205,0.92001651862778,0.12279812817360253,0.2154721824139479,0.1830089135615735,0.13137051002157804,0.34735026582929807
0.3854923615673795,0.3081929791176258,1.088578859024996,0.31693528642986524,0.0007692877620238568,0.399250728183187,0.10546073870772503,0.1775839589171988
0.3693573029983261,0.30713086546076185,1.0398085601693663,0.40870146344694874,0.13292163441627014,0.3804699830907079,0.04129644458441569,0.036610474461657584
0.3323682472814733,0.2807204276739506,1.00586996686054,0.15048036056384304,0.2867078431840897,0.31314885555366323,0.14495999474032695,0.10470294595807703
0.21005327357836984,0.23378201855263472,0.684626108411904,0.059005727958156645,0.5734141095838668,0.056463517149825025,0.19982863473078732,0.11128801057736416
0.38560797581292877,0.31454130639980976,1.0669758438223735,0.11150657819224837,0.05945326651883975,0.39800901908857933,0.10081594902360767,0.33021518717672493
0.3040657099502945,0.2642718790675977,0.9613800410648591,0.0013045842598712392,0.14555153491370543,0.21621624799294925,0.23399284302235493,0.40293478981111913
0.2993035955834133,0.317102018013289,0.7861936582597389,0.0010155017511205592,7.601632068264397e-05,0.14713634260011377,0.006844252852428281,0.8449278864756549
0.21185697974154258,0.2124147823763993,0.7619854792155273,0.11570254278344874,0.29484879138434145,0.029067664328955,0.34015395763973394,0.22022704386352082
0.23059788507974138,0.22774716085787888,0.7929753521381544,0.007903274875643095,0.07060412672868033,0.08591284421019875,0.7952659704436587,0.040313783741819105
0.24340658055238398,0.22556035517572992,0.8574493527539645,0.05180245586863717,0.2874822248759367,0.10336546173103513,0.33016277256174503,0.22718708496264592
0.2213439643007692,0.23535529909332975,0.7280225470208047,0.15938840770654783,0.28253042685344965,0.027739961383704385,0.1379206676167251,0.39242053643957303
0.31518499755659785,0.2808542836731824,0.9442084845149872,0.12427836031019358,0.21417282313447092,0.24179296913824957,0.05161262119913594,0.36814322621794987
0.3935807129453699,0.3174428331653227,1.0823388561632283,0.12868166397460465,0.049302482556516425,0.4190573470882662,0.11303490206290907,0.2899236043177036
0.36990896608666146,0.29456537710319936,1.0860372296048328,0.18431205054825806,0.11164823590403304,0.38528535515734297,0.20382000674367068,0.11493435164669541
0.18923263163423637,0.21138164923356842,0.6586788973360208,0.023956130955427517,0.4659980171632184,0.007452912419295345,0.4105040358741832,0.09208890358787546
0.21031172528705216,0.22970348037378524,0.6979072542835866,0.1693872980655984,0.42414423683950186,0.027327549935712295,0.13900619915707635,0.24013471600211123
0.27713993595318215,0.24122466911404503,0.9416115556812974,0.22145998732280084,0.1165469415468404,0.15317248281222093,0.22142334982921882,0.287397238488919
0.5036288148989494,0.4040787483864041,1.122624777250504,0.17521236001530663,0.05336405822391314,0.6987814867034093,0.0696171944558416,0.0030249006015293546
0.25438100060438773,0.22677349940658809,0.9012561041709188,0.40867263656856756,0.12405509609133133,0.11748296347609807,0.30001665629891366,0.04977264756508935
0.2735238512478973,0.2646033072028506,0.8447507841485108,0.714142150024575,0.04706417503259907,0.13914563465969848,0.05969716447320713,0.03995087580992019
0.3726220636407522,0.2979982322154687,1.0826307969755982,0.03592613930852433,0.09780525070128053,0.38544292846975725,0.2402378260547442,0.2405878554656937
0.2090196753914852,0.21286214397103384,0.7470547483216392,0.08964128775818397,0.14245068764306965,0.03678341306674138,0.6976255868747043,0.03349902465730073
0.22014371016823195,0.2130882104894379,0.7984660895946911,0.10887937505076675,0.038125038221982224,0.0373390412861884,0.6264339302665279,0.18922261517453468
0.31634836407597444,0.27001694041522645,0.9864135326709111,0.20920199193343614,0.09788476952909439,0.23624232336147818,0.11961994935286892,0.33705096582312244
0.3133561508490873,0.27868288749852005,0.9450029501739172,0.06576277979931237,0.18008204137629857,0.2332212287228038,0.09935597001514773,0.42157798008643754
0.24487401476556728,0.2431974532362431,0.8012995702560494,0.5112706205687355,0.08919368393389156,0.0649004492942789,0.08366178830886138,0.25097345789423253
0.32389791584186534,0.2879854657990651,0.9510824273089219,0.3059807375663145,0.013516108825408536,0.23052974976320748,0.0051495134614326235,0.4448238903836368
0.4403907876208681,0.36458970740198937,1.0707674399333247,0.13916371830773974,0.22333838610332604,0.560502606573372,0.016632074630836054,0.06036321438472625
0.22216126173315523,0.2173968441237493,0.7919216234581375,0.05496201773276708,0.028298950083710864,0.04466230612642081,0.6830318430789782,0.18904488297812294
0.2235110999988977,0.24204594112876268,0.7168519298020118,0.3616043121356639,0.46440514461830346,0.07001530829857877,0.059196227874846595,0.04477900707260738
0.2319981019354815,0.23323274728532867,0.7803282517305834,0.40657431521382487,0.26101999384441704,0.061792556096305476,0.10853302444207825,0.16208011040337425
0.2244145356425524,0.21535020802438973,0.8099111546843683,0.117359932689027,0.34310380519387795,0.07483887271277914,0.37371501454978184,0.09098237485453399
0.3460692620332202,0.3067426364460194,0.9652041381124482,0.204604070000225,0.3971458418691709,0.35515769858407265,0.008745444117365645,0.03434694542916577
0.27995910578226313,0.23382673466771092,0.9834594239578975,0.12339529452041773,0.10756252969604183,0.19502211728240923,0.551313670695161,0.022706387805970264
0.33868013791037516,0.26563737457802644,1.0867451854956514,0.08525345930721787,0.030303010212465984,0.31838865661655963,0.4736815238476584,0.0923733500160982
0.3020700378200519,0.2781766938745443,0.9061508148261107,0.020097127763308256,0.2815280858486255,0.21857958296718763,0.08014866781390938,0.3996465356069693
0.26657867844793337,0.25397194844548693,0.8527661411961813,0.5636783266801395,0.12357256621052022,0.1262933869626099,0.05346927874090457,0.13298644140582588
0.22399622875186811,0.22257160418703095,0.7817539411076712,0.38096352004012807,0.23666985404832763,0.045746534190410575,0.19160593899542433,0.1450141527257093
0.3115299620311539,0.2663815595530054,0.9817870368730006,0.21236223280078947,0.25029396932916625,0.25504668383929124,0.13359862500324415,0.1486984890275089
0.4311421269103554,0.3458777628205309,1.1019561471724983,0.21203931785749786,0.07630044075681637,0.5196124178503085,0.06832801242585176,0.1237198111095254
0.28644318707715516,0.26047018431512575,0.907755287611338,0.00438107240544021,0.08981736112532648,0.16164884455997,0.2420684554103654,0.5020842664988978
0.2855657645110235,0.24556127799479524,0.9592952375659831,0.11890479460736136,0.30719689130293054,0.21488260771462905,0.29756975222652415,0.061445954148554874
0.2407872013431813,0.24746994474840026,0.7709509998765803,0.35772815408421677,0.44336720451118916,0.11018318954904475,0.060716829339520585,0.02800462251602853
0.37850795918577823,0.30022717335545523,1.0941979552158654,0.1894248317362572,0.06158627166449208,0.39535151682301173,0.1829201329165443,0.17071724685969475
0.3433292294685734,0.29764035930175464,0.9855156409456874,0.08477106120810121,0.004846295711457896,0.2779193099712307,0.10225753265049194,0.5302058004587182
0.2116930584455832,0.2216422720420755,0.7295226535797654,0.17081244474581947,0.27440340154888376,0.01282007558511572,0.2213731716626509,0.3205909064575301
0.22350192673302963,0.22634240841654873,0.766546260361981,0.12280746315834647,0.11977387569433837,0.02090098419633849,0.3018415635975597,0.43467611335341705
0.2143116356725782,0.23403821848036965,0.7020718100636204,0.01652174458522621,0.5792413920235983,0.07182313712366252,0.2456795875765477,0.08673413869096544
0.27183550015818164,0.25657136639957906,0.8646151878565418,0.6625820269381146,0.020649501077697956,0.13285917390668578,0.10778813415233668,0.0761211639251649
0.2748092992500053,0.22999749494553393,0.9774423817235173,0.1294275672906113,0.017530378365738702,0.1573777511363015,0.49194125988151793,0.20372304332583047
0.2528997170099954,0.23738270432057273,0.8547367323610491,0.5493081870615633,0.12452111495115534,0.1097577411517027,0.20333697829687505,0.013075978538703596
0.357022239487278,0.2991752567803234,1.0262287155408591,0.4030641680022997,0.021523983663374973,0.32350716487616027,0.012102224495946052,0.23980245896221888
0.3970401809889153,0.32497289585815264,1.0679050019617478,0.05391506471563706,0.012716649219978508,0.4157836539033423,0.10757228161882817,0.41001235054221385
0.4214073915386926,0.3356030583350385,1.1066865522062972,0.14610134091598945,0.0207811706364231,0.48530635184672866,0.10861068784339026,0.23920044875746857
0.25702540081293007,0.24798252467486231,0.8348386689117211,0.23259728364506635,0.31024137874589847,0.12066488096800186,0.07481024460524197,0.2616862120357915
0.3381144665954934,0.26972540804244294,1.068176960733921,0.17010003856897163,0.14496726170731072,0.32731620351829854,0.34383521652220866,0.013781279683210287
0.22549277440389207,0.22643079908048286,0.7750393282033804,0.3022977509681765,0.38781876554141015,0.07448512898872976,0.1966455676305087,0.03875278687117477
0.21880030468183595,0.2504689617553786,0.6739370159832233,0.6727414673903644,0.16070909327185057,0.011025333779294015,0.0024646619702783437,0.15305944358821258
0.3848052046469133,0.3166240756808275,1.0574218145824554,0.09945031023689249,0.26574599540272764,0.44193036971287897,0.1572531624502269,0.03562016219727403
0.24410118099763747,0.2388742447835625,0.8125663826734745,0.2156138427785694,0.44127096372811914,0.12279881536723408,0.16207576532641235,0.05824061279966497
0.36625155371309087,0.3014557146523737,1.0490813022993415,0.06877505834030846,0.18989568083676203,0.3761372126245003,0.14191794163100963,0.22327410656741944
0.3530694006912636,0.3005112359937039,1.0085127089810821,0.07885419023585453,0.09975221581219117,0.3179944388924206,0.08134840827655744,0.42205074678297616
0.35357724980978117,0.3009763065604562,1.008641687709735,0.07861340003092078,0.35747098448467124,0.3763621274610889,0.1420845739899151,0.045468914033404105
0.24021032979749338,0.27272142066960375,0.6974528415497262,0.14864677959712433,0.7044703533337876,0.13918726541041324,0.00520371446121204,0.002491887197462848
0.36300732412697934,0.2827460181710779,1.107026461952124,0.08691584729051711,0.04903701368522553,0.377402593860427,0.41929843910851816,0.06734610605531215
0.4226027370214069,0.3363405430686337,1.1078139246072798,0.08174891638888497,0.05591957478975979,0.4959179727752462,0.14492028879385715,0.22149324725225192
0.26623856435326604,0.24893936883708195,0.8686394818281358,0.1559614409859066,0.2895761898315689,0.14160079736000902,0.12054430986331661,0.29231726195919877
0.2395169267269915,0.2276949464379611,0.8323282079456613,0.372630210689717,0.14479937705831697,0.06740604505690066,0.19160033234733484,0.22356403484773052
0.19038319867677095,0.23940408728637844,0.5863859730550158,0.24881284426568082,0.6177170302996189,0.009256229614787791,0.07013695257822644,0.05407694324168609
0.35916049622131974,0.29823748760800556,1.0366252032932597,0.18629590484555628,0.14994368672109942,0.34863746460651,0.07412377249316336,0.240999171333671
0.3232952595388244,0.2729863503947642,1.0011315919041865,0.18550717628889712,0.20813138979641735,0.27477457095720403,0.12786475708276873,0.2037221058747127
0.22409521590147174,0.24647990578508183,0.7063262027261326,0.059484860621815086,0.04899255299565107,0.001448742620392379,0.2731020267866005,0.6169718169755409
0.29402991780302007,0.24336512772252125,1.0027316571060123,0.03306347198825405,0.16187812447227964,0.2192411313352927,0.41951443658372645,0.1663028356204473
0.24506575042348355,0.24217541627931358,0.8054729642686111,0.6238628730351161,0.07497948180376432,0.07640799968169673,0.13893383567705336,0.08581580980236933
0.32587242054067983,0.27184309778315335,1.0148222367622541,0.0003164955781809711,0.2919106455177059,0.3090510859615585,0.3048538762941873,0.0938678966483673
0.2026593168919793,0.20610042189547512,0.7407035632823754,0.3420393253764939,0.20661051815671394,0.007484986014233995,0.3826958272831308,0.061169343169427313
0.19368620806684708,0.20638722359046954,0.6961972042996277,0.015392244326648595,0.2598757661341197,0.0017622897211778395,0.5893667178550126,0.1336029819630412
0.272616152374844,0.2574826835217107,0.8645868892230696,0.5586308327643685,0.008189591983200848,0.12006524116476855,0.05890566222296786,0.25420867186469415
0.4634886295199282,0.36938121959309433,1.1194089130341331,0.14071422466602662,0.09474022146518236,0.6118301410151401,0.147385529998659,0.005329882854991818
0.24038897950791582,0.2324811748867425,0.8189436396330471,0.19989848195149337,0.42940631700378756,0.11858542247947736,0.22852011816425258,0.0235896604009892
0.25805981755125373,0.2440186363851971,0.8526390468915647,0.25563892093132395,0.4069081804172173,0.1536971572127863,0.15711696796069738,0.026638773477975115
0.28432443480742076,0.273616354137426,0.8563977674000051,0.04720098028623643,0.035161151503174434,0.13751414356500982,0.15765702139318052,0.6224667032523987
0.28315437306571134,0.26281399587164167,0.8871459538995934,0.016786228086490506,0.20217260263329584,0.16501175907317928,0.16027768002533485,0.45575173018169973
0.4643494340976015,0.3636528949054024,1.1394091451008161,0.12584298524028523,0.02276740403604359,0.6101360116141447,0.23154757013212526,0.00970602897740131
0.383534052449484,0.3152365475623314,1.0580437294744027,0.12366256171256738,0.15807805275367187,0.40975073310422244,0.0809208254614573,0.227587826968081
0.41271522872050936,0.34334605427516235,1.0564129810264962,0.08251558010214463,0.07701326532340293,0.4569101400336786,0.005834115269933292,0.37772689927084047
0.251035776985714,0.24692834659295124,0.8141462078353897,0.15186544632703303,0.2765755833267998,0.09800339860009434,0.10532246116501197,0.36823311058106073
0.2386882341336964,0.24178631114167035,0.7803925426660648,0.3936115520584423,0.047439523001856033,0.038651923341236794,0.11927075570289819,0.40102624589556657
0.30558797786440867,0.25372317599616534,1.0073497498244761,0.0776042835110754,0.21051649940831693,0.24560135130642774,0.3007635799916414,0.1655142857825386
0.24782263210445454,0.24502628903539217,0.8073526840047788,0.07803313302780127,0.5170221990575754,0.14321161870350507,0.19761637981790325,0.06411666939321493
0.2420017078391949,0.2187063675371038,0.8778972007142023,0.3013087808990483,0.08103699170732298,0.07642498508566804,0.34093477728142546,0.20029446502653522
0.31380807576163494,0.2625981601288962,1.0046074794741322,0.2969058603530531,0.08107247863051581,0.23580041375240332,0.15155295670243885,0.23466829056158892
0.37647302117411857,0.3187813834331385,1.0241282525916175,0.08816606745743544,0.3223793373922209,0.4205368396427901,0.07720388195897526,0.09171387354857839
0.30146689112304204,0.2537598705149675,0.9909639795004931,0.21070583172438467,0.23156858613388875,0.23709195898727223,0.223496133612618,0.09713748954183646
0.23067811247730893,0.21173490993107977,0.8533222628999634,0.22379924013896282,0.13105157744081267,0.07600894377495447,0.5255548945921622,0.043585344053107926
0.2899214813576685,0.24469338017737607,0.9804984555926749,0.2962347788614639,0.18694448838221897,0.20782941679607903,0.25296391878461805,0.056027397175620185
0.20842133681909103,0.2152413006650643,0.7360173736619885,0.5091053523802332,0.04670593571346939,0.005939610047932045,0.41714453482058517,0.021104567037780218
0.2833592706840862,0.2617438288817335,0.8915559601962093,0.5322575919806875,0.13382867575369622,0.16681636635475913,0.03360928807475856,0.1334880778360988
0.20674186948085274,0.22246219579694407,0.7045775526908913,0.012628514595055535,0.5199507468343213,0.05312936945175516,0.3416267649369562,0.07266460418191184
0.2247226218710722,0.2135518568352382,0.8181742105191623,0.028458040076149507,0.2635966708985274,0.07443519534943364,0.5246529109289529,0.10885718274693662
0.25150693978322475,0.24963845522126743,0.8071951078395304,0.11155833607116876,0.22298228941384413,0.08925022080542386,0.12633294853567623,0.4498762051738871
0.3001987348632512,0.2549120573517261,0.9815100056959194,0.0979639444085827,0.042549984932507695,0.19744277250143527,0.2739697108211008,0.3880735873363735
0.19724483589520422,0.22470881351435495,0.6552695178811838,0.14965293809657623,0.5011753866929696,0.012885197725221379,0.18156116517489007,0.15472531231034278
0.22036215436428946,0.2132827059079242,0.7987621576680303,0.10598998009903106,0.3444714098948,0.07257377442829895,0.44038979604330086,0.03657503953456925
0.3784102664099719,0.30043403046348344,1.0931193976372422,0.02618153164609129,0.15123619119054807,0.41978947104904346,0.31754396273642027,0.08524884337789691
0.23934276305647856,0.25867270353586735,0.731978134794669,0.155850045172635,0.11346890331105283,0.035969508193965494,0.0965526119026832,0.5981589314196636
0.31307736104260314,0.2726774293276028,0.9647933152785233,0.10612778201432811,0.3693772392498058,0.27944277157562675,0.16443791263666754,0.08061429452357179
0.27883921692903385,0.2583185070652442,0.8858800692558794,0.21368362413185868,0.41613972105154534,0.20044404532286655,0.11227275221786069,0.057459857275868775
0.2823089606013145,0.2535873046233661,0.9160906574023701,0.3302451616876539,0.09048046598146753,0.1529972480539209,0.10509945278031313,0.32117767149664456
0.4042904578835858,0.31981959880747257,1.1077821972282076,0.1460131925527167,0.12087802848153814,0.4767326054329863,0.23456292158962094,0.021813251943137962
0.3483646811625439,0.29404243897450333,1.0146993821814114,0.038020776266547825,0.3006288702593471,0.35114226348655286,0.15310442066783123,0.157103669319721
0.30354674976904494,0.28431816736143106,0.891771187617185,0.1642818629854289,0.09504292401241644,0.18738617590252524,0.018873914301094506,0.5344151227985349
0.2517539774770335,0.24645394458177,0.8186275038908712,0.4000761953567499,0.2877239546880491,0.1096941249903367,0.05062317287319906,0.15188255209166515
0.25004873027679647,0.2351298702769167,0.850801006444632,0.2083244762861448,0.19310981315563067,0.09273632025881551,0.18267716549382548,0.3231522248055834
0.36307037778469503,0.2968718156384901,1.0545641630256017,0.006846094812333148,0.15394666041353317,0.3652553505229084,0.20303999693775765,0.2709118973134677
0.18120969341784435,0.24664647671455642,0.5319747322792415,0.11418872355765164,0.7558598840288256,0.008821687025122659,0.10607321369640026,0.015056491691999713
0.22246893021201639,0.22274059754781328,0.7743039756144784,0.024606838002903222,0.06825939442221302,0.02389447315802389,0.4686209807604394,0.41461831365642055
0.2684466273052925,0.23231584074465012,0.9403001818778172,0.08408737146926958,0.2095728496121417,0.15663102866855222,0.3470286258050085,0.20268012444502803
0.3093312075930552,0.27781098587610126,0.9334807505010342,4.3090507112302755e-05,0.24583074822941273,0.23445329209717322,0.12164708534328941,0.39802578382301246
0.23945982475892402,0.2158361698863008,0.8777946016125499,0.23705007147523385,0.07358417955021226,0.09285012040019312,0.5613183587421476,0.03519726983221321
0.42484077565146333,0.33081206851689376,1.1330928080464548,0.09058793214826877,0.04658688737926172,0.5221155646541629,0.31493948437916425,0.025770131439142356
0.3110918492929527,0.27764543395914876,0.9403786893587752,0.5024192807835721,0.16471974982140802,0.23845464421105617,0.00619139874267109,0.08821492644129263
0.2912791343427267,0.24081672113411,1.001920187296127,0.2283175503707115,0.14905418565430578,0.20913612122185213,0.3242175493823094,0.08927459337082115
0.2644925597273914,0.2614197515802893,0.8204910242274281,0.6557494432169332,0.06175585252729561,0.10971223065218291,0.015388732575409963,0.15739374102817819
0.2945805654849385,0.2646780417665237,0.9240682145468135,0.09950432897055841,0.3406714420067656,0.220460592608615,0.11951244286182344,0.21985119355223756
0.32690798494686735,0.2722323950426875,1.017174994560977,0.014451716395494921,0.052975821402664255,0.2627807762894567,0.27328578179652224,0.396505904115862
0.26944326315478356,0.23016603693015794,0.9534128756857898,0.07936354447176203,0.1972603283747965,0.1772318886878243,0.508875109448386,0.03726912901723114
0.5092195626550723,0.4137789738197485,1.109818506280889,0.08631542614853033,0.09906127343230552,0.7107624317350429,0.02416785168275924,0.0796930170013618
0.25724564236132136,0.25858435240655697,0.8014624258295461,0.18205174788540363,0.31974404548128366,0.11316152702564054,0.020899989148057657,0.36414269045961467
0.2732377901254125,0.2926938698945863,0.7627005997966804,0.1008835605076783,0.04950368490031855,0.09649899069285144,0.012457409094306668,0.740656354804845
0.23434765968440777,0.21610803943333773,0.8530347143391349,0.1425887843524349,0.2762763909703673,0.09013705500015025,0.38280272078276495,0.10819504889428261
0.3431106674589752,0.2781197490024558,1.0539009491785032,0.21304484055727105,0.1690171237685152,0.32999694301663585,0.20880885194555635,0.07913224071202157
0.32002287703783727,0.28974467406079674,0.9319338756203634,0.06649995773426852,0.3939303387217036,0.28401012382384233,0.04266001106441579,0.21289956865576976
0.21286371071972598,0.23866796200756804,0.682386145797657,0.15339468181795848,0.3720285305868336,0.01678996114591512,0.09088783986658727,0.3668989865827055
0.3817647423961815,0.30460250875792144,1.089172718074515,0.22606916489861148,0.07405631575042408,0.4036593245418212,0.14702271128705754,0.1491924835220857
0.22388008829449021,0.24550849841345704,0.7082446816226355,0.48863107827557245,0.38258608490781326,0.057784526854783594,0.019716696204536872,0.05128161375729384
0.2519569979235074,0.23062679780608603,0.8756874736357196,0.005694277597339247,0.0038602348842231653,0.09259275363962671,0.5206473271657556,0.3772054067130554
0.1935819603900635,0.22688178666140577,0.6328492141343306,0.39292823776213126,0.45690659081083185,0.0032645353094938605,0.13313952867059553,0.013761107446947493
0.38511041163690707,0.3027526405370566,1.1068785759967301,0.287449860311556,0.03221322050073987,0.41602863066346546,0.2109754544067417,0.05333283411749697
0.389624933178176,0.312930981090289,1.0853030019427354,0.03322449961241748,0.19121603646456292,0.4473320847725617,0.24527421728698948,0.08295316186346832
0.4902097286924477,0.3893127002099586,1.1307355975159301,0.08302932014057376,0.034906895234643825,0.6630967831353635,0.12959066942946143,0.08937633205995767
0.2735029508638539,0.2641075635267813,0.846257289565242,0.22344967429670426,0.39087432735160643,0.16969659260784015,0.011891725735971985,0.2040876800078771
0.20856729188569076,0.2111311039852163,0.7510370991892973,0.42904981925256125,0.15839897141152232,0.014111576939460848,0.34804274120637296,0.050396891190082664
0.3315753798084344,0.268666598527104,1.0480475851933195,0.09453255629642353,0.11927084766892374,0.2912554972560832,0.2661890330778387,0.2287520657007308
0.3501924555303912,0.29466821966072715,1.018747307992781,0.25867608623988986,0.07787325752868417,0.3117428491078734,0.039442021928543194,0.3122657851950094
0.26439761731986,0.23426491406788805,0.9151930333781411,0.26722297670502326,0.2817921253606921,0.16103752942191732,0.2695611982639008,0.020386170248466486
0.2356319754079838,0.2318415189245187,0.8006847792798517,0.44049362336179704,0.0131972962865915,0.037188103195770164,0.19856955996232142,0.31055141719352
0.39301124742175353,0.33012365564281926,1.0390386800783467,0.010120736264868098,0.3235112294485395,0.4637888950239768,0.11883198272695084,0.08374715653566477
0.2522606343519941,0.2313808490819422,0.8741459595922074,0.16853524132219402,0.04960014921453002,0.08470866765339007,0.30888659247775974,0.38826934933212615
0.24277048336294843,0.24650770257785198,0.7820059225210934,0.6350727826966458,0.07383885792328063,0.06417483198947242,0.08570602478657854,0.14120750260402268
0.2996010675202577,0.24957320974697225,1.0001116216492696,0.08228784005094972,0.10227998703931525,0.21149257782742398,0.3137047610686257,0.29023483401368544
0.2177008675252885,0.21431676506972827,0.7824906626913988,0.41228816759174847,0.008007817900969568,0.011972582590338891,0.38130461541516686,0.18642681650177612
0.25183520163409445,0.24016659466319024,0.8403966501550654,0.20602226760253717,0.012894845672713248,0.07036839351725205,0.24278448045960793,0.46793001274788965
0.25890968316608465,0.22850900421160905,0.914229545950957,0.38096621636967715,0.1062337217473609,0.12070171132287488,0.2740177099415087,0.11808064061857816
0.2829513547904907,0.24437996420101368,0.9532342618680376,0.09983546759558926,0.32317035385359405,0.21414107609966854,0.32906207326361425,0.03379102918753408
0.20029149524301068,0.2106688152999881,0.7134017202735898,0.1653491943545297,0.4112227981191529,0.026216476150982503,0.35224696858271204,0.04496456279262276
0.22978154534282028,0.2297189493508112,0.782615216771996,0.3589656433078375,0.20586102792756608,0.04668942242239082,0.1394278592241867,0.24905604711801899
0.3924100573614355,0.3139617594371558,1.0906107099644218,0.1897245299582753,0.10523695147009542,0.4336121155575409,0.13830820672614952,0.1331181962879388
0.21259896364868486,0.24032563622316272,0.6765776893551961,0.012382130195999501,0.49175784321083893,0.03755542020160927,0.1447781368883707,0.3135264695031815
0.2350315519279661,0.21768904713229406,0.8499809906169449,0.0688526718370191,0.21265927913660385,0.078128391398152,0.4045896242253821,0.23577003340284308
0.2601085049186513,0.23808962722842159,0.8824765167827938,0.2646234009540637,0.3072056783099782,0.1428709469519296,0.17649184728289277,0.10880812650113578
0.41116544474250144,0.33589477514898564,1.0752338871073748,0.10034698008642062,0.2160085322627097,0.49410059369912096,0.11147675739393319,0.07806713655781551
0.21882521346648307,0.21693352590545828,0.7782347738175736,0.1957822674814285,0.22759253303916477,0.030421038595057806,0.27473364728096883,0.27147051360338004
0.27039166394573133,0.24204455712046627,0.9105417059059989,0.11829191266858738,0.060051756990552554,0.12652600631674815,0.28053833026059527,0.4145919937635168
0.45353564020521075,0.35447672397022434,1.1383981314358664,0.14519548868585294,0.007212981058677207,0.5769466303076414,0.2027952193555751,0.06784968059225327
0.2610743513038347,0.2976469174271753,0.7091434143794816,0.05549054181734574,0.053965521965572735,0.0640086287591695,0.016260016396409605,0.8102752910615025
0.30949360098932716,0.26106018869414827,0.9939991321056751,0.10441213883330812,0.16152044336396276,0.23626114827778114,0.21038233062128137,0.28742393890366663
0.36021024511861927,0.29189151875565555,1.0627586798035693,0.4090834277053489,0.06917701964296238,0.3592455974937128,0.15372485582076306,0.008769099337212706
0.37295511442850954,0.307841022234521,1.0490970699235604,0.19037340868139732,0.19297127169936124,0.3928729522595263,0.07759445337905885,0.14618791398065642
0.22774885949707935,0.24618506152160707,0.7220131814597481,0.004201325677148741,0.13827358954157554,0.022018398727629382,0.252810392838517,0.5826962932151294
0.25258636857850975,0.2547562756552374,0.795216400685142,0.11263053028423124,0.3651221998906524,0.11113876720720532,0.06264810559140704,0.3484603970265039
0.21013684404759628,0.2509577660002679,0.6381027636635294,0.0431526168071693,0.46324065046724106,0.01666252402174598,0.059058374009556255,0.4178858346942874
0.2870302559188357,0.23801191575583677,0.9958755853299038,0.1833774500451599,0.0060266933604099324,0.17453007127942394,0.3735554236806331,0.26251036163437313
0.33031433621761797,0.30097855340859536,0.9313432237714142,0.03408968760033787,0.21760455602298828,0.27041705519238135,0.009197714347477924,0.4686909868368146
0.29172878524240164,0.25197271061398185,0.9593450999252306,0.28255443737948244,0.2267945826488057,0.2077841398627873,0.16308378440435228,0.11978305570457232
0.29618364776329603,0.26588346050298656,0.925908092581527,0.23989325685313326,0.3469925341713171,0.22954486250566117,0.08391767035526512,0.09965167611462329
0.27551703576167236,0.23030694466466092,0.9792020648358524,0.2910367780509113,0.002210743099815802,0.15361577495963064,0.3963331755540888,0.15680352833555342
0.2089480752466522,0.22705660911112277,0.7000372104071286,0.6080974316900398,0.13866619594872417,0.004168149558222724,0.20914112641213564,0.03992709639087743
0.2647771720651653,0.23256627438074154,0.9235095356670112,0.2548139343732761,0.16137953410912934,0.13490655522831774,0.24355240428777022,0.20534757200150655
0.23696137037273007,0.24468408575774836,0.764092890609293,0.2294323275278488,0.3835903833019365,0.08061316964524527,0.054983228909499846,0.25138089061546953
0.19492027821247268,0.2090454411813533,0.6932477330933512,0.18210623926841318,0.3797534077447364,0.0026379980787535674,0.3147047785192432,0.12079757638885366
0.32406467668557665,0.27128815482251833,1.0102345856746853,0.44445170986684857,0.04385803218033857,0.2593966046682925,0.11803060457612095,0.13426304870839934
0.3061879859853826,0.2646662895962655,0.9679660616249388,0.1297360302160207,0.3096001120492962,0.25188442676413836,0.1653749317382379,0.1434044992323068
0.24656248137688114,0.266503055833535,0.7375618293084766,0.10071396824907744,0.6506854753610323,0.14841716529736465,0.05293764562492306,0.0472457454676024
0.2074705423161528,0.208588889789822,0.7549325492590857,0.2018185521757098,0.1579975740153425,0.0016501919450832444,0.3784758094402814,0.26005787242358314
0.24353002620123623,0.2212204357785516,0.8748288806146538,0.17130694489187817,0.011259321699315202,0.0710228123635079,0.43281075026408966,0.313600170781209
0.31298185766157033,0.2699082836683173,0.9743378531677128,0.12501762114788859,0.06352833292642505,0.2216711550452183,0.1635235130270704,0.4262593778533978
0.20993068258783568,0.21814649678168138,0.7331343154590859,0.5450716445290954,0.07242235383796586,0.010316744524050818,0.36597641278826726,0.006212844320620634
0.37275208236133844,0.3116068947698214,1.0357668196005414,0.4209812765565186,0.15064583067621984,0.3919281996629299,0.030714476640673696,0.005730216463657972
0.2329331115519118,0.21542213487070916,0.8491843777414216,0.10206763430947882,0.0912687924939279,0.06136290998380842,0.48180356418870324,0.26349709902408164
0.33560050410968667,0.2656978733593145,1.0749070005669823,0.24410562381850084,0.04004960236141897,0.2986284610624687,0.2925123958564769,0.12470391690113482
0.25164467407179925,0.25692683924575166,0.784833046885091,0.5466249016184459,0.038596675668067126,0.06571756319011701,0.013797879589894861,0.3352629799334753
0.25193320498003163,0.25214967364385293,0.8008465847362183,0.554679011576269,0.2158008726894619,0.10206918103962284,0.023377815149056246,0.10407311954559002
0.23665436083292432,0.21412071415462758,0.8717249126029516,0.1511291812474834,0.07106235440480514,0.07501824408757353,0.521610927238765,0.1811792930213729
0.28435540057977093,0.24457175808902204,0.9582275664652481,0.4919383914734661,0.013691561558346456,0.17108249561440544,0.24561037677971254,0.07767717457406936
0.412729661655321,0.3549679113726418,1.021866061787571,0.023341622289654772,0.37232548502952173,0.5111203348627941,0.01496282845626977,0.07824972936175954
0.2545127637331227,0.22919762081517686,0.8922988074908517,0.2713922210270811,0.007417085842954988,0.08814455851937543,0.3061248135861488,0.32692132102443966
0.2334103265686841,0.22624000866087648,0.8106891776317419,0.1123581565637097,0.03132248762788976,0.03980783231982732,0.38857997019743584,0.42793155329113736
0.29415278299658915,0.25616006186778484,0.9531258745659066,0.1423547776335842,0.220969118864392,0.20479332124778282,0.1648586612266556,0.26702412102758544
0.23118345971965973,0.21488496264942183,0.8431649077988529,0.2757439076375694,0.18206287382545575,0.06448236297846893,0.3247820266053127,0.15292882895319304
0.27469579510758535,0.2356941959993176,0.95333614031054,0.057139597405458736,0.2649054150969313,0.19518863423927263,0.45317869720748566,0.02958765605085186
0.4205943044843207,0.34120510756933714,1.0861335198770767,0.21647208102923424,0.05786953711591163,0.4833792990583368,0.02165828819251003,0.22062079460400727
0.38393207164543575,0.30066516275585675,1.110644374574889,0.21340560628225683,0.0597460517375354,0.42005912726688377,0.2592221387575031,0.04756707595582094
0.240993434105974,0.24154849770176912,0.7907042930227058,0.0011993103581850358,0.055755441887215526,0.05233559115052613,0.34966143431777613,0.5410482222862971
0.3655984591749319,0.3148025644439925,1.0025282345852078,0.03517307485210827,0.30689289684218757,0.3827264695610456,0.04695693127517233,0.22825062746948616
0.32450632059717843,0.26394587071526404,1.0400099075363323,0.10610405714122186,0.21366315140665199,0.30111188105714515,0.3382082399919048,0.040912670403076216
0.3320713236448657,0.2818225698284251,1.0008826610891812,0.21354822517824337,0.14457061892391773,0.28011242920792906,0.0760032830450252,0.28576544364488476
0.23693597949169376,0.21512066234834754,0.8689819817911588,0.2860239349715815,0.08217712729922254,0.06834751355552351,0.3845868017675895,0.17886462240608297
0.27427581646680127,0.2605770009078248,0.8606892230912407,0.46740491701311626,0.2828777335331995,0.16673782115256347,0.021845625534434365,0.06113390276668628
0.2218801445221797,0.22853072353078982,0.7521095713812082,0.5332230848223884,0.05915510913250746,0.015048667391066023,0.18899988948173407,0.20357324917230407
0.3152204465968222,0.29259547756510906,0.9064406900745918,0.11583242836945384,0.12177428944683463,0.218074815599817,0.007591995514060314,0.5367264710698343
0.3212830652742998,0.2756273179530249,0.9842386715838323,0.07059655690442523,0.35586581443899046,0.30036262431879457,0.20045590711297176,0.07271909722481784
0.24378084407980447,0.21607007837418382,0.8968425685680572,0.16993657619490946,0.13768526859521418,0.09682120106679737,0.44097590714973167,0.15458104699334732
0.21552894448788318,0.20965200939619888,0.7895414165817403,0.2659385720881296,0.01653477285630396,0.02260869188909306,0.5631209792795557,0.13179698388691763
0.22893915346957053,0.21274676696226336,0.8410898836423231,0.2335168251158436,0.2425859034438072,0.07940712846049947,0.41547038595941144,0.02901975702043832
0.4084139471276217,0.32880773792356494,1.0900410963288798,0.16874496338175027,0.16756216636979326,0.4865045566591865,0.14798275371562805,0.029205559873642043
0.27366843490883297,0.26250587197914166,0.8520511683129334,0.44158894676972515,0.04973141953952714,0.11834149912800637,0.016410538711742667,0.37392759585099866
0.4395199414740518,0.3490678321532455,1.1158860989031132,0.018488760512156085,0.13266446815492774,0.5656794685484862,0.26630056511191713,0.016866737672512958
0.38998990753372886,0.3315831054479311,1.0253535296210015,0.04761451564762178,0.21002544358936986,0.4221728003929717,0.006277864694831493,0.3139093756752051
0.37746903851409896,0.3033740647488712,1.0794233145314294,0.10242900620339407,0.09805280389562293,0.3929821797097716,0.17092990059547494,0.23560610959573633
0.3247313255836525,0.2777626172424156,0.9890867544061283,0.12726754666756726,0.23541507733757885,0.278322161326566,0.11300888735038629,0.24598632731790157
0.26298188133496014,0.2486052671911297,0.8567070349769299,0.057253425230726344,0.03281037560049972,0.09929825549316114,0.2850197965160806,0.525618147159532
0.20861841438166348,0.20575300912896455,0.7709166201415919,0.1238987952000893,0.20843946845795017,0.022015842891101665,0.47543046058569954,0.17021543286515925
0.23201231583035992,0.2428669276307808,0.7494322821387386,0.20542329456060882,0.21441684551324722,0.0401666972607729,0.10209286179261985,0.4379003008727512
0.4135101755743041,0.34309078228667156,1.0595160066718756,0.013701222609963202,0.167639176964647,0.4781308081718747,0.05215873776834934,0.2883700544851658
0.22487016878654714,0.2402485285670187,0.7278719658745636,0.5659407396434257,0.28677622776681383,0.05488323159115642,0.08479262679788731,0.007607174200716745
0.2781664461557247,0.25845041075719416,0.8828248540493896,0.3429871902337164,0.3649450224948568,0.19293983097421336,0.08373264889254213,0.015395307404671233
0.33446050048153614,0.276163003096519,1.030045651633203,0.17039365048946656,0.157960645045622,0.2969387119911992,0.15975842552507713,0.21494856694863512
0.24145567062875542,0.21671514640019585,0.8834438838677423,0.2175076464027771,0.15811933976360187,0.08838628502945325,0.3689016201886721,0.16708510861549566
0.2797011426460196,0.23204329024501136,0.9899064196317906,0.24835004218114376,0.04260306732703506,0.16789240231499675,0.38353806985112576,0.15761641832569878
0.222093914825771,0.21123315547966098,0.8147107135477197,0.07227809878108779,0.2166472776068327,0.05379763522693802,0.46581538563480446,0.19146160275033694
0.2687834892869429,0.25182482158890873,0.8687923926899306,0.2379999927537795,0.044487945754355274,0.10949058802781825,0.14726104733027476,0.46076042613377205
0.2837012744557755,0.2784986645840795,0.8391468404517984,0.1986210511858551,0.034079385184994024,0.1293520768663969,0.037687316516914954,0.6002601702458391
0.2743426007323377,0.2394187895851947,0.9370300514885349,0.38175137296607303,0.10406026260902125,0.15077442245803963,0.20306584096648467,0.16034810100038147
0.24685698579342527,0.2426622934667275,0.8112384622311221,0.14679345910862443,0.38831334121583916,0.11069507065822114,0.12337672410140996,0.2308214049159055
0.22915553000925712,0.23288038946564732,0.7693027756451976,0.3339579362953338,0.3978134811664858,0.08038905191557591,0.13982513763856694,0.048014392984037646
0.4679208574196111,0.3741779827252603,1.1169039246397052,0.07290542616761292,0.06292876924289179,0.6067245697975705,0.09772990036861247,0.1597113344233122
0.2786524453736525,0.24816480281886377,0.9213733888787873,0.08676259101003433,0.38016374235290484,0.20378253088337564,0.254852247275379,0.07443888847830618
0.25975835419053717,0.23027917488523414,0.9108872059102866,0.10687789410966389,0.13505712353357557,0.11949466824346723,0.33150655016796565,0.3070637639453275
0.3529064620604621,0.2855288220631983,1.060861246411816,0.34315453156386144,0.10671979416367657,0.34631268143607,0.17319475299584838,0.030618239840543664
0.2020503792723564,0.22313755424390078,0.6814199420065236,0.53283019639829,0.26021256881833366,0.004018936716919474,0.19905040294577167,0.0038878951206851526
0.2429228100753256,0.22660579896141955,0.8513586631918956,0.2346493724604669,0.10222475038802463,0.06911965976143643,0.2645107471734488,0.32949547021662307
0.2524579304822792,0.25169041782206025,0.8043926830198703,0.6206623885178125,0.17227594560580922,0.10381256914342743,0.061081891848500706,0.04216720488445016
0.5584928546838898,0.4576484127155087,1.111099351720002,0.04136596948855758,0.09092000514133863,0.8296171200947354,0.00014755323085483457,0.03794935204451333
0.25715045775762946,0.24444670555784598,0.8474258521295935,0.07794264671228,0.4715005812202939,0.16228340498474278,0.22819311083562346,0.06008025624705998
0.3312621331142219,0.2942600879467257,0.9558283458582498,0.169904231305777,0.035644718812163294,0.2492065092466259,0.03373038624213929,0.5115141543932946
0.2644272029222332,0.24713649248052894,0.8676468649773657,0.2573144090817398,0.39615551058605036,0.16685695661520844,0.14785963360840432,0.03181349010859694
0.2628552950321055,0.2361219063649226,0.9014635630763588,0.14183190233344312,0.13811354021391448,0.12066694857261435,0.2578602059099486,0.3415274029700795
0.32988270735620173,0.2842985713347233,0.9844675125949808,0.36683003929413177,0.04100807690329465,0.25688607306525274,0.022106268462813657,0.3131695422745072
0.41857867571598434,0.3268088784471938,1.1278110847760818,0.12043126449902233,0.03558772535577334,0.49595734132973224,0.23834039830637663,0.10968327050909543
0.3568834719072488,0.3040912077502623,1.0091823245323148,0.00398115304976348,0.09831309347382866,0.3274414675045136,0.11573604676340013,0.4545282392084941
0.39436463484909084,0.32084709897161356,1.0732982656002072,0.04279714264293036,0.24505779938129735,0.46678780790057717,0.2175026177376215,0.027854632337573723
0.2997639513430956,0.25190718613047314,0.9914919664647142,0.14500150275732093,0.15688806083442636,0.21633656070575474,0.2374986868381616,0.24427518886433636
0.25533093508750615,0.24272691337136826,0.8459339437705993,0.1697986403252873,0.03790567749482084,0.0807540050020953,0.23336800352285916,0.4781736736549375
0.27626373423206496,0.2607555232203891,0.86772364948461,0.037653340394570856,0.35112037786943223,0.17157199963942116,0.1169377488970085,0.3227165331995672
0.30640130511634706,0.26322401601969037,0.9740802111961055,0.1235950263409329,0.0013028110746632778,0.20099667475781519,0.22740722069591696,0.44669826713067173
0.28524461016284036,0.2592083898092795,0.9075501388513264,0.06870709077510254,0.3113202490878266,0.19181235568217864,0.14059952249123697,0.2875607819636552
0.39580114326750304,0.3097703549796117,1.1163145139897677,0.18859693276652995,0.0028842794016174134,0.43120250478340716,0.20530320871504407,0.17201307433340154
0.31601013852934867,0.2742966902942905,0.9697898222685398,0.23448590525705482,0.08087223641700853,0.22858834129334632,0.08025807061441133,0.375795446418179
0.3578289938126161,0.2924775119375398,1.0524877340940821,0.08559733226552212,0.15173954266547626,0.3516951203275751,0.16872167600412522,0.24224632873730137
0.2681151543622793,0.2569744635666329,0.848781436625988,0.16563605328025666,0.4739670267245363,0.1809111848721995,0.10995192273264967,0.06953381239035783
0.3963748749215679,0.32973032578005734,1.0504792790961337,0.17507540070649213,0.241632541188062,0.4568143040247323,0.04299512157659897,0.08348263250411472
0.263134925587698,0.22408968337658894,0.9511144037341464,0.14081146168393108,0.13179671871571916,0.1466176552794675,0.4652324605970293,0.11554170372385286
0.22986266897962584,0.2165730385883938,0.8304942764434423,0.1742597428547169,0.24451066945705452,0.0660578741994376,0.3171194206468576,0.19805229284193335
0.21748939452231475,0.21144148852847636,0.7921311739146112,0.10761520241307039,0.3016844201003652,0.05072560928315606,0.3903015412385699,0.14967322696483842
0.3049048931884235,0.2662976318214671,0.9572180249778505,0.13344726293774017,0.2954339533325473,0.24167763811383922,0.13070706538090818,0.19873408023496533
0.22636319865028487,0.25725703641893205,0.6855524774182852,0.172764733292752,0.24112657267188106,0.019492200047541226,0.02864039409819426,0.5379760998896314
0.5212516466488747,0.42555981929577746,1.107368753536715,0.02836688773705518,0.08557435402019029,0.7325297765009772,0.0005286481655586161,0.1530003335762186
0.3407536762556318,0.2811649280875595,1.0341036424183254,0.18660609268092032,0.1925237938803944,0.3193773998343564,0.14999544751250662,0.15149726609182226
0.2721142050511382,0.22846395044001258,0.9722067950911073,0.22612820758991853,0.12082437463272577,0.16411169377408805,0.39911424956124103,0.0898214744420266
0.407122135103363,0.3326720619129237,1.0734960220279606,0.22390898123793848,0.0016368600100834633,0.43757860894356254,0.013915151717714359,0.3229603980907011
0.23096349238978484,0.21550018016490896,0.8397370816641762,0.3545084548669829,0.17354036744557078,0.06830306852644272,0.33532097918474196,0.06832712997626163
0.21320601778495837,0.20644688103921602,0.7905472679626303,0.262630276297803,0.1873877081299399,0.037054116387822175,0.4683916973065932,0.04453620187784172
0.2426151759500546,0.2710259758356806,0.7106889860137783,0.8924282323065027,0.0014344951221848578,0.0597903609831657,0.043591792212436566,0.0027551193757104227
0.33910266667224037,0.28828125698674795,1.002849334341324,0.2659374287286062,0.2385301560380544,0.3171347444406628,0.05985037515761626,0.11854729563506025
0.3297977112466384,0.2670930188353467,1.0475665461669132,0.27057149805672936,0.14566966337748805,0.30046253343810025,0.2526818772306436,0.030614427897038676
0.30617354638105243,0.27343413721731613,0.9368747771879502,0.3498598993039163,0.2937728051857578,0.2456887681181477,0.03881917779468952,0.07185934959748883
0.23770128996083958,0.21708388623146752,0.8646486536577915,0.13356836872276392,0.08781401496867919,0.06912814541332842,0.4376154466757218,0.2718740242195067
0.4144740898554957,0.33713332040948174,1.0810977966010773,0.15468679667956264,0.04753325496180315,0.4643359071752403,0.039378574902140945,0.29406546628125285
0.3977746331814981,0.3216592363476505,1.0811896376127126,0.31091450911391444,0.11870508625757331,0.4517285816637425,0.09623750403755686,0.022414318927212937
0.19953743689591683,0.2040187993830824,0.7329591064553471,0.10931203882947972,0.18818878553648394,0.003431716348449953,0.549010587019335,0.1500568722662512
0.24448512652440035,0.21699559694065448,0.8962630084037583,0.26230217734456984,0.06913283304427223,0.10157863508395382,0.5239061934144527,0.0430801611127514
0.2244962452380086,0.22595067959169893,0.77227581502888,0.3146121596132654,0.34651122178498633,0.06150654981825104,0.17120012077538538,0.1061699480081119
0.25654242184920356,0.2260802525875635,0.9135801092101457,0.30301193432600787,0.199713463841481,0.13248713067758977,0.30982645848465845,0.05496101267026271
0.3168332796490834,0.26595969572707656,1.0032846477719817,0.18505230005095238,0.2648873181839707,0.2785705651013144,0.2022352751824348,0.06925454148132769
0.2692895298881967,0.2620373546796327,0.8368636225789277,0.41683602316472435,0.04966324592287595,0.10588877525003558,0.01827159351548508,0.409340362146879
0.2104773184297609,0.2157173520105312,0.7439240141512884,0.21671911357893683,0.24921739052151248,0.01211282277999221,0.256616664947466,0.26533400817209224
0.3133317885011552,0.27275475075233635,0.965452619156257,0.3859022027903002,0.11957021993724118,0.2330334489359913,0.040535959158647876,0.22095816917781944
0.25661983327280646,0.23600912884972028,0.8754739034030012,0.22769720074545505,0.3498340824315986,0.14457429767404334,0.2129952218899054,0.06489919725899743
0.2501871283442923,0.23675222218811348,0.8455554355271561,0.45558379086958983,0.13641307023145885,0.09120897022832208,0.13819677539438716,0.17859739327624208
0.22535894239508059,0.2126642653690783,0.824581140093027,0.3501288838381019,0.027035076649429054,0.04811334357872181,0.5110098101199272,0.06371288581381998
0.19709586456042544,0.23006896589216058,0.6393555253748269,0.004445137186905904,0.031117906505989206,0.005199312552876271,0.8955533231218492,0.06368432063237944
0.22966544518291573,0.25897265140245496,0.6937622340040365,0.28255438051067494,0.6037251940939733,0.10065633872348007,0.003710189444658759,0.009353897227212762
0.29416762871117974,0.27046502761954816,0.902769688414726,0.12150594957232262,0.09638656062341007,0.1723410972587428,0.10685394842036812,0.5029124441251562
0.40867307308127854,0.3405543617852287,1.0532035801892812,0.16503495231473386,0.25521751134150295,0.48918780881181945,0.03426097140069426,0.05629875613124925
0.3710927100690006,0.2987531796538114,1.0747758749917766,0.05912249459548281,0.07832745532113647,0.3742558935928882,0.20175138065916495,0.28654277583132765
0.2773099740757869,0.2708873187526055,0.8391311011623371,0.7379631590581957,0.03109457185736637,0.14199192284533615,0.01899323983739275,0.06995710640170903
0.23250873318225984,0.2602903349191687,0.7011736845278432,0.1583462203495613,0.6189075610280652,0.10481727843373088,0.014172902211561311,0.10375603797708119
0.41044909450096784,0.33913673700574204,1.0628429632348115,0.07586911644446684,0.1258783461802611,0.4636172632969386,0.033620931257105156,0.30101434282122846
0.19920177222271285,0.20936558312580508,0.7126375309406009,0.15165258734058246,0.0883784530246102,0.003114834948306099,0.6830676602500932,0.07378646443640804
0.28929177507632176,0.25189134998873325,0.9499801207426335,0.4360961528886215,0.11396456768721622,0.18638922541625488,0.14224740738634656,0.12130264662156089
0.4341599370685978,0.3429891826822653,1.1200351394885588,0.0055224971862948575,0.11156144168084797,0.5505709303969052,0.2930645230128107,0.03928060772314122
0.2844478853505713,0.2698897909706868,0.8686800805149206,0.13737201896323575,0.34215772226351754,0.18493315799656762,0.024723415549061163,0.3108136852276181
0.26496894342729993,0.2411021684008553,0.8916093324797213,0.057019849483185926,0.09616705855175095,0.11866043966194285,0.30195457678136883,0.4261980755217514
0.4091552741465434,0.33399721976228663,1.0753241431235934,0.475958321311028,0.0014320071585171572,0.4571848250175263,0.010027628669373657,0.055397217843554884
0.2887200593699046,0.26576920719173003,0.8982231684865141,0.12734240938099048,0.11505876381371281,0.1633416318621818,0.11489659295801886,0.4793606019850961
0.47249631063177655,0.3839937306190634,1.1002687724891769,0.06629192031096955,0.0771526844305287,0.6107361971605317,0.019236143448106358,0.22658305464986353
0.31502857026556347,0.27869104193565775,0.9509762797713155,0.22279998590843467,0.13705995073661284,0.2305948231254158,0.03690790486534453,0.372637335364192
0.22303306157670957,0.2271364419415553,0.7618022898378978,0.05720429647838295,0.19422204433762072,0.029669115805901623,0.2987848294431628,0.420119713934932
0.2426225446383564,0.21956069851022408,0.8773088532936448,0.3412083089576736,0.16187921678508146,0.09378224935450914,0.3247595693246135,0.07837065557812245
0.248789591546348,0.21948089664002876,0.905726168379854,0.19219703717892753,0.2115304723445764,0.1231028742829536,0.42538822628796963,0.047781389905572874
0.3371985920392857,0.27153908684332784,1.0576694330749998,0.11090152870026135,0.17553106074303995,0.32108169820102106,0.2950876217698529,0.09739809058582473
0.25152771260255363,0.2294599213860714,0.8782697709700632,0.1431241589655727,0.06962200341617644,0.08770271237223216,0.32879761869464347,0.3707535065513752
0.31087650301529945,0.2487979238317314,1.048547749103152,0.29260086550469216,0.019301171312361684,0.24593681504600715,0.3840696313585811,0.058091516778357916
0.23547886605451196,0.21554031503303037,0.8605298086628869,0.08395765092986443,0.17339470252771647,0.09481610754257963,0.5779833615300143,0.06984817746982538
0.24581059329048327,0.22203748108218815,0.8818808083037256,0.20054403927847333,0.25205955795371193,0.10918676418865633,0.3116243229123968,0.1265853156667615
0.2638295612487228,0.24736987009257166,0.8644123116881726,0.1058668538177337,0.02277096296551991,0.09977420705949307,0.2642547010559395,0.5073332751013139
0.23600634540515436,0.25135933439467656,0.7400017423386912,0.054773920305285835,0.08291365107257022,0.031586375196301766,0.22170709426807578,0.6090189591577663
0.29347252856937694,0.2688963561702101,0.9054512007416716,0.2444264594839913,0.2290636749410935,0.19240404209737655,0.022100549113157265,0.3120052743643813
0.3396698445628164,0.27662310876177854,1.0471643018525738,0.12543346415593604,0.14745033474654884,0.3118407589995279,0.2085905387082901,0.20668490338969714
0.23425330374743034,0.25336932451563454,0.7272123572956863,0.29706783728465047,0.5214570859878873,0.09871500474075076,0.013071673429473823,0.06968839855723766
0.23605467866046917,0.25643604895754113,0.7255402640027213,0.5132354191589276,0.009314336497549057,0.019402451829664172,0.023029731442696807,0.4350180610711624
0.21774695004060085,0.20711870499361595,0.8099072946877075,0.23399446524131903,0.15486323449247494,0.03755482869333096,0.44332684044584075,0.13026063112703432
0.29992400357052595,0.26680240936816363,0.9367381807472849,0.0842562025542707,0.2887017331999925,0.2237357797067271,0.12298814716989145,0.2803181373691183
0.23375201017748679,0.2547505205281426,0.7213018045911606,0.08198569883419551,0.41044425567420223,0.06749896165616497,0.0448222852331591,0.3952487986022782
0.22451166545242837,0.21606450312410577,0.8076831822402137,0.2523186339229489,0.04134966079714551,0.025337060497930983,0.3736961609298301,0.3072984838521444
0.2108764939489182,0.21914389088718547,0.7341135237565752,0.17021777243219138,0.46098887817319373,0.0569287376282949,0.3037452215739532,0.008119390192366691
0.33017277759333785,0.2665996500135118,1.050912023249611,0.21103882662924658,0.03303723543724129,0.27377028414550253,0.23257265860161547,0.24958099518639415
0.3785596413370665,0.3130510049892615,1.0495402860896006,0.012801158104262878,0.1238467229548747,0.38978663982914563,0.1270194645534887,0.34654601455822825
0.2667880364548056,0.22935147920952798,0.9452218804168042,0.09287094735674738,0.11081648130386913,0.16710539032110377,0.6059990807725028,0.02320810024577692
0.3362262883115838,0.26782996734210474,1.0686865668992935,0.003642728017415758,0.10191921936624451,0.324117631294416,0.49826971233348494,0.07205070898843877
0.27363749497381795,0.24881469422555058,0.898811445481152,0.11364441353626388,0.18642373009125424,0.14602094163227067,0.1809918163112005,0.3729190984290109
0.2672754594610704,0.23365041874217418,0.9299168417105512,0.31846423873910856,0.15948933269427046,0.14386906621467732,0.23695016806603145,0.14122719428591216
0.25022484928272465,0.2476988909121739,0.8083397085282792,0.19009682743195844,0.005105931394394424,0.05939359670762018,0.2082194721298711,0.5371841723361559
0.2624826374879349,0.28156837908936555,0.7546395592258466,0.06839489696445127,0.15479531896894771,0.08855820201563193,0.023175097766885373,0.6650764842840836
0.28952098840905083,0.2785676275455434,0.8598306648890537,0.21482119333398828,0.009104434155437905,0.14169452980341876,0.04756540452416839,0.5868144381829866
0.30212466187538944,0.24446727198559165,1.0313227608243982,0.10323075034914345,0.0781964372579661,0.24053521325774796,0.5167380646605043,0.06129953447463821
0.3907817984827625,0.3243055210846991,1.0508048008031299,0.19454506284606768,0.009976300835647841,0.3955234507179405,0.01331015547202087,0.3866450301283232
0.34830901478996606,0.2729655280127671,1.0928450085316768,0.06374868522932599,0.05613993873942636,0.34223504754726564,0.4386699424648113,0.09920638601917077
0.3062099261959348,0.26106955380815955,0.9813856976375126,0.04302391597372376,0.2232784658689097,0.23836679672991914,0.22862701956508105,0.2667038018623663
0.35368810503107545,0.3119379620044536,0.9735528919905543,0.005440420460024392,0.3575041591849572,0.3586696813337072,0.035314963381247615,0.24307077564006366
0.20696356201805602,0.2118261554228128,0.7410017979354389,0.24776728798951195,0.33828921895963854,0.02632477157484612,0.29043382179550453,0.097184899680499
0.3197717160718617,0.28530035923733077,0.9455708951542142,0.15945136666389373,0.33462288288842357,0.27572138334747276,0.02853941350592911,0.2016649535942809
0.314184052423629,0.26333680045250524,1.0032173701877896,0.420780891038686,0.02063226079744778,0.23191917795389475,0.14671256320593523,0.1799551070040362
0.4870431476015752,0.3902128863469643,1.1200120828735805,0.09339486863095932,0.09573341110752853,0.6667553138042781,0.1257636986922356,0.018352707764998387
0.3360883384154185,0.2773865468590187,1.0313706329846721,0.15968565661659448,0.023196945831316745,0.2770907629777923,0.17860376492117178,0.36142286965312465
0.258667454445868,0.2251019023568502,0.926991074980215,0.3688835962039953,0.028550922679716272,0.1151924521224365,0.3576808535245024,0.12969217546934936
0.20278470990825004,0.2155163894744522,0.7089238562358223,0.5011062921705756,0.18582939342955923,0.002181277968908344,0.29604611441266737,0.01483692201828943
0.38188495134702705,0.3163297632228764,1.0491739631632162,0.0329948329765376,0.2889403920256307,0.4362605095417464,0.16747205420638156,0.07433221124970366
0.28244136151816274,0.2572347134898859,0.9036158392646411,0.17556573948453497,0.17033049273719703,0.16044455017644832,0.11287927730363337,0.3807799402981862
0.2271567451761847,0.21809589361525822,0.812288311529175,0.38077131670633074,0.06055706914710183,0.03411260249853361,0.3010537201669943,0.22350529148103954
0.23093081341911204,0.23423440632458098,0.7724348282480517,0.5634803189387683,0.038168684795988464,0.032859835420274285,0.16445702736264206,0.20103413348232693
0.23122249436670717,0.22892680904219964,0.7916176140528006,0.1872908269556598,0.26156208075292237,0.05694188446572638,0.1869827780315532,0.30722242979413833
0.2799389024173714,0.25468714663886965,0.902828844925615,0.18451298874623848,0.3703122898009098,0.19529545869768317,0.13210467196219644,0.11777459079297212
0.32407904295603907,0.25540474331187285,1.0731164950267316,0.1336382671055346,0.005899580185453722,0.27886277914014523,0.47100240786902553,0.11059696569984105
0.20209199036685888,0.26944488939998296,0.5644641867416637,0.008932275414873868,0.8198868388071469,0.05802075314532655,0.025660880789267516,0.08749925184338535
0.3201810119750456,0.26679010000925923,1.0127100367130142,0.418325584177434,0.10852196941498563,0.26660048857119695,0.16748162055071097,0.039070337285672344
0.3297320090350209,0.2964759555311455,0.943523425142092,0.13617373864050503,0.4383422037160835,0.32158120681063973,0.04333498819240191,0.060567862640369764
0.23595219100314668,0.22936218578060308,0.8107360433904292,0.24233506957789847,0.39743384329998427,0.1017865982748898,0.21415163307305596,0.04429285577417146
0.3740151671706387,0.3076659216910607,1.053139604769081,0.0918469926447356,0.005041772432377104,0.35999378206619714,0.12617933589174032,0.4169381169649498
0.2366822746602636,0.25735891733354344,0.725377137091072,0.17331251229495995,0.24817969494661066,0.04731178782249518,0.028789870943371744,0.5024061339925625
0.2051911637328132,0.23149966167751995,0.6703731772575772,0.25952698229512305,0.36891829692365874,0.0027155788357380055,0.0899012839522583,0.2789378579932219
0.3291236809858792,0.30355642343507333,0.9195116935009614,0.045963914598805396,0.47429511592369916,0.31730533767628616,0.010061908057526874,0.15237372374368233
0.41713970832445463,0.3309918760538637,1.1092106329060125,0.1631037295974924,0.057724829411043496,0.4858412376222874,0.13508217902393138,0.15824802434524532
0.24646063336626567,0.23417970690462594,0.8389310754679437,0.32171568300111936,0.0886204294309628,0.07008250033536848,0.18117692685419534,0.3384044603783538
0.3310158415834264,0.28976599205069214,0.9698027004296109,0.007397844049760599,0.17349796239932083,0.275318016910642,0.11190875529306277,0.4318774213472139
0.22358127407076225,0.24268970562528905,0.7152395427054922,0.350339308654076,0.28289056977080307,0.030455820458719755,0.02527497334539034,0.3110393277710109
0.4006801953172021,0.3199756641064128,1.095958957680538,0.22557321941503472,0.0858586308541059,0.45124688890318765,0.12301950273428489,0.11430175809338688
0.2278217157739451,0.24234989572636514,0.733739600922799,0.5863663182272636,0.049180163553240244,0.018461639844658345,0.08698225149900715,0.2590096268758308
0.30378175913763883,0.24856081172194047,1.021004708584308,0.033625192438275664,0.16330018281630856,0.25269263591385627,0.483515992056834,0.06686599677472549
0.3357005716336055,0.2772507269711842,1.0304772678316532,0.44949214401026116,0.07079003786938773,0.29858755565519535,0.14892657912918453,0.03220368333597123
0.24420701480744308,0.23766893266200398,0.8171325239366922,0.39200786297982293,0.07685568115012358,0.0608161171768186,0.1388394986619481,0.33148084003128686
0.21281964806873405,0.21361450763480253,0.7622125007871289,0.1589340646784863,0.12098912259150545,0.005964305333331029,0.38037978897532876,0.3337327184213484
0.2777725295973187,0.23746385574592527,0.9591882052190047,0.07218051199949237,0.014941417406680462,0.1519511695321236,0.4205474695616632,0.34037943150004024
0.3627560729767187,0.30691065801957484,1.019045982289644,0.1888946275932277,0.0009224265349678372,0.32511876376294724,0.04001064383685326,0.44505353827200383
0.26801224355189107,0.2604227674004641,0.8371474035395822,0.0797223051660381,0.1746179609256865,0.11960334191688655,0.1203812429777888,0.5056751490136002
0.2353766944203178,0.2552252616763662,0.7263258080439599,0.17397098926055304,0.6146262079715491,0.1205385251840232,0.07889592115076838,0.011968356433106241
0.2703909867796907,0.2581529026440858,0.8537226756793153,0.6305975374462549,0.08914377597476296,0.13401505206710526,0.05804148257948292,0.08820215193239402
0.2513997081386196,0.25431335489468543,0.7919352415527763,0.5579198424072075,0.03554211913663604,0.06752811532808115,0.03220711460143148,0.306802808526644
0.29634647659144003,0.24580325264853853,1.0022099949331356,0.03666471457808971,0.048744293910210054,0.20293313008263328,0.4132399828719174,0.2984178785571495
0.36113807420207644,0.3180587217044399,0.9782409755491801,0.0058030100316359134,0.3996852012102605,0.38662196189469317,0.04146259552635499,0.1664272313370556
0.25904161584107555,0.22944293272940375,0.9110832630770601,0.3250626446296958,0.10199077648855219,0.1143752756080955,0.25415036897115084,0.20442093430250577
0.26063216267332895,0.2403284466953178,0.8764345859579535,0.08776097866730606,0.42009207970049717,0.16743921751957064,0.27121219527341445,0.053495528839211645
0.277052701909951,0.2371410676781645,0.9574583775514375,0.15639780445280418,0.07849295793773405,0.15330215768399896,0.3113313856620276,0.30047569426343523
0.41354577215663685,0.33487728788810994,1.0856089239414342,0.07807789824003036,0.2115911283635376,0.5062049138260177,0.17544253338112475,0.02868352618928947
0.4042564537840356,0.31838009716527466,1.1126840431867107,0.251922957737614,0.024522356262519605,0.4550643166963567,0.1608723437617034,0.10761802554180624
0.4891972425025016,0.401768868348642,1.09315897049888,0.01658984598584412,0.13546964033072112,0.6600149319660511,0.005993743775821874,0.18193183794156184
0.25669516105650003,0.23852486562906317,0.8665560318475877,0.5123530832965515,0.09616668691853636,0.10701506487628358,0.16544189947699786,0.11902326543163087
0.3042500852469692,0.25082178773103053,1.013668260428855,0.048683101713844,0.0049382381075576435,0.24813344720204622,0.6685952777572752,0.029649935219276776
0.3650826418851829,0.3110959492533925,1.0128149937064697,0.04931201513451708,0.09623921947293786,0.3442745635907525,0.06528993022569503,0.44488427157609756
0.2526662421177252,0.2504537405125742,0.8091963078808568,0.0107826611020346,0.5397423510730022,0.15693156775255276,0.205105441835275,0.08743797823713553
0.22918615450345955,0.24276602353958565,0.7381022759729031,0.36432011183909957,0.043578013573051355,0.011994288548225316,0.12039650777239191,0.459711078267232
0.29013060489875,0.2670070340890644,0.8993418683443772,0.28355332606243344,0.14681020461957958,0.17118758505610057,0.02805670357938957,0.3703921806824968
0.23793761693594426,0.21668920965307703,0.8673141465458083,0.17790075387413593,0.12293019770617816,0.07221966020884617,0.38393478159082917,0.24301460662001068
0.31406327964455044,0.25755664816005913,1.0252629141238387,0.2707389522970943,0.12172327854285846,0.2519812083602167,0.22430892742103695,0.13124763337879336
0.341094975795568,0.27829343510949067,1.046000153331108,0.14050298709549408,0.20047217234304987,0.32726991597849686,0.21438723908298746,0.11736768549997174
0.2247133106096718,0.24134607596450916,0.7239119588394056,0.29321798311455916,0.15533310946094372,0.014357070848718461,0.09411711901702433,0.44297471755875417
0.37132367444753733,0.31415153714666993,1.0228301836941798,0.1779027733415974,0.04935255139997763,0.3518433479122494,0.010073533194853249,0.41082779415132226
0.3349198680586406,0.2752104692409282,1.0352799035752251,0.13561818011076446,0.004393979215759637,0.27358267984224977,0.21387470996211103,0.37253045086911524
0.24161860684320743,0.2395566422786021,0.7998885149690685,0.340736996277184,0.3951502613459731,0.1096730356830377,0.1201448388910123,0.03429486780279285
0.20582495818307617,0.21244546451273105,0.7334821599532815,0.015042376750604724,0.31651168995719314,0.02056720313109755,0.4087105559091617,0.23916817425194298
0.23836676139440294,0.24452485949268696,0.7703378780595371,0.0654219112229836,0.22917877177926635,0.059729930837875526,0.17068626767425102,0.4749831184856236
0.37105698620132443,0.308299705613278,1.0413794770341065,0.17140332925293206,0.04452496725733125,0.3558719487951537,0.057177897725939425,0.37102185696864365
0.3827952139909535,0.3030197781912995,1.0982623509837581,0.14731181310097277,0.1364739904989097,0.43035420373924765,0.27830696556663886,0.007553027094231066
0.1993118363341449,0.22866703876250216,0.6529661517557979,0.07793946534604276,0.4543180363368783,0.004104444849942791,0.1748666750310951,0.28877137843604106
0.29027328290078486,0.2527318076320278,0.9507045636717707,0.14742447894344302,0.21668216325027684,0.19609035245104964,0.17854337792926506,0.2612596274259655
0.2645620962030509,0.23955321065676694,0.895676144831457,0.18721476213393431,0.09289866266241023,0.11520422478811987,0.22758694626545498,0.3770954041500806
0.4573324838048377,0.3627824242237608,1.1228010416337009,0.07112666563310122,0.09371499628672098,0.5976292939782849,0.1933907414317652,0.044138302670127715
0.26784460304743757,0.25770660642990156,0.8453202114812419,0.11960662469261014,0.5141522707292757,0.19033798267246987,0.1503019224056392,0.025601199500005
0.3759446199521544,0.3093057756560656,1.0537941597139475,0.37975777336949035,0.13565930806474608,0.40016563082354756,0.072769690252413,0.011647597489802847
0.2873009646609473,0.23610264590457802,1.0050754143469176,0.09880788223223275,0.04808584210401276,0.1920555622477686,0.48149343885602447,0.17955727455996148
0.29508851845333955,0.2452874649456942,0.9991889251560463,0.29646209854478117,0.08205886746754568,0.20085745595174442,0.2518527909005306,0.16876878713539814
0.31779568391220586,0.279610943002609,0.9577439317520098,0.1462110146320311,0.20279522800647093,0.2486955721855352,0.060191001118751385,0.34210718405721124
0.28198571288788776,0.24467088389551395,0.948154145660244,0.41371128573883326,0.0862543979407119,0.16639933711916846,0.18406033070434222,0.14957464849694416
0.2517039147200678,0.2599280490719299,0.7759990329641195,0.1454328695223608,0.3918195937180479,0.10940504039227772,0.011575889911329101,0.3417666064559845
0.2234957426621429,0.254490924446719,0.6817364628594703,0.1894155023653948,0.31978043543900725,0.025203894765223594,0.005278845719657389,0.460321321710717
0.34118529217579896,0.2865753374518794,1.0160863623677794,0.03245236278181989,0.3367866923828364,0.35178753200840707,0.2504059918059719,0.028567421020964743
0.24220665112964537,0.2424691936665505,0.7927054493940067,0.2213719888613316,0.4422179545042845,0.11147128172105987,0.10730874865180527,0.1176300262615187
0.27011303489530714,0.23222727816046781,0.9478345379529884,0.007533801691418338,0.19532197348428054,0.17848199123222752,0.5414483532918108,0.07721388030026281
0.2962307677989561,0.2569074497219487,0.9584415246247316,0.2286981675479426,0.03723575306250442,0.18104227970682474,0.17246975539284284,0.3805540442898855
0.29311440009250794,0.2534723681695077,0.9591357111159631,0.20439463965596621,0.32076872340939205,0.23369193185458353,0.23356957320464797,0.007575131875410095
0.2580456527895507,0.25304041488981927,0.8221834953919891,0.41801641329129186,0.20898270272440023,0.10698776966529251,0.013000340360285825,0.25301277395872973
0.2846854293268549,0.23949586661325467,0.9799143202159402,0.0626781214066884,0.0993736169961884,0.18038604608346842,0.382540869706122,0.27502134580753296
0.259293951603388,0.23217065792845412,0.9014659882985048,0.30755902325239015,0.25196816338130984,0.14077997639137432,0.23924629441566067,0.06044654255926502
0.22239360164199856,0.240521111421356,0.7167503951035362,0.6151860443792094,0.14808504515625007,0.023735904748830514,0.07552630614134301,0.13746669957436705
0.5170928686208314,0.41283616075465057,1.1314243107168747,0.18348589298267037,0.00871385256185586,0.7262229407421312,0.07764401565784729,0.003933298055495356
0.23543140947015498,0.26066003709535945,0.7113917865450047,0.049216591002762315,0.5371755025097155,0.09175133801620403,0.026377298484549887,0.29547926998676843
0.2826761987408241,0.2420482994202696,0.961280039141392,0.4463797773680972,0.05430639646600902,0.17211753156001755,0.2476570052726697,0.07953928933320648
0.22016425992675295,0.21210636132321642,0.8022591065406549,0.3791130224075821,0.04786964793552419,0.025602394211575084,0.3943001756088671,0.15311475983645154
0.3825403266004672,0.3074626425352671,1.081563353057839,0.01643905515917924,0.09044953985156264,0.4045676905790155,0.2112503647267709,0.2772933496834719
0.26570109139793546,0.2520943971476942,0.8556361975453305,0.24215984351964034,0.42400149426679395,0.1697709864682544,0.1104755940081076,0.0535920817372039
0.46902510235423145,0.3808967493356233,1.1001015448021367,0.02340313193469855,0.13548318728087697,0.6174109716565583,0.07354098427421174,0.15016172485365428
0.2807295844809692,0.24038463518322678,0.9598349923866878,0.2327107156503286,0.1925748453396624,0.17985070883730203,0.23920108059176454,0.1556626495809424
0.3207457003987178,0.28331422539382206,0.9556375082203045,0.17011247792577297,0.25535776621593514,0.2640969850954361,0.03181827473031085,0.278614496032545
0.4224909215852913,0.33893139764309616,1.0990156833375886,0.16693728382187858,0.1478382215116982,0.5183036867781634,0.14517989062627262,0.021740917261987094
0.24189600204063552,0.22986523156867736,0.8348196059537708,0.11100490627039726,0.30331265322356127,0.09395618951950521,0.23564763697166566,0.25607861401487053
0.24465609805667013,0.25230488368029985,0.7715114159396234,0.2797419614159388,0.4807913930099507,0.11978661794956665,0.03848373035531091,0.08119629726923307
0.2098597489651716,0.2380544281299845,0.6715260464631374,0.1519916492495663,0.33608480962285137,0.003547542359301245,0.10191810171162272,0.4064578970566585
0.3089450252046169,0.25728743677142335,1.006442554887226,0.1640825986827936,0.19428274937927323,0.2466273406328186,0.22575461999779028,0.1692526913073243
0.241686373995242,0.26782749785414006,0.7157083403722615,0.09488356188270528,0.6733375888948043,0.13790164067560334,0.0371221262140929,0.05675508233279407
0.21825555696709728,0.24851640301265576,0.677040046159564,0.1912127479366113,0.4182057959129458,0.03183124930290637,0.01389310147337529,0.34485710537416125
0.2526997146837514,0.23351146579161597,0.8680503717305225,0.5201767582842268,0.06817060117741676,0.0998188480910531,0.22746071455160052,0.08437307789570278
0.2231989857054324,0.24940728157829214,0.6944423779827095,0.7435141641930894,0.04035769299371918,0.013730332587172161,0.082904613683417,0.11949319654260224
0.3683734065353012,0.3220426353150356,0.9886063881692405,0.028336619128659653,0.01606810094158951,0.3331934143384707,0.042437823690079736,0.5799640419012004
0.23963426416787065,0.2437129903374455,0.7781048679649889,0.15530433062005952,0.37585203327605127,0.08644468808212369,0.0930277296819262,0.28937121833983925
0.3105658034570943,0.2623904427137305,0.9930460910170157,0.1519760220313776,0.2705575790483086,0.26203529912936974,0.2052509933372984,0.11018010645364561
0.4091030029883687,0.3248857494571807,1.1053208815356113,0.23127104570918677,0.1018243283518137,0.4833367775580383,0.1788317390299886,0.004736109350972767
0.32192211693344136,0.2732457979273368,0.9951557132664584,0.07962021027945253,0.17474466390801802,0.2632942409362593,0.16463374372987383,0.3177071411463963
0.22543442644806416,0.22683874168565926,0.7733882896034207,0.1273165508237412,0.07788982152101603,0.02124168946555455,0.32641944444641574,0.4471324937432726
0.21842951341055505,0.25002081353818084,0.6736619684858121,0.14547157868271093,0.35040231732217275,0.01974028457768496,0.03853803272589542,0.44584778669153585
0.33505018813395665,0.2706109578081615,1.0533578922403846,0.08409970435733602,0.20388609663088386,0.3265459876462073,0.3508472727308825,0.034620938634690186
0.3161492191173223,0.2614324906274121,1.0180418603616963,0.1263490994310093,0.25114427568901404,0.28209210234376286,0.2912876050248552,0.049126917511358545
0.3902565577365691,0.3248918446725794,1.0472917782207614,0.0724505427072774,0.3020685388389118,0.4577833461173548,0.13022743969399372,0.03747013264246221
0.24531017745744507,0.24423717983527687,0.7996742248218306,0.5396044579642596,0.15239304561261657,0.07783714037417555,0.06837786489080012,0.16178749115814822
0.21405055057019876,0.2360907335178636,0.6948623019877482,0.49677777187643973,0.2454673543631933,0.011548022238378482,0.056379378778908605,0.18982747274307965
0.36128643651943293,0.29873267864214387,1.042023383361843,0.45490411431752875,0.04376770310029442,0.3470942166321852,0.053892504330937195,0.10034146161905438
0.3466501137390806,0.2923743227683548,1.014624372380722,0.05009874890347857,0.018450724991217103,0.29499365344573447,0.16503649226093428,0.4714203803986355
0.2652708456177058,0.22826276940216858,0.9430834742849689,0.04261968227751572,0.06399017659920049,0.1497795723940447,0.5942432528204472,0.14936731590879185
0.21016618478685872,0.20918885052634426,0.7656535440768539,0.11494975359016567,0.07860337537321999,0.01831147738290564,0.6139957853818532,0.17413960827185557
0.27826422396297273,0.259854535676164,0.8784307857817816,0.3468671468621611,0.24028366135755336,0.16154875734568794,0.021021044118161924,0.2302793903164357
0.3033207192917141,0.2510630755092048,1.0089923369971088,0.03859199443346644,0.12229382966175796,0.22668754376328004,0.3483787878001445,0.2640478443413512
0.28397393181601754,0.2680030768883734,0.8730270358555272,0.3693196803432634,0.05353850804238055,0.14093284892475744,0.014549667595615637,0.421659295093983
0.2273122294115366,0.23915352282010754,0.7414159211232347,0.5051472916941433,0.050811541658782954,0.015207051679185018,0.10694044408750106,0.3218936708803876
0.447847753060005,0.34821730708622106,1.1425272235578317,0.12513827078418466,0.007466572622696983,0.5704653765434438,0.27493897896274777,0.021990801086926696
0.24999992760360637,0.2418969485822465,0.8267980591561911,0.4226327262640437,0.09935216301361849,0.07712372262466648,0.1025112966231946,0.2983800914744768
0.4476176727416425,0.35980917098118337,1.1050793165092403,0.18485505590657336,0.010480321018607915,0.5423594328102154,0.027440554804112907,0.23486463546049038
0.22522703817264692,0.21024006947070334,0.8334616641527725,0.2531994116975525,0.05201199270646957,0.046887303376451146,0.5116058935544281,0.13629539866509863
0.34035333988868316,0.27914542488363875,1.0401508103158645,0.26213102741748173,0.17294556723936583,0.3204751977535601,0.16089871356997393,0.08354949401961845
0.2551191938370124,0.26349128949688966,0.7784666970535045,0.07514281618448458,0.32606261409944737,0.1050259420084634,0.039951602839399976,0.4538170248682046
0.5033650424018182,0.3991280069178355,1.1358888239961271,0.1614537984331215,0.005806510221993121,0.6946748455787374,0.1203569672880418,0.017707878478106325
0.3788999922996674,0.32150616610396154,1.022997463113398,0.07662420368013889,0.33373526237867307,0.4282540007811211,0.07731825471796985,0.08406827844209709
0.23907843403862705,0.2541214837507057,0.7440474187696536,0.13525022425445254,0.3359507273626524,0.06949421969810185,0.04058114703045786,0.4187236816543354
0.25876351118180757,0.23776121242904355,0.8780385540980957,0.4064988362072779,0.18709478350586878,0.12175662594692653,0.1522878260911687,0.13236192824875806
0.2233104412017747,0.23640265621263343,0.7331154563927142,0.520513617295703,0.23634668203238623,0.03773123146848974,0.07840706589084818,0.12700140331257284
0.3359897998004748,0.26889961921221356,1.0635559865734647,0.17563298674111558,0.11682867860838966,0.3073823954484132,0.269995300155727,0.1301606390463544
0.2765467481857003,0.2325001839161982,0.9743938450704893,0.233077011850642,0.16819695656841707,0.18235267322738188,0.3788938615061623,0.03747949684739686
0.2836149103413754,0.24503767586368636,0.9533836358753853,0.04673586813224829,0.3297520467416966,0.22196618019944916,0.3917618107188972,0.009784094207708594
0.3494624592229995,0.2904211213529709,1.0311318192971235,0.45925621847810744,0.07260070721602153,0.32576704462587924,0.07868120897902713,0.06369482070096462
0.2900934373693001,0.2805049834319182,0.8559328765992265,0.006269168227419399,0.5094494535536186,0.22774527696637567,0.056911576646039186,0.19962452460654712
0.22691815773326102,0.252367231075862,0.7010345874900024,0.03274854927733815,0.5029417048810548,0.0682494562551988,0.07191723024023995,0.32414305934616844
0.2626967717249898,0.22546277207555354,0.9433786774062823,0.16185123726655914,0.19210412474550473,0.15675973958495185,0.45330870186694877,0.03597619653603549
0.24818645429592928,0.23889549090851991,0.8295947886761107,0.48466876741187054,0.19088479504060327,0.09547426106280539,0.1165981286626264,0.11237404782209422
0.495005907123178,0.3940187378532524,1.1294029049169614,0.012529902572701567,0.051210530789707186,0.6780979394935004,0.1591680647403788,0.09899356240371196
0.21119436880587839,0.214706468471827,0.7507662435751428,0.29646115394828954,0.15351803806154113,0.0027361617071985046,0.2752040991432586,0.27208054713971225
0.20265029572324475,0.2494295287876819,0.6119976911522088,0.041913154543150574,0.7288134041987678,0.05886000962571599,0.14211492285134897,0.02829850878101651
0.24943733223491357,0.21937676744895637,0.9091087199163775,0.25718041007647563,0.13094369432743655,0.12119409281286665,0.4880091840212469,0.0026726187619741824
0.441083542363744,0.35319655891347757,1.1072688351404567,0.20851627867725112,0.11048177947951228,0.5574987622662623,0.11607488189062208,0.007428297686352292
0.3409713527343395,0.3012998514099147,0.9657201999030414,0.009578545889363051,0.39566996244275005,0.33914707823421825,0.07823127799252014,0.1773731354411485
0.2946123263821139,0.2493488555304905,0.9810044079075494,0.050864917873323395,0.2583718444160039,0.22651009257036586,0.3119881889406515,0.1522649561996553
0.3046449060225982,0.2627926393482709,0.9689955801430391,0.26846262041857955,0.027369241039973364,0.19862823652301212,0.13785702066481517,0.3676828813536197
0.32552366127750654,0.2575880023712652,1.0696292480283704,0.2602015317440598,0.027348349750255133,0.2795267673617636,0.3564604125763341,0.07646293856758744
0.2741695058721996,0.24738039310767146,0.9061732947227982,0.2008323564373906,0.3657644586409248,0.1878105092810358,0.18835006326543072,0.05724261237521802
0.20781699714560153,0.21802494169981634,0.7238483630138473,0.4029840828801544,0.19797073416751665,0.0001774272966491281,0.20688465280592713,0.19198310284975267
0.3275411314301089,0.2821604568877915,0.9836287284595672,0.0027840614563594897,0.1313669625661637,0.2657201679436787,0.17163713173370707,0.428491676300091
0.47921301842364805,0.38483278177598673,1.1153234307193074,0.09220533950347314,0.027797894487574228,0.6234571847462476,0.04610821480932294,0.2104313664533822
0.33656516706865286,0.2867937790220554,0.9992028699012159,0.07930408295874976,0.2048075586499898,0.29948027394904464,0.10957858980951095,0.30682949463270487
0.3274175246078645,0.2989925292320181,0.9278409909452574,0.04077848461673167,0.19526309479197834,0.25991134565791374,0.015375493517325573,0.48867158141605066
0.3703821318170977,0.29624588532364005,1.0814736936078946,0.07140389074998299,0.08905779912744441,0.3776264335462322,0.2205954093770329,0.24131646719930758
0.31445684365852217,0.2926238625698243,0.9037432604985143,0.040945560928307284,0.489200993488052,0.28657614179450136,0.043430752222483986,0.1398465515666554
0.21851346176069628,0.2288328713296355,0.7364040873216651,0.49453990153308214,0.24985920034975484,0.034205708933404494,0.13872209002721664,0.08267309915654192
0.24879469881317473,0.2497852721011528,0.795862370671202,0.11982746425453934,0.3048397458143331,0.09425250575951802,0.09340146660069666,0.38767881757091294
0.239460764387707,0.22362704170898517,0.8472175947051156,0.22645280419038494,0.2203043705014639,0.08011016372095422,0.24685093268120692,0.22628172890598997
0.2848369609083533,0.2668024666419794,0.8801903665436482,0.053363884596706476,0.49367293929001255,0.22546470517421205,0.14614520525309488,0.08135326568597412
0.25398573293799864,0.22011342806586906,0.9267300715381881,0.18896470366717985,0.062309184683954175,0.11121501546993344,0.4532190228524669,0.18429207332646574
0.27649606466486065,0.24091801840359,0.9401375047234141,0.44774985426585256,0.03350017191723246,0.1485934427880953,0.21791248987197706,0.15224404115684262
0.1932354685120429,0.24741727417563175,0.5789226681495395,0.30710090327506717,0.6367964296225453,0.01718313577363672,0.0194301447729216,0.01948938655582919
0.338843765714133,0.2798839658019084,1.0320125516535164,0.2575237864482015,0.10504706982124495,0.2977514951551454,0.11714340786970687,0.22253424070570132
0.2981757578260661,0.2680678806010598,0.9257944564996309,0.40133933381523296,0.21706723167171763,0.21184902609313172,0.025235627367502494,0.14450878105241519
0.3342729839056047,0.2674975279073017,1.062712564596546,0.10097989921103862,0.07931588828400518,0.295637645877279,0.30327487779524814,0.22079168883242908
0.26887781985431736,0.2564730332528979,0.8534145562137546,0.16104011296946388,0.43243563716813643,0.17217238398703402,0.09061702875179134,0.14373483712357416
0.2539943646052703,0.22762080242811475,0.8962026424175096,0.016064143241526104,0.08797905550375866,0.13477521289251765,0.6791201078424186,0.08206148051977923
0.23637912748941534,0.2340036337091807,0.7964796295473213,0.5008009808575278,0.05592001018575459,0.04559916335779748,0.15748102170273567,0.24019882389618463
0.31969356089385076,0.2811330619245162,0.9593093001856291,0.017766108731234433,0.09788264273207802,0.23830176729651778,0.1574944185284759,0.48855506271169385
0.4154390767194088,0.33471991855935695,1.0917757099495837,0.14912906746832028,0.036417704444947484,0.46854686532183315,0.07221641483092998,0.27368994793396906
0.2334719571414786,0.23852299913819738,0.7692002775597212,0.22035779490934124,0.4805466108813108,0.10046842958477503,0.13926578331533485,0.05936138130923821
0.2550587473658087,0.22166773175707752,0.925072610886503,0.26259113220905117,0.14417108762306655,0.1333232489481015,0.44799328653987885,0.01192124467990188
0.2506780208873907,0.24061322483116762,0.834027394081109,0.3636043468556941,0.3251913474633833,0.12013121451993505,0.11464860033527204,0.07642449082571535
0.25850507123129973,0.24627157502674135,0.8466469230509419,0.51334910053045,0.0117576031935715,0.08900603349533222,0.11420561719494846,0.27168164558569774
0.21572596278024223,0.22821058327000673,0.7261975338986097,0.46062536010474897,0.31388174069916075,0.03776616911272455,0.14228090749809297,0.0454458225852728
0.29415928011357656,0.2532520828625127,0.9640958421894895,0.3181760184907003,0.20681537467250163,0.2116132298279442,0.15775576702009236,0.10563960998876148
0.22354415043874096,0.21206516936681896,0.8183529193261981,0.07470417009510782,0.18391453903062424,0.06769655889878871,0.5933986553268529,0.08028607664862644
0.2753124900138939,0.2585727700321295,0.871369750132225,0.3432892138146261,0.3340601694781189,0.1743028109807971,0.04118478387459484,0.10716302185186291
0.2136776549047692,0.21452715426873567,0.7629694033965142,0.07858029065804,0.24548890833639228,0.024594227127259064,0.35980239204939996,0.2915341818289087
0.30523551691515205,0.25741857238384797,0.9915194329279371,0.04945917175444005,0.30466035206591424,0.2648816909112675,0.3307654554671199,0.0502333298012583
0.2618638181325148,0.23195049397184128,0.9134010215051968,0.044960762776899185,0.07074143592215053,0.11942356008629042,0.4137850227260985,0.35108921848856134
0.2136012045335212,0.22627477325268552,0.7230200794448459,0.6186145181721627,0.014395754336219205,0.002769515547786428,0.2861841610981905,0.07803605084564118
0.2137082493657392,0.20954754684904123,0.7812463177327252,0.1490148316335125,0.2900611498164251,0.03959909576071788,0.377193038239886,0.14413188454945858
0.20828896097585942,0.2064855702985295,0.7665860657817922,0.1561758616171527,0.2800091233251456,0.029262103551519328,0.4165985711697859,0.11795434033639657
0.2875540627048144,0.25697905008706035,0.9244102296445368,0.4473628491715499,0.04064352281964123,0.1619370671724625,0.09029691320581808,0.2597596476305281
0.42172052150887884,0.3400952700320156,1.092989389337541,0.19493160104915183,0.1428195074005645,0.5111406085343375,0.09910075206001402,0.05200753095593207
0.25755449065039193,0.2558511791805075,0.8112313232840667,0.14711013610989246,0.15362586994911173,0.09080265217524217,0.10470353828929733,0.5037578034764563
0.2225275874452343,0.21143419213328013,0.8159871669974712,0.19740092528755848,0.017537230124002056,0.035673236900321426,0.5554293506608097,0.1939592570273085
0.30831763555312414,0.25636324762122625,1.0076235105852047,0.42635826641179453,0.06263285974264088,0.23418241782577617,0.21645690752952493,0.06036954849026341
0.254946326261946,0.22952602517985785,0.8929110592201863,0.13365021299192237,0.16487281174823726,0.10956649059798289,0.29315970929375373,0.29875077536810385
0.25334583110376346,0.24506427326026492,0.8297653036018215,0.2943897473646031,0.25189468692074607,0.10368641224497967,0.07438336316321642,0.2756457903064547
0.31974141183569565,0.2799618343853739,0.9634935148495648,0.22503235916255682,0.09447516400209725,0.23645650317954842,0.051094791210713385,0.3929411824450842
0.4043408556188308,0.3191315214073206,1.1103286007481885,0.05938368026690496,0.043809499567788936,0.45481215934097047,0.21760716213925269,0.2243874986850831
0.2840735935521291,0.2609220547408737,0.897101602946488,0.11651150193216063,0.21783316932930016,0.1697002414809231,0.10885904074852455,0.3870960465090915
0.22956544152720113,0.24991238444606828,0.7185135779693694,0.047477190087066634,0.6409522032702106,0.11456235482533274,0.16777730553635944,0.02923094628103052
0.38326608063656153,0.3033645646715678,1.0985662778293375,0.05217813498017959,0.06345966349898421,0.40811597013427703,0.24831530792018114,0.22793092346637814
0.21418631717857897,0.2349517758688951,0.6988085813413736,0.054011304705061054,0.5978093845219955,0.0766522415194281,0.24078854514267464,0.030738524110840736
0.32620183533226466,0.28372926222978045,0.9734696843097571,0.0721148947086044,0.3459792474855546,0.30058585215911426,0.11777404939320216,0.16354595625352455
0.3444280588804653,0.3113430394747069,0.9456709209790581,0.07320255324505634,0.48231799563024286,0.3629783878840812,0.036211313366362706,0.045289749874256914
0.21527691505353705,0.22828910327726357,0.7239807449451652,0.04367091004075325,0.49027022896439443,0.05814056996785787,0.23991698055502436,0.1680013104719701
0.3094541212262951,0.2644013822570065,0.9812888231200605,0.17657095112097382,0.27067594373252085,0.25488861549826003,0.16002084760760985,0.13784364204063554
0.2382901787710821,0.24998871464161548,0.7531947153735137,0.11149648692906064,0.4352324728143331,0.08831709080085245,0.06600395447624142,0.2989499949795125
0.22815221382552192,0.22709280538472476,0.7844907879124964,0.11211869898848562,0.47201851453021854,0.09990248556209737,0.3043546029659475,0.01160569795325103
0.3099642914150996,0.24898776452983207,1.0440846035386306,0.07340893517817584,0.06336677997853653,0.25570209833203184,0.5144032216203781,0.09311896489087769
0.38065771484526323,0.3044056667009941,1.0862403398359055,0.2146623355639182,0.14823433068655958,0.42180114913456523,0.2053648040887424,0.009937380526214623
0.22285713078852074,0.25049718330369347,0.690056185497923,0.25652222037909844,0.15745339904827588,0.0034030257364321822,0.05943246095470145,0.523188893881492
0.3741934210084979,0.30249422677154325,1.0717342425623972,0.26397852332996247,0.16254209442191225,0.40594444242352157,0.1664953916319943,0.00103954819260939
0.2535624826634646,0.24708483522963687,0.8238566420892515,0.23961105913955508,0.021955265695939696,0.06976686724281779,0.17433842827151952,0.4943283796501678
0.24846649789896366,0.22237523494401543,0.8924847137269086,0.23090035615986385,0.24311078782539902,0.11756646810212626,0.32331144196348893,0.08511094594912191
0.22692290957654754,0.212357660601314,0.8331364598553729,0.36034439147035213,0.09920200017460093,0.053211640332842376,0.4067802230272824,0.08046174499492213
0.25734665037214494,0.23012400841616418,0.9010213745154835,0.09312717141788852,0.05305463051271183,0.14464295149931816,0.7057367983999031,0.0034384481701784883
0.2683875654053298,0.25874380910081507,0.844030109026643,0.5279286719355388,0.0009025196070467193,0.1039113292057126,0.04236441012390414,0.3248930691277977
0.26619273614802447,0.2721260126193748,0.7944581779119193,0.018360072944883565,0.2850288734058747,0.12353505232589809,0.05072504313250602,0.5223509581908378
0.26267053696885234,0.23621986425597466,0.9003075911448176,0.08813456759229558,0.0910211171203304,0.11564911694942771,0.31771039267162876,0.3874848056663175
0.2945738569851929,0.28332879530971966,0.8632156739234289,0.005196493403171825,0.08102286678730228,0.16497875470972073,0.1180472193305675,0.6307546657692378
0.24079727263964387,0.22928276598172248,0.8321483379821641,0.25798314598198624,0.16366706764730912,0.06867479597033743,0.20078998274338442,0.30888500765698274
0.31401155993731145,0.2682909395702987,0.9840494813584044,0.17914789984993004,0.304303853634476,0.274184110544611,0.16815631559565397,0.07420782037532916
0.31327501403568625,0.2563642684310284,1.026956742634035,0.2116050635113328,0.03579509711382711,0.23358207366360856,0.2522199160687952,0.2667978496424363
0.22936754444721372,0.23193383794690345,0.7733565142326333,0.14252622117203056,0.04758069590422613,0.023380670676045382,0.30270037084273815,0.48381204140495965
0.33142883171115833,0.2607195816291073,1.0794311265484902,0.11656484316529894,0.017245315686055036,0.30262584647771146,0.5006339375343,0.06293005713663463
0.27182575481123744,0.2310693280213113,0.9599965374494821,0.1238304712967161,0.20581948724521526,0.18274784958582946,0.4708752700834558,0.016726921788783444
0.30637210703911405,0.2627210211441631,0.9758340079625177,0.08568990282917426,0.11607324568985475,0.21768499707091388,0.20429502279838727,0.37625683161166973
0.252714254945127,0.2454813954677314,0.8257825590362259,0.18436484561918748,0.45640086867559115,0.14319640520683571,0.14097747217836223,0.07506040832002332
0.21162536944563748,0.2480576600050071,0.6515637108016541,0.21300095155898946,0.5316209980773179,0.036999004594555844,0.00721663634285143,0.21116240942628556
0.21298034158673884,0.25241693150315125,0.6456791175464557,0.1854038786993684,0.6149634302948815,0.05566238883227755,0.014108676579463466,0.1298616255940091
0.25917962280231005,0.23408701482487837,0.8935977203126724,0.09998936525136093,0.3397049791273645,0.1506987477985645,0.2840208758182212,0.12558603200448884
0.24480815022688002,0.22300831600833737,0.8735465731223985,0.4152435944371604,0.04406172248726589,0.07918763933041001,0.3088679196387343,0.1526391241064294
0.30870798244422304,0.2531517480322507,1.0219482364042949,0.1359327233771351,0.1726912266868726,0.24929370668238293,0.2967462477349166,0.1453360955186928
0.2280992221351128,0.21407199261334342,0.831959472890017,0.3560628746426382,0.12365476318766014,0.05238468204747264,0.3421196795647221,0.125778000557507
0.24101200100469083,0.21862445027273145,0.8736991711878777,0.384478209674754,0.006662248652140959,0.0823410238410007,0.4798441127048399,0.04667440512726444
0.2923870941963393,0.26197903049522625,0.9252156317173487,0.2860778650433984,0.31002197345372157,0.21544163566397403,0.08356116004960559,0.10489736578930027
0.24510634149340332,0.2166730222725879,0.9004643930611151,0.2096684836856697,0.15392621391217048,0.10235051542363185,0.41494677260250884,0.11910801437601914
0.22985153303325498,0.2482010931611984,0.7246202292769409,0.7411516848219785,0.011811955116913159,0.029902058832014883,0.1200147468405031,0.09711955438859043
0.46044139398637746,0.3672644492977868,1.117563637785104,0.23950768603993108,0.02746830036961153,0.5857607550065356,0.059370718065655526,0.08789254051826631
0.22181579026731144,0.2518072855097369,0.6823304969890064,0.11557599920014755,0.31157311545441,0.021737649653988424,0.058336172806577484,0.4927770628848764
0.45718669347633833,0.3713845332653319,1.0964018611551278,0.0757975654542739,0.09861728042136185,0.5783507893946812,0.03596718085581907,0.21126718387386395
0.3519107853992648,0.3150871589233401,0.9581818136635614,0.005927516724821703,0.10818904870629992,0.3049895926388543,0.02398700188990112,0.556906840040123
0.470997259808509,0.376838811541241,1.1171812640175343,0.3146327554238279,0.0145268872040988,0.6130839768875105,0.046251002493539764,0.01150537799102292
0.3300728646861448,0.29184056615907533,0.959677636225129,0.0013583024582869768,0.14041123659428228,0.2657084701638919,0.10795183897470464,0.4845701518088344
0.2953379013735826,0.24022540510378432,1.02128207991819,0.2123950251217156,0.07260498329719971,0.2232606733516603,0.47527912087245733,0.016460197356967115
0.3044199994310782,0.2531583407336209,1.0049836742246026,0.12977870980835438,0.22102440575350296,0.2447372948693324,0.2774730361930792,0.1269865533757311
0.3026928284262402,0.2710619724625761,0.9322326777546341,0.2920768256763042,0.27495203640753646,0.22888713444564227,0.03205578103679611,0.172028222433721
0.45041003507537963,0.36219591023082504,1.1055067817309174,0.10161354796932305,0.15582801169340874,0.5881965959701541,0.1511133583690381,0.0032484859980760126
0.32807442170156664,0.2823150737598217,0.9849790094387141,0.11990804152101603,0.35664741582355236,0.31430787813782124,0.14949345583443674,0.059643208683173646
0.5090836726206295,0.409381733599786,1.1214073197252918,0.049527166565207004,0.06565819787190477,0.7092078301872679,0.08179861967815884,0.09380818569746155
0.3079007137097899,0.28750258897254216,0.8970378827942332,0.0776209889939586,0.05024517891519799,0.1924334225887312,0.0784087881800147,0.6012916213220975
0.43917783500549634,0.3533306593721,1.1014550384534985,0.2821652985043428,0.03252889392026724,0.5300512024248082,0.022062709034751885,0.13319189611582985
0.28686664617685886,0.2742924343032381,0.8635551570299459,0.12647346129362655,0.3896869772466073,0.19749152440515882,0.00842022347811906,0.2779278135764882
0.24334130801746437,0.23794328977980522,0.8125520505175164,0.10091520880688618,0.4852670376241499,0.13179540586905036,0.23499602513094625,0.04702632256896734
0.38049209396134837,0.3197847920103794,1.0334828366404036,0.25198922721840267,0.22473385379718588,0.4127555192002442,0.006058037884876916,0.10446336189929027
0.2480686894301717,0.21837627986671362,0.9070064273970749,0.2191255983176172,0.01927595883499811,0.10190224229070535,0.549326581954776,0.11036961860190347
0.29119165984763296,0.25972515617156455,0.928641889768702,0.5941077201123247,0.008224673433419509,0.17782842529247816,0.12226650660836505,0.09757267455341259
0.34111713423268425,0.2797022437742391,1.040810864812578,0.47693415295755054,0.018733597470940527,0.30534836434573526,0.15854480102356208,0.040439084202211754
0.3194058438311934,0.27324378222492546,0.9859541601917486,0.3332847159102009,0.08059507891678952,0.24186907568460617,0.0707532515889774,0.27349787789942603
0.36541771380049204,0.29854832256854824,1.056504726225921,0.34240734942410156,0.051425691572639085,0.35476277020144165,0.07183554483262686,0.17956864396919087
0.26818042952815285,0.23345820432724912,0.9345588438704827,0.09968979728643246,0.011887906615221487,0.12715194302055655,0.4104696308957322,0.35080072218205743
0.33520517214951345,0.2653406730587338,1.0748641316907437,0.18330020123064997,0.0749379217683528,0.30430266000022405,0.32078336785622547,0.11667584914454784
0.3150161142384122,0.2756590149538486,0.9613910659979024,0.44968473304965,0.21805690708059433,0.26355610738805474,0.06857308857800107,0.0001291639036998229
0.21494229837801168,0.23148025518152154,0.7125545038330274,0.37021980303524354,0.3190960295852968,0.02427194756561798,0.08650966786018842,0.19990255195365325
0.20558256598096356,0.23019215750051522,0.6758812622911157,0.27497230889434876,0.5126718459693094,0.03935883869617338,0.14636069454235975,0.026636311897808698
0.3971547155192109,0.3196020719031288,1.0862092146399893,0.09076014220702133,0.0027988742584097275,0.4202088507854144,0.1376668875251382,0.34856524522401633
0.26860643054340716,0.26431285971278096,0.8270745160903586,0.022604074364084334,0.09443146561358003,0.10987257070543399,0.1788914068166872,0.5942004825002144
0.23945088573819742,0.26615753727186336,0.7117998148017319,0.21292898109744288,0.09977285109473216,0.029280478689850863,0.03609140073017567,0.6219262883877983
0.34135238061983825,0.30026311837276215,0.970323568871147,0.176708539327219,0.38898024709192863,0.34433068805837563,0.043677677244679504,0.04630284827779715
0.2586113011431423,0.25782474246231224,0.8091205644223081,0.4327960341477964,0.392713756169912,0.1459765681466262,0.024771949346662155,0.0037416921890032193
0.2939302099499144,0.23841985651376824,1.0231119736280354,0.26473190926447543,0.0072161613534321035,0.20363931892524081,0.42359460011713684,0.1008180103397148
0.24780192294002965,0.22716582774613267,0.8707380194572292,0.017186272376617063,0.3538821142934688,0.13742942539580538,0.4252724198082162,0.06622976812589264
0.37453390189324487,0.30977763432244987,1.0476350321515953,0.45888892693078687,0.09296100017142449,0.3909716750986432,0.05633299031277498,0.0008454074863703544
0.3694187498626415,0.3047030859077523,1.0482950932743238,0.3880047265528309,0.11712897035716661,0.37861312703868866,0.05878021413158526,0.05747296191972856
0.2601079160878488,0.22690567686937252,0.9259702929724669,0.09861104805386468,0.23584051289143043,0.16070590918282643,0.499878416968935,0.004964112902943418
0.23712106607676786,0.22487758465011012,0.8321019027659511,0.37910927139311695,0.1234177059377153,0.06117098209311846,0.219817947645073,0.21648409293097629
0.32993943882144305,0.2666730189228685,1.0497478895771293,0.08163192773425025,0.12493329202536586,0.2905813233985231,0.2911870424753108,0.21166641436654995
0.4120428610708973,0.318569893447016,1.1364628877936067,0.022290939113721864,0.0006075988190318654,0.4871612262473973,0.3983179624197548,0.09162227340009411
0.22188281032299287,0.24774232941289184,0.6937966988940749,0.5831603491395365,0.12300924211548647,0.007836990665474372,0.013757963259325925,0.2722354548201769
0.36365176374629393,0.3073391664568935,1.0205395145765965,0.17214915204136477,0.32073549395600237,0.39565304615012503,0.10285083413269072,0.008611473719817301
0.2819374627757795,0.2320973087936336,0.9993112974093284,0.1828253630634385,0.060379090330581746,0.18332163645646987,0.4632298350918858,0.11024407505762403
0.27690769156107425,0.2422894405887275,0.9365149839370719,0.07665274118459377,0.24805576547285693,0.1747258771121164,0.2649496682941594,0.2356159479362734
0.20995210389093238,0.2471008666353855,0.6473150259199731,0.17420555421409759,0.46620769297501213,0.019226380513138082,0.017609552026094565,0.3227508202716577
0.22464303212595815,0.22616159235182717,0.7722046449614468,0.10470315660642128,0.21565274526778017,0.03597891350462973,0.2617920826354416,0.38187310198572727
0.36384221683657597,0.2867273082371896,1.0945668857497037,0.15917499909393434,0.017651859424127777,0.355927188139122,0.2480355051965107,0.21921044814630528
0.21623809223288015,0.2498910510372358,0.6652422787565503,0.012892863290467894,0.5527457997693871,0.05114578747976758,0.0866625002109322,0.29655304924944526
0.31974484475350234,0.2875114265542189,0.9382056497244428,0.08773581637754475,0.3085794305363542,0.2669400159443753,0.0326187618591567,0.30412597528256924
0.2978782296039821,0.2633264541426347,0.9413343236290082,0.548772982413369,0.03741846435863977,0.19360892683227618,0.08910661611024973,0.13109301028546524
0.20267580989982836,0.21222737132005792,0.7193973564775467,0.058546699123526925,0.0756610047217346,0.005077667128041756,0.6910501918902995,0.1696644371363973
0.32095197432204653,0.26655982516394194,1.0164771610103034,0.24132349056206814,0.16818108905720877,0.26933154384882024,0.16615214854452598,0.15501172798737686
0.24177300191374182,0.24006473994976102,0.7988386880717037,0.16372754315358232,0.0847994118335784,0.05212627668075338,0.2135596391048984,0.4857871292271875
0.22752142198516137,0.22060229644537646,0.8047124841654475,0.02698793330803509,0.005415770481195009,0.04612228749380555,0.6343198954255879,0.2871541132913765
0.2197233402132219,0.21148560124355575,0.8025290573695432,0.10551577432703191,0.30846026991381176,0.06863002329874608,0.47646841626331815,0.04092551619709205
0.2595692074432378,0.2324252659108365,0.90166276296155,0.0882461746078115,0.3262986367100602,0.15253452328186706,0.3160988337366465,0.11682183166361479
0.21729493544572215,0.21633102095248088,0.7733284607502964,0.16262059956680977,0.054529122064303305,0.008842788389554818,0.4110580315793262,0.3629494584000059
0.27577581396524914,0.2519090638152132,0.8962591918918249,0.5124417650263464,0.1828215210897672,0.16648256093989292,0.11873276303427496,0.019521389909718627
0.3914728156916475,0.33097753213593323,1.0317099577363573,0.03805529946581485,0.061995032442922905,0.40067535694847545,0.034451868832943794,0.4648224423098431
0.22774130760652544,0.2578186248757015,0.6894044512580012,0.13187538854639544,0.22412119573843683,0.020822369053731596,0.055864696523213395,0.5673163501382228
0.2777138773006216,0.2516796766558684,0.9047765807963264,0.24079582885082224,0.2736860278180079,0.17130344106933373,0.10753728645080392,0.20667741581103233
0.29930283504197525,0.27189881162153956,0.9168956405333024,0.24518711769436002,0.1449094463943156,0.19242476647115642,0.031127089434793604,0.38635158000537434
0.2824885751004432,0.26807418512197095,0.8672546183238916,0.41650344049017474,0.005930375327643569,0.13143037436028776,0.019359005153029327,0.4267768046688646
0.21486846909500462,0.23319876087749306,0.7069869002503638,0.2818521560572855,0.4897764448971343,0.05687460333439482,0.1284925495403835,0.04300424617080194
0.2096807912425026,0.20913159636593034,0.7635421620513974,0.14077672843806008,0.22410726656225535,0.016627986958839238,0.3807094247460677,0.23777859329477766
0.2802416606586523,0.23218671244247235,0.9916228979541543,0.13005874325844094,0.023358972483402372,0.1720778699801595,0.48912223241382613,0.18538218186417113
0.27247951539198795,0.2570416988022285,0.8655386127181133,0.28009499863052145,0.3114970618575354,0.158741472530294,0.03926317010678699,0.21040329687486217
0.23493216276239431,0.2533769294645998,0.7298697760414367,0.16158079467457165,0.5473686170930699,0.10095285943768069,0.04100849281226107,0.1490892359824166
0.24417099918800958,0.24829147102919252,0.7820284699395904,0.7137236626767062,0.03586905452870076,0.07254795823935778,0.14354795339398085,0.034311371161254385
0.48857427977454954,0.4009196526954407,1.093920631792309,0.0073837411652251045,0.13503413681251172,0.6588914640852502,0.01460285350722431,0.18408780442978862
0.3532282884811809,0.30204109881552704,1.0039305567034071,0.11695232654332537,0.2492811148229809,0.3445812527605545,0.044631081218248644,0.24455422465489055
0.3251296677246845,0.29131718405028106,0.9444333626306005,0.010512310802269413,0.399397639949586,0.3000548253440106,0.08367673495279455,0.20635848895133924
0.23357518778932237,0.23783042049107594,0.7718742934998536,0.036601032897326025,0.5414562231428741,0.11686231691462773,0.2594712995751386,0.04560912747003346
0.24391750468364026,0.23555798551894055,0.823226197390145,0.022921385157106428,0.4788081928488887,0.1388626216238769,0.3245842949184415,0.03482350545168642
0.3074218669672501,0.280895144754463,0.9164340209307235,0.05846628686576785,0.2273949249898385,0.22194409821753983,0.06253319256606261,0.4296614973607912
0.2705817295259806,0.24232814817786996,0.9102604513119649,0.1410199153065026,0.064766239313132,0.12669204972898077,0.26043278086090654,0.407089014790478
0.22185673758838248,0.22098023410371795,0.7777018532242157,0.09880039746085802,0.11204117645079913,0.022477232051861744,0.3698387539069994,0.3968424401294818
0.26956823338618346,0.2706672290122039,0.8112109995269635,0.14092534062003478,0.002179514394761837,0.09436538823926703,0.12155986920526862,0.6409698875406677
0.20752347541145152,0.21615645135581446,0.7287475086836646,0.4788692565567083,0.1685358671347298,0.005703126086195343,0.2648841211860177,0.08200762903634898
0.25520425697142407,0.23625559887394412,0.8685688633390326,0.48861012703283396,0.15830619860964176,0.1166139753626453,0.188377541539893,0.0480921574549861
0.18756763460271347,0.24798847358342663,0.5547339866844009,0.16198624523224128,0.7148294791154765,0.014188258465602522,0.05997836529293488,0.049017651893745025
0.2006735016539881,0.2555020708117789,0.5897153834224105,0.05648766653450381,0.6355062974484723,0.02084312839458821,0.017212232595989026,0.26995067502644676
0.3143079615862532,0.2611334897895157,1.0121565096812983,0.3510498858002656,0.005382199325671125,0.2288011499663464,0.17500139875221624,0.23976536615550065
0.18351869799044213,0.2534264326111624,0.5268538747704457,0.10910553184575207,0.7602354537864269,0.0071707957791727365,0.04271038421535642,0.08077783437329185
0.26746156458265885,0.2726359411766246,0.797626181068249,0.13183804393529985,0.5611672948415865,0.18117130487592223,0.010186352584801635,0.1156370037623897
0.2482214171605075,0.24702084695843748,0.80244813181237,0.07610492851061197,0.47561248206072204,0.1291671696045562,0.14263899865787663,0.17647642116623313
0.22476150088794566,0.21310558934207424,0.8200700011083278,0.23948040627188844,0.16423188823813312,0.044113300462483365,0.337562068266827,0.21461233676066818
0.24890899751523582,0.24540609267740002,0.8105299886613361,0.10077337756268506,0.42200570512702734,0.12070470827093358,0.13148128485555122,0.22503492418380291
0.309088546917406,0.2792555293690694,0.9277830505371648,0.041486482164567226,0.17435100725338584,0.2199861306968052,0.10112410445607299,0.46305227542916877
0.45245908813870034,0.3677630344267201,1.09434350509443,0.1408565891929698,0.12506567013796352,0.5743286100765485,0.029427694036030377,0.13032143655648784
0.22202706853839696,0.20957708676027334,0.8208295629911665,0.17737876020174975,0.08306652007116833,0.03873410044223055,0.5005712567282388,0.20024936255661258
0.23599896154022493,0.23508975120485448,0.7911827741829017,0.4746176196035986,0.21468107209376083,0.06766371016666496,0.11216142521387674,0.1308761729220988
0.32158456741765085,0.2638604417450778,1.029273526647225,0.20797432140550412,0.0003254986384346,0.24459752764098464,0.22675036157809125,0.3203522907369854
0.22794553244156227,0.2665237217407288,0.6676536380302599,0.13627630305876096,0.6986448927345823,0.10599156511708996,0.005609108381360779,0.05347813070820606
0.29946109392298037,0.2779122110348124,0.8976255235209218,0.7043790109445035,0.0033597738979402464,0.19141203502574783,0.01905578157471993,0.08179339855708856
0.25531332423691483,0.2305250150137391,0.8906336009767892,0.014321780733612649,0.30482519683461107,0.13887578621448932,0.360909457327004,0.1810677788902828
0.27451411251974933,0.24906872655597703,0.901414302888367,0.5212984938341787,0.10496733217048052,0.14985931712873768,0.1264068332325572,0.09746802363404611
0.3112801503266266,0.25679401829140225,1.0174697684357026,0.2980295337314859,0.16479324469175827,0.2574776473284795,0.24592006038769984,0.033779513860576434
0.2688642237593874,0.2707630500552631,0.8083238230427562,0.11452762544085573,0.02428446964280817,0.09546113255114864,0.12337764369074716,0.6423491286744405
0.24141241756787582,0.26582067082618405,0.7200810116570557,0.012719584047721432,0.03923418799875175,0.032869122405045505,0.2083556497963996,0.7068214557520817
0.3641103347570702,0.3047123695634092,1.030842086283292,0.3124286720800235,0.22454112233605936,0.3819644755494356,0.06554990755161626,0.015515822482865265
0.3050858992313874,0.26672033118005556,0.9563796584340094,0.012235284035161291,0.3903530299068002,0.26772143981417573,0.24493408433546424,0.08475616190839848
0.18897257052247415,0.22177757525874797,0.6266303992201863,0.08574700640584083,0.5692973204350549,0.01183010448270135,0.2666405671722764,0.06648500150412655
0.24003693819924057,0.23006555328702233,0.8260121321254758,0.009244870715485113,0.31491176058761067,0.09325221505060075,0.2971953682474696,0.285395785398834
0.2824001252699778,0.2615063898572972,0.8886976926139262,0.15943072703466435,0.3129736524910438,0.18124682211223933,0.07036835988775082,0.2759804384743018
0.382092208010657,0.30831428853615483,1.0771223402826946,0.1472670111724598,0.0021206671709543086,0.3839633464776075,0.13060677635370468,0.3360421988252738
0.27637258488022165,0.24893448097104412,0.9093661271720456,0.4684992216605715,0.12868647717725928,0.1548856914661782,0.11747457475175196,0.13045403494423913
0.2265606464609007,0.24899068942550692,0.7091054162237024,0.21719864996725274,0.1494589366524601,0.013028519153300444,0.09076259956455555,0.5295512946624311
0.32846731048401173,0.28363669605165787,0.9817746235250723,0.18826542276238917,0.32052757507166274,0.3048096524977957,0.08969390924109431,0.09670344042705824
0.2755993542164645,0.23981878049858796,0.9407076199263419,0.2308760574705739,0.12427740678951699,0.15156443101881298,0.22376015549280126,0.2695219492282948
0.2833821583055999,0.2356814674125956,0.9902439969835625,0.1626510220095449,0.08150971748510674,0.17714566444984636,0.3636852633468546,0.21500833270864736
0.32412051711582074,0.26771780816166874,1.0239158873969474,0.2966908583497146,0.01940393286664907,0.25172687075320466,0.16203181060404379,0.27014652742638795
0.43186050264220327,0.35003389647606337,1.0909243547169334,0.11999619799253058,0.07307460261603939,0.512352102853672,0.044641194902603536,0.2499359016351545
0.35272498046870726,0.2971375649188622,1.0188041372398364,0.4127541559312255,0.1235036497933205,0.3337697426079332,0.021289772164095676,0.10868267950342511
0.3110880070248543,0.2656084503091395,0.9829808002003555,0.22022443817647527,0.0029397073700347417,0.21119452762071395,0.16606163768036739,0.3995796891524087
0.25439355931563573,0.24621190745966162,0.8301530231600305,0.6237050418884866,0.02008071502720744,0.08881519312258017,0.1314376883539385,0.13596136160778707
0.21869786056467821,0.2258556293760156,0.7469278540045672,0.2708679603616755,0.1064533778069567,0.005003246574625333,0.22497692403100805,0.3926984912257344
0.23139462175108652,0.23509533602263724,0.7715789892727608,0.3154491796568268,0.38051679205560096,0.07777674128198658,0.10901532958519397,0.11724195742039178
0.2573771961278053,0.26643613155216705,0.7783373633286735,0.12641544302600677,0.590793123269534,0.16551722711209738,0.04786149361011628,0.06941271298224552
0.27704362691312495,0.25057026310866165,0.9061076286401384,0.1437481590150055,0.2896121470123728,0.17203451724746965,0.14783620575474563,0.24676897097040654
0.219654651536522,0.21083407545395844,0.8046832618077947,0.3599315391410997,0.10685353642244184,0.03213434944398807,0.3761930660107609,0.12488750898170939
0.2962196542639568,0.26220070243254456,0.9390503228239858,0.06821467769173836,0.24666463638457053,0.209612081461247,0.1570637137296023,0.31844489073284177
0.24321435970077024,0.24952607172383684,0.7743253374926302,0.0820993170262934,0.5359549197368731,0.12624300636962185,0.12692610730575654,0.12877664956145504
0.191349615516819,0.25546291682071015,0.5533077648840183,0.021678728194433394,0.7787251650983054,0.03130445244587249,0.08752893951990742,0.08076271474148135
0.23711293266706712,0.27602578143981693,0.6778820865610489,0.029295275946199174,0.062346626831869,0.017322989601599562,0.1305510873517138,0.7604840202686184
0.25574907606221287,0.23284945797389084,0.8836141507586558,0.05504767042715823,0.017528017578273686,0.13774095005108627,0.7545858667821879,0.03509749516129392
0.19632921590091654,0.24410306700526882,0.599456687276109,0.06448820486731699,0.7021154051159991,0.03873514062016336,0.14077904399784077,0.053882205398679675
0.27230653300041785,0.26208174735897277,0.8482335578140248,0.29071082777373675,0.4307739749903339,0.18195007250733633,0.040800957439857066,0.05576416728873601
0.3582807161312538,0.30777667632279765,1.0016376803287312,0.042278517289458376,0.33737294848255184,0.37481469537397344,0.08270292683751912,0.16283091201649724
0.3611766769389357,0.29586201434490966,1.051762855153729,0.06754613617962112,0.2130350741765656,0.3725814673538163,0.18167509093909212,0.16516223135090483
0.3078057005341259,0.2532748934492095,1.0178888914855078,0.00011631990416972234,0.1898304441192951,0.25618190714121547,0.4060272123917849,0.14784411644353485
0.506523765637088,0.4048536957356918,1.1276265239656573,0.07646832667571649,0.030145341999647437,0.6979421675916168,0.08561268869415016,0.10983147503886916
0.20220566346233743,0.2353820434223365,0.6466324331684085,0.26266828852263135,0.4273192450382856,0.0022258732100411895,0.056972205471716955,0.2508143877573249
0.25046685807555086,0.24241478178719533,0.8269580617057065,0.39337278890322164,0.20168675545903886,0.09307047747516276,0.07827053332779496,0.23359944483478184
0.22627917878642223,0.20980648948360217,0.8401988862227242,0.22435313104612115,0.1550227158165081,0.05718317999757661,0.4302253441149917,0.13321562902480247
0.24377535452440005,0.21879638855747421,0.8856423810372831,0.3590342157554994,0.055403715542056864,0.09685838179205478,0.47689526828853157,0.011808418621857383
0.38006452592881096,0.3114326599569423,1.0598263071523861,0.21467908748370293,0.1964800186930299,0.41592136793537166,0.09899696296578084,0.07392256292211465
0.23353729379127947,0.2681287832926186,0.684511716860247,0.24753123941360092,0.08055887207878841,0.01050597680487475,0.02037608183827916,0.6410278298644567
0.24771492463587205,0.2236061156951583,0.8842107203606915,0.041220048042442246,0.1785430821401104,0.10319660002611157,0.41056209962818935,0.26647817016314645
0.36526432585684315,0.3038277381388478,1.037641684028102,0.14404807497299096,0.0017115649262885082,0.3358367875486132,0.0932404008629525,0.42516317168915485
0.2033347108365933,0.20708186742297932,0.7404545494241479,0.18391497145796853,0.31847554828123237,0.01930101674548689,0.36744212027021295,0.11086634324509918
0.2666615728117372,0.24200952797252576,0.8952605074141288,0.32761016367103474,0.09559203004331795,0.12020479313548799,0.15552620866584402,0.3010668044843153
0.3256114295865601,0.28167056756206643,0.9784885654615966,0.44920657339576525,0.09270945966865023,0.26012984424503216,0.017435086901074818,0.18051903578947748
0.28964848533141224,0.2723642671099745,0.879882254285022,0.07787910263540554,0.451804993427645,0.22172781260178967,0.07184925056859467,0.176738840766565
0.21013119304485636,0.22254624083173466,0.7195412173505559,0.11901077275883012,0.45850110088223955,0.043030946391959646,0.23740454062837577,0.14205263933859485
0.3452172546402863,0.28201919348876076,1.0467984500921974,0.3059602484321067,0.16237835667164544,0.3352538611002108,0.17459992409737632,0.02180760969866056
0.3338444137607814,0.28166358922511336,1.007742656910919,0.17246215177103802,0.23236034189394453,0.3033735189004985,0.1100888771091927,0.18171511032532633
0.25194894563206505,0.2543484116820349,0.7939854795890163,0.6332152482016769,0.07687841059190187,0.08145749780010987,0.0333853702836698,0.17506347312264164
0.20969892972292975,0.24296596439972748,0.6572893043578448,0.06514288893960017,0.626001460006553,0.05725723181085021,0.13155228291263854,0.12004613633035804
0.26982832492394493,0.28204805290481616,0.7794002570126987,0.02649889611729742,0.006983595224763099,0.09147273219033646,0.13958171790874643,0.7354630585588566
0.23269059855873836,0.2314535210684076,0.789318726781188,0.08421920458735968,0.42987215764475073,0.09124285228027977,0.2217342132018382,0.1729315722857718
0.23099758140936946,0.2591713720387233,0.6983702713211946,0.02735302891330718,0.04101986663102525,0.0105438227221401,0.23283895117572817,0.6882443305577992
0.23781108059768408,0.22571927542683368,0.8320560140135775,0.04072039600797934,0.1998997715668155,0.07318118314370867,0.3423545377797094,0.343844111501787
0.23270010801675178,0.2147488135076508,0.8507618972723349,0.33666299066163574,0.16773201762557086,0.07548535952229511,0.37370170273568093,0.04641792945481738
0.3341612368972845,0.26853172272421333,1.0582036044550422,0.08811384207906071,0.05234958458585643,0.28881895223874027,0.2985049833015748,0.27221263779476773
0.449410153620575,0.3534875155794729,1.1299130408207516,0.1250693880202994,0.0245752551790487,0.5636857469366541,0.16501306044885594,0.1216565494151418
0.2387405377997313,0.2236603652810704,0.8438711863970361,0.4393283352933586,0.10587148511050301,0.07029165448276685,0.25708931630611503,0.12741920880725638
0.2597343464947947,0.2527416226031001,0.8298369866215385,0.05495097028161763,0.437565005010486,0.14844112196845102,0.12960363873132438,0.22943926400812092
0.3388803320589383,0.28028080858694804,1.030681813411861,0.5067016624418352,0.019919876206958627,0.3001137895557818,0.1468150590239543,0.026449612771470028
0.3622552568797677,0.3026392182000507,1.031773934445471,0.10918749406064746,0.20390061733214376,0.3638400494124361,0.08604460947890237,0.23702722971587037
0.33637334329013985,0.2666898385394498,1.073806729414546,0.1800557770409689,0.09291088034777299,0.3101392833546956,0.31764404856887685,0.09925001068768563
0.22019071380756797,0.24646407331785908,0.6905295019938946,0.7091705679906407,0.015443089322376036,0.0006617912343245465,0.09414176674935289,0.18058278470330594
0.23482398223235726,0.2523104155273217,0.7325261695839242,0.2562833521874089,0.1671665058467759,0.03446017932481971,0.04828866205539501,0.4938013005856005
0.28876282393657593,0.25097542352466934,0.9513394601886468,0.37671959699764346,0.2085343111376148,0.20309019094219735,0.16944688920078219,0.0422090117217621
0.27753078561595435,0.27896396960960634,0.8156278602371851,0.09968363302037436,0.21225386094217097,0.13739897689922,0.0033441777416902737,0.5473193513965443
0.27336523908294935,0.22998366181246363,0.9712222047542179,0.3217145230025523,0.05211991531276956,0.16547393618696696,0.4432623495661028,0.01742927593160848
0.2553971645028987,0.2207366459196812,0.9305077715896615,0.16967682376376106,0.14784390605849626,0.1281219491284696,0.43810208024773406,0.11625524080153903
0.2341769846857811,0.25280582817793124,0.7285314029870885,0.03337324018075593,0.03455279264828697,0.022163390233837874,0.26695746386628266,0.6429531130708367
0.33998817719320684,0.29372648443832167,0.9872728288282775,0.062554344307172,0.2855170762937171,0.31903171369457256,0.08090674543193753,0.2519901202726008
0.24772108328894626,0.25258818431552055,0.7827804132039802,0.1657009954361707,0.09018685444032323,0.05891159027050402,0.13852178727487516,0.5466787725781268
0.31625726899290835,0.27917692430947955,0.9537223380889132,0.2171901381696484,0.193992702150915,0.2435398502954813,0.030935981623427186,0.3143413277605281
0.3773865006831798,0.3150480890524,1.0391635818769485,0.23821286886052973,0.0773754104702017,0.37527332241613304,0.002026109745859282,0.30711228850727607
0.3623616020411986,0.28317806717317484,1.1030571864528507,0.02435241426480388,0.005359031394127259,0.3791612511396872,0.540401052995325,0.050726250206056436
0.31521916959420554,0.25883588998727647,1.0246614934553429,0.29044950856276264,0.1220526259686522,0.2549884194341932,0.21505171366807377,0.11745773236631808
0.21953104127697412,0.21438705450945977,0.7907708870989391,0.30505217599536305,0.034227804631696064,0.013802059733208744,0.3694230016760119,0.2774949579637202
0.2995995062652175,0.2541495509335406,0.9820969793115514,0.22391247499489672,0.20461397685351362,0.22319212129103483,0.18638240896531896,0.16189901789523584
0.31726793211215926,0.2583733039051622,1.0344254923885707,0.1596423641532142,0.17332142729762795,0.27140119428560777,0.2863175803254469,0.10931743393810332
0.2908908813174674,0.265557040069474,0.9071154026059578,0.11656453751118645,0.10220716225837115,0.1679769186555656,0.1319203184260054,0.4813310631488716
0.2537404287563427,0.22363365519918896,0.9110454711070768,0.12863161608842233,0.24705454980042998,0.1332706880544713,0.38205707995549754,0.10898606610117874
0.22907472356787092,0.24696572772875708,0.7250994913940003,0.38929115406086784,0.02023873666565957,0.006336295953246018,0.10172670371154849,0.482407109608678
0.31203377985771813,0.2502669479590543,1.0470171230944527,0.18381124141631539,0.08102832860492372,0.25064986193160665,0.35578401696052586,0.12872655108662825
0.3132220109371758,0.28770424385465315,0.9149048599719452,0.15757688981605097,0.4639501256013925,0.28547806691887906,0.04330224226945411,0.04969267539422339
0.21565843432503023,0.20677794101465527,0.8011417151759399,0.15681558028438664,0.16940952797860037,0.03569083008356565,0.4845838797605127,0.15350018189293463
0.1984409969402375,0.202961860984304,0.7313738463982509,0.20248886188802973,0.2500554592240595,0.0023638787835986346,0.4267815083717825,0.11831029173252977
0.30593379225903694,0.2638695741290909,0.9699253621936283,0.22089780107276033,0.14836683717026586,0.2197253681250226,0.11799270800365483,0.29301728562829626
0.2648477103805799,0.27202206701006854,0.7898172113096531,0.04410848712813784,0.4386585856545805,0.1455619930916702,0.008041574159782251,0.3636293599658291
0.21142445330191043,0.206473201030636,0.7818179429395229,0.1846389525726605,0.11886965750790192,0.016038030509853432,0.47839974066426305,0.20205361874532124
0.32515373413658555,0.2938136137038927,0.936490759117402,0.0487645979466371,0.28362852401280797,0.2726918388991928,0.024705895461980043,0.37020914367938207
0.21537411037191415,0.2098082384260858,0.7882155229580007,0.29170329558319286,0.24409258063744138,0.0400593262526193,0.3500916322742233,0.07405316525252315
0.2712798448636919,0.24760447656579912,0.8936827311556638,0.6022313180074327,0.015312088893488675,0.13695944292140638,0.18697470588600937,0.058522444291662895
0.20616635839401604,0.21495314724540254,0.7265134769844881,0.36049278809514024,0.2408416842988642,0.00446444403286561,0.22900279913431087,0.16519828443881912
0.29265148343152897,0.289542748610114,0.8380506318888103,0.024035016700730407,0.6014934922973728,0.250559231634092,0.038116836467070335,0.08579542290073443
0.3778256427381852,0.3171132724640193,1.033780895359343,0.05747681329241213,0.22563780485447799,0.40238055401836326,0.06713252304475442,0.2473723047899923
0.42982274318128305,0.3424917369133494,1.1089982684089643,0.129529115703772,0.09483095823507365,0.5232939125645576,0.13407388759888034,0.1182721258977164
0.2370028568648001,0.21427507263577927,0.8727233390449669,0.19804751211646124,0.053727692561501166,0.06969146783459079,0.4771526366735881,0.2013806908138587
0.25175981375992673,0.21963926977713186,0.9185962690763477,0.2580282541336429,0.04656413998088621,0.11555857889557941,0.5233423751962886,0.05650665179360299
0.2756781755776395,0.2780113327342749,0.8117589069411938,0.046659813093292826,0.19076760239175491,0.13090155743680212,0.0463742424585076,0.5852967846196426
0.27296490736136203,0.2412559761006572,0.9241839765591393,0.4598583734388886,0.08259976308594864,0.1464195897147923,0.19250532217608798,0.11861695158428237
0.26383664372596705,0.27446009588302805,0.7791174270269946,0.0678552503815189,0.25774572813544455,0.11063878181445132,0.014918237586334007,0.5488420020822512
0.21935953165297792,0.2088841320907805,0.8107821784154227,0.2601736767696362,0.14403630535385417,0.03487985704432225,0.39416823612364094,0.16674192470854654
0.3101505279617015,0.24750209259282796,1.0511043572859071,0.20378891668106555,0.0010363944981219074,0.23694804732080577,0.39681026807466796,0.16141637342533882
0.20554997023196803,0.20505555175070125,0.7585747808529455,0.12060673850197662,0.2471983371832971,0.021382973670345008,0.47543565744579136,0.13537629319859007
0.28422697010606873,0.2416405896254659,0.9693196431489925,0.2841524472702513,0.09816996205369165,0.17293277387724706,0.23251741479435542,0.21222740200445436
0.2836860450831071,0.24463862060665872,0.9552295729251936,0.4664020452669035,0.03284791283511816,0.16792336738779604,0.21745875755907526,0.11536791695110717
0.32575457388944656,0.25878784493599694,1.065562310152727,0.12300796866401963,0.09709292414404255,0.29620011461544676,0.4414758689480138,0.04222312362847713
0.2902730676898954,0.2642248740750752,0.9093506753706531,0.4301923110218222,0.2129741220591901,0.19288293282195734,0.027890204217785097,0.13606042987924527
0.26182493536330553,0.25635142317545595,0.8263068437046479,0.08443384096006484,0.45256432967290255,0.15411146107905113,0.09596377492921081,0.21292659335877062
0.5251132085150174,0.4202448647570887,1.1305627941215746,0.10653365206022412,0.0096928169921424,0.7408203487308593,0.06541707498208979,0.07753610723468439
0.27957200447309,0.23121935544062786,0.9928753760064829,0.2461860158692496,0.056882156679917556,0.17862197031326446,0.4496980228652582,0.06861183427231025
0.29931300010980116,0.2603617268352208,0.9575639366825517,0.37475441144947813,0.17249149160489097,0.2139985881570093,0.09834396586749637,0.1404115429211252
0.300385785260714,0.24692987185200835,1.013995525866457,0.0982561993072811,0.06721355099221041,0.2129800329835209,0.354724693884648,0.26682552283233957
0.40690768196255794,0.3210388388405407,1.1117274260384216,0.28631339156582375,0.040910797442348615,0.4682707566213287,0.1706104840559463,0.033894570314552605
0.2305968438920694,0.22188130685638363,0.8139344699685029,0.26851386170906694,0.05997838394333369,0.0357732620845326,0.2980567835164465,0.3376777087466202
0.31630040925017444,0.25441471337181226,1.0467178007153695,0.13326964000237357,0.141073417841472,0.27899897697948467,0.42565738410352216,0.021000581073147503
0.21630611308032768,0.22315252080773343,0.7452576044328704,0.0932265490097245,0.3164015885262092,0.03149096548622412,0.24814486201117214,0.31073603496667
0.22750445026752097,0.2257948471376971,0.7861315371792916,0.06367610272291431,0.28497074201756156,0.05540553127597973,0.2717061919819142,0.3242414320016301
0.38022085550836066,0.3198349919988781,1.0324725679469087,0.07391432612769207,0.3275353471289144,0.43517991151013624,0.1155891219043343,0.04778129332892293
0.43150484530853356,0.3422899373936318,1.114566347504995,0.01362989697748935,0.12101855994098287,0.5398705650640431,0.24460786428198733,0.08087311373549741
0.240000728907333,0.22295346706451138,0.8521990324212202,0.3009785169822723,0.12828148922224217,0.06965220576520545,0.25743929169952184,0.24364849633075825
0.2542904094525034,0.2509275926196184,0.8141408735474844,0.1275631789003378,0.5277912277097973,0.1600726377594052,0.16089345774374336,0.023679497886716538
0.29484828316336836,0.26616523886158583,0.9199108201003553,0.5401445795726336,0.14164657143747,0.20043202575800906,0.051125053294687244,0.06665176993720007
0.3084655432220334,0.24720729842738448,1.045541716875952,0.15928460690589236,0.04655412977139016,0.2523149596699171,0.5032775482729881,0.03856875537981215
0.23545245427974812,0.23228809954846155,0.7983726012664619,0.023044345243757685,0.3421300967097269,0.08145957730732113,0.24960705798346094,0.3037589227557333
0.2540534000178618,0.2295399807478998,0.8889667035476948,0.0611905952157209,0.26591274869819725,0.12577254429018175,0.32015628274661323,0.22696782904928678
0.26076013290258676,0.2605780237025748,0.8088177579516435,0.6749526011734772,0.006774191309215604,0.09281563047332803,0.031370612106953286,0.1940869649370258
0.3544591205424309,0.293812127919254,1.0362374170820579,0.3981075395941607,0.11369117904896252,0.3418789465729732,0.07148448317410627,0.07483785160979735
0.30810847529015906,0.27478837279949003,0.9392991146626786,0.2966504138872106,0.07285181318320773,0.20478226071583494,0.03545769132447359,0.39025782088927324
0.21918092097107075,0.2379732214907449,0.7109241952151764,0.15932451076197032,0.2655119172463513,0.01748178722846423,0.1264982314041677,0.4311835533590464
0.26050528959491986,0.24621449807620274,0.8549670764301176,0.6388667448269708,0.014614627384195876,0.1103362902527307,0.1785525426398977,0.057629794896204935
0.2602073709449541,0.2279146968318029,0.9223072222502768,0.35527598634301677,0.05534532633365207,0.11549053718786484,0.2953577119391776,0.17853043819628872
0.1959662497613275,0.22356157264513443,0.6529129672612557,0.2159246447012659,0.5230018712770431,0.019943980205309575,0.19899180846361134,0.04213769535277005
0.2573036620654394,0.23148970653455395,0.8955200003007291,0.3524616005664847,0.022003662730752046,0.09619057185156725,0.2537430408757161,0.27560112397548003
0.38452818263816096,0.3127322402481859,1.0696952203350627,0.27280317429630296,0.16071503899293582,0.42516124931192073,0.10847961383196185,0.03284092356687873
0.2620551420195818,0.22737263950577424,0.9326326266894419,0.13006936485525122,0.12628097982800457,0.12950422441302784,0.36620305020628524,0.24794238069743116
0.21609836639478142,0.2192588933752849,0.7575444892467209,0.47203655627273927,0.1565449163424695,0.021707917998283057,0.23946722708735926,0.11024338229914908
0.36592876779193534,0.29611488492058985,1.0669128229628142,0.4384992219607833,0.03400000969154378,0.36698973385195505,0.13879959288603952,0.021711441609678465
0.2204908892031745,0.21028434535139945,0.8107635826065541,0.32797118064524744,0.169666984209721,0.05264037723534658,0.4406540205510855,0.009067437358599455
0.3514203589508545,0.30729376949406473,0.9808866591962462,0.06912273929631627,0.4276127740538055,0.3789233656890447,0.1047064653786284,0.019634655582204983
0.23789217312161257,0.2412372907170505,0.7788686921624943,0.34356553570623516,0.06623929363504527,0.038324855793343826,0.12771421483800674,0.42415610002736903
0.28787757420560783,0.2658660389238313,0.8947271910639103,0.010444299391527164,0.3405173237483371,0.19933258228395698,0.1299970281323523,0.31970876644382656
0.22054999600910394,0.21698600585745909,0.7859953702320344,0.460126980597766,0.03547933138655437,0.021133924074885267,0.3325988108664744,0.1506609530743198
0.2985911208052698,0.2577229355687616,0.9645673182197035,0.0846888972412842,0.12515748251399467,0.20118893550097122,0.21795005214724109,0.3710146325965088
0.3411727342376137,0.27995181066330155,1.040081625290174,0.16541280500422595,0.10321478420044149,0.3033443284632719,0.15970480892741162,0.26832327340464895
0.2819462823775956,0.2450623298888802,0.9464787284229614,0.13206319200503433,0.04025873546998376,0.15366417357306272,0.28467225750772196,0.38934164144419725
0.271851488125188,0.2274249869910482,0.9754930232618654,0.19583434472666802,0.05202231034136552,0.1542765562203719,0.4444886265024564,0.15337816220913814
0.22869300499563272,0.21264663285047092,0.840328401161594,0.3093683774778276,0.18359602856675022,0.07161606141959359,0.41259662848151124,0.02282290405431736
0.2247692186368883,0.2183275497251066,0.8004909085314152,0.3050972158218052,0.0960619889773222,0.028459697128676072,0.286576313599116,0.28380478447308044
0.30705251997568134,0.26698501793648144,0.9627975455792687,0.226443047302449,0.25195571950467394,0.24008641277291526,0.09721735925074826,0.18429746116921358
0.26914712006866953,0.22754270833872653,0.9631032418865337,0.15716773349811305,0.10001388356479578,0.16613698526212387,0.5375289485398724,0.03915244913509485
0.258814507968393,0.2507692275126724,0.8326959014851245,0.5746961423719075,0.01336652806567354,0.08971436285491256,0.08269487930818437,0.23952808739932208
0.3249749125001687,0.28121127691902714,0.9778232064973192,0.0246222895996202,0.3745775230876415,0.30866844118147535,0.18479128527819183,0.10734046085307113
0.2442052869981074,0.2312529094776558,0.8397960805629214,0.3744171671133645,0.24611355236220675,0.09584556818939183,0.16767774300512353,0.11594596932991326
0.3193247266601788,0.2769433004127775,0.9724904926703648,0.36454114270317234,0.16526434995749748,0.2549484493104226,0.03344540625717518,0.18180065177173232
0.3488681809963849,0.2984762088827279,1.0013132440777248,0.12804009718161966,0.3294389524016731,0.35486669156601874,0.08728194213617914,0.10037231671450929
0.21408954263963234,0.240794669538636,0.681450062636473,0.0707009896985591,0.40897487153709816,0.025217127975031475,0.11529276674612092,0.3798142440431904
0.4940514933833728,0.3911361512741222,1.1352862473511574,0.14059732750784243,0.019350695476247272,0.6747750704596056,0.1406082337522131,0.024668672804091706
0.23350761474006115,0.21679500622475725,0.8464568346644196,0.0318512355784568,0.11884094429736201,0.08032585669448612,0.6099391404038831,0.15904282302581185
0.2750140115301828,0.2372358889852407,0.9484821731343597,0.34575443545758205,0.04042999144615015,0.14374833906775225,0.2466079657238915,0.22345926830462404
0.21987987296142897,0.23845344480400638,0.7124236477315707,0.13923448762849167,0.3920319565793483,0.03930349046977146,0.10311173760179942,0.3263183277205892
0.2700461206368016,0.2303517883055361,0.9552611779376978,0.047488813434066926,0.03367807047753457,0.1555709958009261,0.5870314343632772,0.1762306859241951
0.36883956861018913,0.30665091181873,1.0397476619885748,0.08722283614003276,0.2537814701193043,0.3930399670091707,0.11811771513238556,0.14783801159910687
0.25979003913674037,0.24166299531064997,0.8681099018369034,0.1363658073513642,0.4179336336243573,0.16108649267446734,0.21907070243752103,0.06554336391229028
0.35296279653933266,0.296098840987704,1.0231812982743613,0.06288080355200948,0.1198296343647296,0.3256296593874787,0.1205676937496825,0.37109220894609984
0.2232883934322745,0.26336355696871544,0.6579816715220745,0.8538583865863314,0.014217640232000783,0.008839110797754719,0.03081878437035547,0.09226607801355788
0.1827887679928246,0.2434608271911538,0.5454214935717983,0.05029186872245832,0.7323345084078244,0.008384918052393164,0.1358777004272228,0.07311100439010114
0.3018120933919264,0.2454099603507203,1.0260875028546383,0.25552487683995534,0.10549683599141846,0.23163199997717362,0.34184639395199695,0.0654998932394557
0.249510753388717,0.22163935912636798,0.9001594038853256,0.1329063031517728,0.10719283469983087,0.12554924606048307,0.6137994324216345,0.02055218366627878
0.3192109632996931,0.26553006265177365,1.0138624629209942,0.014743038400223682,0.2619555038405281,0.2872669150471477,0.3060086485913554,0.13002589412074514
0.2239174701193709,0.2295056423427814,0.7577916967270636,0.22874324929541584,0.10641364167761978,0.015548718277722287,0.2225246432410291,0.4267697475082131
0.3051886173537837,0.2916452220421665,0.874996735989346,0.01816704894745081,0.14568903002630348,0.19614963808627517,0.04647112815497874,0.5935231547849918
0.30729197999254493,0.2665341514671681,0.9653246256671104,0.08155958311037512,0.3727806741850402,0.27123099639469184,0.22237012674525306,0.05205861956463995
0.269826607253661,0.26944439666159326,0.815851470571684,0.08945225451851375,0.0174001806398114,0.09878296467603705,0.1520255071034513,0.6423390930621865
0.24658222449817777,0.2452937674371269,0.8014154886693777,0.059127252245241846,0.18204337394191628,0.07499951242010357,0.1990886819807308,0.48474117941200745
0.26566310665848614,0.2387542244009907,0.9032849877297973,0.0458281141921089,0.3313888784863973,0.16250347418382632,0.28407788638556136,0.17620164675210587
0.23551707317020001,0.272240395810691,0.6814457957929353,0.08771358978646769,0.041167282070394676,0.011546810491584122,0.12194811538163387,0.7376242022699196
0.34658708115846726,0.2744076415045323,1.080826610849205,0.25333279355105726,0.07498852897158799,0.33201934010380835,0.27710415799407895,0.06255517937946753
0.4057136171417056,0.31503335823367684,1.129130004314826,0.0032756322688758666,0.028582881997051463,0.4768972143662768,0.4117212274578271,0.07952304390996882
0.36618325637947197,0.2984313282261339,1.0594841307675538,0.04710853679899301,0.2209018928432352,0.3895560651967647,0.21189811275493506,0.13053539240607198
0.23033176445960316,0.21308587320213,0.8462868126811166,0.08104778830616241,0.21752557908566184,0.07754240204707447,0.48120489348679063,0.1426793370743107
0.3584887312991193,0.29442282272692916,1.0477745184354679,0.35891840657451857,0.09616159980470965,0.3477494565523629,0.08111760570386156,0.11605293136454721
0.4379079891123462,0.3441168451995253,1.1272566121761054,0.17219844400828344,0.013130432856246451,0.5333790354752704,0.15357110326815357,0.12772098439204604
0.23741847962208978,0.21859000979113247,0.8573972790484444,0.25178092889384707,0.2764723860158785,0.10169938022767733,0.3608329199259343,0.009214384936662684
0.26989929513661526,0.2440767890760473,0.9009430842197002,0.04831386042075899,0.3651912011186472,0.1757247644462085,0.25090394394683774,0.15986623006754766
0.23412695333222713,0.2152440623882005,0.8554333684714956,0.0488196063508392,0.1627792446474939,0.0847125793639345,0.5581991954164847,0.1454893742212477
0.2548932567481116,0.22521037389948162,0.9097860511503871,0.10961868252464618,0.10524708006968865,0.14032750653077672,0.6353216728151674,0.009485058059721132
0.2915096471309233,0.28299193681123974,0.8534152946273315,0.06317887409234531,0.5682761136103519,0.2466687652694747,0.06213512528574883,0.05974112174207919
0.223972515549743,0.23587526386356952,0.737561508994724,0.2890251341122404,0.326451588040686,0.04308321500309279,0.0794433353603013,0.2619967274836796
0.24287270943253653,0.21912060164171462,0.8802125769438321,0.21981226488152486,0.2507533989315603,0.1089524744148674,0.36166110172778265,0.0588207600442649
0.2685295598641652,0.2342353147654981,0.9329488172308411,0.04065018571619359,0.29426451313860097,0.18491271940540993,0.45998043205729555,0.020192149682499962
0.3233083480123953,0.2812453019039647,0.971779248087566,0.4368583520122305,0.08171196879701258,0.25040104927895046,0.00964047428416968,0.22138815562763675
0.24057210553504924,0.23591687850763313,0.8077934344527334,0.27897732984976803,0.10159716440482124,0.053574085342478185,0.1703522433561114,0.3954991770468211
0.23052584953570826,0.2172548500149976,0.8309404808373491,0.08818627567512456,0.06564569934850792,0.07377787280910125,0.6719615556862695,0.1004285964809968
0.29159745561398565,0.2903495975000403,0.8320915809568227,0.0005115879508152669,0.21561554367162888,0.1702423728196065,0.01949832179928812,0.5941321737586613
0.24224930664228878,0.21537652169649713,0.8926196092682813,0.20005188975754584,0.14837684978253574,0.10286562485524774,0.488974154658033,0.059731480946637786
0.374266920750015,0.29615936510976715,1.0949068608039128,0.09010625556129685,0.03496009957712326,0.3811097396367496,0.24236156460028346,0.25146234062454675
0.33783155932645437,0.29129045344692733,0.9881256179887022,0.051258742088947644,0.21899983851437047,0.30154468185345923,0.09211793596134954,0.33607880158187314
0.21910510232441455,0.25007657834433905,0.6762132761252352,0.06946559874764015,0.22987467371732753,0.005556951683382663,0.12974052258642038,0.5653622532652294
0.25750369820228586,0.25833233394343413,0.8032432295049912,0.5663527737966757,0.04713696006379092,0.08294161295327686,0.009265044751757243,0.2943036084344995
0.2119208726012781,0.20721078465900575,0.7814307197752349,0.1637052516681211,0.09469916775545664,0.023300408579353532,0.5711747995274982,0.14712037246957063
0.2502314072587155,0.2529388706694498,0.7916197566975998,0.07138534423419961,0.09253507849238606,0.06775517535507418,0.1976476607783163,0.5706767411400238
0.3519878797084979,0.2896662925243808,1.0425371798587162,0.37708373531354145,0.11973606120931087,0.3399730742023392,0.1067712657647272,0.056435863510081466
0.22156019297598817,0.21456145762473075,0.7995853256927811,0.4282839857194633,0.037846637849373546,0.040867131151297184,0.477979664331646,0.015022580948219946
0.24995660626785995,0.2605117315488257,0.7675531734369653,0.26642320091626537,0.5118327826182067,0.13364925242082792,0.0004706386168934785,0.08762412542780643
0.40226291060982877,0.32436965283013247,1.08599219296974,0.03520497780032537,0.16015839176594615,0.46447888997288667,0.17186716204382646,0.1682905784170153
0.35681901345147854,0.2997003051354043,1.0237527563172084,0.14230543216307173,0.15241787144577695,0.3392764727050422,0.06447700220623565,0.3015232214798735
0.2652092317713174,0.24275316238607478,0.886535234622602,0.2815183761982081,0.12057111389851888,0.11797523579457357,0.15114445300652316,0.3287908211021763
0.24426989675387129,0.22873956526574957,0.8493060504341197,0.042181303298389414,0.40665713746836835,0.1375066802065811,0.4060172307620714,0.0076376482645895945
0.247178548761778,0.226334728616613,0.8711811482354417,0.15098997898555291,0.00830458698606061,0.11439080270584741,0.7128898565014136,0.013424774821125553
0.26619871840818443,0.22694320661497366,0.9526556076868251,0.1418764260997896,0.030970364886247673,0.1335398121650492,0.45201159836847127,0.24160179848044214
0.3981806409112042,0.3138774696510082,1.1092884153116715,0.20735144934532426,0.0667112623836155,0.4489094784886326,0.1919179281550607,0.08510988162736688
0.2551906786972951,0.24165910585774664,0.8490914421328747,0.09771396119434873,0.44106670907173834,0.1509778559057102,0.21539378852763985,0.09484768530056273
0.2973747423394863,0.2623709495428957,0.9428434922786388,0.06102741711247364,0.30989100629149274,0.22560342105813797,0.1677091148106275,0.23576904072726815
0.36715295645784735,0.2958225136799095,1.0721055423152077,0.03165590567250762,0.21409597266923983,0.4011496273108549,0.30053944879445826,0.05255904555293952
0.2696505148534622,0.2560060760049769,0.857989459786072,0.08033787341792688,0.2548483982791609,0.13945111365432353,0.1224432566850937,0.402919357963495
0.205839475328417,0.240642522928049,0.6475974130931643,0.4758712403985203,0.44832961641077107,0.026601156898743886,0.04458258836587125,0.004615397926093496
0.25123834523967914,0.22478933154839664,0.8952308539444763,0.3814869661236076,0.08191053580034265,0.09864924124651461,0.2913172796804874,0.14663597714904777
0.43602284669801333,0.35245551515917267,1.0952384913701274,0.2829582870606262,0.10584216750641864,0.5402043944492204,0.05456101944043665,0.016434131543298144
0.2629665027505989,0.2248783449814451,0.9470298385919327,0.09616130924020835,0.14087937156812538,0.149967886621547,0.5019228939675139,0.11106853860260539
0.2407871150935466,0.24961061448565894,0.7643389504355715,0.24309338787215137,0.020573955514256354,0.034284279892132306,0.15307322204691268,0.5489751546745473
0.24800805061753267,0.24072378695921684,0.8225529064607104,0.22859415312299,0.40359676837745717,0.12241098228464693,0.13117367229862945,0.11422442391627641
0.32500893417425336,0.26721355600652147,1.0291728394480917,0.32597840144310825,0.05320366927605309,0.26234277311984583,0.1631082375948194,0.19536691856617344
0.2693142385951314,0.290283212268059,0.7555181606320658,0.14028859022103646,0.025999370361311384,0.08428436739144501,0.012402158274987142,0.73702551375122
0.476628323823936,0.3790198998534675,1.1256092991129867,0.036576261614625134,0.08671744642525563,0.6433496324610097,0.191097887148523,0.042258772350586296
0.2861078070623449,0.2649716676911022,0.8910681248290814,0.3317624332451123,0.08425993344488848,0.15286221624254048,0.03655898507844153,0.39455643198901724
0.30290186680279757,0.2677021180342006,0.944713731291763,0.4005235402573568,0.21494132743708783,0.22724242911610693,0.05456898703927618,0.1027237161501723
0.34856829739290984,0.2864847060622385,1.0421788356410417,0.2922193602687372,0.014401569995902778,0.305616902676703,0.10352736154615083,0.28423480551250624
0.3494152676318281,0.2752560390438862,1.0877700219470572,0.09599005544014978,0.1037720976992326,0.3492982161018875,0.3855049803929032,0.0654346503658271
0.2241372994622794,0.2366831382356009,0.735740200000806,0.6058065400685361,0.014825228578936733,0.011917785662093247,0.15200971199396968,0.21544073369646416
0.21252226203004992,0.23164296326661826,0.7016067301944707,0.6416317021935024,0.10275970473396602,0.005070996009736913,0.18282418829766095,0.06771340876513361
0.2143210603747382,0.21512816064372128,0.7638286865050369,0.2246282718658396,0.26542992829347967,0.026405520177311948,0.2635089533589413,0.22002732630442748
0.22959710206293935,0.23772969251634474,0.7554676917381341,0.4143323004233353,0.34481486402672074,0.06807523254245616,0.0767212051367705,0.09605639787071722
0.4659545039120855,0.3751027030240819,1.1089083084676703,0.023341646655154386,0.12674557819310395,0.6144504512327039,0.12499560082712938,0.11046672309190832
0.3399717353120936,0.2671354318525025,1.0854858649832722,0.07049625353989471,0.050089447494829305,0.3234006399769443,0.46424071049778826,0.09177294849054332
0.21585651052068297,0.22194983210766428,0.7472702679956461,0.06701692117432703,0.2874463634965791,0.02778059804140206,0.2836276969836611,0.33412842030403056
0.3485610252178678,0.2917368372266545,1.0233915883098146,0.01152216866538878,0.3252504122234368,0.3656836106080011,0.2383664136658014,0.05917739483737185
0.2943871562247684,0.2670829904835932,0.9150232883878879,0.1138468417601721,0.35158150415467326,0.21950792574181185,0.09294689044219981,0.2221168379011431
0.2848691697598224,0.27190163129579675,0.8638019883901049,0.3669004500663484,0.024751269987992285,0.13648510105556586,0.006042047265251072,0.4658211316248423
0.4809762479659713,0.386726303436774,1.1144218640830874,0.19140740794239838,0.012102991429830403,0.625500598841942,0.004278794658453117,0.16671020712737614
0.21013507167808138,0.2150472592463439,0.7446506048916496,0.18818890399997132,0.19483930944916578,0.004383426977910028,0.29764504317947776,0.31494331639347517
0.2104194787260623,0.2115395666754963,0.7583426649074462,0.28616124304381757,0.22845131100780547,0.015939272199235282,0.28660783355573943,0.18284034019340217
0.35137903966680695,0.2973204290662771,1.0136506280892832,0.4359265322694316,0.15217299621741026,0.3384825747763567,0.03145311525201293,0.04196478148478848
0.3046835904321953,0.24837013508202715,1.0254195430867041,0.043009652758354826,0.013316902748140312,0.22276271481394327,0.4514927150133991,0.2694180146661626
0.2528668952050263,0.23968504881549413,0.8463894440123804,0.2641807132625538,0.3524383683353498,0.12813740849453786,0.13874922891178448,0.116494280995774
0.22638967479806638,0.2443587190044805,0.7218472723898678,0.23967170081119976,0.03393588917721473,0.0025235852369414496,0.17454658593517838,0.5493222388394656
0.2902304584827613,0.25782708200638965,0.9317502902073249,0.1696910601370047,0.2757205736645532,0.2016519221203605,0.12419338401478426,0.22874306006329734
0.2692569946473387,0.2517761211045815,0.8708411015525371,0.5335575721230941,0.07815055824651687,0.12577650698735615,0.0777524584786238,0.18476290416440916
0.24276551612191244,0.21952845689746783,0.8780889678095118,0.3763003687552443,0.07365275040678532,0.08160439823498478,0.34244366813418714,0.1259988144687984
0.2510571545275328,0.23638238513740062,0.8505589551889219,0.1649931037802313,0.42434958882309554,0.1451285193099291,0.24626031980596252,0.019268468280781516
0.24883257801072792,0.23231446078744755,0.8558768891818862,0.023709108578246228,0.06242783869129463,0.08227528507460281,0.40646093619353285,0.4251268314623234
0.4026900756056011,0.31833211457385757,1.1079311808603967,0.26178202885600343,0.052106942590409974,0.4568874340756946,0.16063902241618008,0.06858457206171187
0.22886715975227903,0.214916009629624,0.8322654047994383,0.28857022156546114,0.003974793581225924,0.03769566627129288,0.4222991144756764,0.24746020410634345
0.40346730542950476,0.32157041677290293,1.0991909920592224,0.09040997756661824,0.13864691454851102,0.4702294593815276,0.19934678726768232,0.10136686123566088
0.5028501775897893,0.4033849835811884,1.1226252736764188,0.02321807314679817,0.0629838002216901,0.6940356614287704,0.10415531750274494,0.11560714769999653
0.26526182294871203,0.24325114781323615,0.8849365147250454,0.126715239742369,0.39556797016550205,0.16999937087498185,0.21716426929341293,0.09055314992373413
0.31277247505452377,0.2644608374941509,0.9936158319105964,0.002558646590447844,0.23171199909324602,0.25816433528964744,0.2582075763966548,0.24935744263000384
0.3386039155734157,0.2799544872506807,1.0308958374187087,0.2928867700298563,0.20013071572830488,0.3227988579047421,0.1591569743482195,0.025026681988877232
0.2105444189929201,0.22529671446590807,0.712591035219973,0.07518478021069905,0.5378998283107623,0.06552559162112394,0.3065669099064244,0.014822889950990391
0.22001907201304233,0.23130012301813302,0.7350582861545366,0.3297687140780686,0.35045028473856604,0.04295521399335686,0.10280783686525163,0.17401795032475678
0.2686864569671603,0.2635230141755172,0.8298571479662346,0.5289276145862343,0.01904614581552858,0.10317335359445917,0.0029738009297588007,0.34587908507401927
0.26021858480840676,0.2513177288291109,0.8364654009401365,0.24327365580816773,0.26015681423236786,0.11782476546507017,0.058667149191781266,0.320077615302613
0.3087725783467662,0.26911841421314087,0.9615565664779044,0.5643861745698802,0.050524235646092805,0.22592180490846803,0.09684089258372772,0.06232689229183119
0.24027241629259627,0.2577713371628033,0.7381441954984466,0.21681819971609445,0.12634674632249204,0.03984447180879399,0.060697406912876666,0.5562931752397429
0.24051015136548082,0.23286284836325116,0.8181217085702618,0.31084689292497863,0.3489487919220545,0.10143561430422844,0.16093399228424515,0.07783470856449332
0.3215659293959943,0.2892093789112953,0.9389942000438636,0.02176490658114925,0.1379136095781264,0.24250254217924427,0.0910644200924052,0.5067545215690751
0.23323861388550185,0.21893062539819777,0.8369711343592144,0.12465823593905219,0.3481370501935221,0.10153033889329989,0.3948783318845952,0.030796043089530455
0.3076259744619816,0.25321560932269827,1.0174174299565504,0.12301106876512367,0.19794538731528266,0.25142881313496346,0.30330392242479104,0.12431080835983903
0.23984095494240418,0.2157097484736425,0.8800759181525853,0.16849674950814167,0.1618952898413853,0.08650045451322838,0.40356257581186517,0.17954493032537958
0.27063440320970683,0.2350087353058461,0.9388349029774057,0.03867829840101677,0.28193142843327,0.1786144272549724,0.38792026491438464,0.11285558099635634
0.2703312239567259,0.22943014045935642,0.9603412329155488,0.06954494349674642,0.0482538961124123,0.1593264685411618,0.5786526458195451,0.14422204603013447
0.24317766581429465,0.2193736512171056,0.8805873665434606,0.3120989870609924,0.058379669235609236,0.07642020010435403,0.3462632396883233,0.2068379039107208
0.24121596831580897,0.23982708219795124,0.7973076541788592,0.43620522718191834,0.16315847079800438,0.06514286817355029,0.0828920512077774,0.25260138263874954
0.300894547196721,0.2478024870242272,1.01247792227441,0.32123553891301776,0.11809639339680823,0.22907186600345236,0.29086078372390967,0.040735417962811986
0.26123072730612723,0.2245967371711293,0.94048885111444,0.319663382236904,0.027187306474513607,0.12185430673073924,0.3833237218531316,0.14797128270471144
0.44383886979753967,0.3583074903204957,1.0991644898220303,0.3237774487596382,0.07340910429784633,0.5547247315191909,0.04124288791112323,0.006845827512201381
0.21223673374364194,0.20554509727847672,0.7892999438650696,0.23946782641506742,0.1622544693948663,0.030696592322138103,0.4864369284202922,0.08114418344763609
0.2603247621155693,0.24660067805492192,0.852896122486438,0.5626087516104461,0.13113098829299363,0.11904183489252346,0.111182510017477,0.07603591518655983
0.2097301974475893,0.22302921567604417,0.7161850834807295,0.39240539634133786,0.30988634984818575,0.019256419538490374,0.15517313055646667,0.12327870371551941
0.2762917370935511,0.23096529737471555,0.9797650974657802,0.23627709463956198,0.10681119119500841,0.16867977564454792,0.36745178674712353,0.1207801517737581
0.2306217233513637,0.24705528408972588,0.7310984017883432,0.7004864034517368,0.06459212634789854,0.035634626781476185,0.08926798298678125,0.11001886043210705
0.23374660384012463,0.2217372950832562,0.8286680135208327,0.4114708920613921,0.1496310919344737,0.062993056321976,0.24741312403370683,0.12849183564845137
0.3691065005708316,0.29369795528796216,1.0865125031529659,0.028561937479332958,0.13885125098608206,0.391315520671017,0.29856260507311677,0.14270868579045123
0.2949484930558964,0.2389129113770265,1.025262685235731,0.155708984724455,0.0299337603781219,0.20862945838458533,0.4587780640391338,0.14694973247370396
0.3134873290061239,0.280292698467477,0.9400434989807519,0.04600863615967171,0.45914894994929134,0.2953654717378824,0.17426910046751365,0.02520784168564088
0.35369546746875546,0.31346435451971677,0.9688357323245606,0.048992672556970596,0.03409495832749259,0.2997778076290893,0.03843240098429926,0.5787021605021484
0.24471524470293474,0.2400841252857845,0.8110292359861575,0.4942851127260458,0.04549664093671017,0.06028235691262875,0.12401256457933388,0.2759233248452813
0.23149640975458657,0.2233777200793198,0.8125090080162808,0.44352256207328633,0.011717585357588177,0.03658721189698668,0.2775183725874562,0.23065426808468253
0.3550053641055944,0.3077928760174362,0.9909435463617297,0.0307117905300174,0.14978735477836735,0.32605447562623174,0.053037719873647374,0.44040865919173605
0.29937851900879586,0.27590096998130353,0.9038696711566293,0.012989117480912204,0.36374703535367675,0.2283070250996203,0.09036127247935306,0.30459554958643775
0.2249348443613466,0.22821770167970593,0.7665261856280561,0.22487460766615722,0.40059805450422187,0.06761390829586073,0.17082529349958822,0.13608813603417194
0.19351719152986216,0.23548841348216945,0.6094448105011709,0.18331548824232557,0.5441495262915694,0.0007807211304982127,0.08156851480597664,0.19018574952963022
0.27444680165812496,0.2617491915833346,0.8574880415119317,0.032950952825374136,0.40011927806273734,0.17500995394790056,0.10904637630141348,0.2828734388625744
0.19446107934968423,0.21523747133965473,0.6711706769762126,0.29605667026839877,0.40395696512579893,0.0013605363575582413,0.22483140755757514,0.07379442069066898
0.25302489405812795,0.23155621369111598,0.8767844784720512,0.38398311504292604,0.21396625858542287,0.11786439907159167,0.20698989608423193,0.07719633121582754
0.3501218809892078,0.2857970597738837,1.0501223533463138,0.40916622277863945,0.008760472358889805,0.31666514349660485,0.11307104105096057,0.15233712031490532
0.22444230607829765,0.2533552878531815,0.6885283806643354,0.03601991124568034,0.34001902980438575,0.03308897490136168,0.08883594456800394,0.5020361394805682
0.4254875370531952,0.3386139251540947,1.108895733931557,0.23702479677959853,0.08555028590274452,0.5168470248684923,0.1345227679170549,0.02605512453210974
0.25611588948160996,0.22365024945817405,0.9215991932982697,0.1422957634351537,0.11138826874695673,0.11532967586793247,0.3908975292401078,0.24008876270984936
0.21489236527986105,0.21314277199667517,0.7736240067405769,0.0034044261623098044,0.184015613071272,0.030865432900538954,0.5114386276994205,0.27027590016645864
0.2195128129891343,0.23065662358918534,0.7349141349222548,0.4905899823082447,0.28971393843822324,0.04332592894161064,0.1322194443317034,0.0441507059802179
0.20988574290734222,0.21419928879984418,0.7464345180751063,0.04127564144735453,0.12959985608603208,0.005723309987009569,0.47892625289557905,0.34447493958402475
0.2564360204594885,0.22401789216251025,0.9215157703105818,0.09330246706801759,0.14103724110264654,0.12217432913832191,0.4163627034596837,0.2271232592313303
0.2436761742337029,0.22187260693021796,0.8729161157538334,0.06686942645153794,0.1214973572367024,0.11497142013428154,0.657110931129412,0.03955086504806608
0.32804782214908507,0.273761097158763,1.0156586346081016,0.012929374791755464,0.2928282238015778,0.31274315655082674,0.2829436581284047,0.09855558672743517
0.20631682472237878,0.21213409239428635,0.7368774295450732,0.3719586714378672,0.2859073157449604,0.024834018649216857,0.3125704848901706,0.004729509277784944
0.2102628077837889,0.213784730701003,0.7496457172515781,0.060036281666924596,0.4113013035761377,0.0553691235052438,0.4293211959947922,0.04397209525690162
0.320741326076641,0.27852311742872643,0.9720605189833955,0.06702051631932665,0.17566291839717757,0.2544415499814285,0.12348863456829323,0.3793863807337741
0.20314328454220199,0.21638199121804666,0.7077450562319697,0.007492719985021128,0.4658356010656363,0.039867364226584566,0.39335337659140923,0.09345093813134886
0.21261412416475164,0.20709978849362856,0.7851969591449123,0.3041917302413591,0.18944456196486106,0.03291677995311611,0.4255257458380759,0.047921182002587596
0.2087954341941192,0.2432612501051458,0.6527773499703812,0.09248641924939216,0.5560998946516772,0.036977397595112635,0.08296205937005947,0.2314742291337586
0.2750058999221339,0.2426332705378446,0.9273497382422612,0.29877201267456616,0.026861579184472857,0.13355422047449705,0.20911088952056617,0.3317012981458978
0.2765058077843682,0.2542658301838674,0.8908228353789218,0.455281336771762,0.25493495313030384,0.1756527212052882,0.0943883578113008,0.019742631081345226
0.2572918375013266,0.271237279538067,0.7642453790067383,0.15086432962434146,0.6006680380408326,0.16278289544789484,0.002055356125658865,0.08362938076127222
0.3198097820972003,0.2687657986791104,1.0038843611174515,0.21356221898947053,0.26205698613657186,0.28486778971250526,0.18290194393069362,0.0566110612307589
0.23268814958390502,0.24315870415311616,0.7513123999413442,0.3930378015283048,0.16446863682628068,0.03726465325449018,0.05364298598394441,0.35158592240698006
0.21769733753675813,0.25024380727753276,0.6701358141932899,0.6986821410783088,0.16612275501519347,0.012491902689560075,0.015898720718372956,0.1068044804985646
0.30013378656727213,0.24955206699644303,1.0023310549090239,0.23862856348993158,0.21111935124396994,0.24170050595094605,0.30392863906854,0.004622940246612434
0.25639835089712154,0.26963982155059835,0.7654594551732062,0.060756863204856223,0.24377797864767192,0.09207224168297487,0.042851874425855106,0.5605410420386419
0.3067224698104515,0.2603816294203554,0.9859469363562641,0.2342859643193305,0.19373669960897744,0.23557119493359546,0.15203510692198496,0.18437103421611162
0.19086630998300178,0.26286657557429316,0.5358852097313876,0.052293083742989924,0.81831918156639,0.033359197056499604,0.039807497369845575,0.05622104026427479
0.25539429199184266,0.24754249872422326,0.8297334520350942,0.3230741503366086,0.3880792781507061,0.13824583561828152,0.08654034773820382,0.0640603881561999
0.3542885234949842,0.2972919399338382,1.023534386982382,0.4199761268705089,0.14161889295634478,0.3447378410680871,0.045314108095816395,0.0483530310092429
0.3679965970073574,0.30102627276746735,1.05637489407112,0.23168719574416924,0.01949797623151116,0.3503831902704174,0.08505565215812344,0.3133759855957787
0.2682950672727908,0.23983291086629546,0.9101964633806584,0.102248849644588,0.31337766950476026,0.16419631535117596,0.2454091437588126,0.17476802174066325
0.21940205173522584,0.21580164452932943,0.7849896237106874,0.44726560291445894,0.15429437892772013,0.03791120254902792,0.3149238468633475,0.04560496874544546
0.48816607494518277,0.38844361943044065,1.1280043049430137,0.1323143614201332,0.030679531535021454,0.6556815421282194,0.09598601723470905,0.08533854768191698
0.21853038867936997,0.22433252759154237,0.7512525735288145,0.3073847730386641,0.1990222865603996,0.018484076361085525,0.17827268577488778,0.2968361782649629
0.2699436906254757,0.24669127872634272,0.8915746505552861,0.018566235597318948,0.3960536975954012,0.18001834612509596,0.2511915266745922,0.15417019400759174
0.4022261291311505,0.32733205542660376,1.0760514385677962,0.36139612560449696,0.010477207709978007,0.4344142608334354,0.010241502153166408,0.1834709036989233
0.237357007437272,0.2421367598654306,0.7737652372213006,0.04757227658324722,0.5042992134224265,0.10940963547254523,0.17595482729066209,0.162764047231119
0.3729405739407521,0.3117449649098674,1.0359127180582421,0.3718748321569977,0.1647952347084786,0.39073363461960786,0.019176308981094528,0.05341998953382127
0.19010561208844157,0.25465172355275917,0.5501852103483378,0.19883787512087028,0.7287615392232876,0.019265766778434508,0.01091975019871449,0.04221506867869307
0.4147343818274455,0.3397354956114486,1.0735833804207136,0.286797414090198,0.14248049272936344,0.4886384642805012,0.020890532403639906,0.061193096496297596
0.30806994498777623,0.2890526997706336,0.8928127818648901,0.0647457121958618,0.17886633747296035,0.2097728355705673,0.02407164195832077,0.5225434728022896
0.2807072669223313,0.268089881570859,0.8605593973577585,0.0920133501378125,0.27550290378660774,0.16385836758918707,0.0555928386400803,0.4130325398463122
0.2980198086427831,0.26306073903021704,0.9428233553859734,0.3733886850063827,0.11043613234785106,0.19450766918720888,0.06529618375366997,0.2563713297048872
0.22346726778223214,0.2617460661527024,0.6627311360661731,0.1319837405559774,0.6635365879378524,0.08751727469759717,0.005325021802552164,0.11163737500602079
0.2279302842802574,0.2129204944866294,0.8356653722285563,0.07396772424960342,0.2476480601089081,0.07946666350766239,0.5025451896403744,0.0963723624934518
0.3057767947629731,0.24649217431925677,1.0376669988382303,0.06960526774205335,0.0489865013077339,0.24308238040787955,0.5228392309739774,0.11548661956835578
0.29166215851109506,0.2386131770583975,1.0127779257218112,0.2203004186027321,0.07541281040675757,0.21604597577843077,0.4845890285392323,0.003651766672847248
0.31786635217890336,0.26271899884265565,1.0195926193344338,0.2325498636284467,0.07407150881129629,0.2458520484221648,0.18923062551604142,0.25829595362205077
0.23669504741936398,0.2309924978606036,0.8082299171985591,0.11303338140570013,0.4548105822560924,0.11341869657531002,0.26432784718845526,0.054409492574442185
0.2568551011249421,0.23940123751326564,0.8640519291947265,0.19679457351888346,0.21701441821708775,0.11154897410549097,0.1630863495742933,0.31155568458424454
0.2572324149050029,0.2440898082705166,0.8490006869739278,0.23853589995084873,0.2780699467961799,0.11916070288826398,0.10431106204847891,0.2599223883162285
0.2277028576519744,0.2404440171709635,0.73906125734716,0.1714226253012095,0.3508040381475838,0.05175601678262963,0.09064581223384251,0.33537150753473466
0.43746037367733476,0.36125550270727885,1.0725383302778073,0.009848897054751247,0.14061441460559596,0.5314047020918038,0.03148743316188043,0.2866445530859686
0.2204028032428107,0.21165186664127042,0.805108908071324,0.33185328955454857,0.2128210179254231,0.04950746528145633,0.3514918216956694,0.05432640554290262
0.2846754446949316,0.28026687310189585,0.8373285151314024,0.00839605930555481,0.5716436781807448,0.22756979186000878,0.06995678521398044,0.12243368543971123
0.2451544390735846,0.24974771166752924,0.7814063150791922,0.24121938889697062,0.04689764712801466,0.04840133991390876,0.13750038205972143,0.5259812420013846
0.20430126993418732,0.23230705198465992,0.6642125954246811,0.003079912356987954,0.46780540810586696,0.018167771167582756,0.1994737527197621,0.31147315564980005
0.2926728236834526,0.24389748686934093,0.9949787789878114,0.4285909102542362,0.022249131410517837,0.20023936037605108,0.32369229927024085,0.025228298688954015
0.3088970347638358,0.2819497280494948,0.9182382850831754,0.0497909592251481,0.3738050386973137,0.2529729470977626,0.06056243347719204,0.26286862150258355
0.337685595808332,0.29668103050357975,0.9696797780431763,0.6837689963596825,0.004405599129032567,0.2885573057248998,0.021453646217777046,0.0018144525686081283
0.398967524303911,0.3277433624974567,1.0647584794539324,0.04476276180923184,0.15070427500623024,0.44442987103134246,0.09073405487963773,0.26936903727355777
0.27690121624845715,0.24011315160700536,0.9449762111316075,0.10803161315123934,0.05446638115417788,0.14729138908864564,0.3257379395235573,0.36447267708237985
0.33953231883551704,0.2863409215959123,1.0111454458615892,0.34424821205142736,0.07592061184066087,0.2897065455430322,0.04380448764441446,0.24632014292046492
0.26026896146758655,0.24024934715508642,0.8752113750047078,0.5100007138160768,0.002381289319284007,0.09988063437797909,0.1795494526936305,0.2081879097930296
0.2608383555411964,0.2841014347187117,0.7421235156730098,0.039278083766139615,0.7264072006507415,0.1937025090526439,0.036407208707862765,0.0042049978226123275
0.23517422697242438,0.2265939549149812,0.8172072685782917,0.43138893909696746,0.02343341599713257,0.042895709005740315,0.24129105409723892,0.2609908818029208
0.28900296633742983,0.2367182402616708,1.0096516688922388,0.16291031753307364,0.07015824455060699,0.2085879018413203,0.5139803426290893,0.04436319344590964
0.2688123896036908,0.24816797505462643,0.8817108233063758,0.18949204024932317,0.4116628563054346,0.18093241134376029,0.17837772383033026,0.0395349682711517
0.25429582045404114,0.22696314713443683,0.9001277213213422,0.08924920210824983,0.09632541022879015,0.1403295793537033,0.6701083855602965,0.003987422748960173
0.43845609676699593,0.35781700780213277,1.0856278161652007,0.025670163052351917,0.030882876684451614,0.5169976994256305,0.055783805937427475,0.3706654549001387
0.22764275746039195,0.21228679809989878,0.8368054869657796,0.09482697211664269,0.14765324403420904,0.05868024276633039,0.4857179746022871,0.21312156648053093
0.23188853035459825,0.25718038835816687,0.7072410595371211,0.3369852285112396,0.099576691973638,0.015411452416811687,0.021830120407264696,0.5261965066910461
0.362192778021024,0.2902464669879863,1.0756126724324473,0.37386477398103446,0.014611302637787761,0.35177903663192645,0.1536244748952472,0.10612041185400395
0.19455977726421295,0.24174189164893858,0.5979922481708091,0.06032689150489137,0.6605654519271604,0.023787214759750992,0.12340966283801454,0.13191077897018252
0.2244618619700462,0.267210914161811,0.6528994615257366,0.044217999995362134,0.17886968334586437,0.0029670719829194905,0.09025232445379178,0.6836929202220623
0.2846365949780142,0.25368218178740004,0.9249234350036176,0.09440944201470809,0.11349633017449967,0.16271884473313927,0.2094291789331127,0.41994620414454026
0.30768903476271064,0.26877439822866606,0.9587558802511976,0.04176328850203472,0.4062718341918155,0.28030238237816235,0.2536993809459333,0.017963113982054177
0.4072357078443197,0.3300302219152161,1.0824333170799512,0.005428825368707704,0.22367954363030368,0.4934843616770962,0.21789753776226975,0.05950973156162257
0.3846657348587625,0.3348064016223896,0.9995798564097177,0.03394955096127979,0.4303095506987544,0.45774609429389457,0.0677631934295848,0.010231610616486357
0.3030098742333838,0.24979355326869945,1.0128759166223342,0.10040068701849701,0.16722897402110742,0.23423366665412557,0.31770670866887274,0.18042996363739738
0.38604966455137846,0.3083298887516941,1.0899029799281243,0.011962290573593468,0.11680314326839894,0.422032674542545,0.2402204995198346,0.20898139209562797
0.3554906251233088,0.2927965180750647,1.043354706304908,0.07087327638412569,0.2737090021799759,0.3751692970375846,0.22343015534674954,0.05681826905156423
0.22863132385751542,0.24838426644611428,0.7191732649308872,0.6184516952846995,0.12051830680926333,0.027959143594766624,0.023383501264894867,0.20968735304637573
0.3287103344958204,0.2629015293147795,1.060132039635694,0.11697143441591257,0.02016448345261803,0.273967612889095,0.3263022373225032,0.2625942319198712
0.19541345834890492,0.22918517595895754,0.6344802090295121,0.09910770713185363,0.5133408209650291,0.0047282110095099705,0.15964552089945383,0.2231777399941536
0.2142548501588708,0.23042667524634766,0.7128291461188989,0.5249832692957548,0.14408901699335333,0.003299414858060619,0.12646337907451458,0.20116491977831663
0.20890102636536526,0.24181838291154814,0.6571089610812911,0.4657696908003702,0.44304104772351754,0.03122594998596732,0.03204441797595678,0.027918893514188303
0.23426026637587744,0.22810239447602068,0.8077962828892963,0.5647980454959176,0.00219315937921832,0.04938863498805627,0.2803437100280599,0.10327645010874795
0.2520807877630752,0.27440265340312503,0.7364388983010243,0.017769004478959103,0.08179979743301666,0.05876782144883503,0.13121921718491078,0.7104441594542783
0.39645277713248656,0.3100831228221708,1.1172900155909915,0.022562812539547308,0.07927469346174788,0.4569144402152671,0.35603256580361775,0.0852154879798199
0.2815610346240493,0.23221281744893976,0.997193166027393,0.1735596926437847,0.013294817364661765,0.18023691437939424,0.5214299511283563,0.11147862448380294
0.3243647559990732,0.2644195689168206,1.037611388306064,0.17924964476229083,0.05387268190320235,0.2609124100264363,0.23185402515332776,0.2741112381547427
0.3705273359749367,0.31697746054173426,1.0111991415008987,0.012057100624628033,0.3629859736032753,0.41227018856608477,0.10611220118391594,0.106574536022096
0.278290518635596,0.23746741060545162,0.9613551520755711,0.06850395750710617,0.26358284514823815,0.19751939623291948,0.39612014649382,0.07427365461791628
0.24928959087702027,0.25195072066182544,0.7909863895349271,0.5181219858853788,0.2901404421872472,0.10709979728206381,0.02133486936978307,0.06330290527552682
0.2500717500143112,0.2518819437416885,0.794307630957025,0.5446246064042355,0.06442717258709192,0.06941005671560702,0.03644730959697482,0.28509085469609075
0.3029442337241769,0.25349060782226157,0.9978445982564066,0.13681749555378164,0.17007671775789515,0.2270004390520589,0.2412779896860823,0.22482735795018205
0.31907739472733787,0.2663913033158139,1.0100832548889163,0.1207223930558414,0.29028151981081673,0.29477236087166786,0.27585490403134394,0.018368822230330088
0.2204369860535642,0.21221038659375938,0.8031510087196476,0.24605286168453386,0.019606619564356564,0.0203865154834703,0.45204293729739775,0.2619110659702415
0.40891804274495713,0.335360015952055,1.070246975406484,0.08626254174945855,0.22311495030505454,0.48756113118525196,0.10121885361100878,0.10184252314922612
0.228152868105988,0.2138201105039796,0.8331904220144544,0.3795517498486379,0.07140011169815016,0.049431088502585145,0.385284881276596,0.1143321686740309
0.23752739798799902,0.2194355817972233,0.8545897454374098,0.02627061372023364,0.06846281617760604,0.08041192325028135,0.6081110059241563,0.2167436409277227
0.3043598196794324,0.2760820509871906,0.9213196539576344,0.07851495784835785,0.35994380829845196,0.24217875104000064,0.07442714169770343,0.24493534111548604
0.2484605527713531,0.22050393695508008,0.9000317886014999,0.183325309529042,0.09268833161306499,0.0937279771087836,0.3842006607039425,0.246057721045167
0.20788608774083087,0.2396193690232213,0.6589036954084052,0.35003542334138465,0.37700262148322794,0.0073460248032983354,0.01807710960316607,0.24753882076892308
0.30054006017195006,0.2563569268696668,0.9773095005906586,0.06507065754660064,0.3072817017346963,0.24658584228606872,0.27050662003301446,0.11055517839961984
0.4301200625361964,0.34502501995906204,1.1017173843835977,0.08743819928081376,0.1514626181418182,0.5352107573105775,0.15608010884777296,0.06980831641901748
0.4524896606781633,0.3747656693892023,1.0739768702243884,0.04605278996780107,0.245076672549755,0.594512810373412,0.05100670293035985,0.06335102417867206
0.26553589270528916,0.27429257345422475,0.7857882916442097,0.03877277786113809,0.32068752748317897,0.12539248117647564,0.01555860006780331,0.49958861341140387
0.2802749878534948,0.24829172988564419,0.927437204451202,0.31493375604280577,0.15525091717479614,0.1627627977627971,0.1323682306709896,0.23468429834861154
0.3515932387672802,0.2831498343593521,1.0651365537601594,0.09878125910376616,0.1908018725365217,0.3568936935992231,0.2697031240257744,0.0838200507347147
0.20532157004672988,0.24396313192990746,0.6366600101336417,0.21191645568338985,0.5164120936702626,0.0198984886155189,0.022965563145117548,0.22880739888571108
0.31295660262125596,0.2679580181979696,0.9813350777470725,0.1635691663388774,0.0381180076536704,0.21944465199381322,0.1667799545861135,0.4120882194275254
0.20711464234438087,0.22252643311854048,0.7060493449813463,0.05608131955719799,0.42175497063517764,0.026469211563546164,0.25244623976333647,0.24324825848074194
0.18661538709858624,0.22211417664665653,0.6150682912775829,0.14734417069502537,0.5578963935831708,0.0013127171384518202,0.22007656355548866,0.07337015502786345
0.32608753022667486,0.2625717195447965,1.0514747388077812,0.20022457773917737,0.0064781846876608715,0.262107356115983,0.26793244741080446,0.2632574340463743
0.2038348247861539,0.21113118364190256,0.7286219976252848,0.03812084277564767,0.22920397515016516,0.0033324317054903166,0.4337514413501438,0.295591309018553
0.20715265265625496,0.21786073366362044,0.7213445489396934,0.2320330205801371,0.4017495501907484,0.030348488536915668,0.23040534279146438,0.10546359790073427
0.25739082837917837,0.22917096156635458,0.9049611999779041,0.3595973573535449,0.1944681658720656,0.13208237395034128,0.27128135767489064,0.04257074514915751
0.310280511374852,0.25707061852642427,1.0124864244184242,0.429914523290502,0.07316985014770529,0.24546687390851316,0.2480040538282817,0.0034446988249978356
0.5555861816535236,0.44889236888575856,1.1262971186355661,0.06203479424250973,0.0027176794358515274,0.8088094531645755,0.01804949870471747,0.1083885744523457
0.28700983292532944,0.24353684590933394,0.9731990740060975,0.438962831714159,0.0631008860611124,0.18635931965328462,0.2625513960350946,0.0490255665363494
0.23938729630542727,0.22512256443701611,0.8412630549898222,0.43753963038863725,0.10324131872725213,0.06878881702905663,0.23714324086260874,0.15328699299244522
0.24523570411668888,0.24403130705929635,0.8000436766469854,0.4113076616683653,0.34487501245487445,0.10739051608331196,0.07238672785283942,0.06404008194060888
0.4092741420164226,0.3357930541078165,1.069927259129865,0.09391644647326682,0.23720935096636833,0.4930333875334493,0.11224920095308265,0.06359161407383299
0.36645362293232986,0.2894221188078351,1.0933981971932236,0.19310855493270707,0.021407219128707848,0.36158391466133455,0.21862849051675756,0.20527182076049297
0.19540264312730082,0.21121172059054016,0.6884212804136078,0.06723701204885035,0.44229492070717674,0.017847480950382823,0.383663630344384,0.08895695594920605
0.21241117205874369,0.21286529499224563,0.7629762853764399,0.3286375179689109,0.20173955001507513,0.017008877444143797,0.27538099820986983,0.1772330563620004
0.33234754977930625,0.27330879544050324,1.033071582362488,0.009007231900858968,0.039371909812133975,0.27694487853434896,0.2980419024839811,0.376634077268677
0.3258207902959196,0.27107131054404204,1.0175211450534745,0.2566812986397502,0.21709757250598752,0.2928736337841277,0.17245872830828235,0.060888766761852196
0.25382370305508306,0.23162955885062742,0.8799554947411712,0.5102088420994026,0.0038520574777189042,0.09568198751055963,0.2735043807460992,0.11675273216621967
0.2867523800984698,0.24061363329881988,0.9839524753962934,0.0047533810153119515,0.01290195500813313,0.19769912735793063,0.6329300780182217,0.15171545860040267
0.28263329422820666,0.26233943042419083,0.8867645014401735,0.4093391497072587,0.22194370690034834,0.1718100278873367,0.012283444924633583,0.18462367058042256
0.22914990735248306,0.23490130886741858,0.7626603198435034,0.13479176176776453,0.049868953777504145,0.0206635660725922,0.2859609411773165,0.5087147772048227
0.20748411479115345,0.2195074513358972,0.7174431384115808,0.5264483394434561,0.18349006149362254,0.010337912657012385,0.2574834805789532,0.022240205826955843
0.26819500609633756,0.22930901558474615,0.9515326100019772,0.1336850168210767,0.18235531764108326,0.15615698230263714,0.3661149198041984,0.16168776343100447
0.38574172716931554,0.3194506570987517,1.0509971405866534,0.17840917335200795,0.04582014437460468,0.3906410871371221,0.02988026490225012,0.35524933023401506
0.4063330918735718,0.34037681093052974,1.0468782843914086,0.09248784655064371,0.03439960783461945,0.43234018931681795,0.000616348766624541,0.44015600753129425
0.28765979594494256,0.2585198832024132,0.9193095440123736,0.058592197886613975,0.4160701433603719,0.22647833187134872,0.21130179909352256,0.0875575277881428
0.21754196520918082,0.24239685614592565,0.6911886889668183,0.017991523319671764,0.5207004463194173,0.05506088878630859,0.13679417749503595,0.2694529640795664
0.24881483024733983,0.26912279626116486,0.7387513544352591,0.2089320467045735,0.07029385527768171,0.04809808908904061,0.04174677877366244,0.6309292301550417
0.20179960294686275,0.26411722227148865,0.5747432963338773,0.006409211694381022,0.7540532768579749,0.04423054476467979,0.02336299931561629,0.1719439673673481
0.3888242278124553,0.33209822690187135,1.0202530467365951,0.018262150144896922,0.2020694113787913,0.4164983119148662,0.010752102332432215,0.35241802422901336
0.22096381762270711,0.21755908756983236,0.7858270575244575,0.14346643001816128,0.049688466497465326,0.05539512884298021,0.7179287570719639,0.03352121756942929
0.21878007648789802,0.23190040664801734,0.7278127663832668,0.3901510442638376,0.15209060085405166,0.007710861450485762,0.12087323838268167,0.3291742550489433
0.3475724574289476,0.298064171303783,0.9983503086845879,0.20026288629967565,0.10372992816648681,0.30401471710460404,0.0198270418106839,0.3721654266185496
0.3152308803740461,0.2673326019201472,0.9921381771957285,0.2789014815678472,0.18337932653014086,0.2535161377213725,0.1168283851238481,0.16737466905679138
0.3300636022652365,0.27659516379686505,1.0125397654129584,0.27587573947984606,0.14733093727539687,0.28224426418346393,0.0998664727302026,0.19468258633109048
0.2542130471097601,0.22235767538688334,0.9183989118182986,0.10174333677194614,0.04047744628603328,0.11990215844970624,0.5897666398045631,0.14811041868775113
0.3104261780430494,0.27448274855527727,0.9487888743966105,0.5756148321075819,0.0804374269638044,0.23067996838084623,0.050951043461913835,0.06231672908585355
0.2358044616240378,0.23944113257903066,0.7759922433657492,0.20146765826084528,0.19608156841665575,0.050321756497419635,0.1348748314497225,0.4172541853753569
0.31938103057669426,0.3132704404301724,0.8598992940629487,0.03659488024325164,0.003708624938866892,0.20180987806553474,0.010512161295590053,0.7473744554567566
0.2771458447467902,0.2378949820809641,0.9548156197320902,0.30495540127368825,0.20607102794346782,0.18223555306664185,0.2759398124761368,0.03079820524006531
0.22208484721142843,0.2298589669570488,0.7486540529157777,0.5523126679392897,0.20404748742076018,0.04222291741109691,0.17171717561923436,0.02969975160961876
0.3345545519570397,0.28002228851345934,1.0161853667707688,0.005643442880831708,0.3172977490650267,0.3331833969118224,0.27927570768707927,0.06459970345523984
0.3215046889967403,0.2632262780099948,1.031449789319405,0.24370610450070246,0.01532757316912623,0.24759399826173747,0.21276458140313015,0.28060774266530364
0.32927742679236893,0.2649945505145752,1.0538987547104601,0.1695098799289786,0.1425766222135909,0.2961314041693816,0.2807078233815908,0.11107427030645796
0.28482768200261804,0.2685818933875426,0.8743243226146303,0.4760334917381403,0.30683835504030244,0.19757862534676676,0.011908180473649306,0.007641347401141186
0.3503868602128689,0.29087950926204853,1.03268484251414,0.3593797081300823,0.13299513145695993,0.3331997312113387,0.07420182727588501,0.10022360192573405
0.20458690172771413,0.2142037462189548,0.7216815973409656,0.16462451643940573,0.3374166855150686,0.012553081657265914,0.2701469334247896,0.21525878296347
0.2266506567347828,0.2509748196642825,0.7038580881184826,0.2478596207772166,0.2869006595988155,0.03110336878963436,0.010372578875945561,0.423763771958388
0.4084401794284182,0.3241136770880006,1.1059088362108753,0.024841070976234645,0.053353298639917376,0.46403392622265643,0.20937333499835648,0.2483983691628352
0.32823722431617924,0.2865163519649202,0.9711041705230331,0.028938833428181595,0.2458961102619653,0.2822322892937923,0.1032759642123901,0.33965680280367067
0.3173544217738953,0.2805297615511537,0.953034074871746,0.377993847765567,0.26662280918611453,0.26871129530353743,0.02259397588686557,0.06407807185791552
0.22672854572838103,0.2272173126803714,0.7777952465135729,0.026119375827571317,0.003291657317178651,0.06506327980729643,0.801982253717101,0.10354343333085264
0.22837476118822053,0.23885576269674955,0.7467886023528121,0.6241022924834003,0.16164425902332719,0.04813317379894398,0.12216967448752664,0.04395060020680179
0.20586309290811483,0.2117747880495405,0.735985120531221,0.4025571279229957,0.1829980607350228,0.0025894809808716494,0.28751186065476664,0.12434346970634318
0.3214083768015164,0.28876136899008537,0.9399054234669293,0.022014938391830285,0.284387490024302,0.26658634549430676,0.06322547122453383,0.36378575486502696
0.20287477315124572,0.21118464597679096,0.723891514196759,0.01617592593230163,0.11938029982056132,0.001770977237160608,0.6153787068691537,0.24729409014082263
0.22487857240683362,0.21481250710389874,0.8140986517244538,0.07581049417839342,0.1832092970633578,0.07670247646173992,0.6376755795723906,0.02660215272411801
0.268884186696118,0.2610971183488083,0.8383247891832472,0.282297059338722,0.4385230170049492,0.17366638832013725,0.0368396353292369,0.0686739000069546
0.3204194880575239,0.2667026341053245,1.0139363226188893,0.16538748219078295,0.2365998296406809,0.2816544476838129,0.2060018378902455,0.11035640259447763
0.26739752541696926,0.23472914057286573,0.9261633425078881,0.493973861547822,0.018927339320641674,0.13997529071184991,0.33312145428676204,0.014002054132924368
0.30496198734498153,0.2818550663958018,0.9045854332344871,0.28900510087805326,0.405201737188197,0.25573668493009055,0.0030797699081146243,0.046976707095544516
0.46563612420036266,0.3671205598165786,1.132151586410806,0.07784222638860294,0.04948185419462489,0.6111563411836484,0.1960149112377528,0.06550466699537116
0.23123091883676375,0.2385192235694137,0.7598168236700721,0.526995328126174,0.26784227420525336,0.06648082894419989,0.09453022886994392,0.04415133985442907
0.3235423291147846,0.27712748938968557,0.9870631373206732,0.39662836760958126,0.08153659646167565,0.25343695350838136,0.04762346583104962,0.22077461658931213
0.3161638234910135,0.2932369946286931,0.9076747762608856,0.006555132644460451,0.47600608818819395,0.2876581025449895,0.053406633599720796,0.17637404302263518
0.22829872778041047,0.23808416451722858,0.7488894867995647,0.20805843767808124,0.34521344681424204,0.0547360300271787,0.0934094634976992,0.2985826219827989
0.36249208346767514,0.3043734157317555,1.0266733798561258,0.27672837652061066,0.09177142376860194,0.34304823018189107,0.008827046282009154,0.27962492324688737
0.3216735826246684,0.2662719540258993,1.0202861342214196,0.08975185207846201,0.13059284463709653,0.2633496127171147,0.23145568134421818,0.28485000922310855
0.2284622302151675,0.21057912215031208,0.8474830191749995,0.234477194265413,0.12000296361696951,0.05739963714774191,0.4359308813575791,0.15218932361229637
0.3868511551831828,0.310656886267618,1.0843189707792267,0.13006432870611345,0.19093328241030744,0.44356171257706656,0.22685612205914682,0.008584554247365796
0.21507288609269748,0.21649516991101553,0.762478378434707,0.1615048193287181,0.4023101950841803,0.05664267144055466,0.3093485877581885,0.07019372638835826
0.38893617599675756,0.3160140037982911,1.0725353051540636,0.25002192577629767,0.16353692668654027,0.4353293659194674,0.1060783773808152,0.04503340423687978
0.30644317501177315,0.25177668938708736,1.0185342242605766,0.013625089666180257,0.1706401778885763,0.24857383939778022,0.3962628614930158,0.17089803155444738
0.26048558587858944,0.2660124929525597,0.7912620326299005,0.7557738614878037,0.06298905328194769,0.10619476996090231,0.019905038361550765,0.05513727690779562
0.40220831032806464,0.3370039746200057,1.0451161910633335,0.016870229425122826,0.2791991692083195,0.4735463473881839,0.07416863299356122,0.15621562098481245
0.35843880147203006,0.3231963315650178,0.9543388069365542,0.004318977392582002,0.4715969405731162,0.3902384707684537,0.016842833282394568,0.11700277798345342
0.27041348979474406,0.2525179976783483,0.8728624962229494,0.545397890190096,0.0873387322853723,0.13110479688626892,0.07702862009855757,0.15912996053970518
0.24378898823786724,0.2518278921669967,0.7695294852778196,0.3057423640025059,0.479135351384836,0.11916595996450446,0.041420291722697,0.05453603292545662
0.26118120708185705,0.2716081423552417,0.7775216355835494,0.06768602523454081,0.6502945577437587,0.18872941306990054,0.09141997697935349,0.0018700269724465984
0.23420151127230085,0.26790052220151506,0.6875742897348451,0.12607263136570795,0.708548705076931,0.1269971403764919,0.03454922825485855,0.003832294926010631
0.3881875433532716,0.31275206878785367,1.0813279178743702,0.03415092465478309,0.1952028969128436,0.4420891721786492,0.22664605904907367,0.10191094720465052
0.27874585276924624,0.23732792091794752,0.9638387758359523,0.19195863339026525,0.20993892670659742,0.1819870063025705,0.28854863490165267,0.1275667986989141
0.24133734384657746,0.22896734938946614,0.8356533993024428,0.1943026815327166,0.022774750671208727,0.054243208201990405,0.31754139222338723,0.411137967370697
0.4243341374058259,0.3300689577737669,1.134108884187767,0.1498167176068619,0.006219380150106253,0.5062926719353729,0.23426590460755078,0.10340532570010834
0.25852207333589183,0.22220312392733246,0.9384299808677993,0.20479555067664174,0.12610472861341077,0.1405620026616146,0.4891061374927904,0.03943158055554273
0.39439152392881194,0.31263931814814866,1.1015617804207756,0.1220157225967777,0.0030463045453572785,0.42016342491257364,0.17779762877580804,0.2769769191694834
0.3255722796937928,0.30317100954132303,0.9089664612415113,0.006883906626297147,0.15697097052136968,0.24638247508086333,0.019536321414785902,0.570226326356684
0.2418450885533714,0.22073629245104884,0.8691143917619055,0.07412280333639899,0.00899433176811637,0.07964848327099029,0.5825039701231537,0.25473041150134074
0.26205907803473855,0.27927316471846164,0.7593249363880616,0.0010950871485895378,0.6496218202002058,0.17865910982426256,0.026928113465318204,0.14369586936162415
0.3168354958871981,0.2574195367073788,1.0365782616978403,0.1001667689994625,0.19112548302198265,0.27917373911666155,0.3567130799664243,0.07282092889546891
0.2179955962461902,0.21996458181939926,0.7637393022851383,0.036327103880406886,0.03449810866901045,0.042156265437698355,0.7462250200351632,0.14079350197772106
0.24301052366469755,0.24382866877723428,0.7915825675160251,0.5626533643867132,0.18019398456213173,0.07952534466938185,0.0753373234878327,0.10228998289394052
0.25952892793278676,0.2552525960488872,0.8208689399290449,0.1131067026828703,0.36954477295908106,0.13117281574654724,0.07348898930455425,0.3126867193069472
0.3201367824304156,0.2793294271083074,0.9670903106305108,0.4390563102842512,0.12427956582020717,0.25109040222322837,0.013808155222752295,0.1717655664495611
0.36958006889790973,0.3107309593598056,1.0284783645515587,0.016778062007002787,0.010799892905680435,0.3460065353599766,0.13176658516580603,0.49464892456153425
0.3310634806945113,0.2748218574925774,1.0227115239627635,0.4981581949122384,0.03302821636951984,0.2836597855594044,0.15898960433965012,0.02616419881918722
0.25179201088668296,0.2193525193486078,0.919943894357481,0.17382261875490418,0.15500573151716363,0.11951005990030983,0.43029023041367886,0.12137135941394353
0.21934717871145118,0.2461697280288437,0.6879285282860156,0.735866694699156,0.11244459243108929,0.019451869337267273,0.1004368303649965,0.03180001316749092
0.2804817605827485,0.2627424690689963,0.8772154779523819,0.2629464473484894,0.34166933137107025,0.18276833509486298,0.029735380320438248,0.18288050586513901
0.2997640678981805,0.24827776071980623,1.00598646924342,0.01362729485610641,0.18382291661368566,0.2505936769036106,0.5261155868870243,0.025840524739572962
0.4062308914464054,0.32500793524746335,1.096068288840913,0.14343696170671494,0.15816845861332282,0.48250504108632686,0.18621853024751336,0.029671008346121894
0.29760258778711807,0.24583552387021326,1.0071879925613914,0.11400014994064189,0.21147157110842962,0.23958735921655838,0.3953577951825335,0.03958312455183666
0.38260181144920913,0.300982555636418,1.105053449845069,0.29565956636028,0.005954124374365072,0.4024492762823394,0.19048897146857918,0.10544806151443639
0.22688396907849934,0.25680601780956824,0.6887843617810614,0.8075058029445045,0.045889824429701166,0.02576018755501328,0.06525945361172893,0.05558473145905211
0.3891222797627703,0.31221264590130937,1.0861900829922408,0.1657622601203522,0.0507377961210058,0.41144048973467334,0.12340331366546206,0.2486561403585065
0.25146633281009856,0.24622518804122595,0.8182198353174439,0.2833416791430069,0.10321959660961257,0.07461054368409333,0.11227034794220293,0.42655783262108427
0.39214096159559125,0.3234699384442463,1.0577210458602264,0.21341312015293568,0.07070858083175248,0.41178281456057675,0.013617824558984535,0.29047765989575064
0.3723299383117714,0.30094915039082265,1.0710445199568863,0.08915162657987465,0.2026174993086729,0.40452371870408477,0.21376608090470015,0.08994107450266757
0.2715815365280803,0.27242144290155984,0.813377736231099,0.04340429861554174,0.4353778391233215,0.16375811715396257,0.02076481208730505,0.3366949330198692
0.4751792664640222,0.37376700890163134,1.1375516199609839,0.09288288731974013,0.013490596407870198,0.6272397854070445,0.17761164940314247,0.08877508146220252
0.200988991152726,0.21969166786575114,0.6872768212811428,0.20821251960513829,0.3586633138062419,5.074557472753836e-05,0.192372873709187,0.2407005473047053
0.22157891831480508,0.22698193889638055,0.7559144095298813,0.05537153710252248,0.15805806510537082,0.0219780266071766,0.32273428634400847,0.4418580848409216
0.3294359328650799,0.29076556876799853,0.9610351529896631,0.023441121209748565,0.34708159520875664,0.3022873867911495,0.08722375218327438,0.2399661446070707
0.2535914737899742,0.25037959677687205,0.8131312471575171,8.677796202876484e-06,0.4842027086039206,0.14413865912537682,0.17463334464144792,0.19701660983305186
0.2542892246312533,0.22637879292684096,0.9024220952413756,0.11832598578051193,0.2790185049769845,0.13508889784472525,0.3422092822441299,0.12535732915364836
0.2638778653127692,0.25862755019576256,0.8269724750935427,0.020368560290493037,0.26570917908975467,0.12421219324616788,0.13038801782676457,0.45932204954682
0.24597505663674074,0.23920608421660264,0.8192728762671608,0.022017328099018327,0.15762340113015366,0.07695871774987856,0.28035094842268793,0.4630496045982615
0.28082723292083167,0.23788861431286096,0.9703164381682327,0.36938312047216115,0.0660450279616062,0.16807888606251573,0.2712202717667853,0.1252726937369315
0.34815218077632654,0.27471035596587307,1.085332876250816,0.027437069568013873,0.09237714396159258,0.34587207370344414,0.4328474376993511,0.10146627506759835
0.22362299329604568,0.21328743984041734,0.8140329005118689,0.3703625540679112,0.03797979282974123,0.0479829484648879,0.5189928180444489,0.02468188659301088
0.32986981570870627,0.2671240845552934,1.0477146460778026,0.07264521941668453,0.1869062913635421,0.30504667818232084,0.3171360320754801,0.11826577896197243
0.2316197321799375,0.23720260535251864,0.7656734288817079,0.34802697802879,0.338802076291161,0.06836984810853763,0.07825862607206195,0.16654247149944934
0.2873287230944555,0.25016065038372454,0.9487052529261258,0.38839271791933155,0.17202729558844543,0.19099051150958693,0.15275260715627487,0.0958368678263612
0.3113263166605632,0.25696901146772816,1.016956539498469,0.12001062092753458,0.22714491417542215,0.26532161727840137,0.29555307562586774,0.09196977199277422
0.27223145488012723,0.23143444132840993,0.9602350177637413,0.30942348358081456,0.001398360597365625,0.13866078737436896,0.3378271130694631,0.21269025537798777
0.3643734323147619,0.2995866344196422,1.0493573350619083,0.09892239403272039,0.1592781852419904,0.3655589052869689,0.12863676018632486,0.2476037552519954
0.264854264335646,0.26074775737648515,0.8239927602730059,0.6047240497258844,0.18719642516834906,0.13040044106290685,0.005849427611354743,0.07182965643150505
0.2308668668878633,0.21327202456454383,0.8480571573189453,0.1273781502499851,0.24386094147477555,0.0881010584718274,0.49218454923375937,0.04847530056965263
0.2656896511204252,0.22700970414890922,0.9501340567315196,0.30017457629495903,0.11944085164378469,0.14637285418918308,0.3567502405937451,0.07726147727832805
0.265861774553597,0.25311313184009376,0.8528272436294194,0.015343794114676684,0.11068094060022664,0.1133872189162026,0.2404047636753527,0.5201832826935412
0.26022523649106116,0.22998924618228936,0.9140655051516485,0.006178034042571957,0.09727493473551029,0.12417599302982738,0.4620454890537356,0.31032554913835464
0.23102913612814263,0.23023788429400122,0.7862699776070662,0.35359759943967906,0.20928956739642124,0.04997990719215222,0.13753825221921626,0.24959467375253125
0.3079207028655195,0.26557449012494233,0.9711802618699483,0.23858421451365028,0.18635740080185034,0.23128468239720223,0.10355103037256343,0.24022267191473368
0.22151477739953537,0.22395606386717176,0.7658411852659667,0.055331487970061016,0.06326645333518403,0.06337114084565736,0.7898343550490694,0.028196562800028312
0.2534206040066044,0.22012626003372213,0.9241087545640465,0.27532444537439876,0.04529346028606361,0.10759567088236027,0.42165489131348954,0.1501315321436879
0.44703052666921517,0.3573540004311728,1.111028633204525,0.051922096108707017,0.07356728143758641,0.5572182800358514,0.12263839003196224,0.19465395238589275
0.23982336382294248,0.22414215625531259,0.8468882739163142,0.16341416753906,0.12613477782285146,0.06702351993559341,0.3074251246856743,0.33600241001682085
0.31936873428239615,0.2619509362673794,1.0283175090752308,0.04933468680948333,0.23881838595259094,0.29589612023163636,0.38896807522967414,0.026982731776615244
0.22715242392848153,0.2613210814223653,0.6779109552288873,0.07872001879552808,0.4277479886366278,0.048088724669960684,0.0007549401673503033,0.4446883277305331
0.26514254673946996,0.22570547629444312,0.953200384286674,0.1034621113894205,0.14013864701645617,0.15477569279222986,0.49367556631855075,0.10794798248334275
0.2746715252245131,0.25308342357439906,0.8877370238294817,0.48330980463842127,0.20813279123601897,0.1625189156876926,0.08545010030832101,0.06058838812954602
0.398792195896606,0.31961890829153966,1.0912752244884587,0.18191835966328976,0.11012036193361219,0.44882535987046823,0.12580649817683534,0.1333294203557944
0.25666574262210745,0.2571353309881048,0.8037236338854885,0.10904263550478288,0.31496411237763333,0.11187686020180451,0.06347440989910845,0.40064198201667095
0.2916877094845615,0.24402373752834045,0.9904270458790608,0.20684066306592866,0.20385684698975776,0.21488447878562045,0.2889122501954386,0.08550576096325446
0.19999357411421256,0.21893017674967916,0.6851206002803009,0.010753838912516269,0.5196827885715103,0.04310371429520499,0.3996295535260772,0.026830104694691104
0.32941946281512124,0.25890779073816095,1.0792238503850362,0.18662583139364658,0.02582232431545596,0.2929678427492638,0.4199895073962414,0.0745944941453923
0.23432842436874846,0.23468215815345178,0.7854385941355692,0.05841755759197906,0.33478305935216246,0.07343887157028052,0.20396596818432905,0.329394543301249
0.21824009004539546,0.21315823496829245,0.7892732367127238,0.3244615180764526,0.2024818771253056,0.03382344770139932,0.2910069901725467,0.14822616692429577
0.38005582747934974,0.29926824354498704,1.1028762142273028,0.230309646334509,0.0019400033095746435,0.3913588110188699,0.19102575758227744,0.18536578175476912
0.4956123792456418,0.3952328581056544,1.1274679473297229,0.017611830438879348,0.054820586069784724,0.6786824272438164,0.1438312873296678,0.1050538689178516
0.28320236201420884,0.252526367555508,0.9234772759440595,0.5445308954177102,0.02716167765294265,0.16032937206731773,0.14001787972429947,0.12796017513772986
0.24149969342614383,0.2485737685646058,0.7703938132006551,0.0848394966087643,0.05440650277994951,0.043799512244660055,0.23597039347144222,0.580984094895184
0.232505585475477,0.23996502590966118,0.7605507710285426,0.10824490917262708,0.05386076725709196,0.026391648913187717,0.2698933744943996,0.5416093001626935
0.30787786353997415,0.2481573503188526,1.0391707648741084,0.11319583387508532,0.0906205365119611,0.24248512763626542,0.3935294404166178,0.1601690615600705
0.3400831092290945,0.3037564896949964,0.9549857174092596,0.08561875616744158,0.10854337346773191,0.2784186225914595,0.015529092813061236,0.5118901549603058
0.2846885523671162,0.2554655687362808,0.9186699934870172,0.11072145510681855,0.28566987377452513,0.18895506599090758,0.1483068418913682,0.2663467632363805
0.3317595194736892,0.2625947236927516,1.072982409971654,0.22161000475414633,0.059298844859855884,0.29525077087753476,0.32463234625350673,0.09920803325495632
0.26783337633652504,0.2584420942280278,0.8428711158187994,0.614578657272107,0.05782756745959767,0.1179272966411517,0.03771693374338208,0.1719495448837616
0.255445669639683,0.2671164232822585,0.7691240662600188,0.12855391481384157,0.23494853488419393,0.08895483179392862,0.019327902044769106,0.5282148164632666
0.2052635319267764,0.20562532551980284,0.7550798109828337,0.2782320759300129,0.11313029121509396,0.013212528604029767,0.5448976265650086,0.050527477685854534
0.240039649079243,0.23027850338773737,0.8252600493901023,0.3715766856350219,0.09063249177138896,0.057909467110492,0.1884192382220235,0.2914621172610738
0.250587849721056,0.2207318072889982,0.908740123069041,0.08757755106414923,0.09891726261740845,0.10733796795974915,0.48314547963594884,0.2230217387227443
0.2915964015535436,0.24609508737474697,0.9817197252119345,0.21581332945993195,0.1551519148809826,0.19859207414856464,0.23203207974984363,0.1984106017606772
0.27816547848881257,0.23409281392716078,0.9746795497951829,0.35667986636197974,0.0409066286078078,0.16265825274817913,0.32565560607283517,0.11409964620919803
0.22781620009300177,0.2208993767048959,0.8049646981600592,0.02131437219526703,0.026955024445711878,0.04251266735010979,0.57055317276204,0.3386647632468714
0.260601282336427,0.2329083900655901,0.9042236832993387,0.026765246111226333,0.1990597267665359,0.13103747217813969,0.3462506856392976,0.2968868693048005
0.23077771357526713,0.2302350485731451,0.785187636268309,0.14087327206376843,0.0810821886989466,0.03183549661873485,0.29121012590084266,0.45499891671770737
0.287934225484625,0.2532283595393341,0.9396033916480296,0.33830013698463146,0.007083215153475359,0.15791345847618726,0.15202052605863395,0.34468266332707176
0.1988142881240215,0.21370566570339222,0.6963516275257053,0.09306737851722627,0.43265560206579307,0.01793035488061434,0.3184294843133295,0.1379171802230367
0.23328646537988712,0.23405550424583293,0.7830897460432201,0.3065153435560269,0.4163737438444218,0.09496019989127469,0.1560200345032932,0.02613067820498358
0.220191796451533,0.21135869135157265,0.8052273382429165,0.14990532742570853,0.1243740173006103,0.056211471896813414,0.6249685364323118,0.044540646944556
0.3341401497113272,0.279278258538963,1.0174087707285169,0.13613123871675845,0.2977126389951265,0.3275690574043684,0.21246900788421064,0.026118056999535903
0.36095187368140924,0.2889120118377862,1.0762857234748608,0.23126397171469068,0.044025111968464536,0.34760559737140967,0.16790757490046046,0.2091977440449748
0.3501118210514881,0.280921415351965,1.0683123629983122,0.018945197254100554,0.1863477845245994,0.3669292765901105,0.42158475507607185,0.006192986555117741
0.2903519622631781,0.2512675712168998,0.9565578283705418,0.5496977794794573,0.008699731573790889,0.18717885407867357,0.23212633938113267,0.0222972954869457
0.26097472498827,0.2698598322297761,0.7817937306380317,0.013580285376309124,0.4241421693522425,0.13402826861769906,0.031270116156603245,0.39697916049714616
0.23213100077233356,0.24743606559715886,0.7360729743773652,0.45310887530937016,0.2120537608606259,0.042118083676483835,0.00367447436121018,0.28904480579230996
0.367399591390983,0.30333681539720425,1.0463602677946107,0.18879694971623778,0.24865947723548038,0.3965011551442576,0.13461373441825203,0.031428683485772095
0.2536480472373935,0.22767183958411583,0.8944806156501122,0.28278914071787137,0.07921685874918127,0.09602880831284044,0.2723436391662411,0.2696215530538658
0.49241744337241383,0.3912954749741165,1.130647992803083,0.09738065368649564,0.04052705417033394,0.670856200930139,0.13100949849034194,0.060226592722689605
0.37076842592533454,0.3030971405467154,1.0583023823541995,0.13806833026238585,0.09044667026593432,0.3688034162763306,0.11083436802523279,0.29184721517011625
0.2740275494724142,0.2370030952091441,0.9452515768822362,0.25210123198848877,0.23910593944635333,0.17609059752562806,0.2653676482479946,0.06733458279153533
0.28385893377272553,0.2862991311446694,0.8168342419961959,0.04173525079347044,0.6333047143878051,0.23628164289816955,0.046691716108519944,0.04198667581203489
0.31662646573261244,0.28787372806484013,0.926192423063205,0.03533182613483265,0.28318013878749665,0.25275533136188355,0.046428577536015134,0.3823041261797721
0.25845983707953246,0.23448724111680697,0.8890028987790033,0.07555610520385966,0.3602691936460888,0.15349070200672305,0.30082211891042276,0.10986188023290581
0.19707469318737028,0.20475057000069943,0.7183115201431081,0.060683659589525624,0.2620246714190199,0.00511498826402277,0.523505940107533,0.14867074061989868
0.2313293572562298,0.26072845274157286,0.6954720719949911,0.08564690068754523,0.14952811364333662,0.019798774364577713,0.10910695100941394,0.6359192602951265
0.26223915651959456,0.2368730911339681,0.896003659611799,0.07874375494397956,0.37609789279824735,0.16759072437429057,0.3102613250964059,0.06730630278707664
0.20105960238257822,0.23483404864298374,0.6432610741734172,0.095766667585118,0.5899848270551602,0.032728283844695255,0.15241553099403587,0.12910469052099066
0.27986693896719633,0.27314497012768685,0.8415565509397469,0.17324037002815162,0.1986906381711032,0.14517019488790503,0.003553278160551845,0.4793455187522882
0.2523554455250145,0.24606397118608433,0.8223692584884135,0.22302526676501938,0.024327593528831862,0.06778394127621298,0.18714023496541743,0.4977229634645184
0.2126683271400559,0.21530381299192658,0.7555292443713276,0.30026152538027917,0.22839354868769865,0.017149867576782125,0.24458166294810377,0.20961339540713633
0.2891039806199699,0.23932278040583077,0.9990857544547583,0.15980054410543065,0.16946354655535434,0.20806178124900404,0.360593357224486,0.10208077086572484
0.32041442567411044,0.28909089014042694,0.93539587339731,0.009165720603381645,0.06011041019443764,0.22899670104589653,0.13079451659507607,0.570932651561208
0.30879385018362127,0.2617887740634453,0.9885597696442927,0.013112588547234027,0.2899249041847334,0.2623077834555134,0.2782666407728563,0.1563880830396627
0.20488220056907044,0.21896466078681762,0.7073388007568153,0.02008795143984243,0.10233105330317259,0.025006615796288587,0.7806809884927621,0.07189339096793425
0.347604049658819,0.284594346004638,1.0457131486862674,0.11805855619846944,0.20269889370308483,0.33977684195302676,0.1889335875691817,0.15053212057623724
0.20892078822741583,0.20563588111139103,0.7728261593672455,0.1365419799931952,0.20239589306103642,0.02152561598586473,0.46872461618461764,0.1708118947752861
0.23825145972913656,0.23112974294242752,0.8144839228935948,0.00568058317637156,0.35009099545070965,0.09318774996007859,0.28143485021625786,0.2696058211965822
0.23642268409363246,0.22416169701775787,0.8316437936266347,0.263674324182435,0.00987827098835371,0.04423673158104849,0.32483783001017313,0.35737284323798957
0.21172819342568283,0.21205654588267733,0.7626654143237851,0.12060103451687522,0.1141589552700184,0.0379043258766448,0.6801472110227896,0.04718847331367197
0.2155778834611681,0.2139198180473632,0.7740184381818617,0.048427849254089585,0.24706821100344317,0.06358354021251596,0.6384137521632751,0.0025066473666761446
0.33150898371099974,0.2932957578708839,0.9598126674403761,0.002577122249189687,0.313972883835917,0.29905651580962755,0.07966748955774501,0.3047259885475207
0.1939275722782987,0.20408057919447242,0.7052487446203654,0.0710086915023431,0.29587728821572346,0.0012445384112954954,0.5007878915442521,0.1310815903263858
0.4165901855133992,0.3294128489219005,1.1128594003335706,0.10222369749860344,0.029724615541583614,0.4794432962427968,0.16618461603052934,0.22242377468648677
0.318347357195593,0.2878944926796144,0.9321031281214032,0.09478811243620792,0.3540287183018474,0.27180613303599044,0.027364060209971917,0.2520129760159823
0.34256219276253785,0.28643409135883185,1.0213944554387173,0.20269044717149712,0.010958112413468763,0.28532512606799887,0.11173800050465472,0.38928831384238055
0.23976546339645022,0.26017683155914695,0.7293711060252887,0.020549721705360895,0.6467351381112015,0.1324731237861805,0.1074250630291543,0.09281695336810283
0.28947576020851934,0.2996980581415385,0.799056762975161,0.006012559654224543,0.705126072098938,0.2594060743073389,0.02413691760344095,0.005318376336057828
0.3307112749838625,0.2789109547859333,1.0064548206767674,0.017355448205231647,0.3130397868944108,0.3170016272221362,0.23059625726908664,0.12200688040913477
0.19949678875879795,0.2217899979810502,0.6740465761290597,0.4011873915645007,0.3840328091497519,0.010367074952510422,0.17551516307464,0.028897561258596913
0.4144287973479181,0.33768111475030954,1.079209885981887,0.19839087131663785,0.11122641214001143,0.4779251385984968,0.030977966129200243,0.18147961181565384
0.23577927012388358,0.23182286946970163,0.8013845680922529,0.1690665900514763,0.11043574234395197,0.04606840320366313,0.24536118194765355,0.429068082453255
0.27986863072434903,0.23477751059032692,0.9790913539647177,0.03939658224892727,0.028318786252380854,0.17496235537534197,0.5537750742171443,0.20354720190620582
0.25179465353157854,0.22566747544582938,0.8942123942890414,0.07048165547221553,0.1146294434278266,0.10208025064313257,0.4022362407806124,0.3105724096762129
0.3575122447648226,0.2975026285934806,1.033645471364959,0.1037098489219206,0.03750472828486537,0.3243255421659495,0.12356724683479202,0.4108926337924726
0.30290908443764913,0.27705594456698607,0.9128448221276164,0.10843547168139149,0.21510759430535298,0.20957990607715687,0.051417024338607904,0.4154600035974907
0.42992796334055244,0.35629116956385903,1.066341228174775,0.0035142835393445703,0.23191524727571958,0.5335717361589782,0.06555693021949022,0.16544180280646742
0.33124144188259014,0.27918476387434693,1.0073667272515232,0.11994387668426577,0.20813550832503475,0.29203744061487913,0.13415702185606523,0.24572615251975494
0.29558440760256127,0.24022401137691934,1.0223141566695066,0.1475733931285324,0.10230186757179677,0.222037516860671,0.44636287831024585,0.08172434412875401
0.3690851508886178,0.30870752743111474,1.0336163602613115,0.261038683969004,0.11467260015501755,0.36334983996441883,0.008589951746914631,0.252348924164645
0.2612662269509683,0.24271406362891088,0.8704325731778624,0.11570737547848903,0.31196610888326526,0.13778772586311097,0.17545155619893713,0.2590872335761977
0.3665735074085125,0.28830692432370675,1.0980433721843894,0.2068493791761276,0.06306317212103847,0.37511129821602873,0.25332486719710695,0.10165128328969829
0.3496786885892055,0.2812419717094811,1.0655546423873363,0.1190298208976534,0.19419977928978696,0.3567254408183509,0.29226034701731146,0.03778461197689743
0.23736035482011109,0.21618116896259346,0.8666821246235868,0.15486393867710896,0.03280602584503442,0.08042583120882175,0.6053281648927566,0.12657603937627815
0.357819527439554,0.3028300356619857,1.0164762117029154,0.23330816442180946,0.26399859255718383,0.3665551524399175,0.04860303487096753,0.08753505571012178
0.43391440836992623,0.3403822446995814,1.1278919930408415,0.07855005203573356,0.05993829153127301,0.5373399893048122,0.2378952540475618,0.08627641308061958
0.32962637868676403,0.28098300744395677,0.9951718476873969,0.36355281235425674,0.07345705554998888,0.26498440610707,0.04353732003358101,0.25446840595510317
0.2681736176894598,0.2503515656822896,0.8714689564447723,0.207314543235194,0.038674423343133375,0.10854392883417283,0.1750033460553783,0.4704637585321215
0.31489866014839174,0.2683485812002295,0.9871438819001486,0.015456185172961566,0.21975492564844512,0.2567419873199228,0.2164123589035037,0.2916345429551668
0.4126029968071739,0.3322842959446753,1.0912432553464597,0.03381869031599123,0.1524543213574083,0.48821440020826445,0.1626339730596303,0.16287861505870554
0.29481348520231077,0.24037279304455222,1.0184741879541064,0.2453498222082759,0.07456715933963151,0.22181480833786624,0.4562525171264624,0.0020156929877639613
0.25389825365442115,0.22714326311009475,0.8976636632872228,0.31180183740832995,0.03768518393202593,0.09298110108532372,0.29221847044765975,0.2653134071266605
0.23051738962833623,0.23191086006498504,0.778391273171737,0.308966800158973,0.3916506704363074,0.08230232966405511,0.1483310644827151,0.06874913525794944
0.33595710256221123,0.28236398073518326,1.0127251422708827,0.09122789768331009,0.11932919578627656,0.28705822458868796,0.14702395465431398,0.35536072728741147
0.33382167086426767,0.2724126498473043,1.0418813921576642,0.383374592830247,0.005801316585452115,0.278947028781889,0.16085685273514908,0.17102020906726292
0.34427020696744975,0.2782104705015931,1.0577251331946715,0.2538511996721878,0.11804214452459674,0.3226705636150313,0.18566281945822263,0.1197732727299616
0.22858414665718457,0.25173243936069495,0.7094204748133403,0.6583044427392116,0.01832687048631316,0.012868442034087265,0.0407880751541181,0.26971216958626987
0.23230080023279812,0.2502178099627819,0.7285684430693163,0.04058825428537932,0.6276631811923402,0.11815381587646612,0.16417751117881324,0.0494172374670011
0.3600995092280509,0.29054868732589345,1.0672893141665731,0.1153006957363168,0.12134459942861478,0.35624770671107825,0.19059850709608442,0.21650849102790565
0.20706277243598303,0.21049498806666586,0.746159202547092,0.187390082541237,0.3061220382361731,0.019798251050257863,0.3135415302548209,0.17314809791751118
0.26445631794824503,0.2739229936247696,0.782907324100056,0.17924668188466478,0.06431762320261362,0.08534955418266948,0.042607182575090906,0.6284789581549611
0.21934173736042722,0.26193737976485326,0.6464970273141195,0.08745660486780527,0.7051902515232353,0.08564350563784483,0.031581224458520185,0.09012841351259443
0.30936149012688396,0.27070659848551687,0.9580907579567557,0.006378632306462326,0.37125714474968075,0.2694723587833963,0.20429726804653692,0.14859459611392378
0.19960497970068322,0.23533290670363938,0.635716363666406,0.09324926503571734,0.6153935219956967,0.035028896148678795,0.1626763221693875,0.09365199465051975
0.4163258381175681,0.33783780955858217,1.0843245715931213,0.2839108328736032,0.1340853046388028,0.49691142298400337,0.06764957664051714,0.017442862863073366
0.3564700521983844,0.30868048850676283,0.9928390799202393,0.16942578648950893,0.30030499675779293,0.36006618466499135,0.00012337093187024637,0.17007966115583653
0.20353380842833166,0.2231696084667452,0.687969161585951,0.06841172746845363,0.5302658661651177,0.042330466714102746,0.2800845531201372,0.07890738653218864
0.21019372329712768,0.2638375023771489,0.6071681313452356,0.11883018080251967,0.7607890023371764,0.07412465543067667,0.0269042070788039,0.019351954350823354
0.24320217892627818,0.22210138947136496,0.8698828016615686,0.20903621460281363,0.305455683983167,0.11798014913084147,0.34878674477045074,0.018741207512727173
0.3635797840211412,0.29019820823659165,1.0805710549580207,0.17584542105997342,0.15314773379471022,0.3822897754784452,0.2489504078269393,0.0397666618399318
0.2118074979180835,0.23371890634321124,0.6923166826755242,0.20167397858592012,0.5422688984719839,0.05697237792856551,0.1491521918401717,0.049932553173358984
0.24805518290194764,0.25837395008427305,0.7665447032773566,0.20605995008304787,0.27269426568613225,0.08055203597137806,0.009166904572623247,0.43152684368681865
0.20115625458231123,0.23899005746044955,0.6324792595496408,0.0036355017190449787,0.6525024406695407,0.045070354300595396,0.19615806679525416,0.1026336365155648
0.2718475064655422,0.23485455019881646,0.9446165989874876,0.013162052778005588,0.13669503138806893,0.15557037611414917,0.4126133394651265,0.2819592002546499
0.32665924511134936,0.28721312442165947,0.9632541885696843,0.05796896377474199,0.16464002747886708,0.2622610713239205,0.08682991573114202,0.4283000216913284
0.27685399272809896,0.24835739540562443,0.9134175060806807,0.4478466752429462,0.07791389465404144,0.14598867688332443,0.12381755904499896,0.20443319417468897
0.40456374565701086,0.3423669657497524,1.0356248736806386,0.05534710502826559,0.3192718216425243,0.4855233322914054,0.042855338760757214,0.09700240227704746
0.226339024426723,0.2331993595917306,0.7561728502833165,0.5232631533326825,0.22626053597145715,0.04951069990698896,0.12373309186814374,0.07723251892072772
0.24797508564980944,0.23033831731689203,0.8594969693098943,0.16541044833004584,0.10779516601189419,0.08047868139065073,0.2759479741195502,0.370367730147859
0.36679233827541907,0.300929439125582,1.0527130186927882,0.4294913922504835,0.03500601022551042,0.35891427501932144,0.06098836695741312,0.11559995554727151
0.23666682754424195,0.24601202351956739,0.7587711562780377,0.5855194936697474,0.15314627796623032,0.05546076092211292,0.044018197041212126,0.16185527040069736
0.24442009713721743,0.24168250918569242,0.8044442181284961,0.11655703075388858,0.4764970867067699,0.125476761096672,0.16982722278389398,0.11164189865877557
0.36087827415674445,0.2980769095161416,1.0429465155868092,0.28061033067529306,0.00986271937554663,0.3303627828606059,0.06274157660414727,0.316422590484407
0.25587378792028836,0.22520959425056516,0.914143061290879,0.007946866098643708,0.12675159138275263,0.13427008901083617,0.58323137422438,0.14780007928338765
0.2844568917763946,0.25927331552334804,0.9042846978029304,0.2136080970986648,0.36092512315470354,0.20225872760931288,0.09665132967676969,0.1265567224605492
0.3669773760634291,0.2901539178648897,1.092445617815265,0.042491048240440726,0.13470922935692317,0.4004945824832274,0.4127724301578687,0.009532709761540083
0.3118521316424322,0.2794979786771623,0.9368659225435324,0.06659668317135047,0.22488483039220045,0.2354859721959331,0.07973300805962506,0.39329950618089105
0.29027152432364933,0.25895002744644413,0.9278683099322789,0.2123612750486153,0.20686540116602709,0.18790245296030422,0.09910383064893802,0.29376704017611543
0.2223354208835691,0.23729824249417467,0.726239769297068,0.6334065905700612,0.15372124955624594,0.03233654975625353,0.12709688360205573,0.05343872651538365
0.3095892157769816,0.2743582799506025,0.9461686952685371,0.20907320840458365,0.05626755738913268,0.20627221626020162,0.0828941332246486,0.44549288472143334
0.24591857757345414,0.2824468545715522,0.693647581491555,0.009142141851038696,0.26460055184283265,0.06073310124552393,0.00032452668483838837,0.6651996783757662
0.33084902443903497,0.26504561518963304,1.0596252431419966,0.28579777568703185,0.026745896661586888,0.2800362662648076,0.24280843977023497,0.1646116216163386
0.21891578446846824,0.23952004435215168,0.7052260904733371,0.13888864363559217,0.5573920162850271,0.07187457171069817,0.12983234354622655,0.10201242482245594
0.2796430662928264,0.2551710119394122,0.8999575012358882,0.12522735090072282,0.2107760691983241,0.16095148163582532,0.13568012727157336,0.3673649709935545
0.4321536450870176,0.35663931093858614,1.0715410033775696,0.15593417961856265,0.18152316003709826,0.5303974491496086,0.0009158065241575497,0.13122940467057298
0.2915682241376712,0.2551362578629148,0.9468204408150656,0.1248872926216309,0.23235686128477123,0.200175093623657,0.17154461039388066,0.2710361420760603
0.21737999687699028,0.21542108003480617,0.7769898695612623,0.3590373880905527,0.0032343745302847227,0.005177473339419248,0.3664046293318728,0.26614613470787063
0.39256906628481264,0.32205342883106325,1.063702589747961,0.10012046836789623,0.08533807585719841,0.4167127147741142,0.07424183299387142,0.3235869080069197
0.2508319406639821,0.2284735542851701,0.8790161351160712,0.37137848000087786,0.11024378155491868,0.09433742591751276,0.22798560954608849,0.19605470298060212
0.31572910833597306,0.2678635752825462,0.9920315147577582,0.3054876187407629,0.08298520284471206,0.23599087948946054,0.10772003329171452,0.26781626563335004
0.37256723101183753,0.30639938692694985,1.0527672207410204,0.0371162436109729,0.12413837533919665,0.3777964218302201,0.14152854200000117,0.3194204172196091
0.2522145132146656,0.246782607946845,0.8194034210799044,0.272090774632931,0.23098918726541276,0.09486969966377051,0.06970268125546332,0.3323476571824225
0.20642254545714733,0.21385622992382594,0.7314378707268147,0.4835252215768577,0.12329255183429873,0.001866906971362117,0.32250519340739675,0.06881012621008482
0.2596411220158255,0.24973154121279467,0.8394659360917156,0.0016587933448970278,0.27287956413398945,0.12162443352514288,0.1929460646227259,0.4108911443732448
0.25428108197114696,0.24925465661971122,0.8195677655195,0.20618967810201172,0.18514205851138085,0.0908892426664832,0.09636738572927867,0.4214116349908456
0.2327017187500109,0.2201058835810559,0.83006285782783,0.27857275185730535,0.08344939287186165,0.046407376589344185,0.2992900310786666,0.2922804476028221
0.2326684730043706,0.24181800761546357,0.7553964851734618,0.21481653950466015,0.12910138048511852,0.031393376115792807,0.14369237454985548,0.48099632934457304
0.2927494440204184,0.2493306948950762,0.9736043294732432,0.04584005123185319,0.30889081907093435,0.23780735727037472,0.3643831882682908,0.04307858415854704
0.3216213183515761,0.2772370960181508,0.9797437725786631,0.38824001367696737,0.1325961613035457,0.256652833016704,0.03870302479906799,0.1838079672037149
0.2592295330483369,0.2297560071307851,0.9106596848596703,0.4126982653468006,0.13764369247546362,0.13163117582222386,0.29138112308859293,0.026645743266918938
0.2400627888500803,0.22235736732259714,0.8547627233521626,0.47851410675530603,0.01576611523431808,0.07605463933991465,0.39243824515296255,0.0372268935174988
0.24839699892248918,0.23261628743348842,0.852893841232921,0.3407301870239817,0.19355773966242154,0.09394688170250319,0.16316973865820839,0.20859545295288515
0.21814610188132644,0.23749356470246494,0.7080027709044753,0.07987989834404487,0.5034309120593476,0.05761223333987198,0.14181592393896797,0.21726103231776756
0.26083177503810007,0.2290390935611564,0.9205056296723654,0.41640595375792006,0.010183990409819977,0.11420480847728817,0.31206548846618626,0.14713975888878544
0.23793674311087018,0.2433334193858903,0.7723425067759834,0.3764388505292915,0.2661107315592477,0.06740051623237787,0.03980503877788637,0.25024486290119663
0.30785092694254,0.2552898897620028,1.0100318785946627,0.36189413733686304,0.11187333973045174,0.238818136073194,0.21823948368520693,0.06917490317428439
0.2665360728671851,0.23252316014188942,0.9312451832112176,0.1590414595473873,0.28977895760004296,0.172120352655462,0.3516427715967029,0.027416458600405095
0.3001017654392751,0.2540151800097026,0.9845937767566568,0.11140203656353473,0.18309050335562813,0.21949138786682837,0.23176252954349194,0.25425354267051675
0.2846759823748638,0.2688295898820468,0.8729544336165954,0.12163754227254128,0.011422351190132855,0.13716436934240595,0.1489075934346031,0.5808681437603168
0.2484058326676777,0.24867828227357408,0.7978414152362889,0.1089862746020744,0.10704288406790291,0.06667960646256209,0.18664290661718977,0.5306483282502708
0.21489562508138255,0.21574807358063472,0.7642970912542293,0.2977702656000223,0.18697778530912876,0.01622105081944569,0.2558662960949818,0.24316460217642158
0.3210589457569672,0.27433269730699866,0.9880664915915295,0.33452494336306104,0.029781919803774846,0.23743964044495838,0.07849062218715536,0.3197628742010504
0.25784076850379123,0.26632366977030686,0.7804066708867646,0.09858233953690473,0.4130575036732526,0.12533856418421224,0.003239709110572547,0.3597818834950579
0.34263328357575557,0.2734090714602602,1.0703130002703278,0.015930388694649848,0.14268501460399774,0.3443362906900885,0.46138966239422824,0.035658643617035704
0.3671495824263345,0.28984697907393475,1.0941966117419335,0.27495245793247663,0.07239943078194908,0.38288132462791774,0.2570221704669149,0.012744616190741615
0.37014742287204755,0.30165112797417837,1.061316843142892,0.12584643747657123,0.09904657075553182,0.37021752372904615,0.1271283167875976,0.2777611512512532
0.3240625741863709,0.2895250176943469,0.9465937567982475,0.09962995253863599,0.4012385075879319,0.2999663067865393,0.06028050946343966,0.13888472362345317
0.20065156253262362,0.23354247865338656,0.6450713523350672,0.36271578878124194,0.469906926226849,0.014470714295523816,0.07375137597585878,0.07915519472052646
0.30014345028861766,0.24474214236107739,1.0220693823933744,0.17715815435464596,0.05764185168568103,0.21310212642576268,0.3382804299068975,0.21381743762701289
0.3342047097662101,0.2619577706286772,1.0849256698289274,0.15629770586947114,0.009804558695088714,0.29767597903015386,0.3990196455190534,0.1372021108862329
0.3655192794825388,0.30356626106640916,1.0393753191614228,0.4715867946329943,0.031173089282933053,0.35320809645661677,0.02806305643841003,0.1159689631890459
0.24691622685032408,0.22385593491691952,0.8796560471957391,0.1260955849191746,0.28387387676950193,0.11563754530330989,0.3268343696018135,0.14755862340619996
0.23376126613427398,0.240394938149954,0.764414041112825,0.35793364922753473,0.18240087630464533,0.044011929201711396,0.07436651057056694,0.3412870346955416
0.3457895112860282,0.287943182040268,1.0272495746909645,0.1587045128840593,0.2493047389936789,0.3400576813615852,0.13884843700558816,0.11308462975508828
0.29949611195266995,0.2663474492985242,0.9367317487355881,0.39138686867167416,0.14683316579554914,0.20294522910161963,0.03889878334556462,0.21993595308559238
0.2450769183049482,0.2425988301197002,0.8041131864019943,0.06299946282990154,0.5320500085146771,0.14514810860117405,0.2522367446823737,0.007565675371873626
0.3113762231361152,0.2889662888363173,0.9045215072965473,0.03213702794508612,0.48067165260729683,0.2787116876532985,0.060461011564686216,0.14801862022963233
0.20567487869425835,0.22333949030114958,0.6970324794972322,0.159123537517875,0.3816184761265497,0.012816684535281933,0.18678392010327663,0.25965738171701674
0.22485636147061286,0.22808734643671225,0.7666201751315938,0.4506603797103638,0.19458990170883556,0.03822031251432524,0.14617926070097345,0.17035014536550208
0.3767372948887969,0.3213853606724814,1.0166527006865431,0.23452096224651076,0.30751914675123443,0.41954951917837985,0.018573306548346942,0.01983706527552802
0.22766336871947324,0.23879169461388555,0.7440098325310107,0.38169972353106774,0.06975223457556029,0.01446722667949567,0.12299888057380987,0.41108193464006626
0.19179523737208468,0.24517946158096418,0.578332444560249,0.07511461262990875,0.6185059315796518,0.002010738117218765,0.06452212475936425,0.23984659291385646
0.34280306902014546,0.2876050852430606,1.0180733375165878,0.015480614702417659,0.33161164144598876,0.35385685090872615,0.2498091449161925,0.049241748026674935
0.2603545937408374,0.239538683430653,0.878165441707187,0.22255852464067405,0.06116268519012207,0.09923216682189406,0.2180291010552891,0.39901752229202064
0.39233942643805847,0.32653777606736395,1.0483914925893127,0.015491622158178188,0.054833288469713165,0.40694507117762035,0.0873336259993249,0.43539639219516335
0.22750957931415475,0.23330052464982423,0.7608623237371209,0.627313704543067,0.09865182682628652,0.04481087733324401,0.20633493417606358,0.022888657121339136
0.2664992674776827,0.26200368699567783,0.8263214535650951,0.07905413670060524,0.41826818232680585,0.15476169057591485,0.061265931569390655,0.28665005882728345
0.27160247550930006,0.2506012926746772,0.8842830503551213,0.5266983474745313,0.05332891903053577,0.1294454346719738,0.09982230951684803,0.19070498930611107
0.31764826315327904,0.2851619797285648,0.9385832690881288,0.366048824221056,0.3175925118570919,0.27582655790866245,0.0016010818073041392,0.03893102420588548
0.24662265282733745,0.21957123948685825,0.8954845511044522,0.1893237658289922,0.2377943650984323,0.11861763925613933,0.3957084027384095,0.05855582707802658
0.2718992276206588,0.26253882288527924,0.8452053878432351,0.22756706557530382,0.25439970653103755,0.14016984767549923,0.015427347350408308,0.36243603286775117
0.28110610932529384,0.24138168847346106,0.9574301629375794,0.4532171655177426,0.030400877369201298,0.16397742583190764,0.24804111239384835,0.10436341888730004
0.2822098114482111,0.26964779608078043,0.8611596861657503,0.07924369819476472,0.13211807226411265,0.1456781082141195,0.10386048238964271,0.5390996389373606
0.30308780812844466,0.2483084802329602,1.0192475419727935,0.354990818185417,0.07196941044959841,0.2295559894890108,0.3041294945248386,0.03935428735113515
0.2741278450006513,0.27417973430260245,0.8174486184062362,0.1105007520888489,0.5874878198206586,0.20849239695923216,0.060903139211389616,0.03261589191987072
0.2532488195638614,0.22557964117939164,0.9010069282015939,0.2436480139355404,0.2646990899141874,0.13581904823786836,0.3320932201026883,0.023740627809715486
0.19845911127013538,0.20866381802823983,0.7114751022625468,0.047634766539438426,0.24004965778660153,0.019382568028860788,0.646360008750372,0.046572998894727234
0.2572202839946468,0.22362736033761,0.9266320707886843,0.262615136511177,0.11630099697451576,0.11962895193320121,0.3392680321366684,0.16218688244443752
0.2796729377827087,0.23707134728941934,0.9687924770694513,0.24586484370243109,0.1337486392438364,0.1708412836043997,0.2718562969047539,0.17768893654457896
0.38888289886176586,0.3219951136317275,1.0524473338727534,0.14010806757187652,0.22815306173630823,0.43634106998315697,0.06927705142577467,0.1261207492828837
0.2650822810976752,0.2282159335599153,0.9424507646886451,0.02513681310312822,0.12381792298445685,0.14797084837196772,0.5023954957968304,0.20067891974361668
0.2635194300681164,0.2249850776066275,0.9490381866189451,0.2901095518342349,0.004239204369615203,0.13796277299608847,0.5115775397861685,0.05611093101389299
0.37459694834038215,0.305015273234632,1.0641989986209215,0.01053215744917545,0.18681093480106764,0.400789869586134,0.19926302342119667,0.2026040147424262
0.38318403831766695,0.3127879255752963,1.0652074810907648,0.3197472558654502,0.08470760669674286,0.40222116994765644,0.04795569094677846,0.14536827654337212
0.30626646165073224,0.2602907992957359,0.9845390707013377,0.17432919878071357,0.28790980516408177,0.2561452559571161,0.20894006952032126,0.07267567057776712
0.3324233571697125,0.27620849349068677,1.0225006248015154,0.017747109524692006,0.033249588629450405,0.2722495339144111,0.26490071653778674,0.4118530513936598
0.3111508532679796,0.25933113191352497,1.007016979955424,0.018964550772484327,0.18467986947402554,0.251017942723575,0.29758944077147226,0.24774819625844294
0.24156493029179407,0.24582697129767936,0.779267341091805,0.6243823578265858,0.1892451880982027,0.08401399030551887,0.097238841506883,0.005119622262809712
0.26264869461883683,0.25131964827915076,0.8461284108699669,0.10383179104361723,0.02316749329523017,0.09337728408328966,0.23820795789962224,0.5414154736782407
0.23911091227982062,0.26307710302812537,0.7188421573108281,0.3040135040013212,0.04838220266062342,0.02391523974203788,0.03563557833474707,0.5880534752612705
0.35917821972000835,0.30014893661328257,1.0300826756496535,0.14152844188535663,0.035767634149813377,0.3261140482997476,0.08925493963994013,0.4073349360251423
0.2628207318136159,0.23283557502547286,0.9140387236371965,0.05237274574015196,0.0866331752231265,0.1219216983512592,0.38693159250246817,0.35214078818299416
0.23865761807249797,0.2163610160062928,0.8719575344710478,0.13618959738983538,0.03997918674063177,0.08234299389726363,0.5922615836274461,0.14922663834482305
0.28279989133822775,0.2508069714041604,0.9282034308491556,0.3266899589161167,0.12851236177325778,0.1632885328304035,0.12048982827913629,0.26101931820108576
0.2778204899111036,0.2525057158887782,0.9022389418362801,0.4913084869971295,0.1824032388738582,0.1689061883841294,0.1071642484460615,0.05021783729882123
0.3044513534717662,0.2564651570432335,0.9921478473150728,0.3678067988935628,0.04988838988780967,0.2117980983904695,0.16499523696987814,0.20551147585827995
0.3458938028992788,0.292437284129984,1.011819692484076,0.3840674921582462,0.13583731469335938,0.317483690552856,0.025534387240818784,0.13707711535471967
0.30346980053017114,0.25237749399522225,1.0043280663329257,0.230013295673129,0.04927303979612919,0.2098598602650955,0.23430521656728592,0.2765485876983604
0.23710812433882292,0.22010383138331877,0.8500902649575752,0.09752884565146766,0.2974508390086917,0.09428500072937257,0.34915134160337136,0.16158397300709681
0.24114334285555303,0.2397184262724043,0.7973660841505236,0.4787193577065373,0.28274936201125994,0.09294715818450498,0.10311620059738846,0.042467921500309286
0.1975451276476895,0.2416478600008939,0.6105790783628033,0.27100346517400353,0.5315988905142545,0.005928691601174589,0.01929643876401339,0.17217251394655397
0.26790235168619136,0.24859998442893758,0.876517961924808,0.5147149639654806,0.06600654283468622,0.1219057275299684,0.10152175023216135,0.1958510154377036
0.38241446944123325,0.3025422601009802,1.0987373113768721,0.08433114027822994,0.14385093710899138,0.4314149663548585,0.31239071268063234,0.02801224357728776
0.40414315919526317,0.32881732817234227,1.077020974422756,0.16847154065836742,0.10756624230072798,0.4524015564443884,0.056661790031647785,0.21489887056486842
0.38745357813316406,0.30987660472615125,1.0889934024912387,0.22986921373016167,0.043851551386034575,0.40900168797090475,0.11833291138732878,0.1989446355255701
0.366214416466017,0.29924530567708907,1.0567063558458591,0.06528937003813777,0.12346893647047898,0.36532241390539616,0.1591217350159967,0.2867975445699904
0.29613335587581036,0.2775443094164466,0.8868254456137846,0.14579149636897978,0.31846349984596967,0.207838164458355,0.0014381391606616504,0.32646870016603396
0.23087834704908486,0.22750597148826995,0.7950487886794251,0.3498274199799386,0.26670723974135285,0.06307575533882297,0.15879969451968734,0.16158989042019822
0.21527025800479271,0.2525739433922368,0.6543440538050075,0.7650258674700263,0.15823470919444374,0.012003324962664172,0.04174100925715741,0.02299508911570827
0.2965085004613501,0.263332025894341,0.936112877361369,0.22927186969856558,0.05328053468086141,0.17804998232128041,0.11920458669519517,0.42019302660409724
0.33627614168878395,0.28457506134054106,1.0059776156780207,0.08739668723310325,0.1386509794053568,0.2889755135350443,0.1284805654180227,0.3564962544084729
0.24787666864251273,0.21753887188311066,0.9096152192461358,0.1590410526870651,0.07756027280118154,0.10289073650170823,0.5014984854213026,0.1590094525887426
0.2537450584456663,0.22314729267924197,0.9130518950034274,0.39272153785042363,0.032857887116235954,0.11014512706551462,0.3992879438851961,0.06498750408262964
0.36373350692873613,0.3001083049355345,1.0454009494876473,0.525579768342571,0.015640444549156637,0.35681001009655283,0.09023700910285483,0.011732767908864784
0.223254457555598,0.24634394637942786,0.7033030853891786,0.5796091729543236,0.07949995012581886,0.006162693508919426,0.03997540352613348,0.2947527798848048
0.26431687322646147,0.2591767905461457,0.8269138327349685,0.6230640278994302,0.019335341542216833,0.10140673947833621,0.03259601199011165,0.2235978790899051
0.24847007778875896,0.2532627212173009,0.783652946769337,0.03602127292549298,0.07862822856692096,0.06269561289576937,0.23056221356121961,0.592092672050597
0.3088805326333586,0.24677694842792383,1.0490466564342409,0.21404212878528123,0.017949623959257508,0.24788292178684163,0.4777272664647127,0.04239805900390689
0.38446219947344384,0.3041875194723783,1.0995263712777494,0.022684748385155187,0.06250929593400255,0.4119124377768871,0.26915859328960884,0.23373492461434622
0.4326340603870551,0.35438451420919453,1.0797143922637227,0.04307030420763841,0.06060412860702908,0.5069614707832508,0.04131005777944708,0.34805403862263457
0.25542087223973753,0.22179989993831248,0.9261540347712947,0.16903557619075155,0.025602704645378272,0.12254381380602272,0.5773111811818596,0.10550672417598786
0.2647381277428587,0.23615574390291025,0.9093072401878276,0.26455510420887207,0.03937767236924519,0.1124507936638576,0.24679291129882908,0.33682351845919617
0.1966534572069952,0.22542612814873825,0.650561043705776,0.28825182428003154,0.4423456493882156,0.0012933338195536268,0.12653013890075276,0.14157905361144654
0.23318455905781396,0.21939504519595085,0.8349530359457489,0.018230353896197284,0.06093353341933526,0.0719347824280898,0.6437772934974406,0.205124036758937
0.19669888915042616,0.2436626101014475,0.6020574477526485,0.08119939283630402,0.6475940993304373,0.02432888010987912,0.09454307561771311,0.15233455210566646
0.20669685927149276,0.25497702090604524,0.6145528672139946,0.03268015950097309,0.7213837580883453,0.0601273783041489,0.08638014106819981,0.09942856303833279
0.28019694994680067,0.24995102905256633,0.9209682025289392,0.43942933988331834,0.19109582836445654,0.17710834940600373,0.13477655514595324,0.0575899272002682
0.22231619118584545,0.21077398903090105,0.8175401147841947,0.3272779423876472,0.17812208935579213,0.053023177565509304,0.39474830938456046,0.0468284813064909
0.29508378218620507,0.26009898202303966,0.9422712087527335,0.04668498370353591,0.3756257069732358,0.23815201706083733,0.2200075005193537,0.1195297917430374
0.29639272751627055,0.27317332633474445,0.9019648104820558,0.0698950563798966,0.16233002291985116,0.1865770219865048,0.09886155112615194,0.48233634758759564
0.3179432513791464,0.2688977737791694,0.9964502406003299,0.4538501020118189,0.07743260210684218,0.2502062858910434,0.11411313547352887,0.10439787451676674
0.3634473768964623,0.29383901754634484,1.0667316393644857,0.0090074573191062,0.13595182135256317,0.3678010047719642,0.24134729154260467,0.24589242501376166
0.2645300488148397,0.24821551581719856,0.8642894385894598,0.08182600394248815,0.2084128852888671,0.12467928573484786,0.17827141895294732,0.4068104060808497
0.3018069566472748,0.26545667434961123,0.9485802429500813,0.19803142646799546,0.3589640748593191,0.25186324143027056,0.14738562754261342,0.043755629699801575
0.22790637452443815,0.2488255532796715,0.7149843421607,0.2283841300891944,0.001174563133302312,0.00016982565684680868,0.18003664978385517,0.5902348313368013
0.2261607275804165,0.2134924558122024,0.8251379511760146,0.19115434701495623,0.002265555992736945,0.03783985374089458,0.5253687353215192,0.24337150792989307
0.22546376573462043,0.2521854278960942,0.6957728176384372,0.4004329410263672,0.1293912071701137,0.006928470579445249,0.010091365548260874,0.4531560156758131
0.18820187606481875,0.24518339709003995,0.5636673514808435,0.003299685148682416,0.755821726003959,0.030283541298644943,0.1854084551831437,0.025186592365569856
0.3945086815220692,0.307294345797921,1.1211032231247777,0.23638055417996512,0.025577557433795393,0.4430291163053345,0.26759074044358544,0.02742203163731955
0.31713853969091554,0.25927302551396814,1.0303368009894407,0.18431421013477947,0.07731960151229036,0.24856895868007284,0.24256952082396893,0.24722770884888837
0.5437247365637847,0.43593135814379724,1.1325744921541607,0.014592392730608977,0.023232309057346766,0.792650086326832,0.1204935867303237,0.04903162515488849
0.2982214546469289,0.2461032361689475,1.0086070321989886,0.22856407303898935,0.047778475485839196,0.2022326078167278,0.28266741516127813,0.23875742849716552
0.3000263354278352,0.2497138253119009,1.0012514730233457,0.1438794091087688,0.23069812331217596,0.23951732109479842,0.3036176886491211,0.08228745783513576
0.27393170541435397,0.23122913949413398,0.9684406814134897,0.1333010655371063,0.15822255809095942,0.16789723248841137,0.37937287067432063,0.16120627320920228
0.3605304055396152,0.30457014068458055,1.019569432649037,0.06007255512698206,0.24910958150799797,0.36542593266930495,0.08808579814078492,0.23730613255493008
0.3670957315457811,0.2876008009216524,1.102555105999735,0.02540436184630862,0.06688872210740394,0.3835453744379756,0.38725842216275536,0.13690311944555628
0.37497926644835033,0.3115724264230426,1.0430296100949072,0.15502387845513355,0.2461586445577606,0.4072266991544294,0.08610856791601243,0.10548220991666395
0.26940472397596704,0.23608893577854306,0.9293308187122069,0.123239415091517,0.01713661470523264,0.12606823329982283,0.3586884113999914,0.374867325503436
0.3108746967915815,0.27968667437792305,0.9327390994648457,0.6617230535785737,0.01568526969807064,0.2223394779046467,0.03373568732982212,0.06651651148888675
0.3312884197287422,0.2862313018864796,0.9827311613888484,0.4592608447504613,0.13684657365673883,0.28317255749267517,0.013261262287886716,0.1074587618122379
0.2832183793257502,0.26497707533911213,0.880145495708571,0.4035359173635879,0.0515162594367711,0.14184801033232575,0.02400690420735399,0.3790929086599613
0.33062068037457903,0.27280764765200843,1.0286393464032828,0.2770424848375141,0.13745342614517256,0.28778979412297806,0.146345269172838,0.1513690257214971
0.2531598721330076,0.22070396971322773,0.9205084638803005,0.214253164525523,0.18177992073690863,0.12975230482243397,0.42419189374541705,0.05002271616971738
0.19166409456133443,0.20785336220228,0.681557868779957,0.007156415009197936,0.36537716058272784,0.00046813004083351054,0.46559817365164563,0.16140012071559495
0.35153973064856775,0.3014569600076443,1.000274568684436,0.07881049896596708,0.2368298501800987,0.3370313170037791,0.05571145390747322,0.2916168799426819
0.2198796667261218,0.24197490971884264,0.7020548821508383,0.6760170517632793,0.11884350116995787,0.017746696143706168,0.09459920198908263,0.0927935489339741
0.2376929704339835,0.2201380707983482,0.8526147692368703,0.01573294460323635,0.30191112270589704,0.11146769803525956,0.50312522531433,0.06776300934127713
0.3826262540507641,0.3113649298901546,1.0682842610698329,0.12237864067588548,0.2065402141429592,0.42554813062690877,0.150739374312066,0.0947936402421807
0.2266442095233845,0.23505187523238394,0.751511594403343,0.43877146366895986,0.08077685586488793,0.017997696566986937,0.12806631763960824,0.334387666259557
0.2743810725526863,0.23432546488858727,0.9575616233573712,0.00652488480683859,0.18399040894374555,0.18836074878678585,0.5506830014943707,0.07044095596825926
0.2570102701583679,0.2275883340854559,0.9095820793724813,0.08814133847729104,0.15657317469564813,0.1190386180183487,0.35945696399300237,0.27678990481570975
0.31995548472171065,0.28297049914659694,0.9540057551436001,0.13620388575692352,0.16419849975488982,0.2454512966047735,0.05397521508254082,0.4001711028008722
0.2670056908816359,0.23297221481192656,0.9314659735574902,0.052749928052445536,0.27210413444658393,0.16581730813366005,0.36866970589112513,0.14065892347618547
0.2712549181896431,0.24555519245680918,0.9010394607255545,0.21647864408437767,0.3760593246653187,0.18619721923996516,0.2114399917512414,0.009824820259097044
0.2644502513534289,0.26394984320549203,0.8124659168161493,0.03609799317151511,0.5762539194232386,0.185953975344737,0.12972984304660615,0.07196426901390317
0.37918010501867916,0.3152538244827041,1.0441748186840445,0.027945749806588566,0.28353280835950734,0.42528570285193434,0.1462219760182425,0.11701376296372719
0.23837010714206863,0.24018385141355791,0.7842746547424025,0.14041410446654093,0.17433194178785685,0.05424357312195203,0.17504242254861616,0.45596795807503404
0.40097582855136826,0.3436209943445851,1.0214039139861393,0.11852388644055907,0.3601936721969519,0.48472709085209453,0.01792882958745708,0.018626520922937404
0.27520345447184896,0.25207719843950727,0.8933908178366741,0.1842569343672752,0.2528550400663385,0.15819404066957804,0.11265955713310752,0.2920344277637008
0.19808049671796576,0.2206765303693886,0.671029658070548,0.0003299054300137291,0.5453314855917476,0.04180947685264611,0.3942537276454274,0.018275404480165385
0.5432959155060417,0.44149326196137556,1.1173350943444256,0.0381628721985086,0.03757219380032469,0.7803757916275417,0.0006471502912044952,0.1432419920824203
0.2296548213967739,0.2149479052714235,0.8358063372142028,0.22589052240826563,0.12366107331495389,0.04994521805633749,0.35222191080228477,0.2482812754181582
0.3538110015117712,0.2780360378638557,1.092703679155925,0.059938316191778,0.08970930898430124,0.3609587162844396,0.4264605225139646,0.06293313602551658
0.2749788856955054,0.25885274918334694,0.8691384828064991,0.6026636551400166,0.11526996240889012,0.14906763936867068,0.057749235084930156,0.07524950799749244
0.241779348230452,0.22973144970260204,0.8347979716260844,0.3529953205909339,0.23593829416674073,0.08673802348850768,0.17018097626632742,0.15414738548749032
0.22403117287054655,0.22049534807089177,0.7892736712730716,0.4527086239551521,0.19898269274321623,0.050851125388925646,0.25400689633945533,0.04345066157325075
0.22011009814687318,0.2336651752879234,0.7280079196108818,0.1699093057111073,0.5241746434450796,0.07626002862425406,0.17557403352200285,0.05408198869755618
0.41004531989470483,0.33685572784508583,1.0688413173139912,0.036788604357621574,0.10141650033411549,0.4604533074910031,0.07170108354110004,0.3296405042761597
0.2562288986869315,0.23489772643274606,0.8779518721564861,0.4890841934747201,0.05825114622337156,0.10226138182963565,0.20514803505965987,0.1452552434126128
0.2589660144933039,0.2709553854713157,0.7712192696587897,0.01244936940392634,0.6252933621899815,0.17239642975111422,0.07104691493071427,0.11881392372426364
0.3853096965643332,0.3030672561701062,1.106387079890049,0.01495696604764765,0.11159655477088709,0.43594872397430645,0.3703312071876769,0.06716654801948181
0.25878467053858484,0.2561131383266518,0.8152048422923807,0.2413869994363994,0.380674337934783,0.13233737396562284,0.021363430816403434,0.2242378578467913
0.24569920079265983,0.241299296849019,0.8110226732865652,0.5456439711786751,0.003473294500513876,0.059554614380601625,0.1377161452506329,0.2536119746895766
0.23687857899801054,0.2145116238527016,0.8711815967899912,0.21384938982556992,0.09553205919819692,0.08874993709212685,0.5588379631921344,0.04303065069197193
0.253806799542441,0.2439883336192289,0.8353137075008854,0.10450491204820966,0.46651377713856684,0.14983760493322165,0.19294212547260567,0.0862015804073962
0.3518148744410561,0.31056092908450916,0.9718378784181408,0.007201760437414153,0.3715888376689774,0.3575097096824171,0.04185611793121085,0.22184357427998053
0.26654434434232854,0.24768559159709183,0.8742710585062191,0.4409129760933829,0.04098787023640547,0.11040282049167982,0.11040428869735668,0.29729204448117513
0.24879593429437125,0.2509469475791183,0.7921831136507252,0.4220307387352431,0.3452958512042047,0.11028642488198433,0.018127862435955194,0.10425912274261286
0.40120258626960004,0.32682850776976285,1.0745775779051923,0.15579049194239608,0.16596713445639896,0.4586251820335429,0.08269550129735756,0.13692169027030449
0.27434896521908836,0.26285768760880346,0.8534997293020948,0.14469895773435526,0.03048855356344436,0.11549738666037047,0.14700068074370393,0.5623144212981259
0.24008576054294786,0.2682884124355176,0.7085127487145366,0.08087011611396094,0.6938181290321377,0.13843476502505267,0.0491875453716207,0.037689444457228036
0.2302930541512217,0.2774118228667979,0.6499112124640458,0.0262347391830878,0.10356555797206833,0.0038066151770876004,0.10110769824798481,0.7652853894197713
0.21066898920485194,0.22279824457062208,0.7211411809572111,0.30467940342119076,0.3918367269630113,0.03481019524920225,0.17603657560708805,0.09263709875950765
0.26974778799599053,0.24094202050740113,0.9120359642258434,0.4810272590227969,0.04285476809016337,0.13151188561434946,0.1900013255072432,0.15460476176544705
0.251710597043716,0.22342279063907594,0.9028201485924752,0.36700724024389814,0.05448097892408218,0.09806160937680831,0.3250439684357794,0.155406203019432
0.2966862235573012,0.2415781012395391,1.0211448069653344,0.07919837334505957,0.004601468700590735,0.21555308567754214,0.551547617227873,0.14909945504893454
0.24292415834231354,0.250437159218892,0.7703495717010996,0.4845951412485625,0.1815587280961839,0.06577466216908738,0.003630620151200588,0.26444084833496573
0.25548336754258505,0.22267454427568914,0.9227968477985521,0.07972580521162881,0.1787879049618286,0.13920916378469125,0.5184997819376486,0.08377734410420286
0.2728830504123475,0.2304102433296949,0.9673313442641667,0.15269596116795883,0.09260527898641222,0.17756197491957598,0.5652519904062062,0.01188479451984685
0.2299908764452405,0.24781390741649484,0.7263146702365423,0.36708789304289335,0.4821144753866055,0.08770973881225634,0.038785552471806505,0.02430234028643835
0.34342646014669004,0.3038925581140158,0.9655598740808947,0.13794410263037032,0.021909790970329177,0.27473120529976786,0.02516131335522611,0.5402535877443064
0.25780325126329134,0.2244909817020964,0.925664138878639,0.07379180351300209,0.03527734475602224,0.12488463020250784,0.5775818370046287,0.1884643845238392
0.2897351998171831,0.2433381772062452,0.985193538348862,0.11342803636253045,0.2514343756122277,0.22415155333352774,0.37260601629880213,0.03838001839291197
0.36787661566420693,0.3052324801091674,1.0414246070749655,0.24199279817598304,0.04426052431644465,0.34976677037380066,0.040780736037672585,0.323199171096099
0.4213378784469447,0.3426936040552032,1.0835856696850616,0.4435830116835749,0.021017095426061158,0.4904528248198993,0.011979920563243597,0.032967147507220886
0.22180746484454186,0.24924494382058235,0.689311735720571,0.07081041193042532,0.6090113400229321,0.08084681519708942,0.0963868949785378,0.14294453787101538
0.22235383178001708,0.24294006778904711,0.7094500028281773,0.6056710770554709,0.2684143030096742,0.044540592225882365,0.06334575941720053,0.018028268291772034
0.23444476319703192,0.21324883510363288,0.8649274126510327,0.25117871595776786,0.048422505971309884,0.0722871648009772,0.532010191699722,0.09610142157022308
0.2214518568815192,0.2223595633890655,0.7710568156743841,0.34914054610745604,0.21159535922265624,0.032114353896988045,0.18821139097650655,0.21893834979639296
0.24686523571189223,0.22665886347340136,0.8685529994065049,0.37181039026297946,0.06451457667605012,0.07842702619382477,0.25122672068089186,0.23402128618625392
0.28064091262341456,0.26150729200255657,0.8819674237656049,0.18813514262423162,0.3612679778843054,0.18655659786926562,0.06153105847351802,0.20250922314867936
0.2906454164175192,0.2531126916795007,0.9507441717787587,0.3933017720912444,0.18005308839412648,0.19970949587629416,0.14024163984336455,0.08669400379497058
0.3607448759034625,0.28101724571931774,1.1057857858796216,0.033877379590953306,0.010840855193460992,0.36433341530360613,0.44414590792580283,0.14680244198617667
0.40059559991735577,0.31904983844912016,1.0988740869501061,0.35758834655681265,0.03950895051298549,0.4518375066187464,0.13752117790494092,0.013544018406514723
0.20991730310394774,0.21117854426490554,0.7572611301995958,0.15260870183779304,0.3702077452040238,0.04461016691001011,0.37066724785714467,0.06190613819102833
0.5565784553909825,0.4514455562865671,1.1221252448643404,0.04273767101462685,0.0490196216526111,0.8222095356668395,0.04263777077746456,0.04339540088845782
0.22807274446437176,0.21621247388758957,0.8236006982508931,0.18993357900598595,0.32093047437116207,0.08008492011561207,0.34103250609830277,0.06801852040893708
0.34089665378814077,0.286235354937597,1.0162848466135848,0.0700061704920678,0.12760062626783106,0.29989457776533296,0.14596912918146066,0.35652949629330744
0.2541714627406665,0.24160180168240877,0.8450742557336334,0.0812299556422341,0.36265959211384635,0.1282222130860561,0.18280776279201105,0.2450804763658523
0.3665200244241465,0.2878267077401841,1.0996895559458066,0.2421988232727875,0.056992402262895286,0.37770340814450126,0.2673760766837603,0.05572928963605574
0.25164090125926425,0.2523291509829353,0.7991185341597768,0.5838501169856612,0.17304312093705973,0.0953476862633485,0.027137702258275324,0.12062137355565514
0.2769209794061092,0.23389987001318485,0.9701629137002845,0.06539962228337805,0.2038489856396757,0.19085495146466058,0.462288135643479,0.07760830496880661
0.258831071685159,0.22752146565212356,0.9178521731415803,0.3337865728488047,0.07636736645944871,0.11356129831839278,0.2863196955395002,0.18996506683385353
0.2629452662931676,0.22714880328378415,0.9374703419728274,0.1455948579223064,0.19299938961177945,0.14431774897252983,0.35718043267514465,0.1599075708182396
0.22458840137735106,0.23070741629505512,0.7567524450712385,0.4400086081008982,0.29491888207747663,0.05356900472904995,0.126354426712699,0.08514907837987633
0.28180499862512326,0.23609002868931395,0.9818500167585238,0.13971892987126588,0.20489745768573836,0.19956850937880755,0.39660258195720843,0.05921252110697977
0.23952589825567733,0.2317840841169539,0.8176829698110166,0.4505617892720443,0.06461403593626487,0.05494814059190436,0.17787359170844047,0.25200244249134596
0.36131602611975294,0.29422167910399505,1.0581002292822745,0.08659558483786535,0.2501433298879027,0.3918303385441172,0.26509507190503784,0.006335674825076889
0.26382726172487014,0.2470758671497719,0.865431594722494,0.18177905411452328,0.15412330940837982,0.11450602152555844,0.14769274694633294,0.4018988680052055
0.37615747806734134,0.30911748812810425,1.055124638992199,0.34237317702498504,0.04223836899969256,0.3750050722417991,0.028858963505681335,0.211524418227842
0.3099863938607297,0.24868044182277033,1.0454637765442645,0.18879757822261478,0.07913059930531792,0.24697806640271855,0.3685957441368297,0.11649801193251913
0.33141062789645026,0.26479914241252966,1.0627323991028703,0.36153914227750444,0.013056803076466953,0.2876803981213926,0.27674455702130063,0.06097909950333524
0.3575946503504049,0.2802160274809406,1.097705413625302,0.07766771098048687,0.07966804120550475,0.36511266696903305,0.3899856182365758,0.08756596260839965
0.22816510562481102,0.22547180802004566,0.7901879493908666,0.1047453573419113,0.017449068958414533,0.07379085121518916,0.7838372805736916,0.020177441910793417
0.379031227526711,0.31712624792690614,1.0375401899957168,0.3385461241026573,0.1996640569406477,0.4114783709346977,0.022729931128428773,0.027581516893568674
0.31458459023677393,0.2890884842530903,0.9152373914871553,0.004146800550318736,0.31444026345056225,0.2518374750986882,0.047802142257381754,0.3817733186430491
0.3736471122755173,0.30589264060260446,1.0580415129894487,0.2450929738429983,0.09997443132660626,0.3785770798580984,0.065751069750437,0.2106044452218602
0.31636460784290255,0.278642733530107,0.9559359559402334,0.07974022914425945,0.32806771554769865,0.2702122297160221,0.10045804745886201,0.22152177813315782
0.32735764927446037,0.2645582513367403,1.0483802636018653,0.18014944472612843,0.08929795437613994,0.27727660806053034,0.24648035296557683,0.20679563987162453
0.23803151991089658,0.21585038983865168,0.8711196678933508,0.20018476534025287,0.23900149494818754,0.10098388914772159,0.4229841101773716,0.03684574038646636
0.22394600313964982,0.22483329124875132,0.7736665783502641,0.525977820018336,0.10234802785711972,0.032627841109420484,0.22384800213960104,0.11519830887552256
0.3259354389804218,0.27612623308620926,0.9993090330329901,0.4266335079400401,0.14224392752437595,0.27876282072645503,0.09303121264514558,0.05932853116398324
0.27992243633912434,0.2708076455894369,0.8490249078406843,0.06308185836699655,0.11990188780341245,0.13742401178178493,0.1108825619218688,0.5687096801259374
0.20105548952055682,0.24739818166542357,0.6105763935033334,0.26593633557326257,0.6069865258479707,0.028408541337859243,0.014338583681753154,0.08433001355915426
0.290006630874864,0.25523093861487467,0.9403508531425219,0.038164962761891165,0.19392986882848345,0.19018219657635083,0.22238680380811185,0.3553361680251626
0.20969492993550873,0.23747848668716087,0.6724606180680304,0.5470787177148873,0.3243536110038836,0.019403960607888578,0.06365309790870369,0.04551061276463676
0.31472324531813733,0.28122339974995353,0.941327235050543,0.059151888438661634,0.23920514737737014,0.2449614247579843,0.0783696373390976,0.3783119020868863
0.25355837619161903,0.22037345114052453,0.9236973652593792,0.2757074864296024,0.004428075271668588,0.10520938109001614,0.46123431991489544,0.15342073729381742
0.2678581262409748,0.27402610074857187,0.7950269176762361,0.15237553264448941,0.10437893217840802,0.0994791132334284,0.037493785613175686,0.6062726363304985
0.20032405641499343,0.21497159182582368,0.699274053553971,0.04435408660890424,0.16917163468122504,0.022876602670351864,0.7439876113049635,0.019610064734555403
0.29096115125561,0.2598160031737479,0.9274299824190236,0.15354237448239294,0.3547626293630657,0.2194760663482002,0.13815449095554908,0.13406443885079217
0.21705558278343262,0.25624825745936436,0.6519286587145834,0.2778838433905724,0.6343314840833151,0.07436666801024978,0.006942063187875937,0.006475941327986901
0.3028912770097384,0.25938887640641556,0.9749503545152161,0.19412958376116807,0.10958993858463009,0.2086838765482798,0.16301907529949552,0.3245775258064265
0.2545380322563973,0.2456624765084222,0.8325977787225678,0.39867286761353116,0.2852628489211849,0.11844670498969191,0.0676731895205089,0.12994438895508317
0.22534419523726423,0.21557990596047472,0.8133605702073762,0.19801475991034256,0.2675930157879546,0.058474436443429235,0.302718864781621,0.17319892307665252
0.28286413709486996,0.26832808737108155,0.8678336262757053,0.23442589582288226,0.06632755054731869,0.13798836572065087,0.05714059464830057,0.5041175932608475
0.21035693507767797,0.20578028970622517,0.779262850230242,0.28676842598709185,0.10919201209746938,0.01802892695291698,0.48249491522504007,0.1035157197374817
0.23045185132198728,0.2385197950073887,0.7565487439581161,0.646300041399681,0.10803108869829117,0.04829303764666038,0.15179635992615811,0.045579472329209336
0.4162750138443762,0.3319830383092316,1.1032943601871694,0.1841881276403175,0.03954689215822468,0.4768789096676305,0.09972144980778003,0.19966462072604726
0.3817222315833521,0.301814885362948,1.099091687225562,0.024219338068876793,0.13716440247382244,0.4284541049969808,0.3409750691903179,0.06918708527000206
0.36960247463856705,0.29673646291260664,1.0770583146456618,0.1769567757665951,0.12286877514227537,0.3818588186806232,0.16975965210775876,0.1485559783027476
0.21426503200410374,0.21776225709707545,0.7543319682385393,0.05247394725416927,0.11875847691095945,0.04911626472915292,0.7417583280214398,0.03789298308427859
0.25773627543281247,0.24936308714537392,0.8330674672458888,0.5145504865650091,0.11771785648164014,0.09986503413588424,0.0553572113825746,0.2125094114348919
0.22086582402413668,0.2288018786764654,0.7467850570656699,0.1397110478261515,0.07612039617411624,0.006922228584216683,0.3027973866918358,0.47444894072367966
0.29262088757638316,0.2604880600881999,0.9314088618658106,0.21839332688405863,0.36829554046094015,0.23172613830983968,0.15042194615169058,0.031163048193470915
0.2087285781391323,0.23196445967387833,0.6842797313100926,0.11421968214947373,0.3199760956750775,0.0032221811012137524,0.1636644293005708,0.3989176117736641
0.4649646834954268,0.370993420733997,1.1185230257572607,0.10074770289558517,0.08313191564493079,0.6076387301687716,0.12093734500426302,0.08754430628644924
0.39962528789516966,0.31657293123773433,1.1044067682230678,0.10481681767733401,0.1100286542389125,0.45747748833097734,0.21270231297822398,0.11497472677455228
0.2137943376889038,0.25229227088730116,0.6492245565543727,0.10219383343204799,0.4115491890700981,0.016063302855618963,0.031127940907622036,0.43906573373461294
0.22913136798943987,0.24944432986322257,0.7181216269283919,0.7686428492530641,0.04752024413675633,0.03820652293576136,0.13320279708951174,0.012427586584906532
0.234165439774228,0.25758241703468177,0.7149767514970998,0.21137653661136338,0.016025837986482536,0.011877080167535659,0.1319105427163683,0.62881000251825
0.5195559463351883,0.4170702774763714,1.1258437047501915,0.06609325945785682,0.05235123983548247,0.7355231501083495,0.09016738826113602,0.055864962337175146
0.3389579667242948,0.27086585722381873,1.0667936139530736,0.2105185710490227,0.09364198651782187,0.3099901964549066,0.24948547918330743,0.13636376679494144
0.40555254020693937,0.33790626092328724,1.0522224099530912,0.11779829789348584,0.25098987082188523,0.47838252192371666,0.040458695593805875,0.11237061376710655
0.21044507283175912,0.22486805213195385,0.7135076384154786,0.5849302101614801,0.15520890454499292,0.012997924523253768,0.23421331101735263,0.012649649752920671
0.2828079499277261,0.2439430824569274,0.9543535630645834,0.25864863859933046,0.2670070800307126,0.20281737121265575,0.2537903735141281,0.017736536643173102
0.23817859148471354,0.21460583323892302,0.876856833966914,0.23945875432558625,0.027126065441142967,0.0765480894877843,0.5278776218444019,0.12898946890108468
0.27361376237368995,0.26556016503804536,0.8420455769096771,0.6552499016830677,0.01782041625313988,0.12423538986706674,0.012329865164196513,0.19036442703252943
0.2570654365601959,0.22678482498414207,0.9130480250372792,0.038402474840869574,0.09032614710370693,0.14031380216099923,0.6470663186896277,0.08389125720479654
0.2321003844490028,0.2591076346927055,0.702798219994439,0.29116583887523523,0.021966992929862542,0.005572082511582978,0.07805179134457887,0.6032432943387402
0.40019970690082535,0.32675421192928145,1.0717526939686952,0.035945400455659055,0.032979621031699734,0.4276402560409843,0.11504451441930462,0.38839020805235225
0.2543971750538977,0.24673790011414082,0.8283979678814795,0.06942985675135088,0.19175295056781894,0.09591365906241513,0.1868682645167161,0.45603526910169895
0.41457086686257383,0.33680143447205907,1.0824504575939344,0.2669221246631841,0.13484386579928687,0.4901881374672413,0.05694082768259178,0.05110504438769618
0.2058439135803029,0.21121603868499744,0.7378412858728253,0.2818923376876352,0.2876956011929786,0.014120400618112034,0.27730286855286773,0.13898879194840633
0.274913552186204,0.2634399843435954,0.853756322323711,0.2841134431289547,0.34082684698065613,0.16585070308986521,0.0003523217996792509,0.2088566850008446
0.2459001114591018,0.21790906004760643,0.8989993872503679,0.22952617428393068,0.047559863206767375,0.10378572107516895,0.5603299830071076,0.05879825842702534
0.2702178715806647,0.2300380261102008,0.9573107338139316,0.04821405415612764,0.045214950571882934,0.15623633567490255,0.5711864607063171,0.17914819889076983
0.3157540227164217,0.2648778255289082,1.0033079295549332,0.10501196679199834,0.2956815547690233,0.28485084703085767,0.26399688559547785,0.050458745812642924
0.22817684265111304,0.2608352153949006,0.6831011770452696,0.1459310134673789,0.08152875078219989,0.0027205457152625805,0.11249440027704562,0.657325289758113
0.18825668920862795,0.22787966045956554,0.6067092119138904,0.08059730867961579,0.6308184900775153,0.01894292912169782,0.2469047738634495,0.02273649825772164
0.28780969061355133,0.24264791061275667,0.9800607390890471,0.07083893738174508,0.18748975920963054,0.19911989399705146,0.33081583516499335,0.2117355742465796
0.24666564315843023,0.2569606972625294,0.7653530102212579,0.2061295783561533,0.5572856621800393,0.13775645690583085,0.058427814844294386,0.04040048771368238
0.1959152150068378,0.24051730903296042,0.6066724078758158,0.24892935418126821,0.6078843969609793,0.021186071119032365,0.06733475779782905,0.054665419940891
0.238118272688178,0.22971745269642127,0.8189115388493451,0.23973226595197486,0.07578482954356187,0.04953100703202232,0.24471693546074055,0.39023496201170044
0.20454004624951175,0.20679902100442554,0.7472958309904404,0.08936638795968378,0.19109331310841512,0.022862685511035246,0.6057340445217468,0.09094356889911905
0.2555567285269171,0.2564524111964794,0.8015394652282334,0.49328332490444876,0.31634293135995495,0.12417328496481184,0.0016683114259524018,0.06453214734483194
0.2729418199055936,0.2357843054619766,0.9455329075816964,0.010775676538460371,0.2675063107979904,0.1849222903839985,0.4255908014384852,0.11120492084106555
0.26648859837720873,0.2409445136370314,0.8984998044127951,0.2051275235856907,0.20327417756649832,0.13568326456719265,0.17565818505049624,0.280256849230122
0.30634488333594484,0.2525571915325523,1.014997362697963,0.3266873003487015,0.10953575356627467,0.23522446137885414,0.24011427463511145,0.0884382100710583
0.29618326131971534,0.2742401340832247,0.8976923167817779,0.16436888284959075,0.3929120767994697,0.2273105414688595,0.032708010605895683,0.18270048827618435
0.2693902932021466,0.24341757841382805,0.9012919059985336,0.5539708299320706,0.005371959100607688,0.1288676209292627,0.19877330154393186,0.1130162884941274
0.2593262085749113,0.2694069077832568,0.7769890174580021,0.14033872868556488,0.20458420244455303,0.0933444974607893,0.01594243119080794,0.5457901402182849
0.27807190446858454,0.2784665906340484,0.8190278910991844,0.10243186624026021,0.1980719418085496,0.13710591481630788,0.010172283578792275,0.5522179935560899
0.42989644852559106,0.3371485871203361,1.1267923492439176,0.2040794020194534,0.02095003868652191,0.518769623461818,0.1732525459784183,0.08294838985378826
0.34677719361265,0.292374566165749,1.0150581752189936,0.3444879342616397,0.0411411998646745,0.2995788087156577,0.02788885400740691,0.2869032031506213
0.2897586921774128,0.27043689039419816,0.886560601358536,0.12096485787722094,0.3119856252437223,0.19414031311708152,0.04316538619227484,0.32974381756970034
0.2248388347843745,0.2247980181315114,0.777759680612888,0.12916816462965444,0.1414288215698472,0.02807787154846119,0.29584198626657543,0.40548315598546186
0.2143827162370951,0.21711610220782585,0.7571189541701804,0.20369089681658634,0.3859155450753088,0.049156026066253966,0.26958337401022237,0.09165415803162881
0.3658428422803865,0.31428980889160407,1.0049414054953276,0.06388134858244895,0.394302846678307,0.41120169985317606,0.12066644282457323,0.009947662061494727
0.2529753429112559,0.24384331583346075,0.8324006840929087,0.13685694875251705,0.3133369683749101,0.11257655216386943,0.13241033253526305,0.3048191981734403
0.22208758370291948,0.21268487657070842,0.8091199829420307,0.35636997981140867,0.15773562218228515,0.04205966583237814,0.33058243306744484,0.11325229910648316
0.29455682906206476,0.259438460018352,0.9426390714960513,0.2409575126951878,0.25042517409311094,0.20967815936983739,0.10516037556390923,0.19377877827795462
0.3422912068674161,0.28718502961065284,1.0177800955143306,0.1616960293329663,0.16175580157632743,0.30901527326631645,0.09574147704046124,0.27179141878392854
0.22027926538782475,0.22143013204721812,0.7689977141481092,0.0997780543932335,0.3776341109806257,0.05626125760758067,0.26764465277523486,0.19868192424332523
0.2008796066771524,0.2047275770458188,0.736977445121548,0.1922781319947363,0.2012975423038055,0.016752381211929766,0.5682511011071701,0.02142084338235802
0.2662491751228307,0.249197317388786,0.8677829175241435,0.16153148020887312,0.07811471824319342,0.10956393896717109,0.18370750999011015,0.4670823525906522
0.24206194254558808,0.27136176634611625,0.7077708298103318,0.09714809791856753,0.698892503843324,0.1426957008931981,0.027795386591179146,0.03346831075373122
0.32189311536781523,0.27579232957509786,0.9858617742803435,0.46745502559733926,0.019197603948444098,0.24300759052225646,0.05955652946170376,0.21078325047025637
0.23442714441220375,0.235833303112868,0.7820233274006189,0.4735400645727481,0.20978104106973092,0.0609776569015272,0.09917010345026914,0.1565311340057247
0.3618549519702616,0.3167730851155804,0.9844742707748535,0.02925929808434017,0.3562632652739771,0.37956669079401206,0.026040466602145766,0.20887027924552481
0.335872063227357,0.27647142065258634,1.0340022218303118,0.19651105403884742,0.14935681010802326,0.2999885355117655,0.1561181073721175,0.19802549296924624
0.3188060119514685,0.26331968179535586,1.0208352452756513,0.4194586824146208,0.046451201216869416,0.25350785297518125,0.18499808146842966,0.09558418192489877
0.26202201066711317,0.236574599092515,0.8962162949040854,0.2375811297020438,0.14638684430712584,0.11856095536877176,0.20128936264241074,0.2961817079796478
0.33015205601556796,0.28736957651511763,0.974884187160397,0.48488917810978654,0.1336911652653601,0.2795021592022306,0.0001471127253093164,0.10177038469731356
0.31374784180296433,0.25074633202747953,1.0518512461193648,0.080408263847768,0.03292183729295669,0.25265827164274085,0.4571393982098362,0.17687222900669847
0.28349564857227605,0.25224130711906584,0.9256836290578638,0.34857510717332374,0.21147141222991234,0.18061604606394244,0.10776454426701271,0.15157289026580884
0.22619858995164402,0.2497769293966664,0.7054237970546354,0.1554692041343643,0.3752434971246866,0.044538285367385425,0.0351093502278247,0.389639663145739
0.23605825944789569,0.23900758886159315,0.7784617230528195,0.21911021661589886,0.15594156080927593,0.04585537494461752,0.14676619125766208,0.4323266563725455
0.20664777856072625,0.21776419545557463,0.7193458880281514,0.453104858190698,0.24930796912505654,0.012702258784183544,0.2281944148662141,0.05669049903384756
0.36627253893610556,0.2900984707246115,1.0902247714237039,0.09273119587582083,0.05338016784314998,0.36607803652532706,0.2560887107417908,0.23172188901391136
0.27588698380293236,0.2374052126215835,0.9514828310151268,0.2772840854530833,0.06795397880280149,0.14791666206719212,0.2522720820203162,0.2545731916566069
0.3377043638502739,0.27858819258718176,1.0327227481481984,0.30966499313729356,0.0667705502378623,0.29025711949074884,0.11446379009222243,0.2188435470418727
0.20487913418633524,0.22755722160370737,0.6806162120227432,0.10565299083709076,0.5155619700882347,0.03432090399141085,0.19521637383592563,0.1492477612473381
0.5139501949470839,0.41147263112160065,1.1275359765300523,0.08462317019582061,0.03047347861638484,0.7163306062499972,0.07645582596766416,0.09211691897013298
0.22584686267054915,0.23319170107882584,0.7540871388519423,0.5445193392244195,0.17928502189850998,0.04092166913422447,0.1268696612770957,0.10840430846575022
0.32972296186816785,0.2834104640931312,0.986988828246823,0.2996783871570047,0.21044548644339026,0.2869879364615986,0.03826723753416591,0.16462095240384056
0.45547381431347167,0.374403291620747,1.0829867775954216,0.018219967285917696,0.03168736497618052,0.5545498903987227,0.010967231597539833,0.3845755457416392
0.22260923779131597,0.2310350121124292,0.7471128995258896,0.29291768896373155,0.07628815273146486,0.007322775762367848,0.19971890381198823,0.42375247873044763
0.24429935909759007,0.25140075112282434,0.7728670587887908,0.35178758197810867,0.24061631001850026,0.07281417118519073,0.00431618227396388,0.3304657545442365
0.2532939301764816,0.24702118766081996,0.8229817535150896,0.052514924608624745,0.3904309263784708,0.12554914954025584,0.15120391281346304,0.2803010866591855
0.30526740415099146,0.24947313295252202,1.0232260329194334,0.12291363781470802,0.08367826208673856,0.22667916493651938,0.32803976600617907,0.23868916915585509
0.30656839245006606,0.2746048190599047,0.9343186085678126,0.38834804197131984,0.273206113074345,0.24321093766489157,0.024471248381421284,0.07076365890802237
0.3066464325173552,0.3030322179902405,0.8469278752585337,0.0017772157028771924,0.04605170859241981,0.18021308389486249,0.049365624355962916,0.7225923674538777
0.2390101564747856,0.22278538605936524,0.8483956682168569,0.3071904427083437,0.01393228018235246,0.053669056450391196,0.32056065630659974,0.3046475643523129
0.31034187562521465,0.2848264710127558,0.9140367982635833,0.21583258807646644,0.4460205420217907,0.27759758707856913,0.03916968897186456,0.021379593851309147
0.3365898143076345,0.277633984126743,1.032257687073363,0.2465693956416453,0.06173057149210022,0.2850079744733442,0.13252171748278666,0.2741703409101235
0.2661485921132668,0.2283154649182179,0.9467102554384162,0.06406043700099985,0.14076953662173639,0.16474978708714333,0.5688875597414473,0.0615326795486731
0.2726990644691921,0.24020916395047695,0.9271047815440763,0.3372803462022129,0.1997065616988757,0.1604281725867339,0.1889296811969263,0.11365523831525119
0.4155982678330945,0.3236505466523228,1.1296080652872602,0.06937114107870619,0.05208610075188512,0.49891803315539296,0.32017833857397693,0.059446386440038815
0.22908439415651696,0.2177682155823238,0.8223624080200858,0.33971079962301454,0.2111324207630642,0.06146741550727697,0.27005296908810067,0.11763639501854371
0.37797031423361593,0.32411559468105366,1.0118930394458665,0.04632294217140366,0.2879989151653937,0.4082544039946007,0.02199152933910226,0.23543220932949957
0.28607345924197,0.24700328665206012,0.9557502753982121,0.365568974780949,0.03819498478003563,0.16476510978159656,0.1836742629676825,0.24779666768973627
0.233683863363907,0.24547565081564102,0.748277325077177,0.5759647059321272,0.2050038472200049,0.056339186591868845,0.03742707651102692,0.12526518374497217
0.23412982932871987,0.2316692147908882,0.7947962766434942,0.4499267144957051,0.1274989514172612,0.04900788796959845,0.14562174729926233,0.227944698818173
0.2879701674259805,0.2840316439863209,0.8378297716624887,0.011328398306128484,0.3726633759618376,0.18963012414955285,0.0036868325944004006,0.4226912689880808
0.24806561461639332,0.23024047021538246,0.860255429599798,0.31956141762701146,0.25416386634321936,0.10730614188822199,0.1934029980271512,0.12556557611439612
0.21662853363781354,0.21816823656173387,0.7637616559762749,0.2766136127497631,0.20092949914471536,0.0195729886040653,0.2363007606811191,0.2665831388203372
0.32102926706671425,0.2900960546659358,0.9342742264413828,0.06674354193945574,0.300572143003025,0.26682981450637466,0.027751347728106248,0.3381031528230384
0.34979328514343366,0.29166283229888307,1.027876204796019,0.12205838029681622,0.27008566143024243,0.3532419393325969,0.14768179319928054,0.10693222574106383
0.24529092092415147,0.24619482383125804,0.7932373145992861,0.45403543549446823,0.048239587544238405,0.05458856230693732,0.08248816978468872,0.3606482448696674
0.31901300897004653,0.2804536409521107,0.9592066911906565,0.31517890309630603,0.0280434894148653,0.22499788333584822,0.03369977766685785,0.39807994648612255
0.2300759485278457,0.2448822221590289,0.7353573768654493,0.6898084572323572,0.005391886913394656,0.026328219801189705,0.12097686259799023,0.1574945734550683
0.41233395860516436,0.3262062103441493,1.1107512583003865,0.19774804778349586,0.034148263352013396,0.47132170764465264,0.13697986744230115,0.15980211377753692
0.2603577293229798,0.24316242396830526,0.8650914310280056,0.02819675480373564,0.2562031497157149,0.1264911656592116,0.22933411495133166,0.3597748148700062
0.35258081344578035,0.27633624204515556,1.0949733238260373,0.02826723686752843,0.021385185482978603,0.3424603162348032,0.4233545417916572,0.1845327196230324
0.2561432039270563,0.24836920936649567,0.8299869555201977,0.1616040455526495,0.3749650254272371,0.12936609028731827,0.09656904312301293,0.237495795609782
0.36602534821350124,0.29687327453496903,1.0645126231336675,0.027947567853070888,0.07586117084824863,0.36003565155684714,0.2101419672886532,0.3260136424531802
0.2912954437905104,0.24575449901923055,0.9818556516909536,0.17742626248607576,0.04735262363849442,0.1806643537783119,0.2769977929432328,0.31755896715388504
0.23484160285411879,0.2716192321042411,0.6805173603582713,0.2319900281079071,0.04792341609712498,0.008181848152380364,0.03213623217486457,0.679768475467723
0.2496015177731177,0.23748972598616344,0.8404638008835246,0.14480238970452236,0.4509160964906197,0.14608545102921644,0.2524894662505561,0.005706596525085352
0.33676724064160835,0.2944343408832454,0.9739598980926029,0.08235362675679671,0.1641843657257453,0.28528794180191075,0.053898715543567455,0.4142753501719797
0.20100760203990428,0.21534387302923258,0.7012393708522426,0.12108358551022218,0.4543775937196594,0.027547858970687112,0.3042294209814419,0.09276154081798944
0.2786499443612965,0.2322281776473002,0.9845917350674034,0.26713797196961,0.08661767925525249,0.18430900330331662,0.4584261298203923,0.003509215651428496
0.3206583973506491,0.2884138765987418,0.9384375001040774,0.003148724284808882,0.4142960014382255,0.29280854113060123,0.09765152702649786,0.1920952061198665
0.27570963238719254,0.23353893540454684,0.9664753844844244,0.013147596621742584,0.06559776856148158,0.1695638718160519,0.5511987142816752,0.2004920487190486
0.22820306764291937,0.2302523640323692,0.7739467448762756,0.13568396709732525,0.3180923079389667,0.05677085155271041,0.18541334124149994,0.30403953216949786
0.38610008328439815,0.30087934871623706,1.11705932865927,0.025412053769158695,0.049473052614130236,0.4380051448579466,0.458757999105603,0.02835174965316145
0.30119321849969244,0.2608218193885101,0.963083606611626,0.02820370308563489,0.12961194492700498,0.20799204679679728,0.23857770792326977,0.395614597267293
0.38004987514168265,0.3163967171295645,1.0431520217276058,0.485083392997549,0.0846600482346292,0.40050547192687247,0.020719902903550778,0.00903118393739852
0.25808079291334757,0.22367938014643815,0.9302636334968448,0.18413600505477945,0.01615259085312121,0.130863727372858,0.5962745751342649,0.0725731015849764
0.22384725895036695,0.23181608529593942,0.7499361346234076,0.28839358489117284,0.08482927847578842,0.010828126851697352,0.19165577580432216,0.4242932339770193
0.37476225287945125,0.2988807755964961,1.086594653775579,0.09465508674690394,0.17260203495291754,0.41382267022278263,0.2801910527323393,0.038729155345056616
0.34164442141946216,0.2804434749226268,1.0399401216231745,0.3141257858097026,0.16560964262126343,0.3256136230977867,0.16211599923808892,0.032534949233158465
0.2587470504465031,0.2312665730824301,0.9026252590861872,0.12756501068752532,0.10243451453110056,0.11031301759539536,0.31917863476921,0.34050882241676883
0.27511780059872415,0.26282900702206236,0.8565180957360135,0.10651615108523056,0.10722557433885226,0.12761584541624957,0.1292237394522444,0.5294186897074232
0.29012921145742876,0.24469877478887414,0.9813257612941136,0.25321694481237245,0.0785127245177613,0.18319996504739477,0.2383989917009652,0.24667137392150618
0.22189743673906726,0.22496529591851172,0.7641064637868988,0.42312245041435365,0.0940841838250264,0.016428175158864255,0.19819956048131385,0.268165630120442
0.2244262568543484,0.217376888907097,0.8024139904260708,0.013319829917968809,0.3522680520349474,0.08804755677489044,0.5113468536877592,0.035017707584434
0.21334122114481946,0.21947069956453719,0.7442506971040461,0.015809100062920002,0.17755981628700324,0.056539142691321,0.747298826903117,0.002793114055638916
0.23656326246553344,0.2630945243304826,0.7091111566852093,0.1301041033712929,0.6391339791702046,0.11863733195581536,0.02389761004991987,0.0882269754527673
0.2651664414426406,0.23539201120146905,0.9140770765516014,0.1277934369728666,0.03796727310374183,0.1165260097069707,0.3356241127792075,0.38208916743721333
0.27715121788114344,0.23425753604943703,0.9696645056200289,0.02659674647542547,0.09236488158889103,0.16952691711249365,0.47571897842899313,0.2357924763941967
0.20871207235778902,0.21873292402234493,0.7255975435210457,0.42965727388994485,0.2916119337700161,0.024479395037259245,0.2265215983206535,0.027729798982126207
0.24420274836082878,0.22335793168634138,0.869468779973953,0.1193113444072638,0.07936997372377444,0.0770065854390185,0.38828127518304123,0.33603082124690203
0.21698162177957248,0.27582930467821337,0.6053802802946401,0.03460750199275681,0.8262452030345511,0.09793162504793584,0.018251082787406128,0.022964587137350206
0.22838720332754098,0.22296044176184646,0.8000845437778776,0.09576555430801963,0.422303272773196,0.09267499143252295,0.3251194508772606,0.06413673060900069
0.31933584319389385,0.27928801394806413,0.9643659224272297,0.11649859345603689,0.14107207989005133,0.24329303129659008,0.09326460195441091,0.4058716934029107
0.3153366188817198,0.2597059589955215,1.0216809036957655,0.011511789149364656,0.2244349538593502,0.27710752316470505,0.3618042239333201,0.12514150989326017
0.30309876910280503,0.25161054695175267,1.0059147844519323,0.10713565124564238,0.1273030158059309,0.22307897535426896,0.2853080406118438,0.2571743169823139
0.2568911295895589,0.2825309312832162,0.7322778028228207,0.04045308400401098,0.7266105959209719,0.18277796300030133,0.029149114743801014,0.02100924233091474
0.33978615628257564,0.2772631073587679,1.0451666615263147,0.05988708367064591,0.0956692902276598,0.3022827747508782,0.23940160464800644,0.3027592467028096
0.2598325206996213,0.26125225862275264,0.803179738256804,0.11260847548467505,0.3193373498820707,0.11815437966571589,0.04095576158044274,0.40894403338709584
0.3002955318873023,0.25130855818192727,0.9959689940447964,0.03752426555541185,0.26790011057270424,0.2538723474532382,0.40415396181483626,0.03654931460380931
0.24967432054139138,0.25445507392763694,0.7847134563257939,0.1164051079492338,0.5501549364258206,0.1448599185512283,0.1060201393420306,0.0825598977316868
0.3019218259736071,0.2612630967958108,0.9642457318436202,0.09549767266318356,0.2285771674293066,0.2245348701408749,0.17403372801978856,0.2773565617468464
0.3624612158397114,0.2923925070430555,1.0686361938601276,0.25486747084619027,0.0553124238136496,0.35041064742891737,0.13177628869964264,0.20763316921160008
0.4358626431943282,0.3482527457471127,1.1079959825342665,0.0059616911651925435,0.16374897889630807,0.5614232104244306,0.2655239737418474,0.003342145772221396
0.2809314543337665,0.2684030611198318,0.8603905386558328,0.1312487917293244,0.0712594198425363,0.13427748034884332,0.10727633155615227,0.5559379765231438
0.3187484853297174,0.2594478247919728,1.0358479033123593,0.006476726382130622,0.17724124346391204,0.29326682225845246,0.49289163464870195,0.030123573246802978
0.31255649069592023,0.28477423019592446,0.9219812147864699,0.21981459414488042,0.012927810741968016,0.20058681318684274,0.038885137090905214,0.5277856448354035
0.2507571439660215,0.22267719279840195,0.9015613204167456,0.01948440815133561,0.1160576749683247,0.11866412759055021,0.5742812451615732,0.17151254412821632
0.22861391436298828,0.21882580088059778,0.8162379099914681,0.10167776556596939,0.08251837928935862,0.041111211938833554,0.42315142893632096,0.35154121426951745
0.3139741050467487,0.27454422475627815,0.9614993915136519,0.13903836984333431,0.006159183526474876,0.21255059916078622,0.15168452015441647,0.490567327314988
0.2829150441502099,0.261656869683766,0.8901545158424735,0.27611563210027995,0.11307311424800769,0.1499452755870959,0.06035100554257713,0.4005149725220395
0.24659878218603715,0.2665202704205719,0.7376503928793188,0.2973404623505235,0.054137124140050806,0.041712211945193985,0.019370212009034823,0.5874399895551967
0.2651367819592773,0.24871977408609913,0.8649765896168898,0.09469896661930555,0.15054357371710184,0.11748353307624716,0.19049567572201803,0.4467782508653273
0.28961704613598527,0.27121252014122815,0.883502892901883,0.262843570247573,0.025917224523316885,0.14906666270493993,0.055881209629577544,0.5062913328945925
0.44760917260312527,0.35309867010483514,1.1260568398206512,0.2739853226368078,0.00556943876986442,0.5592829104377871,0.12604763192563265,0.035114696229908135
0.2538297995608726,0.23054758280339882,0.8841116314573985,0.2379358784819307,0.2616687159607285,0.1226160232443996,0.224339174950715,0.15344020736222633
0.3345006645772287,0.28603215222198625,0.9946457500219452,0.28122634610345915,0.2569924968534956,0.3101972663430841,0.06302012601802542,0.08856376468193591
0.39431257012942933,0.3189342074781309,1.0795724072747468,0.17595642423055616,0.179315890958939,0.4519285611565516,0.13897592821356067,0.053823195440392636
0.3652900367050993,0.2972344267279908,1.0607453523330654,0.07795300306887816,0.06505950783034935,0.3540522963465384,0.17104292276392183,0.33189226999031235
0.37999035641112217,0.31457601977811,1.0490003549662967,0.05409004321738485,0.22158114907686643,0.4125992440566281,0.11136826605863302,0.20036129759048768
0.26365060385197037,0.2287120953018954,0.9341465022650238,0.06449787299653971,0.24807661813246776,0.16201601009398317,0.43666216912875067,0.08874732964825877
0.24254321662974793,0.24613842651808537,0.782255819838844,0.2863169580359117,0.14837466616003764,0.05684848200251659,0.08304560164525318,0.4254142921562808
0.2641757241688124,0.2639065078667975,0.8115590854504965,0.01415719339751835,0.22012931997167992,0.11458400156786486,0.1202156866025859,0.530913798460351
0.23746079150004074,0.23137735044855798,0.8101950823476078,0.44460649462665064,0.21118988334642366,0.0736914622272692,0.14918459471828868,0.12132756508136784
0.339659609065277,0.2843891156909703,1.0185326831566712,0.15761035007984725,0.039174762403713384,0.28292739268851,0.12977341769341463,0.39051407713451475
0.20065478666344902,0.21441410623357804,0.7026346787992063,0.05817832061441732,0.08536450513195713,0.008137708409027016,0.7411171987496935,0.10720226709490498
0.36240110567938577,0.2917376984794993,1.0708287180833385,0.004433290508614762,0.1407903417010917,0.3691278787610798,0.2675630024445595,0.21808548658465446
0.3189247402764573,0.2776458883864808,0.9685889527818841,0.026084271678908796,0.18619721754290017,0.2524555291523246,0.14754603948895592,0.3877169421369104
0.4405472806286754,0.34605677611802577,1.1285641766930052,0.08954865469801702,0.07655278329725593,0.5623965183562151,0.271102173918726,0.00039986972978602286
0.18933872143883984,0.25434656122403987,0.5478301761512869,0.15853502961117072,0.7100084900887238,0.010080898441184856,0.0011839625276017388,0.12019161933131887
0.2445029706015171,0.2385658083509672,0.8153011194100923,0.3655540829197914,0.34529964074791936,0.10897646513030367,0.12005204562882678,0.06011776557315896
0.2096703229189608,0.2303977765944875,0.6930202421180007,0.07440379703505924,0.44972677809476785,0.029930140230922896,0.17795466944690197,0.267984615192348
0.3057373992943943,0.2521461902917689,1.0142425669746187,0.032884022996082986,0.22025734591635784,0.25885160392242446,0.40759355222282845,0.08041347494230625
0.39673147113224577,0.33464964567121996,1.0361029082723001,0.03550285706967812,0.08618915015172085,0.4174190417564169,0.025079123819371843,0.43580982720281225
0.20209057342832382,0.23327029556307197,0.6519928868834538,0.35668509775758694,0.4979429315103257,0.02673555658207316,0.1017068537990841,0.016929560350930253
0.18540512046220872,0.24306644762375448,0.5570703887185776,0.08622680541867463,0.7385859812259509,0.020649535049449882,0.15340731779284317,0.0011303605130815553
0.23888045960719628,0.24248109878854304,0.778949206972666,0.3572701517543489,0.06291933753559839,0.03975694422043621,0.11773917346026923,0.4223143930293474
0.20179586118991247,0.2160191356285538,0.7026963641356586,0.023812473198396973,0.055162409982260185,0.001795500658724546,0.7297942132385249,0.18943540292209352
0.2159912147693666,0.21708773240171803,0.7646273372195995,0.3608277848292278,0.2987832765345306,0.04420607799125515,0.2562355714021233,0.03994728924286296
0.3443898110398287,0.2996725280305714,0.982371700784652,0.21967928916439755,0.360455859485336,0.3505528071498082,0.05430256223750565,0.015009481962952664
0.2221442249698877,0.2467860623614351,0.6975443561223919,0.2993156617997641,0.24203786048858372,0.015962142646074224,0.02548684205023699,0.41719749301534104
0.19757071908096366,0.2453848514816839,0.601384796942034,0.17746698773805078,0.6734007452478424,0.03547326545440441,0.08099728002739247,0.032661721532309985
0.24930770627995866,0.2580487965987729,0.7723644090069219,0.39137981121644094,0.04922888223186829,0.05463304457123817,0.029947287236883766,0.4748109747435689
0.35939516711300046,0.28862903165661014,1.0719474937680433,0.11901169580523982,0.1679655781058751,0.36932636874196956,0.2355105822894785,0.108185775057437
0.20753941482591873,0.21120396567044356,0.7459112537296699,0.42325745972250556,0.06202540877794254,0.012144041531504233,0.5002229827459884,0.0023501072220592847
0.3052150302093017,0.2499931703505149,1.0208880100662958,0.26959653367584335,0.12487871175557011,0.23650792498113452,0.2762873122686898,0.09272951731876215
0.23398281607496726,0.2347093798837389,0.7838750039137823,0.2443656110410171,0.42360766007393874,0.09306062321517919,0.14519530240323464,0.09377080326663027
0.3652898751017871,0.3088174423143652,1.0209587668977365,0.32284821620670107,0.24260317022561068,0.3851573068488394,0.03502830668694686,0.014363000031901947
0.2629847926130012,0.2323039853667734,0.9168365849459272,0.025206251293046898,0.034808976002829214,0.15100052405015954,0.7013549766912707,0.08762927196269382
0.3525707660717813,0.2959767878506552,1.0222787005326017,0.3756012458865224,0.004597205861984882,0.3087121283669321,0.023589121133428446,0.28750029875113214
0.2064185613527333,0.2536106937991893,0.6167664265631739,0.013525763379756753,0.6920033392521522,0.05238788144254829,0.08427233355455523,0.15781068237098758
0.415900456323594,0.3360233373884651,1.088913821186738,0.06412930195773499,0.14736910966733202,0.49264282133117815,0.12479104449092315,0.17106772255283176
0.2541515038474175,0.22452327436213537,0.9092665534448778,0.021195001723151967,0.22739901721181524,0.13916509759299323,0.4991880484699733,0.11305283500206628
0.26117874854552336,0.2365812995655447,0.8926265471249406,0.44947259893618563,0.1023088702021836,0.11862000419003256,0.18639017462165464,0.1432083520499437
0.3997131483425296,0.33755109419620916,1.0360302613602281,0.06646510629232479,0.011561687278873934,0.4113285899646379,0.015083296795817786,0.4955613196683456
0.35886306674508234,0.28510506187877777,1.0833307017060474,0.0557854641381597,0.028082902945220183,0.3444716812852078,0.2904643289266159,0.2811956227047964
0.34405773798983824,0.2763983621256256,1.0638910293404211,0.2523686808330913,0.09992944886789697,0.3211893388916391,0.20613686166086473,0.12037566974650799
0.23764146895604407,0.2262358085337141,0.8294065832115226,0.2199631582106311,0.1633702491632837,0.06281906889324881,0.2362611258120724,0.31758639792076404
0.4878396471801667,0.3919479598757737,1.117086174702729,0.205486796001829,0.06460636055542235,0.6605746322679272,0.056081859190494,0.013250351984327354
0.3440145394744317,0.29172757602747823,1.007839380418182,0.047743199324282316,0.15622141066413417,0.3089764515641831,0.12204220018328114,0.3650167382641193
